source,target,weight
45,106,0.0021040231239399
45,102,0.0012826081196646
45,92,0.0087327640406003
45,82,0.0018998651904254
45,93,0.0014763029044286332
45,70,0.0010379615726997
45,104,0.0010891976175614
45,310,0.0018690186635460571
45,616,3.4231565365758974e-05
106,170,0.0035942452381287127
106,160,0.0001450433014013375
106,146,0.0004235517235069375
106,135,0.0013528588841468323
106,125,0.00223034736524139
106,124,0.0024151478580494248
106,116,0.0006958613582386825
106,115,0.10807276966542467
106,107,0.0161488279010759
106,105,0.00507980964989989
106,96,0.2254230869015956
106,95,0.011820967258621374
106,83,0.003946409266324887
106,82,0.00033840408004319104
106,92,0.001209474031522
106,70,0.0012643465632505
106,84,0.003196920000472
106,158,0.011097651742541504
106,191,0.00021756718924005998
106,220,0.00012920284754815
102,91,0.0011644221362102
102,92,0.0262170885449015
102,159,0.0004178821634212077
102,112,0.0022282800608895
102,245,0.0005110581835727666
102,170,0.0006625052826245341
102,158,0.0011246298392397999
102,399,0.00022120225524698
102,338,0.00054225375309606
102,244,0.0005699274475618
102,495,0.0010312430167685
92,121,0.0013282925262241
92,112,0.8925174555585436
92,104,0.002929496055158425
92,91,0.0569211714230059
92,83,0.0077247681588122
92,82,0.00029820373978019997
92,93,0.0010783515271248333
82,159,0.00021753038096564286
82,115,0.0002477958419922571
82,105,0.004348070257277937
82,94,0.0020366149680070143
82,93,0.04442348194114821
82,91,0.00021048603304954283
82,83,0.001113944259522043
82,57,0.0031311031001919854
82,69,0.008369125659028899
82,104,0.0032137688424578002
82,132,0.00016536536222285715
82,275,0.0006000878823230499
82,169,0.0012523361725652
57,93,0.0017820287093103
57,105,0.000256744658543
57,104,0.000618361510587875
57,170,5.424110069146053e-05
57,132,0.0011643011226404284
93,104,0.058528870690397944
93,91,0.00043358465721333333
93,105,0.023512029212822243
93,132,0.0003720866139864667
93,169,0.001622827418333775
93,189,0.0007574104069058
69,95,0.0017781885179803999
69,83,0.0014664928427122
69,96,0.002620384539917925
69,447,0.001693677708829
95,342,0.0006814528063378667
95,290,0.0096968635031438
95,242,0.0003737173683014334
95,148,0.004501623678122433
95,146,0.0003445611790060333
95,122,0.000335879748781
95,115,0.0013278067665711333
95,96,0.005951619098344041
95,91,0.0003428823755205
95,70,0.0007949320507185999
95,84,0.0011508593380909998
95,135,0.0010689245097740285
95,124,0.001652817851291075
83,105,0.0035809179710429998
83,70,0.0019282501089744
83,112,0.0019471376959539
70,84,0.0451771890422007
70,104,0.001184628269297275
159,1109,0.0001694406940340462
159,403,0.0001245376849670077
159,306,8.744938097926155e-05
159,305,9.121806337243079e-05
159,245,0.0009854479641273975
159,244,0.0038076290513369727
159,221,0.00016719849814807693
159,218,0.0007151522976008904
159,217,0.00011476504530537693
159,192,0.0005604737020425719
159,191,0.0006038249047786369
159,190,0.00022258363544846925
159,189,0.003234074124378928
159,188,0.0004483311971502462
159,172,0.0002485517581318154
159,171,0.0005239425283115923
159,170,0.1241027865857145
159,169,0.00044622224089923656
159,160,0.0007177566546838846
159,158,0.1264524949107882
159,157,0.00029224999867448465
159,146,0.003797883004079537
159,145,0.007567272719132836
159,144,0.00011005421398579232
159,135,0.0003167791686191769
159,134,0.0014627272593927695
159,133,0.00038325515426487696
159,132,0.0005022920155025498
159,125,8.960131715963845e-05
159,124,0.00023745875821666156
159,121,0.00010961177167555384
159,115,0.0005727031569849523
159,105,8.678590998596924e-05
159,96,7.713584802176155e-05
115,219,0.00043967419678692
115,146,0.0018238618118318602
115,135,0.0012841699330344027
115,125,0.0017313575903203204
115,124,0.010682687759302655
115,116,0.0010885623558570402
115,105,0.00408950538516022
115,96,0.00145171819364829
115,170,0.00028868160901541584
115,107,0.0001833538905735428
115,132,6.0480959429152374e-05
115,158,0.0002807486236211894
115,145,0.0002328698159186
115,136,0.0001872852629514
105,729,0.00025776932051892
105,248,0.00022972787542806006
105,160,0.00027031252969108
105,158,0.0004056559990753484
105,145,0.0006393422626858801
105,144,0.00104882087083942
105,135,0.00044318373775521997
105,133,0.00046944148690256
105,104,0.43878972346189066
105,94,0.10824853901522341
105,91,0.00078477061727532
105,121,0.0019300209715059002
105,146,0.00029347509473396
105,170,0.00020183585993498957
105,134,0.0006164369066853
105,157,0.00029592275376812496
94,145,0.00023301435938540002
91,305,0.0098902926044511
91,121,0.0010547420891432
91,112,0.0013823959879968
91,104,0.014562347545621525
91,146,0.0008102475094045599
91,170,5.778427458265789e-05
91,134,0.003903560867591
91,158,5.942992329009474e-05
91,144,0.00021736141766476002
91,136,0.000712556442619
91,404,0.0001484540950883353
91,387,0.00018507801648715
305,384,0.0009800062569028998
305,338,0.003976300104963753
305,323,0.0039279882386916995
305,158,0.0004417263141356667
305,290,0.00043117352905267144
305,146,0.00025391279515200003
305,274,0.00039910519752843336
305,170,6.378788648626054e-05
305,248,0.0006016216108321499
305,132,5.019951965547619e-05
305,191,0.00020943237472476002
305,136,0.0002105361265327
305,218,0.00032004607386257496
305,404,7.079918028662353e-05
305,190,0.0004125680514109334
305,287,0.0011497998850034667
305,306,0.0325357709729411
305,273,0.00039852804980503335
305,348,0.00033844989015970007
305,387,8.623146101097139e-05
121,145,0.00118842438101
121,144,0.07362184265381966
121,134,0.0074065393316628
121,132,0.0012136444648096
121,104,0.004280182073316375
121,112,0.0021081207682982
121,274,0.002429861852991133
121,170,0.00020710991372347896
121,158,0.0003048567979118105
121,169,0.012263326594221425
121,157,0.00118811530721535
121,508,0.0011071289731651667
112,104,0.0031023201096268245
104,729,0.001297639844243675
104,446,0.00043933736761150004
104,369,0.0002816827535007
104,248,0.000523796830856275
104,215,0.0002522489387908
104,214,0.00037854680391535
104,134,0.00030346112731962504
104,133,0.000615085727578425
104,132,0.0004503964556926001
104,170,4.135625274155789e-05
342,771,0.0004243616595749
342,472,7.369216120182143e-05
342,451,0.00014378745337627143
342,450,0.0005169700235687214
342,429,0.00026802373471665713
342,425,0.00048697486951561434
342,407,0.00030501179575703573
342,405,0.0005254786135655413
342,404,0.0006398934986714378
342,403,0.0006038125996193999
342,402,7.386312809865714e-05
342,401,8.089273511455e-05
342,388,0.0010092558280660722
342,387,0.013526816065913964
342,386,0.005226838671745736
342,384,0.004039719451182147
342,367,0.00023146639004938574
342,366,0.003276145171057789
342,365,0.02314394213741383
342,364,0.004432430383277605
342,362,0.00026655380332305716
342,341,0.0012348448881132144
342,330,0.0005528097659342404
342,329,0.24054550389641577
342,328,0.0003572346642656428
342,313,0.005428488311757799
342,311,0.0010618815113904285
342,310,0.00030230837459005
342,309,0.0003562332627838785
342,295,0.00010100096982234999
342,294,0.0004923027810365315
342,293,0.0002094712163682544
342,279,0.0007805235725176322
342,249,8.227887670216429e-05
342,248,0.00016359579852345
342,242,9.41228842801357e-05
342,224,0.00022252979464310003
342,223,8.32712911497e-05
342,195,0.00040539130248576426
342,194,0.0001151183576355714
342,148,0.0008639960805071427
342,290,0.0038211855308305284
342,296,0.00126813114330065
342,385,0.0006786772600449666
342,343,0.0017305154229749333
342,312,0.0013222276381701001
342,370,0.0022341442412573006
342,430,0.0043677546972934
342,406,0.00015954170455018569
290,338,0.0007912099678275628
290,325,0.001977470442687
290,309,0.00040360013017161426
290,308,0.01886910662589151
290,306,0.00032679839551699995
290,291,0.0035276189192030433
290,276,0.00015467022929228571
290,274,0.03482778264579436
290,273,0.004508137813222666
290,248,0.005347872840634526
290,247,0.0031536428410825455
290,242,0.00016799291326755712
290,220,0.0004569099970974054
290,219,0.0003081143312661
290,191,0.014156846330467354
290,148,0.0005687252951204856
290,135,0.00027046521739122856
290,170,0.00011203626733034476
290,125,0.0001317604324128
290,158,6.74818791786158e-05
290,194,0.0004185021353330714
290,275,0.00073474139338545
290,249,0.00021955331926664997
290,192,0.0010605240233466666
290,171,0.0004673140155025166
290,327,0.010945209142323501
290,293,0.0011734734197019234
290,362,0.000548106872370925
290,357,0.0003711372650096
242,269,0.0028577033329624402
242,243,0.0076958585694605
242,240,0.0014424682290162
242,214,0.0026440074651676
242,170,0.00012273354778426582
242,215,0.030500834303903
242,158,0.00010172236946968948
242,188,0.0012700827313919
242,387,0.00019882745778505715
148,685,0.00029105467720049995
148,587,0.000380507189308225
148,269,0.0018152463479476498
148,249,0.000375700510432675
148,248,0.00040019889488227494
148,219,0.00028805134045677497
148,194,0.0006254633587348499
148,193,0.00042005997814589997
148,192,0.00078320727235475
148,191,0.0007735181148649249
148,190,0.007503228897628824
148,172,0.0011269426743078
148,171,0.013313679152948274
148,162,0.006339610647177675
148,161,0.08418153723898655
148,160,0.0006556839244979834
148,147,0.001771037629734925
148,136,0.1230858136703594
148,135,0.0013495338243534856
148,125,0.004578403647475406
148,124,0.000489712017834475
148,122,0.0009908499934041751
148,116,0.0007879574983512101
148,107,0.0010883427043028252
148,308,0.0017987506240130999
146,471,0.00034750860972688
146,246,0.0007860779043778201
146,218,0.0003702055322877401
146,214,0.0006226992797948001
146,192,0.00045228873784624
146,191,0.00077810369606174
146,171,0.0012948630402407802
146,170,0.0029024341811916625
146,160,0.01286155800744726
146,145,0.0044016930860169
146,136,0.00025801221059036
146,135,0.021359828222063483
146,134,0.019042653610370303
146,125,0.00055740733898184
146,124,0.000801568998799125
146,96,0.000202075539464
146,274,0.0016633162202626334
146,116,0.00032217595470452004
146,158,0.0006126999995164368
146,144,0.00049330612326788
146,147,0.0005591447778834
146,157,0.00044282538551914996
146,190,0.012010167624621332
122,134,0.006065985907361
122,157,0.001335660904160425
122,190,0.0003948871415464667
122,308,0.0005034466921435
96,274,0.000309336282291025
96,245,0.00048635041790944997
96,170,0.0015774636303357496
96,135,0.0005056195444950501
96,125,0.0006421647490673
96,116,0.002483448761279525
96,107,0.17928517892156165
96,171,0.0009338855798527168
96,447,0.0037463778246598
274,425,0.010816131112700567
274,420,0.006417743248147801
274,400,0.0005450414553762667
274,339,0.00138767789372995
274,338,0.0007535420452742332
274,328,0.0009243587219736001
274,327,0.0021335771976081666
274,325,0.0006187065683083666
274,309,0.00033475743493126665
274,308,0.0005458458776439667
274,306,0.0008739885368884333
274,293,0.0010026450901184
274,292,0.0009308165971037333
274,291,0.0012770451128950664
274,276,0.0005636905924917333
274,275,0.0025354754374430333
274,253,0.00037028547642773335
274,248,0.07227629049387212
274,247,0.012782049322336375
274,245,0.0027744114219122665
274,220,0.002082023051351579
274,219,0.013823654824532766
274,195,0.0005583902995911333
274,194,0.0007402982786788668
274,193,0.0004449317641810666
274,192,0.0028410412960368997
274,191,0.0008482989608700666
274,172,0.0012754705471749999
274,171,0.0013224386748670333
274,170,0.0006063348415985597
274,169,0.004321966327087
274,160,0.0008888819884248332
274,144,0.0007105596269558333
274,134,0.0008056383474326666
274,107,0.00041255060333199995
245,246,0.014664307978090315
245,244,0.23037747842910833
245,243,0.0008339490022475332
245,218,0.0010300187234547334
245,217,0.0010859551883372334
245,189,0.015076495493330701
245,170,0.034114145803030856
245,158,0.013250598031100059
245,107,0.00014636029033264286
245,287,0.0012187697428419331
170,812,0.0002268770899666027
170,471,2.6920987663544733e-05
170,446,3.467188642532894e-05
170,403,0.0001235491087136368
170,399,7.785471470848157e-05
170,350,4.125065850375263e-05
170,338,8.273523705126051e-05
170,327,5.446926482658683e-05
170,306,0.0001330172314527579
170,269,4.6426041575834205e-05
170,247,0.0002848813059386789
170,246,0.00020424831998053157
170,244,0.011953168073437622
170,243,0.0001831555344683368
170,240,4.3099704610705254e-05
170,223,2.8521936329349995e-05
170,221,0.0020951750579834734
170,220,4.946231684478156e-05
170,218,0.0339120747414644
170,217,0.0070500692161117335
170,215,0.00015036030807448158
170,214,8.373580564512892e-05
170,192,3.183833586393158e-05
170,191,0.002272430118815728
170,190,0.0016262351629565605
170,189,0.052142796356033305
170,188,0.005483982818402471
170,172,0.0002728119469109552
170,171,0.00017992043368515522
170,169,0.0051243089123815064
170,160,0.0016622657650692079
170,158,0.7179524244781915
170,157,0.0028993718859308634
170,156,0.0013329532824815657
170,145,0.003343612356043528
170,144,0.0037360896321990866
170,135,0.0010514577538143228
170,134,0.0007664270842247237
170,133,0.0003366763143430421
170,132,0.0005018613146630986
170,125,3.492946361367106e-05
170,124,4.744844820846842e-05
170,107,0.001039924757650657
170,147,0.0018543899887980997
135,294,0.00025321289494678573
135,217,0.0017267804399861285
135,191,0.00031644946045848564
135,172,0.0027310751861823715
135,171,0.00035059831934332856
135,160,0.001960022428695209
135,158,0.0022205944551865623
135,147,0.12377204104702015
135,145,0.00039324624229009997
135,136,0.0005218390765192446
135,125,0.0015953647667099687
135,124,0.019461236567072077
135,116,0.0006444937298637828
135,107,0.0004947441655537
135,157,0.00067227018781445
135,403,0.0002384910813354667
135,296,0.0007433526247254499
125,626,0.00014134986076563
125,410,0.00013913343987057
125,399,0.00010347246633106999
125,291,0.00016117196162863002
125,275,0.00012285509812536
125,249,0.0006970963460936002
125,240,0.0011215346146614999
125,219,0.0013802827109412202
125,218,0.0008102478338476799
125,194,0.0006155733524850001
125,193,0.0006717674024442001
125,192,0.0007302934243628599
125,191,0.0006738492538071799
125,171,0.00057011337606885
125,162,0.00030380088322921005
125,136,0.1209241829730979
125,124,0.001185363067714315
125,116,0.14107245675857555
125,107,0.020020394799911148
125,97,0.00010837846495276001
125,160,0.0005282666964087332
125,172,0.000382382522539475
125,147,0.00192219147536635
125,220,0.00022461168051442502
125,293,8.069756513886923e-05
125,328,0.0001750861611747286
116,252,0.00030780455130732
116,194,0.00033345309175972004
116,136,0.0026345675031329125
116,124,0.00028584889398638005
116,107,0.010650601925486
116,248,0.00017790136198524994
116,160,0.0009613391861208332
116,171,0.00047010091382530003
107,399,0.00022108181621911428
107,194,0.0005276007625395428
107,191,0.0008247859022361857
107,136,0.0010233378883019375
107,97,0.011071104033662826
107,147,0.0021004988497514998
107,293,0.00019256727932473079
729,248,0.00022399572580655
729,652,0.0010695475841119
446,471,0.10498990938000856
446,399,0.0010042182411161402
446,338,0.00032104634812530003
446,365,0.00047179464834014545
446,420,0.00085703262931645
446,492,0.00040693850629793324
446,447,0.0012648242142046
369,431,0.0003644947900797666
369,407,0.0008340369162251333
369,406,0.002188817838853738
369,405,0.023457080544135138
369,389,0.018535007751667498
369,388,0.0036833174018359666
369,371,0.0025649190796418
369,370,0.08673427118181724
369,367,0.0003384634851353333
369,310,0.0008344136263146
369,410,0.0004494629535988096
369,347,0.2156198717415498
369,368,0.003552386796116675
369,434,0.0005499052485679666
369,435,0.0010334866571664
248,401,0.0017317480099050665
248,309,0.00033636701837665
248,308,0.0007003483816733666
248,275,0.0015516992297914666
248,247,0.0040865922902817
248,222,0.0008393209087294832
248,220,0.00498734023440558
248,219,0.0034514869857053335
248,193,0.0002509049437910833
248,192,0.0010069357351813499
248,172,0.00023760502402039998
248,171,0.00019040302438748337
248,291,0.0007231445806575
248,273,0.0005226733959424666
248,276,0.00036665940811562504
215,243,0.0017221014993194
215,240,0.0010028693668861
215,214,0.0035339657269706
215,158,0.00014126126756361048
215,144,0.00024618416839348003
215,124,0.000551378377035025
215,188,0.0052737937403274
215,169,0.000410253241716925
215,157,0.000500548820457675
215,156,0.0013618180407983
214,246,0.0052843118642499
214,240,0.0452010220849895
214,158,8.177338707482631e-05
214,145,0.00044811986761906006
214,144,0.00026434361408854
214,169,0.000307603242799225
214,157,0.000340900469582075
214,156,0.001597324178706
214,269,0.00126469580151924
214,243,0.0019779180701685
134,145,0.01694897716844139
134,133,0.29722692858714866
134,158,0.0012161434709384105
134,144,0.0041233450670516
134,169,0.0004904813158836
134,157,0.0030665312960531503
134,190,0.0006628181736466
133,188,0.0096948017479144
133,145,0.8419857745769639
133,158,0.0005129819312141946
133,157,0.000326662262025075
133,276,0.00098374564825295
132,404,6.585363660423808e-05
132,249,6.465907341944287e-05
132,188,0.0005589871211289857
132,158,0.0005755193399167798
132,124,5.0136976433533335e-05
132,145,0.00040865585634741996
132,144,0.0025894070200268
132,136,0.00017697221277411252
132,169,0.0036835639029746247
132,157,0.0011036621719681002
132,156,0.0020139345973457998
160,224,0.0017915931119022333
160,218,0.0012716066782364832
160,192,0.0009881662339016
160,191,0.00271889393346122
160,171,0.01877554345406693
160,158,0.0006649556106117314
160,144,0.0006981054584446001
160,136,0.0001513402330045375
160,147,0.0010509387756906
160,156,0.011502471813706101
158,403,0.00010982849685217894
158,399,7.28056577403842e-05
158,338,8.813432258265789e-05
158,306,6.13283596089e-05
158,246,0.00010352348343842108
158,244,0.01075885243139341
158,243,0.0001364503000059579
158,221,0.0002979052548492474
158,218,0.00040112635413096833
158,217,0.0046569586622148785
158,191,0.00011756040518367895
158,190,5.569580559312631e-05
158,189,0.011765284189106783
158,188,0.004959349381617474
158,172,0.00017439938751463683
158,171,7.941650299924211e-05
158,169,0.0021755600570059356
158,157,0.004034150503877551
158,156,8.07610529086e-05
158,145,0.004089596972818876
158,144,0.0022814742567611583
145,246,0.00038783795199720007
145,218,0.00024655307590594
145,217,0.00050107378332816
145,188,0.0019695726450533603
145,169,0.0006386144942889451
145,157,0.10683915475921664
145,144,0.00419135040980216
145,156,0.0231741375638027
145,243,0.001257722961011
145,327,0.0015021091340358
144,217,0.00028401548834934
144,188,0.00024420201805746
144,169,0.2550879869237333
144,157,0.4239026722888996
144,156,1.1722476447535641
144,218,0.00044609669892475
124,472,0.00026470236320865
124,275,0.00031370603166475
124,136,0.0005980106460553374
124,147,0.009263002166120849
399,639,0.00030533501456122
399,471,0.00044419530268303997
399,420,0.0016794981721593002
399,357,0.018529437454351837
399,340,0.00039412094774052
399,338,0.00826049832686544
399,193,0.0044231825656341
399,287,0.0006170827537273999
399,403,0.0014532779596053496
399,293,7.783911600656155e-05
399,325,0.0010458208000384
399,273,0.0004923534197436666
399,359,0.0015217755335701
399,308,0.0024306221613112
399,400,0.001021728021817
399,381,0.0027895886216099492
399,422,0.0359037934581638
399,363,0.0011129638804814
399,447,0.037248077498765
399,592,4.454770249888385e-05
194,639,0.0005028252257196428
194,365,0.0003173030301583856
194,293,0.0016168846806643177
194,291,0.0002524252006174286
194,251,0.0002320120248507857
194,249,0.004632300781187995
194,222,0.0012697747547491854
194,221,0.0025969400664412855
194,220,0.004130242622406835
194,219,0.00017748483044721425
194,193,0.016670669941919604
194,192,0.0025089997349337857
194,172,0.015812373553097198
194,171,0.0006446296286318524
194,162,0.0002968600675460143
194,136,0.000462903494361525
194,252,0.0380085953487702
194,275,0.0005109235719196834
194,294,0.00020755786390738
194,247,0.00033849612058998004
194,276,0.0006548033295513251
194,277,0.0005248640688456
194,328,0.00015699033069034287
194,250,0.0035656166175521
194,341,0.0001565140449110857
194,384,0.0006830470353356999
194,372,0.0006729851168332166
191,255,0.00024647369732264
191,247,0.00486147017878476
191,246,0.12055874546549537
191,219,0.01092740559572912
191,218,0.00431961511035026
191,193,0.00021293324649583994
191,192,0.00148940062225988
191,190,0.007832036554888653
191,172,0.00032500985079568
191,171,0.02452139402598471
191,147,0.00024365038144384001
191,136,0.0005903670094735476
191,293,0.00017128667528476928
191,273,0.007005461784851666
191,308,0.0008074658360875001
136,345,0.0015555345277613877
136,292,0.00038191425538042505
136,192,0.000291505265191625
136,171,0.0040885505085117456
136,162,0.00033829858582805003
136,147,0.001504401419213675
136,404,8.831775030534116e-05
136,161,0.0119839790653659
136,273,0.001360347344514467
136,781,0.00036580850335231666
219,325,0.00057809109533045
219,275,0.003856980878372816
219,273,0.00061537285660325
219,247,0.053315837735782565
219,192,0.0027563568613435
219,171,0.0013055514054394835
219,172,0.0006965514490784
219,293,7.721442901934615e-05
219,308,0.0005829848170662
252,279,0.0014937244592459
252,223,0.0015686084701778
252,472,0.00027089936237334
252,294,0.00037693603202888
252,293,0.00020293733995327697
252,253,0.00201365633954255
472,639,0.00031920297314536
472,451,0.005168855858849252
472,425,0.00024348980073506
472,423,0.00037422653286104003
472,404,0.00020465500075717648
472,403,0.0013190578169306332
472,365,0.00022389687026897276
472,448,0.0034184502624491995
472,387,0.0003217940424909214
472,388,0.00012826280708573998
472,385,0.0008456558586741666
472,381,0.00086248170306405
472,364,0.0007923148345685874
472,343,0.0005858873677972334
472,330,0.0005494743934901334
472,450,0.0015102286265380501
472,428,0.0032958188374526327
472,405,0.0003417477030255886
472,426,0.0042234920924425
472,430,0.0043870381680863
472,406,0.00019671927382302855
472,433,0.00025600529071512
472,432,0.0007246347479684665
472,434,0.0008688736124928
472,590,8.212358639846401e-06
275,448,0.0004950888001208167
275,359,0.00031558551164955
275,341,0.00025560258681106665
275,328,0.0002233891184518333
275,327,0.010003400415397965
275,325,0.00052863754507385
275,310,0.0009300847667678237
275,293,0.001491329809767042
275,291,0.0009440063342004833
275,276,0.010618662428938
275,250,0.0015031203446124164
275,249,0.0012256559617039998
275,247,0.0007583164409526666
275,220,0.00296012756923625
275,193,0.00018613390522493334
275,192,0.00069414428338295
275,172,0.00017739598204741664
275,292,0.0043620897238845005
275,273,0.0011906178605238333
275,308,0.0009600838086570499
275,340,0.0007698611230656501
275,364,0.00015899980439343747
626,999,0.00010672447340937694
626,863,0.0001231428278360231
626,776,0.0004628302249275039
626,754,0.00038715047865177696
626,753,0.0076210751650852395
626,718,0.00011275609200572308
626,715,0.0005708272103872478
626,713,0.0007347320853858977
626,692,0.0017098018825572974
626,691,0.0007862465703718768
626,690,0.0004048822199121654
626,665,0.00011480981791193847
626,664,0.006623271252375924
626,661,0.0006793820072135211
626,642,0.00557353781856652
626,625,0.0031081918401031695
626,624,0.012419784060641422
626,621,0.0003389750505220539
626,620,9.606969253368463e-05
626,619,0.00033383388498749134
626,605,0.0013306087841763229
626,595,0.0011857544889235922
626,577,0.0016047750463343711
626,542,8.501908698148462e-05
626,541,0.0005100326707320943
626,714,0.0005114337724612285
626,817,0.0008289222843000874
626,659,0.00020203091260437273
626,693,0.0004556483689125333
626,736,0.0013219328103978363
626,662,0.0019095650465784
626,660,0.0012146783826845
626,735,0.00020319146675795003
626,716,0.000404207516036678
410,1014,0.00018145563532335712
410,590,6.692816624578444e-05
410,574,0.0003085892298879843
410,538,5.607170314454284e-05
410,525,0.0002890218645561418
410,523,0.0003122558519007358
410,511,0.00043618028736540154
410,496,8.873322050143333e-05
410,494,0.0016439895094653284
410,492,0.00048100173804683805
410,475,0.000428120113086731
410,474,0.000704565160796575
410,471,0.00016653781588702861
410,461,0.0003275828827526667
410,460,0.005560228001946999
410,459,0.004150083614615426
410,458,6.618266392235714e-05
410,437,0.13207135841805398
410,411,0.021412695458773834
410,409,0.006819050652240818
410,408,0.0003454625819997762
410,392,0.00938994480227588
410,391,0.00034405252546902855
410,375,0.0022400009188408565
410,374,0.04572793780279904
410,372,6.869031420761906e-05
410,350,0.0007776952549445475
410,282,6.214697080161428e-05
410,243,8.062695619835712e-05
410,233,6.972344958741905e-05
410,230,5.34914845578e-05
410,229,0.00019623937801387144
410,203,0.00037114770684609045
410,387,0.00021644891000536427
410,556,6.258658889764803e-05
410,349,0.0154650191425286
410,373,0.0004184726698240999
410,537,0.00010608528602419411
410,493,0.0015726761098293334
410,524,0.00030950049448021246
410,495,0.0059483730567726
410,592,0.0004598087210508678
410,593,3.0705829148797064e-05
291,383,0.0010867750277405
291,309,0.005130788817236999
291,276,0.0027288916273812084
291,249,0.0005490498709261166
291,292,0.0057950461893713
291,327,0.003967786098412
291,220,0.000328259542731275
291,310,0.00018905501293057142
291,293,0.0009734535868563079
291,388,0.00017963082865698
249,587,0.0006150948165305833
249,340,0.0005723564868925
249,328,0.0001790741904703333
249,310,0.00043977045728774996
249,294,0.0006114698008253832
249,293,0.004763522411569354
249,292,0.0016999967385260334
249,279,0.00018199679294888334
249,277,0.0022185763591639164
249,276,0.00717374147775675
249,251,0.0008926588597880999
249,250,0.012338221352186748
249,222,0.01782226250771632
249,220,0.01453160245295032
249,193,0.0010949697512397834
249,171,0.000496556158703
249,172,0.000503857644543625
249,161,0.0010911716174918998
249,365,0.00015667485643955454
249,308,0.0005528879127088001
249,311,0.0009006817950509501
249,433,0.0023475598969586804
240,269,0.01145844171949188
218,246,0.008951204027566228
218,217,0.000965599829690075
218,190,0.001682049189278975
218,189,0.0013304377623053999
193,310,0.00038881567809519993
193,220,0.003186315899729079
193,172,0.07773950849859587
193,162,0.0005443407322851667
193,192,0.0004848841052851
192,294,0.0018393641195522331
192,220,0.0005459999896866
192,171,0.017058189014561097
192,172,0.0002758415191169
192,247,0.0006272589107006601
192,325,0.0005425654793055
171,292,0.00031140786822426666
171,220,0.0009226212451810666
171,190,0.0031884044636793334
171,172,0.0012432612542480582
171,162,0.00036570542373931666
171,147,0.0019027770522585166
171,161,0.0097170543426151
171,247,0.00053479407135978
171,273,0.00041658466176293336
171,308,0.0009533444208928
162,172,0.0055339626452112
162,161,0.0019144595757024999
162,387,0.00010756029204621429
404,474,9.35021628852941e-05
404,453,9.908311839101174e-05
404,452,7.92532292814353e-05
404,451,0.0016339127154110177
404,450,0.0012631914028912825
404,436,0.0001598100019442882
404,434,0.00015753821555181764
404,433,0.0011193945312913743
404,432,0.0011049183643546939
404,431,0.0019824457401902648
404,430,0.0003920383509980883
404,429,0.0007136679393003823
404,425,0.00011558280318636471
404,406,0.00044907865029793616
404,405,0.05369346671208543
404,403,0.001982650207998049
404,389,0.0030251441218007765
404,388,0.04583181518687821
404,387,0.045765877645374056
404,373,9.893102206907059e-05
404,368,0.0006707207119289456
404,366,0.00260868002275519
404,365,0.003917156293098453
404,364,0.00010494151814309413
404,345,0.00031114338141162933
404,343,0.00017946639859904115
404,330,7.698165743307059e-05
404,328,0.0009747352575727295
404,317,0.00035784464580289414
404,279,0.00021836310642742943
404,224,0.00015385957286025883
404,195,0.0001410971467172941
404,277,0.0009984483248653498
404,367,0.0020479278947658002
188,243,0.0012495102625403
188,217,0.0016149277106396
188,169,0.0030770605646038246
188,157,0.000937699007048575
294,341,0.0011235025061471088
294,328,0.0032734407927754255
294,317,0.00033656506030168003
294,310,0.0011781229214384316
294,297,0.0017216711598297602
294,296,0.00378007399998363
294,295,0.0008056870494708
294,293,0.0014808405633630782
294,279,0.004207414478829685
294,277,0.0026903672438202703
294,257,0.0007749282371723401
294,256,0.00053969182308208
294,255,0.00086857355398202
294,253,0.00089864112355051
294,251,0.0009522994498847603
294,172,0.001255269312301675
294,340,0.00052033413920005
294,364,0.000154838909272675
294,311,0.0637094439782706
294,312,0.0087512620561188
217,420,0.0005455569682439501
217,243,0.0020239876366575
217,169,0.0026856010891576003
217,157,0.0027140294159822753
217,156,0.0024145250963177
217,287,0.000481461327113
217,244,0.0028928895048744496
217,189,0.0017370355704198
217,293,0.0004215148186638847
172,810,0.004129982663321949
172,251,0.00036728601177035
172,221,0.011763956236359225
172,220,0.0009666087026641249
172,169,0.0005095173671420751
172,247,0.0015745010007665204
345,389,0.00021479233043509004
345,388,0.00028136799764625004
345,405,0.0005886901388734313
345,406,0.0004912868959998429
345,368,0.00058240410102895
292,340,0.0023121228622111
292,327,0.0023542188508289
292,293,0.0029121012564439193
292,276,0.0017982420194329499
292,308,0.0008665758346386001
169,269,0.00062628070641845
169,189,0.2542490347777926
169,157,0.11732442981667479
169,156,0.0051030960507553
157,287,0.001554827051907775
157,269,0.0034485535174090753
157,190,0.000307444561889175
157,156,0.009157046351589525
246,420,0.0007627566732372
246,339,0.00135109955173125
246,287,0.0010179037380010666
246,247,0.0005389867144781501
246,190,0.0004404719980417667
246,243,0.0020064904033919
246,189,0.0014562958023069666
246,273,0.004963403324860933
471,338,0.00109792385057892
471,420,0.00061225425443935
471,447,0.0010657610246325
471,592,0.0003782212118075127
685,906,0.0026208763981036996
685,796,0.008668391133102632
685,733,0.005699599485063432
685,684,0.002949418063509561
685,656,0.0011020034539601716
685,655,0.0005658390337805227
685,591,0.0004424380922328333
685,594,3.3843244115472554e-05
685,574,2.21752806507625e-05
685,590,1.55842090955856e-05
685,592,7.280415902815805e-05
685,593,6.268111400600001e-05
685,979,7.436953103083703e-05
685,955,0.00010130243161717954
587,639,0.0020593109605081
587,269,0.00021076466372896
587,287,0.0005326186823559
587,230,0.0082706972385933
587,308,0.00212127735515045
587,556,9.2933500890736e-05
587,523,5.149368475890869e-05
587,447,0.0153017627478153
587,979,4.326890058677777e-05
587,955,5.2269574451870455e-05
269,420,0.0002873184398043
269,308,0.00298916913586272
269,287,0.03312788097224572
269,273,0.00021078980139052
269,243,0.00973166528076194
269,190,0.0015287711583631
269,341,0.00018495325893492858
269,494,0.00031565896503158564
269,447,0.0012871379290584001
190,309,0.00036225833909440003
190,287,0.0012758304075304
190,308,0.0031700037248278004
287,556,0.0007115437399633002
287,420,0.00039930790488903334
287,341,0.0009160510739408001
287,338,0.0003645013207727
287,308,0.2605149629060826
287,306,0.00033869266670999995
287,222,0.0011799590807483
287,273,0.0004971547209452333
287,311,0.00067569545952435
287,447,0.0019971951117015003
287,604,6.098673902258e-05
403,950,0.0003229754636342333
403,456,0.0008431525751813165
403,452,0.0002715956844160333
403,450,0.0019387708163791668
403,432,0.0003183647940808666
403,431,0.0004837470806579666
403,430,0.00018608411478208335
403,429,0.0019260584761514668
403,428,0.045474008192787935
403,426,0.0017573775201396667
403,388,0.0018297032083153734
403,387,0.01475009183264725
403,385,0.003428592522645867
403,368,0.0010480983774019499
403,366,0.16609096933771794
403,365,0.01505454085653088
403,364,0.0021618277313070876
403,313,0.0012787396482998666
403,407,0.0004584700487026334
403,381,0.00070217237900915
403,405,8.178923198278286e-05
403,433,0.0003080428645751
338,574,0.0006282482118877
338,357,0.0058863791027067396
338,325,0.0024047795391157496
338,323,0.043985008687706315
338,306,0.00251781344186968
338,327,0.0012903289122567
338,247,0.0002870910752617
338,220,0.0004673787593954375
338,273,0.0014020226942325997
338,308,0.00333756630086135
338,400,0.0016526519851931003
306,247,0.0013774706925641401
306,273,0.0006596083300958999
244,243,0.0162058159845873
244,189,0.02871045699590198
243,325,0.0015555137155927
221,220,0.003620326863526625
221,189,0.0021635520203369335
221,222,0.0041190635595717
1109,1055,0.001405755181724
1109,1044,0.0007325949492120499
1109,1016,0.0014370982727952293
1109,1031,0.0006119036939835889
1109,1072,0.002314528867844533
1109,1030,0.004837973269902
1109,1088,0.00457101141719805
1109,1002,0.00019436999551279775
1109,1001,0.00011948576184017893
1109,984,0.00016945718200101663
1109,1045,0.00044086520890134097
1109,1056,0.0008828078903204801
224,256,0.0017220469542063
224,223,0.0005863745500990999
224,195,0.0493925600926017
224,279,0.00068710824817745
224,388,0.00012765628893374
224,313,0.0010021347922028
224,405,6.0359533758842845e-05
224,433,0.00212239743852908
812,950,0.0028237654404630803
812,926,0.06325308006318198
812,858,0.06493860339622991
812,834,0.006494846597701319
812,814,0.00793327846640413
812,810,0.00051459971497734
812,795,0.00800501771238646
812,774,0.0006989509959922001
812,400,0.0006172161946926
812,835,0.2162115686409294
350,459,0.00011068185476107777
350,409,0.00106527602623471
350,392,0.00093400325826155
350,373,0.0030405620600506993
350,437,0.0004411818506523
327,400,0.007865176720899
327,339,0.0049173162302852
327,310,0.0012633688632476142
327,309,0.0348084364118726
327,297,0.0103904757449046
327,276,0.0024486674400028
327,220,0.0012748092634712
327,293,0.00013863471316276924
327,340,0.00135974179015005
327,341,0.0003857162878276429
327,362,0.00029000995641795
247,359,0.00021434800763626
247,325,0.0008130260786400602
247,273,0.00981111982172406
247,220,0.00019891554049072501
247,308,0.0023035387422844
223,348,0.03276872078200055
223,256,0.009741413237745
223,255,0.0046435505876527994
223,253,0.00664212284627245
223,195,0.0006039701742868999
223,257,0.0014502719601709002
223,296,0.0006085454742298
223,594,4.622987298808431e-05
223,411,0.0010688255795094
220,401,0.00014057339462222504
220,293,0.0005225042022286115
220,276,0.006094484952774025
220,222,0.0019659368022887625
220,328,0.0003934857412981856
220,279,0.0027998623038153
810,950,0.0005085770882128501
810,834,0.0022037137596975895
810,751,0.00028061785389550003
810,835,0.0014958352580659
251,255,0.0010467616656377001
251,222,0.0018207455519202
251,310,0.0012690894613483713
251,293,0.00029524049172700005
251,277,0.0007150171150127
251,250,0.0014886676960176
251,296,0.01047467944053785
309,308,0.00078706813749735
255,279,0.001887387821378725
255,256,0.01574370959084445
255,253,0.0013638770261453499
255,276,0.0004057757643554
255,257,0.0069914524576699996
255,296,0.005996676732520599
255,297,0.0046260053533976
255,406,0.0010631070127133714
310,423,0.00016597227830001426
310,364,0.00039249329911187497
310,362,0.000766373786661175
310,341,0.0015005889560616142
310,339,0.00019558168760471423
310,328,0.12343456270031718
310,325,0.0002364756878558
310,296,0.00019346428465201427
310,293,0.021500215739729073
310,279,0.0001798174463211
310,277,0.0003878683078161713
310,365,0.00010723767298207274
310,276,0.00034540867917714997
310,340,0.0018723590670910498
310,381,0.0005505386390819001
310,311,0.16203384142666913
639,652,0.0013762999383332
639,537,0.00012411105020701174
639,590,1.78687590328096e-05
639,447,0.0028780279189603
639,641,3.9921626002386206e-05
639,948,0.0005990007859342
365,492,0.00011211120214780911
365,452,0.00024400012338843637
365,431,0.0007548635454166365
365,388,0.0008397727704487159
365,387,0.08938743621242864
365,386,0.009194107662844127
365,385,0.004743307569455973
365,372,0.00011855201196134546
365,366,0.00969166845192217
365,364,0.0007648335430855422
365,341,0.0010246674021255275
365,330,0.0140705140710625
365,329,0.00020092735421541817
365,313,0.005287636441577691
365,295,0.00017250512443698184
365,293,0.00010998863063240912
365,328,0.00019270759755657141
365,343,0.0019384623255707663
365,384,0.009394547300973131
365,428,0.09674489682388474
365,405,8.742626113082001e-05
365,368,0.000337672529381
293,448,0.0002812392417792308
293,425,0.00014637879555110772
293,407,7.838731282267694e-05
293,400,0.002186016794455488
293,388,0.0001234421849986077
293,385,0.00023586677530483077
293,381,0.008273617049186343
293,364,0.00042806272697905193
293,362,0.000805375689967277
293,359,0.00013262902396561537
293,341,0.0013855610408633804
293,339,0.00027940080151733077
293,328,0.002825723132261121
293,325,0.0001026565231749
293,317,0.0016365184184662309
293,311,0.05875715834266969
293,279,0.000600222913756879
293,277,0.0035938977320628274
293,276,0.0031228521480025384
293,250,0.04233594628207298
293,222,0.0002859258019169846
293,207,0.0011309030134884386
293,195,0.00016285836911466921
293,340,0.0073879780922293
293,405,0.00010984241860116856
293,409,0.00012044986360604999
222,277,0.00096692277873385
222,276,0.001580830500110225
222,256,0.0013349389232716498
222,328,0.00027745578602941427
222,279,0.000401158908085425
222,387,0.0006457264514822427
195,328,0.00026374703581289995
195,279,0.000386061145359175
195,389,0.0017749335180555705
195,387,0.00013256959410439285
195,425,0.0021298509150637
195,388,7.855712139734e-05
195,364,0.00021978777857097499
195,313,0.0013458564882341665
195,405,8.662021971527429e-05
195,451,7.285935430448572e-05
195,372,0.00010058188751779167
195,459,5.889253962917778e-05
195,590,1.3735858606528796e-05
203,229,0.0073984035333882
203,407,0.0004266536765318667
203,349,0.0355952419176368
203,590,1.9409123408144814e-05
203,576,0.0011136374056347916
203,592,0.0006040151606157999
229,408,0.00022971091896596663
229,459,8.155091687191666e-05
229,590,1.01753529312864e-05
229,511,0.0002953936986529222
420,425,0.0082593754251401
420,448,0.003077488832897
420,357,0.026675255679616733
420,447,0.0013306271718011
325,359,0.0854150645637567
325,357,0.0016280778280461001
325,341,0.00743963458379215
325,339,0.0029634668023569
325,328,0.0017369610234699501
325,308,0.0705066686569075
325,340,0.0009698738949420999
273,308,0.0023141029909540998
273,357,0.00036460931795519993
401,384,0.008156898019124167
401,328,0.0004975510796502285
401,425,0.0022527592361018
401,383,0.013277132826526
401,381,0.0005856412571773501
401,362,0.00037068104856117503
401,402,0.0905591690367552
276,400,0.00047377513258947495
276,277,0.000521196613534175
276,383,0.0084587540511697
277,250,0.19202572519122432
348,408,0.00045834499543624
348,391,0.0007804866112680001
348,390,0.0038325601294963993
348,372,0.0335517047953506
348,556,5.6294966216876006e-05
348,594,4.32394308756353e-05
348,405,3.157453622736e-05
348,523,4.9743332660243496e-05
348,437,0.00023526044765237501
256,408,0.00065143352034145
256,389,0.0008389483346355
256,387,0.0016108850397014
256,279,0.0006323665637904
256,253,0.00086813963989545
256,257,0.004595819358005401
256,296,0.0007338469072008499
256,297,0.0093749342155353
256,313,0.0004669583250239667
256,366,0.0001260023405338375
253,279,0.00072998880754365
253,296,0.0006580825864316
253,312,0.0039273701825302
230,207,0.0330066992699252
230,408,0.00033777756115677777
230,556,0.00020551551878699196
230,390,0.00032763173287736003
230,537,7.69266583798e-05
230,525,8.638195066186154e-05
230,523,0.00014665982495420002
230,461,0.0006289241876996
230,590,1.5257997646564801e-05
230,511,0.00014566461797859998
230,475,0.0007032322524153
230,604,0.00011772591741155501
230,589,6.4151658735624e-05
230,955,3.463829947610455e-05
207,574,2.781096750636667e-05
207,372,9.803572145413332e-05
207,508,0.0009717450491852332
207,641,0.00019481797813590342
207,684,8.725880255789414e-05
207,617,0.00012442396221216
207,592,7.025388596241291e-05
339,425,0.002359663226047
339,359,0.0193422407338342
339,340,0.0011704038700962
339,308,0.0009105229959724
339,341,0.00023394737379715713
339,364,0.0015525185100220126
339,362,0.000319054996934675
339,428,0.0006660849882518333
339,422,0.0033522520309204997
339,447,0.0257704231230249
339,834,5.483728559457242e-05
359,381,0.0012460023970653
359,357,0.0010528341289361
359,308,0.00328832040182105
359,340,0.0032450829694768498
359,328,0.024656310135343758
359,341,0.0017154665608429998
359,450,0.00163050535219115
359,447,0.0013017091527525
308,452,0.0054011444377898
308,357,0.0017453579412347498
308,340,0.0020067343531312
308,341,0.0005171006485131142
308,311,0.00065741720222165
308,447,0.0011538117578977
340,448,0.00269897559927725
340,400,0.0008343749175708001
340,389,0.0016799709011403
340,381,0.006728343623054399
340,341,0.013819450577596292
340,328,0.006714588920571451
340,317,0.0010929487319624
340,311,0.00057217115532695
328,402,0.03419034240566433
328,385,0.00048314213845879997
328,384,0.000426746278801957
328,381,0.0003340339861246
328,364,0.0010418223334150891
328,362,0.004745888549877193
328,341,0.058760858439171344
328,279,0.003479392458117857
328,389,0.00143454254784749
328,425,0.0052649059091037
328,311,0.013209936517627899
328,594,9.471092583105886e-05
328,450,0.00157215734569435
279,341,0.00029830394591152503
279,296,0.015275832758443474
279,295,0.006662248216634275
279,387,8.615136353972856e-05
279,364,0.0005731440304393373
279,362,0.000280159606967475
279,311,0.0030703719054028
279,313,0.0011456674831887333
279,384,0.0009947452984196666
250,448,0.0081790267718184
448,426,0.0010144578685789
448,425,0.0142134627073102
448,423,0.0121701960696255
448,385,0.0032008392916475998
448,381,0.0017494278283613001
448,341,0.0011830893277718856
448,357,0.02428433051632873
448,557,0.000654604935398175
408,492,0.0008691368791581223
408,473,0.0011075393025739002
408,459,0.001713494628469389
408,458,0.0004961913857995222
408,457,0.03300676955593573
408,456,0.0030448563494581476
408,455,0.0001196974926967
408,409,0.10566553026956498
408,392,0.00044372965215778884
408,391,0.003851682112701838
408,390,0.006396707201860398
408,373,0.001247056304829111
408,372,0.00130976722161045
408,349,0.0002539956752167556
408,556,0.000134528188613928
408,388,5.3052335463845e-05
408,374,0.0019807580646342003
408,474,0.00021292702115711246
408,537,0.00010425824133092942
408,523,0.00013294989876843047
408,437,0.00026952810431912506
408,653,0.00048406222773845
389,558,0.007833809755353699
389,454,0.00029511875050748995
389,453,0.00025370272288307
389,452,0.00023538644861176002
389,451,0.0007396435763226945
389,436,0.00050763695325286
389,434,0.003152157303357747
389,433,0.0024714664531986195
389,407,0.0011791548378939799
389,406,0.017383305999949274
389,405,0.016511133508837452
389,390,0.00197557465005518
389,388,0.005155974896475899
389,387,0.0010570200060309304
389,372,0.000262205630378835
389,371,0.00345895882654532
389,370,0.00323439260742019
389,368,0.0018185773477690601
389,347,0.00014047257683293002
389,317,0.00252512997382027
389,432,0.0008160736658568664
389,435,0.0030235525368964003
389,523,0.00012136352075358696
389,494,0.0003859683044692714
387,452,0.0007552193888863213
387,451,0.00039109353385714997
387,450,0.0003258591598987929
387,430,0.0007155867921847785
387,429,0.00058025988967305
387,428,0.0005930281695054808
387,425,0.00013963469943472858
387,423,0.0001731128268107714
387,405,0.0012900327412383237
387,388,0.015513723591851726
387,367,0.00018759145775947141
387,366,0.0744762245715913
387,364,0.0003354205533640321
387,343,0.0005382302696208094
387,330,0.0005194873963518857
387,314,9.787049259012143e-05
387,313,0.0011781724392516332
387,385,0.0008251792923193667
387,386,0.005727385763438299
387,406,0.00032584498616112855
387,858,0.0003665012177990636
257,296,0.00247992018230975
257,405,8.928395734923144e-05
257,524,0.000205603736257425
296,840,0.0085787013918889
296,573,0.0016950426392459003
296,343,0.00059322107503525
296,341,0.0009558630339227
296,330,0.00239031010144165
296,317,0.00366674507775365
296,314,0.00142864338523065
296,313,0.0062359407390589
296,312,0.0041173004756365
296,311,0.0218466697923384
296,297,0.014526893901426849
296,295,0.0014002716267657
296,428,0.0003982859787246333
259,233,0.1829730851446724
259,656,7.732142629708e-05
233,574,2.875645100498542e-05
233,459,0.00018307593961739996
233,409,0.00014470046871041
233,656,0.00040192633689819005
233,616,5.908193391747436e-05
233,539,0.00029414981032722503
260,280,0.0016748488782021
260,434,0.0003587309923100333
260,537,0.00012958182743510592
260,590,4.206706589470561e-05
260,948,0.0011915925540821502
280,298,0.0352137471338153
280,590,8.222450833071198e-06
280,617,9.508212603193998e-05
425,362,0.002872457233915425
425,364,0.0028690387473615875
425,429,0.0026569902467936
400,341,0.00017470702083947142
400,381,0.4855211561821769
400,364,0.00014524731439115004
400,362,0.000270160360305825
341,450,0.0002710630193769429
341,428,0.00017513414747514285
341,422,0.00017820251374559996
341,405,0.0028129958446068857
341,385,0.0006740860873874095
341,384,0.0013069573992755238
341,381,0.0010224542515623856
341,364,0.004056912420987228
341,363,0.0019429350547417858
341,362,0.007975880701664289
341,311,0.014157941121045422
341,297,0.00018931863892329996
341,295,0.0006383684301090286
295,311,0.0005366329998665
295,313,0.0005693372085052333
282,776,0.00063345934457945
282,298,0.0008483703499402001
282,556,6.3139109147076e-05
282,905,0.0004918119616247333
282,540,0.0002223844637194
282,604,0.00010240783709282
282,589,5.8408086600492e-05
282,931,0.000328518701413075
282,979,5.293826326716665e-05
282,955,6.978594176787726e-05
776,930,0.0004225339898463166
776,883,0.00038736769734979993
776,863,0.0010388549087781416
776,840,0.0026657068276712266
776,818,0.0005232076150394334
776,817,0.006069128616256797
776,798,0.028292252649757172
776,797,0.001207018637867317
776,777,0.04789237500910044
776,756,0.0007841195365039999
776,755,0.005648958813932346
776,754,0.014358301801869111
776,736,0.0017794388730815894
776,735,0.0019313667824552333
776,715,0.0023569974747265836
776,714,0.0012515306364225334
776,713,0.0006383901574775379
776,692,0.0007018887825164667
776,664,0.00043238948245015
776,643,0.0022843387256460167
776,642,0.0006804029953568332
776,619,0.00014723406367619997
776,931,0.0013589492958147498
776,799,0.00021803945590062005
776,659,0.00043118098785600005
776,753,0.0008409510372916416
776,690,0.0007717315008083001
776,778,0.00078095058300505
776,779,0.0005682630500021999
776,1016,2.5696434072787604e-05
776,1002,4.984574341446138e-05
298,594,0.008574465403473902
298,593,3.071403550713823e-05
556,927,4.651947442644401e-05
556,882,0.00023022050312831597
556,684,6.608259330691599e-05
556,683,0.0009956828878027262
556,656,0.0004268510480682562
556,655,6.881504909291997e-05
556,653,0.0008834956983085
556,641,0.00017651992119613522
556,640,7.580709539682801e-05
556,616,0.0004581277204759349
556,615,0.003241368838743672
556,604,0.004376830337717186
556,590,0.00012554589819050168
556,589,0.0023089522274458074
556,588,0.011662985390489508
556,573,0.028524679671679425
556,558,8.815626748595998e-05
556,557,0.02978089269855029
556,541,4.1920170209580004e-05
556,540,0.00016400701192702805
556,539,0.003596274656682413
556,538,0.000152084622228112
556,537,0.28931122255148106
556,525,0.003666783400209878
556,524,0.003447689645486359
556,523,0.13566729784120635
556,513,6.14265427109e-05
556,511,0.0013715512860951943
556,510,0.00029052714575474796
556,509,0.013359074220561776
556,508,0.010773510303034636
556,494,0.0010654250515808666
556,493,0.005311483857170786
556,492,0.0005165196867392038
556,475,0.00030654998904520016
556,474,0.00023555758076418794
556,473,5.044566250335599e-05
556,461,0.000744459230746068
556,460,5.7660313695044e-05
556,459,5.4923721132664e-05
556,456,0.003976482802852688
556,437,0.00018734981020381619
556,428,4.4943414214016026e-05
556,405,5.7680715782127997e-05
556,390,5.316395399651201e-05
556,574,3.352859714572083e-05
556,368,0.0029128510942474507
556,409,0.00019706758142186998
556,512,0.000518161030028025
556,979,4.396102180849999e-05
556,955,0.0016494656334753186
383,402,0.0569961576831327
383,384,0.0052669069823371
383,364,0.0001341964999600875
383,362,0.0039156011815942
407,456,0.0051634620071517165
407,452,0.0034289903757910335
407,434,0.000858748583479
407,406,0.0014922489158486715
407,405,0.0021019339750797403
407,373,0.0007005945159335666
407,372,0.000998352673794175
407,371,0.016667298857449667
407,349,0.004737459977294767
407,388,0.00012793711589856497
407,381,0.00075084801257145
407,451,0.0001970792806850857
407,390,0.00228368402693254
407,433,0.0007421834447664601
407,435,0.040974462852015996
388,905,6.757768239992001e-05
388,452,8.334506823783502e-05
388,451,0.0006140855433832528
388,450,0.0016858198969101654
388,434,0.0006780308610434516
388,433,0.002758844031766755
388,432,0.0009246144338299766
388,431,0.00541669801912733
388,430,0.00014757172726304003
388,429,0.00010267335829319501
388,428,0.028856109168553273
388,406,0.0012572831615478915
388,405,0.03778251842698696
388,384,8.393600088799499e-05
388,372,0.0005349336586948867
388,371,0.023447427738720345
388,370,0.0011221093300475252
388,368,0.00657137391793041
388,367,0.014201934305550334
388,366,0.09749313865232112
388,364,0.00019346813488130504
388,357,0.00013624247136698
388,343,0.00012603921821292501
388,330,0.00026424196256680997
388,317,0.00018724092353314002
388,313,0.0005754439602285802
388,347,0.0015813041423261
385,450,0.00034884713041600005
385,426,0.006682935439427167
385,386,0.00044653864237239997
385,384,0.0029424790581651997
385,364,0.005334853865570666
385,428,0.0006468556022697
385,363,0.004064905151725399
385,368,0.0009471263394751751
381,950,0.00070161137162495
381,428,0.0007996273935257001
381,423,0.0016028842864245
381,363,0.00599366797127025
381,362,0.0005969119787237499
381,357,0.0007318783538842999
381,364,0.005634780792385
381,426,0.0233650293930081
381,460,0.0008186423534084667
364,428,0.0003537346279349125
364,426,0.0835103110410717
364,423,0.0001393294176449375
364,384,0.031060848378090065
364,363,0.008429809605281963
364,362,0.0036558151685279123
364,311,0.00051263647615185
364,313,0.0004892663136332666
364,366,0.0004617066442497999
364,329,0.0012926473668089
362,429,0.00037213954761929996
362,402,0.0005194540225427999
362,384,0.001991835739248883
362,312,0.00035371987854595
362,363,0.19138523579817007
362,493,0.0004897295214325
317,311,0.00092383354927895
317,405,7.444273720113143e-05
317,368,0.001420424517900575
317,433,0.00104659225622254
317,434,0.0016547029575528333
317,979,0.00019408184537832588
311,752,0.0006352202505545
311,541,0.04818889267961185
311,312,0.0007179991252219
311,405,5.4060796366514285e-05
297,313,0.0018650002894071002
297,312,0.0030275974742336
297,366,0.00013835817736374998
297,406,0.00016264025577707143
840,1134,0.00024395802226440002
840,930,0.0008119867575396801
840,883,0.00035610378595588
840,863,0.005163521098753655
840,841,0.0024620669871727205
840,819,0.00079758733347178
840,818,0.00603999344995148
840,817,0.029723469854520394
840,798,0.0034848009173810406
840,781,0.0004202587463631799
840,754,0.0025644227669793813
840,736,0.0013650209289077005
840,734,0.00039650485536298
840,931,0.000489982827637975
840,799,0.0010961753262924
840,778,0.00078458075149955
840,755,0.00029528119477004004
840,779,0.00087437004212365
840,1000,0.00041469396419039993
840,820,0.0025199563443193
573,979,0.00014229694800976252
573,926,0.00019078430604147503
573,752,0.00014204780296594996
573,733,0.0002174195803097625
573,684,0.00018458386201726247
573,683,0.0003417122657233876
573,655,0.00018332745977681252
573,653,0.00046677188147737497
573,641,0.0010997186868277138
573,616,0.0008418200222810844
573,615,0.002954037058886325
573,604,0.014488539247351105
573,590,0.0002837556434810706
573,589,0.2052008762466775
573,588,0.01192682096556415
573,574,0.0014787582752107083
573,558,0.0014694536788314124
573,557,0.3974184402893713
573,541,0.00030829026917670004
573,539,0.02277731072773769
573,538,0.0005525231683921499
573,537,0.0033069944028275428
573,525,0.0008394107593244163
573,524,0.00044402714950176253
573,523,0.007292202552659799
573,512,0.0006980384562703123
573,508,0.0016241787349614873
573,494,0.0004542909783177124
573,509,0.0006452132510394501
573,493,0.0004344781238037
573,511,0.0008896867146403001
573,540,0.00024672343419967997
573,640,0.0010397372418314748
573,955,0.000651648617074018
343,366,0.0010542006661302167
343,330,0.5795860730280424
343,313,0.0044746370874975665
343,314,0.6604995047024219
343,405,0.00015712576679773708
330,423,0.0008142800107366333
330,366,0.0014804854410384583
330,314,0.4084148207362506
330,313,0.005722317808076333
330,405,0.00025636987007624575
330,406,0.00018275722626527146
330,368,0.0002930208303855
314,313,0.0085439045380186
314,405,0.0001888611972777171
313,366,0.0009590532667514667
313,329,0.007742497868971333
313,312,0.0012776283079183
313,435,0.0013738623308365999
594,845,0.00015152778994580589
594,838,0.00021405581678889414
594,815,2.3828468923707847e-05
594,796,0.0007080204939892863
594,756,5.145890457114118e-05
594,752,6.540011786242157e-05
594,734,5.806391282143528e-05
594,733,0.00032485317434472155
594,712,1.9731671161123532e-05
594,693,3.2347731844107824e-05
594,689,3.127398258319215e-05
594,688,0.00010335038095267451
594,687,5.946859674181176e-05
594,684,0.015053657544394448
594,683,2.4775609715819607e-05
594,664,2.5550014213368632e-05
594,659,0.0002983398265187125
594,658,3.102354764395882e-05
594,656,0.028661006300156326
594,655,0.0012466165407751363
594,641,0.0012437798140519025
594,621,6.838888004843529e-05
594,619,0.00025671778625946693
594,617,0.002264584213702204
594,616,0.00024958869012841364
594,604,0.00014975403037532432
594,593,0.1408953239402635
594,592,0.03817286836771413
594,591,0.0010436321481677169
594,590,0.0019444567738103307
594,576,0.004772366363579085
594,575,0.00038614515976583577
594,574,0.0002086985792544424
594,558,0.0002711292080547858
594,557,2.593355004009215e-05
594,544,3.364528631813334e-05
594,540,0.02579752306587346
594,512,6.628536682919802e-05
594,496,2.4355437436150978e-05
594,495,7.521770359847058e-05
594,459,2.6993388292266657e-05
594,456,2.2669029919258825e-05
594,451,3.352381757267451e-05
594,432,0.0005543293172277333
594,525,0.0003362325458028464
594,538,0.0007286424433442002
594,589,0.00012147536820483603
384,402,0.0025269515186036335
384,363,0.0014801496915375998
452,454,0.005501878707784266
452,451,0.0034895330004827956
452,436,0.009476975933129668
452,435,0.0049449383566558675
452,392,0.00035854711826573333
452,372,0.004698273334301341
452,366,0.0003304318510921
452,405,0.0002273374340455686
452,390,0.00174029845474586
452,406,0.0005331111005514428
452,368,0.000446847248477175
452,456,0.00039885605616132505
452,433,0.00065745722712048
452,459,0.0002024372138791722
452,453,0.0038705623821374
452,409,0.00011518235301731001
452,434,0.0004412843603649
452,537,0.00030775010157610004
452,590,1.64113767416624e-05
357,366,0.00037828074809918746
357,422,0.0024944620243446
357,371,0.0013136577026835
357,447,0.004218286284042401
423,405,4.885180241726572e-05
752,906,0.000701790751601125
752,883,0.0002886201487999
752,797,0.000312018994555925
752,796,0.0022820282713471997
752,753,0.0009410935321581001
752,712,0.00233129546165495
752,689,0.00064869579881443
752,688,0.000352865699191475
752,687,0.000456377838220275
752,656,0.000674995550057505
752,627,0.000344368015729725
752,621,0.0021208748155748997
752,617,0.0027627206693745434
752,541,0.0015187296097113998
752,557,0.00029425699819442497
752,590,4.4383798155527183e-05
752,619,0.0013703941284638002
752,684,0.00016028635215868824
752,733,0.004611961412661767
752,593,5.23603764132853e-05
752,979,0.0004898393534482962
752,734,0.0001609966053523875
752,659,0.0006037377743167455
752,658,0.00391178710582505
752,754,0.00014363513992687
752,713,0.00016265906072724284
752,955,0.00028703352958044554
752,711,0.0017000448325023001
752,775,0.014034689806004468
541,931,0.000350599325951025
541,617,0.001346854039737575
541,595,0.0010083761256843168
541,542,0.007079657300605275
541,667,0.00041281218818006667
541,537,0.0003091243558058647
541,523,0.00015183239218131305
541,619,0.000142619667439325
541,559,0.00858754880628825
541,575,0.00044160793768241994
541,577,0.001245124130436325
541,979,0.0006395157686278925
541,926,0.00030137823344072003
541,664,0.00021600978433094999
541,642,0.00035286169209152005
541,605,0.00119120419501965
541,713,0.0001397972462805
541,955,0.00031036139236092944
366,492,0.0004021399630396125
366,451,0.00017335489315163752
366,450,0.0002772508032992625
366,430,0.000136771263269925
366,406,0.00026208736728898746
366,405,0.0011343801095544269
366,390,0.0003614625660499625
366,372,0.00019317204525181255
366,367,0.0010890117485605625
366,371,0.0070413507522222
574,838,4.865108221223958e-05
574,689,0.0006690326520753778
574,684,0.0002969094125506657
574,683,9.615012888866037e-05
574,672,0.001671135181798773
574,656,0.00038400428615377675
574,655,0.00044323978910743044
574,653,6.611470748691875e-05
574,641,0.0017950554654439046
574,640,5.525942812448959e-05
574,617,9.946094116722917e-05
574,616,0.0037294577188213968
574,604,0.001467461848422422
574,593,0.00024476295251323873
574,592,0.0007726201110462397
574,591,0.000934228548148451
574,590,0.06904426743570709
574,589,0.015220659971823026
574,576,0.0007592985370212982
574,575,0.1649747199685054
574,558,0.02672710025548153
574,557,0.0034005153570330223
574,540,0.00031267831058363877
574,539,0.004801450365100319
574,538,0.0015253948516501755
574,537,3.64255521974375e-05
574,526,0.00165833085813496
574,525,0.0003691897684508779
574,524,0.00038151239660146866
574,523,3.9976869839160415e-05
574,513,0.0004791701797527229
574,512,0.0005713520667067518
574,496,3.781066474962708e-05
574,495,2.8396214423641664e-05
574,494,2.64407149417625e-05
574,493,0.001590296087052746
574,492,2.4724539617943756e-05
574,475,0.0003515518659559084
574,474,4.0391117587720824e-05
574,461,0.0024963257671805003
574,460,4.561671427584166e-05
574,459,4.967435350474792e-05
574,409,2.214837586021458e-05
450,451,0.0025001385786836143
450,430,0.0009511250718262
450,429,0.0014299874635051
450,428,0.002850415514347683
450,405,0.0010609194656158514
450,367,0.0022613496427629
450,433,0.00027288773225172
450,432,0.0014964752895365665
450,434,0.00038935621842066663
450,711,0.0039580951532868
428,429,0.0019834691560751665
428,426,0.0044628045840164
428,433,0.00021153693861396
428,525,0.0005294306569214001
428,511,0.0009481667787291443
428,447,0.0021339714014858998
428,512,0.00035025519504282504
422,447,0.4425994071136825
405,656,4.6552787730157136e-05
405,457,2.8703174675897152e-05
405,454,0.0004059931211063286
405,453,2.903588737116e-05
405,451,0.0013675099474084827
405,436,0.00012197923013651429
405,435,0.002422907209283943
405,434,0.06918079402288733
405,433,0.019455592860993992
405,432,0.007802257253365862
405,431,0.0024932428875059573
405,430,0.00010267413046755144
405,406,0.05203967901585445
405,391,4.415152190023716e-05
405,390,0.00043770539017788
405,373,3.177508503403429e-05
405,372,0.003680620777954289
405,371,0.00032401461751635426
405,370,0.0010988021843428672
405,368,0.013196239238882225
405,367,0.00036127717971958564
405,347,6.290407831705998e-05
405,456,0.0004982001359876002
405,409,0.00027469014337504
405,523,4.491648818557826e-05
405,714,0.00015519914828041428
363,426,0.0025444169466148
771,950,0.00907406848482025
771,751,0.00016746020587821665
451,795,7.626714679242857e-05
451,454,0.00018911544505446426
451,453,0.0005325436098684858
451,436,0.004142215429038914
451,435,0.00513053626047205
451,434,0.004942277079576629
451,433,0.00280724475034814
451,432,0.005025618421356011
451,431,8.527711843971428e-05
451,429,0.0001640934237038286
451,406,0.002040765953467
451,372,0.00027101818492310714
451,368,0.00016514384395789996
451,347,9.324188654237858e-05
451,474,0.0001413085420240625
451,1040,0.0023136108690552
429,590,1.2860957552933606e-05
367,368,0.0002920667757347
347,370,0.4357879872861607
347,368,0.009624701132237599
370,406,0.0008882073563589356
370,390,0.0032321018781090996
370,371,0.00054651472443925
370,368,0.0020271650621588497
391,457,0.00020021365370326006
391,409,0.0030669914862283105
391,392,0.0036030289315176303
391,390,0.06273261587684459
391,373,0.004021630127416133
391,372,0.0060861945127255
391,492,0.0003044217964092333
391,459,0.0002458032478782833
391,474,0.000128943830918325
390,409,0.0022090964872379997
390,392,0.00031308479430842
390,372,0.04259187008683884
390,371,0.00036766377791132
390,406,0.00023573382543461428
390,368,0.0003176938465237
390,456,0.00037676687638795
390,433,0.0006112505425940802
390,459,0.00016972463334423334
390,523,4.5193324857204355e-05
372,492,0.00013868253182265
372,473,0.001466810982863008
372,459,0.00035762256126870825
372,457,0.00048235201025623333
372,456,0.0009788811544082334
372,454,0.00015395039574094167
372,453,0.000663397676717525
372,409,0.0008655906765438899
372,392,0.0005791146614485749
372,373,0.0017676534524027582
372,371,0.00011075863182692498
372,349,0.00015881118820035
372,406,0.00025224050877721424
372,655,5.365720786238571e-05
372,834,8.055662158661048e-05
349,456,0.000340684625776625
349,409,0.00028976651446453006
349,373,0.0020402850197711996
349,374,0.006238012947355
349,437,0.00019013984209306252
426,433,0.00028367645357886003
492,540,0.0002153170084084
492,537,0.0011297629088361254
492,523,0.002207937009196415
492,511,0.000676475250393289
492,508,0.003367107216698433
492,474,0.0017875415843219247
492,473,0.0071416084083180485
492,459,0.0017339795870611166
492,458,0.0005744512535513167
492,456,0.0010036076460480333
492,409,0.0015027431287402766
492,509,0.007683851424684099
492,457,0.0006022223898691
492,525,0.00016331949701042306
492,494,0.0002082368539242429
492,493,0.04871862842986952
492,437,0.00025451540329537504
492,590,1.8214839127115197e-05
492,538,0.0017512101228988803
492,411,0.007301561007583299
492,524,0.00106454907889885
492,604,0.00023408306769118
492,589,0.00020883003301595202
492,615,0.0025973299672927
431,368,0.0002838260692844
431,432,0.00041080402335930003
406,454,0.00017996883274295713
406,453,0.0004591182623398571
406,436,0.004345205057022929
406,435,0.05247231276535369
406,433,0.005251667356284723
406,432,0.0001434940278649857
406,368,0.00040439940088182497
406,371,0.0012028883245465
406,434,0.0030029958886242333
406,590,1.287699613117281e-05
368,509,0.0007521463039228
368,456,0.0005705020892767251
368,433,0.00041171816291847503
368,432,0.000269292701581675
368,537,0.00010116491847544705
509,537,0.06941059419862924
509,524,0.0005777248078271
509,523,0.1002740529553909
509,510,0.0025062778472807
509,508,0.0115585872008293
509,494,0.001231856474396307
509,474,0.00538435077361705
509,461,0.00085687906441045
509,456,0.0050291917916681994
509,525,0.0011361380164517539
509,511,0.0018637624796074889
509,512,0.0006595014994020001
509,684,0.00014924679686251764
509,604,0.00041815641844968006
509,589,0.000255153677733324
509,588,0.0026536693630024
456,950,0.0005220401955047999
456,512,0.0014185668548214502
456,473,0.13198291107586735
456,458,0.00039591354521632496
456,457,0.09035987587502448
456,455,0.006937350343924125
456,454,0.00026640503240605
456,373,0.0024701988659308746
456,409,0.00016469917553084
456,435,0.0015352242031655
456,537,0.0013747110052825938
456,523,0.004456678429515721
456,508,0.005984367009675717
456,494,0.00016579569346824287
456,460,0.00017092166813633335
456,524,0.001780741255095375
456,604,0.00016250521736928505
456,589,6.7767290713096e-05
456,588,0.0008626225223383999
433,434,0.033040572618511246
433,432,0.027494252770659186
432,434,0.001921092237046133
371,435,0.0020328400187978
473,494,0.0011121289964747998
473,459,0.01943988273016446
473,458,0.0019911655243739996
473,457,0.016103708381662217
473,455,0.0017200134202456667
473,409,0.0013620515399619534
473,373,0.0007324029552087333
473,537,6.095865181264705e-05
473,523,5.5612887819882596e-05
473,508,0.0008017079095865499
473,653,0.00030186890692644996
459,523,0.00040772629748809483
459,511,0.00032082787576087775
459,508,0.0001567849770839
459,494,0.0003330569764869428
459,493,0.0024223416432804165
459,474,0.03362758354024972
459,460,0.0007502404884183166
459,458,0.015989585137230894
459,455,5.690881076269444e-05
459,453,6.784386114010556e-05
459,437,0.15032423299490166
459,409,0.2063301573681739
459,392,0.026647608601885014
459,375,9.621926353763332e-05
459,373,0.00012714566525642778
459,457,0.0012553959200876502
459,616,4.617702637293589e-05
459,537,0.0001068027035351706
459,525,9.614470011129232e-05
459,590,1.1379253990543999e-05
459,512,0.00042215336848277504
459,604,0.00019870560723744005
459,589,7.294909386964397e-05
457,458,0.00219810441131775
457,455,0.000534069232609
457,409,0.00122879310536395
457,373,0.00080113675665645
457,474,0.00022069625741217498
457,460,0.00022291980184565002
457,524,0.00037470783647605
457,589,5.661163203923201e-05
454,437,0.0031763978485182
454,453,0.0010441827813598
454,409,0.00109707308334161
454,436,0.0106916512546628
454,455,0.0011357567314755
453,435,0.0020926659962663
453,511,0.00025895524723417774
409,927,0.00010836774314922
409,780,0.0002040947382507
409,667,0.00014672245462235003
409,616,0.00023722957430768001
409,557,0.00011286122932183999
409,537,0.00015185857614941002
409,525,0.0002903485319934023
409,523,0.0003838944729882265
409,513,0.0008957522581349701
409,508,0.0004525975544480534
409,494,0.00011429511344944002
409,493,0.002118439688855353
409,474,0.003111996456307893
409,461,0.00031318995821121004
409,460,0.0007722117512212002
409,458,0.00585952534765476
409,455,0.00015220468664419001
409,437,0.004175780075664208
409,392,0.014327317233500642
409,375,0.00018280454547446001
409,373,0.002611270541267601
409,558,0.0005147516645007497
409,590,8.277508425662405e-06
409,411,0.0016671313777355
409,539,0.0005802770557288
392,474,0.001674626270929275
392,375,0.00229257020677425
392,373,0.00034854248697246666
392,374,0.001189553046183
392,493,0.006252618630488632
392,437,0.0005581954733339874
392,589,0.000717769291674184
373,374,0.0138019879307408
373,455,0.0015720915881466
373,508,0.00019432743219259998
373,437,0.0002592063609679375
950,949,0.0070168994319763
950,948,0.01247623839877
950,945,0.00323769958547285
950,814,0.0024420707436798
950,926,0.00029893685076346003
950,955,3.6820397001827276e-05
950,858,0.0004149714369596364
905,979,0.003196401351995644
905,929,0.014482034887495087
905,882,0.0012700378066686667
905,655,0.00038046286194833327
905,927,0.005682722451504681
905,523,4.4772294662130434e-05
905,494,0.00022435677764295713
905,590,1.0873604805109592e-05
905,592,4.024337999399677e-05
905,1012,0.0017379946341851
905,955,0.0038496483834343774
905,858,0.00015490371956183638
905,998,0.000438238370023225
905,952,0.002963863022449
434,435,0.0029061363393953
558,927,0.0001680568686264714
558,733,0.0013340010686362074
558,655,0.0002523788149458714
558,653,7.641972926886428e-05
558,641,0.0005420846184840763
558,616,0.0008696206570379686
558,604,0.0016747133944050386
558,593,0.00014698020581630503
558,592,0.0002583673446045078
558,591,0.00015211285931549285
558,590,0.004190306451550231
558,589,0.005073747935951763
558,576,0.0004859686169236333
558,575,0.0059985959458131385
558,557,0.001788318360198382
558,539,0.012642833392356027
558,537,0.0001633267512487521
558,525,0.0008660241545281934
558,524,8.311523814616428e-05
558,513,0.008079608121918635
558,474,0.0001358177241637071
558,461,0.0008673604045987571
558,656,5.122834950367502e-05
558,538,0.0004680987757856201
558,511,0.00015062650277632223
558,540,0.01851132006254582
558,640,0.000528219487573875
436,461,0.0025365637796506
436,435,0.0075781044759816
436,458,0.00092934515030505
474,845,0.000774110717702575
474,537,0.0009305877907933432
474,524,0.0007424890608809124
474,523,0.0005498986983354081
474,508,0.00038109213059351666
474,493,0.004290674991667696
474,460,0.0014659192939714873
474,437,0.01803197283714527
474,616,7.729404273698975e-05
474,525,0.00022354628997996924
474,494,0.005121384561330814
474,590,1.3904000118600799e-05
474,511,0.0004566034583486889
474,510,0.0020716085313557003
474,604,5.668614217705501e-05
474,589,4.512620803792e-05
375,460,0.00032822944980609995
375,437,0.00021476558682385
656,1134,0.00025796356685491
656,838,9.169296612254502e-05
656,796,0.0015521189244091316
656,753,0.00012093112234579496
656,733,0.0005959305440237301
656,713,0.00011006902060728998
656,712,0.00011497471325577001
656,711,0.0008847984448348001
656,689,0.00044420015618257497
656,688,0.002289881826521965
656,687,0.011147067878932722
656,684,0.00047151487278671955
656,683,0.00015823910083991003
656,659,0.0003358856470746059
656,655,0.002405367321796357
656,641,0.00028873223121529614
656,622,0.00013715513814375996
656,621,0.00048286740924236504
656,619,8.140612685654e-05
656,617,0.0075098515352948715
656,616,0.00017845029339938565
656,593,0.02169722568481146
656,592,0.004624126128615336
656,591,0.00040680032660752317
656,590,0.0004944383517715982
656,576,0.0003035378598454883
656,542,0.00013977775946701995
656,540,0.00016414956296078502
656,539,0.00017322356437435
656,461,6.89109555008e-05
656,537,8.655733608884705e-05
656,523,0.00024996742719517385
656,524,0.00017357494428126246
656,604,0.0002528166393567049
656,589,0.00014148544084917604
656,588,0.0007087026463862001
656,979,4.142422783584072e-05
656,661,0.001147972591071175
656,955,5.2089900556952146e-05
656,1072,0.0005695794308739999
458,523,7.578154674880871e-05
455,652,0.7006762450521009
455,508,0.0070079267841288
455,557,0.0002781548586604
455,437,0.0001566246529951125
927,1012,0.00066847722201128
927,996,0.0005784705410181401
927,979,0.0005351151156117178
927,955,0.00202378221337422
927,952,0.29089006357800956
927,929,0.008127285153319301
927,926,0.00201372093602076
927,903,0.022941735100498885
927,882,0.01965612095596108
927,880,0.00114390321498636
927,858,0.0005731124256745946
927,684,0.0006029667905911801
927,683,0.00049248106657886
927,604,7.868317310003e-05
927,589,7.162618867227199e-05
927,834,9.444905666180345e-05
927,998,0.0030268359749447997
780,819,0.0018266387102409
780,800,0.0068417934029058195
780,799,0.02225481579633642
780,758,0.000855442444246
780,716,0.0008009392569274777
780,695,0.0015724453704994
780,668,0.00072113382530415
780,666,0.00063539033183505
780,577,0.0028233983516055498
780,757,0.09953618537652126
780,779,0.0080759463879135
780,781,0.0001934186466031
780,821,0.0041224217180987
780,737,0.0010362211551667
667,757,0.0004027015244463333
667,736,0.001064241332427588
667,715,0.0013375533423207932
667,693,0.003585530639483633
667,692,0.0018350565823866917
667,666,0.0007233507573957666
667,643,0.0040712308217472
667,642,0.0012370558482273134
667,595,0.00045244865517469996
667,714,0.0013673902933793141
667,605,0.0009178012667314999
667,718,0.00096207823233995
667,717,0.00310881171601625
667,778,0.00096248229264665
667,755,0.00040754014985505997
667,716,0.00029911100843967774
667,1002,2.4113408180561357e-05
616,1160,0.0013532777455432484
616,930,7.151601924236406e-05
616,883,7.867413957549229e-05
616,880,0.003403338787328569
616,796,4.9696057449728195e-05
616,774,2.565949238928718e-05
616,733,4.5522919201053844e-05
616,684,0.0005151738030289839
616,683,0.0006170230185698106
616,655,0.002505776734998685
616,654,0.00011972530676623077
616,653,0.008865428225459765
616,641,0.009263133092661904
616,640,0.06292163922619279
616,617,2.6538910936538446e-05
616,604,0.14438051459148085
616,593,0.000477661557255398
616,592,0.000510809259207483
616,591,0.0011830655550623234
616,590,0.06167469211052801
616,589,0.045654561587886326
616,576,0.0004664281252478808
616,575,0.0009130381184821489
616,557,0.0014092095100848756
616,540,3.1882326211202565e-05
616,539,0.0021107008904381703
616,538,0.0005128592189636986
616,537,0.0007640405480749438
616,526,4.461341971881025e-05
616,525,0.0006296512958844281
616,524,7.114595808734103e-05
616,513,0.00016621011507998463
616,496,5.500453822509742e-05
616,494,3.306394074357949e-05
616,475,6.048832774480257e-05
616,460,0.00021194014804952824
616,437,3.430812266713335e-05
616,523,8.834693273544347e-05
616,493,0.00039268645995549996
616,495,0.0010428978207541997
616,588,0.0019927354310626
616,615,0.0028245017608241
557,733,0.0017177614296975002
557,684,0.0011280633885691752
557,655,0.0004188880762285
557,641,0.149892794245489
557,604,0.0014063549058729802
557,590,0.0007945461512769309
557,589,0.032968500344033716
557,539,0.11844447815224057
557,538,0.008592655326257626
557,537,0.002141028668392931
557,526,0.000311930803902975
557,525,0.0019023421316260902
557,524,0.001024010221053575
557,512,0.00025929733418857495
557,508,0.015802813848010175
557,495,0.000439723264969825
557,523,0.0002251180474249218
557,513,0.0011367778055966001
557,494,0.0001774457936035
557,493,0.0023342383456059664
557,511,0.0004265980872832111
557,540,0.00038419193163210006
557,588,0.0018820321160975002
537,882,7.086673229057648e-05
537,683,0.0005006898864368942
537,655,8.057644255461174e-05
537,653,8.819480113938234e-05
537,641,9.630273474268235e-05
537,640,0.00012869628764824117
537,615,5.9582243107000005e-05
537,604,0.0017008530574341243
537,590,0.00015504426014547825
537,589,0.000976561539698402
537,588,0.007893379886956032
537,540,8.506121213725295e-05
537,539,8.109850794255292e-05
537,538,0.00026095578314977647
537,525,0.0020306635570537363
537,524,0.02108272104202561
537,523,0.1760127921644939
537,511,0.0016042099300759337
537,510,0.003969243228252724
537,508,0.005255272979361383
537,494,0.0014505267576146762
537,493,0.0024043772949464766
537,475,0.00011658312874315294
537,461,0.0002563401134050588
537,460,0.00016960217859195877
537,437,0.0005077940780352
537,512,0.0005313351932197
525,880,0.0007156054767904847
525,684,9.246146237789999e-05
525,683,0.00016798660581809232
525,655,0.00014099516834143076
525,604,0.0003107464132684212
525,591,0.00018084180160257688
525,590,0.00036066335680636657
525,589,0.006207462386063138
525,588,0.00015650597148466155
525,540,0.0006578907751979155
525,539,0.0023371238498452597
525,538,0.2606879175716175
525,526,0.0003853469474432154
525,524,0.007529050590080539
525,523,0.002495064183126748
525,513,0.02054687364477678
525,512,0.19969923345184343
525,511,0.207634332529329
525,510,0.0001406625334155
525,495,0.0011665776605635694
525,494,0.008501712113829371
525,493,0.008089308572125916
525,475,0.001084623756021527
525,461,0.0009190026059732769
525,460,0.0003311083800069308
525,437,0.0005855975756087721
523,882,9.960375400063476e-05
523,838,6.107102629523912e-05
523,684,8.041130211599997e-05
523,683,0.00030711510692458263
523,641,4.594608432574351e-05
523,617,0.002931344855192344
523,615,7.010302281654348e-05
523,604,0.0006367660398169145
523,589,0.0004029059605438908
523,540,4.9112817002600007e-05
523,539,0.00014528722415283477
523,538,0.00010340484725491305
523,524,0.07883358534718306
523,513,6.908333104596956e-05
523,511,0.0018327255774561438
523,510,0.007031405223550165
523,508,0.25965482510890675
523,494,0.0008179417925411931
523,493,0.011614843277140133
523,475,0.0002921531395837087
523,461,0.0006232673414258783
523,460,5.178835295176957e-05
523,437,0.0003484434261348201
523,590,1.2168133724754405e-05
523,512,0.0005734451124833001
523,588,0.0022577916533529996
523,979,0.00016598459642323699
523,955,7.217682029186145e-05
513,512,0.00281833453162295
513,495,0.004569251161674949
513,461,0.00414634073311504
513,494,0.00015302568321128572
513,493,0.007668877052539967
513,590,0.00016909887536093124
513,511,0.0002834165495465889
513,475,0.000766456722810175
513,524,0.000148562702833925
513,540,0.00028445650712086
513,539,0.000436482263685225
513,604,0.00016791606930579504
513,589,9.359936589721599e-05
513,592,3.879043439726452e-05
513,691,0.0013600127966425
508,929,0.0004125924835940832
508,461,0.0001934999161615833
508,493,0.0005709937859852
508,641,6.067522189186553e-05
508,604,7.322686611329497e-05
508,589,0.00011492968888978003
494,683,0.0003026346984776
494,641,0.003888861286763516
494,539,0.0006814654308686714
494,538,0.0002032384310062857
494,526,0.0003822946956918285
494,524,0.0011577787162299195
494,512,0.012060719152130027
494,511,0.020430024928407033
494,510,0.0001663724829909
494,493,0.025413870696328448
494,475,0.003150660729259528
494,461,0.0005503193743184
494,460,0.0863290075575162
494,437,0.0008084887384267605
494,590,2.1330541616933588e-05
494,411,0.0016014623615463
494,495,0.0019170409778081002
494,604,0.00038430899815452006
494,589,0.000123579621518804
494,689,0.00020153787673304007
493,619,0.003666052430892133
493,538,0.0007234811558363333
493,524,0.004248418813735083
493,512,0.0012174932802238333
493,511,0.005615656564193967
493,495,0.0005217204826856
493,475,0.0008739050541994333
493,460,0.008815293581742217
493,437,0.0046167395963009165
493,411,0.0231037422964442
461,496,0.00021010841518784003
461,475,0.010847031904851348
461,460,0.0009967002798822865
461,590,0.0002087970052425344
461,511,0.0005316653034037667
461,512,0.00041851625637265
461,524,0.000413037285709125
461,495,0.0029335565734162
461,604,0.00039566249945172506
461,589,0.00022339529499785995
461,588,0.00189583900259
461,955,2.9868738999959082e-05
460,524,0.0005082235179285499
460,511,0.0005735864771432666
460,475,0.007546641814561692
460,437,0.07692341238272035
460,411,0.003332847642044533
460,590,1.5518872016948795e-05
460,538,0.0004388926766996201
460,512,0.000288303187235025
460,495,0.0029801558007467002
460,604,0.00025881480601433503
460,589,0.0020641279037809405
437,511,0.0001627669773184375
437,411,0.0017468953835780001
437,590,1.16065286217336e-05
437,475,0.00026922833144217497
437,524,0.00014036373471061248
437,589,5.3769091267432e-05
1014,1040,0.0006212386388014667
1014,1028,0.0020955923243856332
1014,1027,0.0027769322058472665
1014,1026,0.005249104721060599
1014,1025,0.0011964888162549667
1014,1012,0.00043275518982316657
1014,998,0.004031766980267132
1014,996,0.0006182343611260333
1014,979,0.016944099331244453
1014,955,0.009124039245407603
1014,683,0.001116405984701833
590,1042,1.4299238600713602e-05
590,948,9.306842632468799e-06
590,945,3.4021203490326415e-05
590,930,1.2292531150932805e-05
590,929,0.00010031936887417522
590,883,1.9530294343871997e-05
590,838,2.1101456056640796e-05
590,834,8.305714083248801e-06
590,817,1.2817471275439198e-05
590,815,1.6272672274935203e-05
590,796,4.84498319125888e-05
590,760,1.0713146354361599e-05
590,734,1.0773814177691207e-05
590,733,3.72452084845936e-05
590,689,1.922690230721759e-05
590,688,1.38888480213408e-05
590,684,0.000843181016803471
590,683,0.0003182433693685558
590,659,2.8167165038223183e-05
590,658,1.1628818391811192e-05
590,655,0.013041788103977285
590,654,0.0023273306029589075
590,653,0.0010291018930271235
590,641,0.01867097977780278
590,640,8.76428921358544e-05
590,619,2.1484344977060793e-05
590,617,0.00012609490781329433
590,604,0.0033253519073140354
590,593,0.0076185583928855775
590,592,0.00599401454396782
590,591,0.010995732014232705
590,589,0.0010620341798414884
590,576,0.005694916441272276
590,575,0.017751842436006162
590,560,1.2458329984078394e-05
590,540,0.0005736380899741174
590,539,3.200735064047277e-05
590,538,0.0011772607700185566
590,526,2.2488474309408005e-05
590,524,6.189998773436882e-05
590,512,2.9020547844848805e-05
590,511,9.209130713526401e-06
590,510,5.4205481554697594e-05
590,496,0.0013616330243438747
590,495,1.0726362574519201e-05
590,475,0.0001238089390270424
538,589,0.000648029591989244
538,576,0.004109975817291121
538,539,0.015845239716812457
538,524,0.003993796842659919
538,512,0.0014808845035417001
538,511,0.0019907135828523687
538,495,0.00200088283025566
538,526,0.0035463362158935
538,604,9.536892575659004e-05
511,684,0.0002157970703258999
511,683,0.00023626542648745556
511,655,0.00019486753614598881
511,604,0.0003014841865861111
511,591,0.0002740995550703111
511,589,0.009096825423765402
511,588,0.0002211071828916889
511,540,0.0010368819687062443
511,539,0.0009180025473443778
511,526,0.000617776954421611
511,524,0.017284167500004676
511,512,0.23637707290742463
511,510,0.00022616746221447773
511,475,0.0012394760552914888
496,495,0.0016445165774113
496,641,0.00046575452930858283
496,655,4.767812494877141e-05
496,575,0.0002687148823616
496,659,0.0019282928895454185
496,1016,1.9342334677346277e-05
496,1002,2.831510338105001e-05
475,540,0.000299972917930375
475,539,0.0003351788502303
475,512,0.0081845454289431
475,495,0.0227720775996259
475,524,0.00017749622723518748
475,683,0.0007137713625913201
475,526,0.0024871312768037
475,604,0.00017373020653418502
475,591,0.00020524945512717272
475,589,0.000149838297372688
475,588,0.0007467278110718999
411,524,0.0001768511895746
795,834,0.0014102159302254223
795,814,0.0319340507413797
795,813,0.0043052153689546
795,751,0.0002925710168191166
795,858,0.0006000732426510182
512,589,0.0038214358271123254
512,540,0.00047138508365772495
512,539,0.000662172720494825
512,524,0.001118282742671475
512,495,0.0038145129976709
512,526,0.0274605167038492
512,593,4.0246761482411775e-05
524,539,0.00039156138594703747
524,510,0.004162776206240138
524,604,0.000152715222439345
524,589,0.0005186405179281999
524,592,4.123579770130323e-05
524,593,3.429463820159117e-05
845,933,0.0002657968015748833
845,911,0.0056492328181935
845,890,0.008538584669433982
845,888,0.010548023953052717
845,865,0.0005932623646182166
845,843,0.0015406846663883333
845,801,0.06667933105375672
845,781,0.0032052926841770833
845,672,0.00025841924216828333
845,760,0.0001686213265228
845,863,0.00033364166706322505
845,693,0.0004453821071240333
845,999,0.07796108125446569
845,758,0.00121856110953695
845,934,0.013863783385159149
845,800,0.0002646752297817
845,716,6.869363463904444e-05
845,821,0.0021409783288876003
845,782,0.010727397887744001
845,846,0.0010730567586394
845,910,0.000468635329672775
845,842,0.0016496584169143
845,1016,0.00022158969301595702
845,822,0.0008467752101697499
845,935,0.00106195178675705
845,1031,9.21802248264047e-05
845,957,0.00020812438104156003
845,912,0.0024584259609642
845,932,0.000351021286279725
845,959,0.00025522843194072004
845,960,0.0005990453006548999
845,1002,0.0001586383600383091
845,1001,0.00011067327483774738
845,984,0.0013032505041998834
540,641,0.0006820272489206326
540,617,0.00020085226047286003
540,592,0.0008466949520021025
540,576,0.0024221787413144917
540,539,0.0013981502606389999
540,684,6.794942084199412e-05
540,655,0.00019182788318654998
540,604,0.0008181932309290802
540,591,0.00040855669588129093
540,589,0.001017843241201184
540,588,0.0006398416077815999
540,615,0.0044721452267423
540,593,0.00011651611249887059
540,753,0.0003491412848111333
539,589,0.0034066477662982528
539,526,0.005033884269233375
539,641,4.5484765871389643e-05
539,684,9.43454087041353e-05
539,604,0.000264287542939405
539,588,0.0007215883090264
539,733,0.0012621129185817666
495,834,6.795701315577242e-05
619,1003,0.001031392285545975
619,930,0.00018449616386681254
619,883,0.0001610505393361125
619,797,0.00017226012779943752
619,753,0.0011990841347196207
619,736,0.009629452853515599
619,734,0.0004032110648237374
619,713,0.0027497362974167137
619,712,0.0009479740047988125
619,690,0.00038909200971313997
619,689,0.00038847325906986253
619,688,0.0034613475858918624
619,684,0.0002968050623407501
619,664,0.0005806871421525083
619,662,0.0003067544744165
619,661,0.0034875260235163997
619,659,0.009568031058175707
619,658,0.012543818070567526
619,624,0.00021507266224989998
619,621,0.0026040584527026725
619,620,0.08041570244545765
619,618,0.000486767997687575
619,617,0.04788460473301069
619,754,0.00139231531205257
619,691,0.0008823005428666333
683,882,0.0028094519023625
683,834,0.0023508121396370717
683,684,0.006523642110956466
683,655,0.0012630562207400907
683,654,0.02033066879207493
683,653,0.007535099006282425
683,641,0.001043261861023562
683,640,0.000881502103455405
683,615,0.0029997775779335902
683,604,0.004424778851211855
683,593,0.00023234254276497648
683,929,0.0014579659274164601
683,591,9.240619720928183e-05
683,589,0.0014469653561893162
683,588,0.0080361002711138
683,592,6.766991898249677e-05
683,979,0.0018048977243209224
683,955,0.00571930291981172
683,998,0.0006401794246246501
641,955,0.0001704670141101325
641,883,3.818501789892414e-05
641,798,4.59414415414e-05
641,796,8.539272206238964e-05
641,733,0.00017894222161932068
641,684,0.0071894921009646295
641,655,0.09019830001763081
641,654,0.007352258536108917
641,653,0.001623866853874748
641,640,0.00043972210272586896
641,617,0.010191361870431414
641,605,9.577584369222758e-05
641,604,0.003640990864358054
641,593,0.0005426087999589723
641,592,0.002161148329878528
641,591,0.0035885812674481678
641,589,0.0012159151347963754
641,588,3.67545595137e-05
641,576,0.0002663899510203724
641,575,0.005473486598338498
641,979,5.643526324352223e-05
526,589,6.4608108852016e-05
526,733,0.0006048379604062333
526,575,0.00550304606516262
929,1026,0.00064209219394796
929,998,0.0016373295141422902
929,996,0.00247464151864712
929,979,0.15054293168599628
929,955,0.04068641424645836
929,952,0.00409908389141075
929,903,0.00022535323137596
929,882,0.0019776590035094402
929,1012,0.000600616750074
929,1016,2.121889440043058e-05
684,955,0.00018175762166304865
684,906,6.474176620359999e-05
684,838,6.758682862608824e-05
684,796,0.00012292061280070002
684,733,0.012359195467249045
684,688,0.00013114561722805295
684,655,0.030108621536216316
684,654,8.765292004942942e-05
684,653,0.0003982955466200383
684,615,0.0219515650707502
684,604,0.003709504288216576
684,593,0.0008092275838273852
684,592,0.0009793260050788778
684,591,0.0007449820127660488
684,576,0.00017819261445556762
684,589,0.0025527829477275
684,617,0.00012477715403048
684,640,0.0004818183193268249
684,979,5.987692857696296e-05
655,996,7.704468041699646e-05
655,948,0.0009226588085137927
655,883,3.963743781978571e-05
655,796,0.00013832091955930714
655,733,0.00010995385184191071
655,688,9.1847605265375e-05
655,659,0.00014418617554678566
655,654,0.000673681905042507
655,653,0.00023721768796002498
655,640,5.24286232426607e-05
655,617,6.276394446545357e-05
655,604,0.0007541853599897253
655,593,0.0029217560057869106
655,592,0.01030076505470044
655,591,0.008331406248139684
655,589,0.0004909687971379027
655,588,0.0002395540485746857
655,576,0.0012555814326560976
655,575,0.00045572030534801153
655,615,0.0010006768940822
655,979,0.0002304444028213705
655,955,8.543901632584537e-05
604,882,0.00022431545592356504
604,796,5.744317578873501e-05
604,654,0.00033261151980744504
604,653,0.002341550321321545
604,640,0.01247715847558355
604,615,1.018270235764821
604,592,0.00010842546580863997
604,589,0.25272100742124814
604,588,0.2659453949759232
604,593,4.3618392199764705e-05
604,979,8.96200154012481e-05
604,955,0.0001011193907699726
591,838,0.00025750139139790913
591,617,0.0001486081988304182
591,593,0.022243964406061894
591,592,0.0221293654232657
591,576,0.00755204650589453
591,589,0.0010227825760717967
591,575,0.0006436961070849401
589,882,8.2770775196764e-05
589,796,5.5524900753304e-05
589,733,6.307375653136e-05
589,654,7.0099483587216e-05
589,653,0.0005366411081151601
589,640,0.0016124313100016544
589,617,4.131715288246399e-05
589,615,0.14718027764650787
589,593,0.00021699225590839566
589,592,0.0001785598993787399
589,588,0.8336585539027139
589,576,6.5291078952464e-05
589,575,5.2161521621532003e-05
589,559,0.0001642594053364
588,882,0.00067076004051205
588,653,0.0010065702898108
588,640,0.0005522074522712001
588,615,0.0248485667700947
588,955,2.3956191978561363e-05
882,998,0.0012534566519294002
882,903,0.0040385204261897
882,593,6.638634034114705e-05
882,979,0.00045882722681676294
882,926,0.00044898774871188
882,955,0.000743694741395175
882,858,0.00021004458164296366
882,952,0.00398197892773845
838,576,0.000142273156737975
838,592,0.00011349237623934517
838,593,0.00017864958204665002
838,979,5.1185178242377765e-05
838,689,0.00022511075195169998
838,796,0.0003445705850222666
838,815,0.0052712618444539
838,1042,0.0023113189698749
838,756,0.0008755990569807334
838,713,7.200509947435e-05
838,690,0.0004044207495881299
617,1012,8.551326021546668e-05
617,996,6.767574757368001e-05
617,883,0.0001994958832061533
617,796,0.00031221418953337343
617,754,0.0002043538917277
617,734,0.0003710686662868691
617,712,0.0007710405438624584
617,689,0.0022629962772952863
617,688,8.555520203632666e-05
617,664,0.00014598503276809334
617,659,0.0027852299354237994
617,658,0.022662363482436523
617,625,6.84301356172e-05
617,621,0.0009052990973427734
617,620,0.003244944210542133
617,618,0.0012490692831828999
617,605,7.203950655223999e-05
617,576,0.0010000937938679415
617,592,0.0006658335876026903
617,593,0.00027086698353104413
617,979,0.0002631750776364258
617,817,0.0004804729275758
617,863,0.02362117323727
617,753,0.0011593551156794
617,736,0.0002951665133938091
617,713,8.790609777337855e-05
617,955,5.737033436952736e-05
617,735,0.004458207732854149
617,711,0.0011141495410816999
617,1028,0.00136778294975615
615,653,0.0027631671082110005
615,640,0.0015998623015532
880,930,0.0008733891121569
880,926,0.00102240133855812
880,834,0.0001424053885508448
880,814,0.00028334463879475
880,858,0.0009727290283689365
880,903,0.0017469352867926001
880,952,0.00075557774479045
528,560,0.0012089433131869999
528,546,0.0012344576686671
560,738,0.00011471864040637
560,671,0.00014662846007640004
560,578,1.0076909852165747
560,561,0.00694830011629319
560,546,0.012909422790281701
560,760,0.0004175729858088251
653,640,0.1416805682807971
653,592,4.205702398388386e-05
653,593,4.756093808922059e-05
653,654,0.0174818858653014
653,659,0.00010308436369992726
653,955,2.7819804125056817e-05
640,592,3.283539721575484e-05
640,593,8.244985273567941e-05
576,815,0.00048368755611070003
576,733,9.370341130540835e-05
576,593,0.002673929285029331
576,592,0.019564710624203396
576,575,0.0013334503870885504
592,815,0.0012189945496328064
592,796,5.492261412227741e-05
592,733,0.00015378210335419674
592,687,3.629598922640967e-05
592,621,6.811582427202902e-05
592,593,0.07715473966015626
592,575,0.0004651506420391832
592,713,0.0003451385328348643
931,1134,0.000439940505528725
931,1000,0.0009505009669856499
931,999,0.00026526622995355
931,981,0.0020081145647348002
931,957,0.003262976299970251
931,956,0.005204831092896526
931,932,0.015240512017803975
931,930,0.000498976202201975
931,911,0.00039374940876142503
931,910,0.0029176385254382877
931,909,0.01090648758112035
931,865,0.00030589025511685
931,863,0.0003064302468126
931,843,0.000317490548061475
931,817,0.0006117918888093
931,799,0.000388914083283025
931,754,0.0005524014917231399
931,934,0.0005698427332145666
595,672,0.0003598501719155
595,665,0.0028742645883923995
595,643,0.003319126358197066
595,642,0.0009972246446992667
595,605,0.027642673858204167
595,577,0.003473350430700533
595,559,0.0018351627402600334
595,542,0.0003549948970234
595,544,0.0013367586276506
595,714,0.007896949619470486
595,664,0.00030795904616869995
595,662,0.0011757195190981002
595,717,0.0005758779087911
542,666,0.00051841122449395
542,559,0.15776343083807473
542,577,0.010644202004572376
542,716,0.00037369492118503883
666,758,0.00135392284006925
666,717,0.0005303963687165
666,695,0.0031625054705062498
666,693,0.017202348135741348
666,692,0.0015318864437364123
666,665,0.0042509442682924
666,642,0.012846770454090141
666,714,0.00020214010345001425
666,734,0.00024463947234798755
666,736,0.00011050688182326364
666,715,0.00038416888969214
666,716,0.00044842216669853336
559,799,0.0005721202033473
559,577,0.012920123298931926
559,544,0.0020539786577052
559,712,0.000903349438897475
559,642,0.00028913992633396
544,714,0.0171249144601647
544,664,0.0004411237127847499
714,930,0.0002731160682563286
714,883,0.00024639688387512854
714,863,0.00025210976607104285
714,817,0.00017686486124434282
714,798,0.0013298791974455599
714,756,0.0010711425402212763
714,755,0.0017823617728835403
714,754,0.0038868909555852147
714,736,0.0018861751919690727
714,735,0.01285685863774047
714,716,0.0014822144975719458
714,715,0.020009829086480628
714,713,0.002775823809847664
714,693,0.0002786131316980571
714,692,0.004441799643846787
714,691,0.001733231782092067
714,690,0.0012967275706788997
714,665,0.00104791448451425
714,664,0.0019765581528149094
714,659,0.00018029610576708566
714,643,0.00015224445875791428
714,642,0.00040670589100907136
714,625,0.0008781049942775429
714,624,0.00019051290805662856
714,620,0.0008822282122435428
714,717,0.0005072609228599
714,779,0.0024640282445845506
714,1016,4.3479420347444645e-05
714,1031,4.651964260500936e-05
714,1002,2.8449425547109085e-05
546,671,0.0326065155915416
671,697,0.0005143764562919
671,695,0.00279068411088285
671,672,0.01703359103499685
671,670,0.00108720278364135
671,736,9.26870887695091e-05
671,715,0.00022737341644832006
671,627,0.0016364952367793001
671,821,0.0015718030537229
671,1016,9.30169714527686e-06
733,687,0.0004966098643874999
733,593,0.00018977279466001173
733,575,0.0020815412669186
733,796,0.0020815492771022333
733,659,0.00021947702106607278
593,863,3.7847433138208824e-05
593,796,0.0020395568455349763
593,734,0.00025858272384725876
593,712,7.389228270459998e-05
593,689,4.036209531438531e-05
593,688,3.948151055646177e-05
593,687,5.304340670718824e-05
593,575,0.00031143839843953997
593,690,0.00012575195778536999
575,796,0.0022172953809747402
799,1000,0.0002018573128615
799,930,0.0002375575439985
799,863,0.00028158211886599994
799,843,0.0021554972987115196
799,841,0.00034683352861318003
799,820,0.0075966802688377
799,819,0.01136855808541042
799,818,0.011345349186502582
799,817,0.0028612095661992676
799,800,0.00064588088751818
799,798,0.00107863690743146
799,779,0.007645196444390841
799,757,0.0012710236118841
799,756,0.00156396818263602
799,755,0.00124873086313106
799,754,0.0005508599671260801
799,736,0.006170786123773447
799,715,0.00045490152301692004
799,692,0.00022925725345168
799,621,0.00042536201741486007
799,713,0.00023193818161522145
799,661,0.00026076213990822503
799,778,0.0266196588431537
799,716,0.00014680663260708887
799,821,0.0018708557606101
799,910,0.0003315737098464125
799,777,0.0147591921917605
577,760,0.0005043701235653249
577,643,0.0007045049060987999
577,713,9.72506221258214e-05
577,627,0.0011628395551802999
577,668,0.00136648442084415
577,716,0.0001299065776442333
577,1016,9.749349822787604e-06
738,781,0.0030095896214483
738,758,0.0021099251527105997
738,800,0.00083086497991156
738,782,0.0013046654671401
738,720,0.0012870660095736
578,561,0.0024106928713749
578,737,0.0024400468682839
979,1040,0.0006763913989550814
979,1039,0.00019228588971275187
979,1028,0.000622365515201363
979,1027,0.00044405693643494436
979,1026,0.0035049543848871363
979,1025,0.0009012256695778073
979,1012,0.022848846995370056
979,998,0.2824067123569632
979,996,0.0006286761592855777
979,955,0.17959618729986673
979,926,0.0033880395037377115
979,906,0.0004904077889398148
979,883,4.515895600896664e-05
979,858,7.090862935087775e-05
979,834,6.446279304939627e-05
979,814,3.909472163067037e-05
979,796,0.00020546283211501102
926,951,0.6527985587749736
926,858,0.008624475555949862
926,834,0.00881269776777489
926,814,0.00025995543639672
926,955,0.0007969496834828247
926,836,0.0010394612001161
926,952,0.000769408247119
689,796,0.00041095817452145995
689,734,0.0006450322282266376
689,712,0.007527289840320514
689,659,0.007697928692968104
689,618,0.00028519577100336003
689,658,0.032916091125886456
689,687,0.0012114461071565
689,754,0.00015171455135381
689,753,0.0005904892219250249
689,713,0.00012861589738620712
672,697,0.007961323700381776
672,670,0.0006252255397459249
672,627,0.0038751815425824747
672,760,0.00023846258318455002
672,643,0.00081708882169785
672,695,0.00035955616212769996
672,757,0.000508610884775025
672,737,0.0014118007341988
672,720,0.0023835713616992002
672,1016,6.274674006082894e-05
672,1002,3.148075896220228e-05
796,906,0.043749584923292464
796,815,0.0017527448600122332
796,711,0.00038097352917496665
796,753,0.00010831518350118332
796,955,0.00026842798505317955
796,775,0.00035961483556323326
1042,1028,0.0048645844211468
1042,955,3.4742639323843195e-05
948,949,0.8405502009676924
948,945,0.0973558535242651
945,949,0.0039331802942116
930,906,0.004273076143047263
930,903,0.00012352270405963637
930,883,0.0021788153914981726
930,863,0.0001310415969871091
930,784,0.00017004552672716364
930,777,0.00011593917459530003
930,754,0.0005180228691902937
930,753,0.000339942360539803
930,734,0.0003121245013234545
930,664,0.0007105588920805545
930,659,0.0006011470917796911
930,817,0.00020883747548924996
930,712,0.00042351635162295
930,797,0.0009032361218205001
930,736,0.00010514938477025451
930,713,0.0006003293769632997
930,624,0.0006566387475583499
930,715,0.0002584211559074
930,798,0.00043929871795875996
930,755,0.00023782454547745997
930,716,0.0011738703352562555
930,1091,0.0129826016325289
883,817,0.0006934362720249375
883,659,0.0008635993649693366
883,863,0.0009653623171613
883,754,0.00035353267621249
883,797,0.0008508989198452999
883,753,0.00014248812444234165
883,713,0.00019391240318388571
883,624,0.0054326162921887
883,715,0.00043384128498496
883,691,0.0003489391311430333
883,955,5.436097653255225e-05
883,798,0.0033220204674127606
883,735,0.00055550147268305
883,695,0.02752038677588755
883,906,0.0068286220154223
883,775,0.00045989669661116665
883,1016,4.107345318351898e-05
883,1002,3.316214721569546e-05
834,951,0.00044223556059137586
834,858,0.019325317675006864
834,836,0.00019398793639731723
834,835,0.00534563373520889
834,814,0.005696288235289689
834,813,9.66563430205931e-05
834,774,4.8501983027406894e-05
834,751,0.00032560377976904246
834,955,0.00010750795115364096
817,998,0.0004117169148200625
817,863,0.005662593509402825
817,841,0.0003723768689303
817,818,0.004536473357296462
817,798,0.018846042090191483
817,778,0.0010993611243954125
817,755,0.0016280175845284923
817,754,0.00143575455321675
817,736,0.004474391407828567
817,718,0.000167418102825875
817,715,0.0001616619588632
817,643,0.00014822077368176252
817,753,0.00010564283015872501
817,713,9.792656800454287e-05
817,668,0.0008372581469742001
817,716,8.861224610054998e-05
817,779,0.00067051049185095
817,777,0.0010915115614939
817,819,0.00419293225266855
817,1016,8.857150176388427e-06
817,932,0.0012291523766213997
760,869,0.0004072717415383375
760,846,0.0002857364189650625
760,803,0.0018111098814469749
760,800,0.0009529942248874125
760,784,0.04557691455359724
760,758,0.0004666318855644875
760,777,0.0015344063248867
760,720,0.0010466777075768998
760,739,1.018269407829204
760,1016,1.2376132684615705e-05
734,890,0.00038904516145796253
734,816,0.0017022976722539623
734,754,0.0012062584648327372
734,753,0.026360213102054643
734,713,0.011907444702041803
734,712,0.0019957122554463626
734,690,0.00225510754874578
734,661,0.0005003564830433126
734,659,0.002647564628134211
734,623,0.0028873050564184
734,621,0.0011113487205270728
734,664,0.00022897455900338336
734,775,0.0009974869952567335
688,620,0.003699570634930233
688,753,0.0003137414815500666
688,711,0.0046882743227319
659,816,0.0001228831216309
659,754,0.000411999483648591
659,753,0.0009163150090555924
659,713,0.000671059281547639
659,712,0.004924081047251259
659,690,0.0009594161469803398
659,661,0.0019348623057037183
659,660,0.0003302346591267818
659,658,0.007485967576829863
659,624,0.0001441422568346909
659,622,0.00011793749348567274
659,621,0.0026685501355430815
659,620,0.007430063190269967
659,618,0.0001360622480069909
659,664,0.00263361814851575
659,735,0.0001689268194426
659,1016,2.8188893405070245e-05
659,1002,3.3753708399329573e-05
658,712,0.0007161225500915
687,753,0.0007085792009041917
621,816,0.00074104878234828
621,753,0.000499158025532645
621,690,0.0026639207471492905
621,661,0.0074979790727098304
621,660,0.00025962673929637997
621,622,0.038715712240053185
621,620,0.011538243078191894
621,665,0.00062277586559175
621,642,0.027260644427998623
621,713,0.0014354644913164784
621,623,0.0078504650286489
863,999,0.0019461258818024249
863,909,0.00035745608054367495
863,868,0.000415872391000225
863,841,0.008159634905242956
863,798,0.00419313060722159
863,753,0.0008505805893284498
863,754,0.00033156882765620005
863,736,0.00022264345665880914
863,713,0.00010207780299195714
863,735,0.00034281141855174995
863,800,0.00026092476780266
863,716,0.00027475628333661103
863,821,0.0024418295013917
863,910,0.0005671185760866
863,842,0.15292783379156571
863,818,0.0029570895350263
863,911,0.0019171257654591
863,1016,2.739120704564299e-05
863,864,0.00045698426365593336
863,886,0.0009460209898119999
863,1002,2.538526185507954e-05
712,753,0.001913780385967516
712,690,0.001663311165234005
712,618,0.000339643730344425
712,713,0.0006030121279357142
712,661,0.0008788528318091999
712,624,0.00469139749195585
712,660,0.0010527190980359
756,841,0.0005938349680723666
756,800,0.001983546061563533
756,781,0.0004040684199392667
756,779,0.0026664348263101666
756,777,0.0026617433979892334
756,775,0.00039971937985309997
756,757,0.0005685897246410665
756,755,0.13348272749554788
756,754,0.0006564043163015334
756,736,0.02357565370699591
756,735,0.0015186524151282667
756,716,0.0005926656517933888
756,715,0.14493499387448736
756,692,0.004957493808623899
756,690,0.0012147991989463433
756,693,0.0005371540306897
756,778,0.00101686681710015
693,956,0.0006120707624508667
693,781,0.0006327226865395333
693,717,0.00889410987280005
693,716,0.002718969992693594
693,692,0.0022582434972957498
693,665,0.0014470233833924
693,642,0.00154260009714058
693,736,0.00022423810515639092
693,715,0.0010052770138083203
693,695,0.0006048702912777251
693,886,0.0005209628716627
664,778,0.0023335733534815997
664,755,0.0004548811066333199
664,754,0.0009339949962749231
664,736,0.0005845678625157242
664,735,0.0004462183257032333
664,715,0.0007414368039065666
664,713,0.004934049553789264
664,692,0.0009056138098127042
664,691,0.023757675676263162
664,690,0.0029178366823207937
664,665,0.00033495559184569995
664,661,0.0012752453244636584
664,642,0.023380908166609933
664,625,0.0012839425064131499
664,624,0.011495958357504185
664,605,0.0005546793325995001
664,753,9.432120683844166e-05
664,662,0.0031790296459017
664,716,8.370909833042221e-05
665,715,0.00158550843633578
665,692,0.0061783532000017375
665,643,0.0011421483157149999
665,642,0.005593312331712761
665,736,9.60654368297e-05
643,715,0.01210444658988752
643,695,0.0014133229021543999
643,670,0.0014254484566637502
643,668,0.016018188262759803
643,605,0.00053695146190755
643,736,0.00022942846687910002
643,661,0.000506326993656475
643,718,0.00073320184437905
643,692,0.0001964839748534625
643,755,0.0004668906875796801
643,716,0.00032570118687527775
643,779,0.0007745924303059499
643,737,0.0161200602791279
642,1071,0.0003211093415427
642,841,0.00033648422324826
642,735,0.00127596166285915
642,717,0.00020534741240296002
642,692,0.0017584270621430653
642,605,0.00161557195112064
642,736,0.0005017536546223091
642,713,0.0003540756099844143
642,690,0.0032631531911386097
642,715,0.00060090902251074
642,691,0.00037331579292543325
642,821,0.001716786681465
605,713,0.00030290127692933575
605,798,0.00022035639684916004
605,1016,1.645811592447438e-05
1160,779,0.0007315002660445
1160,1016,4.113117324680992e-05
1160,1031,4.327527883337812e-05
1160,933,0.00060169142817575
1160,1055,0.00111070713540875
774,751,0.02048586046742327
774,957,0.00028705243496545996
1012,1026,0.00117895045362785
1012,998,0.0021141731151493
1012,996,0.05257286448271265
1012,955,0.005762853411427681
996,998,0.0020634430604087
996,955,0.00054034818099665
996,1016,1.306720828541818e-05
996,835,0.0025966746491076
754,911,0.00011896917942128
754,816,0.0001005384352097
754,798,0.00492629807892988
754,797,0.08558301827184113
754,777,0.01578097107420155
754,775,0.0007521281314089066
754,755,0.00516370066067383
754,753,0.02001456848730956
754,736,0.0011713594230714356
754,735,0.04124417571982363
754,718,0.00018628847620889
754,715,0.00102745643078351
754,713,0.004741525506294292
754,692,0.00416744797243141
754,691,0.00084605839887414
754,690,0.0008993688836245201
754,661,0.0004166473945604
754,711,0.015500471498553601
754,716,0.00015468838595659442
625,624,0.00279398264421005
620,661,0.001305581568942425
620,753,0.0002475617319258333
620,713,0.00375809921063185
620,690,0.00033773773679816004
1003,1031,0.00362768128458745
1003,1016,0.009212432420838211
1003,1004,0.0005332103067299
1003,984,0.0006503078997724499
1003,960,0.0005154124099527
1003,736,0.0029811927926810633
1003,934,0.008223107559189166
1003,932,0.002219768255094275
1003,1002,8.751250685889092e-05
1003,1046,0.00052839720304245
1003,1057,0.0007981791506252
1003,1091,0.00281861075473575
797,798,0.0008202252672923002
797,775,0.0011738424487024834
797,753,0.005548979577412633
797,735,0.0011184560111516
797,718,0.00057462269889525
797,662,0.0048507367773585
797,711,0.0015278736688118999
753,1231,0.0015821670604000417
753,816,0.0002666025201905333
753,798,0.00100571400570255
753,775,0.051839609536465985
753,755,0.00034311428216036836
753,736,0.00020447372586364774
753,713,0.003196200660238231
753,692,0.0003039141624375875
753,690,0.005257363184602342
753,662,0.000157087282817175
753,661,0.0017507803172369329
753,622,0.00032450667533195
753,660,0.0011799027222463999
753,735,0.00033207069528314997
736,842,0.00019683752611915454
736,818,0.00010032510208200002
736,798,0.000716304262304871
736,781,0.00010084330154033637
736,779,0.0005707135967471182
736,778,0.006098001127973079
736,777,0.0025829776787386544
736,775,0.00018687244448619092
736,757,0.0006121054245665091
736,755,0.08877437267362923
736,735,0.0013872971253991347
736,718,0.0005438672716742819
736,717,0.0009107948837036637
736,716,0.3312130121898383
736,715,0.21381587095552995
736,713,0.00036696383180125005
736,695,0.0010972783772890456
736,692,0.019316648935109832
736,691,0.0001225476912766636
736,690,0.0011064114570955637
736,841,0.00035791113809526665
736,1016,9.201007218631404e-06
713,1071,8.085336289754283e-05
713,846,0.00011804547258287142
713,798,0.0024041093365499574
713,735,0.029375204051768807
713,715,0.0006094260910419514
713,692,0.0004015265854887892
713,691,0.11752749809026176
713,690,0.01696948128187496
713,662,0.00010397607424232856
713,661,0.0014092250325322144
713,660,0.005406934548844178
713,627,7.892777439816427e-05
713,624,0.00023829136702225714
713,623,9.849853729338572e-05
713,622,0.0002858381671085286
713,755,0.0004123224825155
713,716,7.515025667563333e-05
713,775,0.001072377464702433
713,821,0.0047891172217396
690,735,0.0018857246618538199
690,692,0.0004335665665278025
690,691,0.00666596689459477
690,661,0.020035488723092625
690,660,0.0034331893703501903
690,622,0.00023120894057197
690,662,0.0038867040582992
690,624,0.0007874259674165
690,623,0.0010570935247468
690,715,0.00064073712652374
690,755,0.00044863591102175995
690,775,0.0016448822974986662
662,661,0.0036965086710164996
662,624,0.0420585605074777
661,660,0.016540568884031347
661,623,0.01228963442652705
661,622,0.0055036858252125506
661,624,0.00103009850416915
624,715,0.00021104156713140003
624,691,0.0007648882531166333
624,798,0.00024400780892472
624,735,0.00021526251352046663
624,716,0.00020538537236740553
816,775,0.0003852274665618666
622,623,0.0021069647760793
999,716,9.081961000291667e-05
999,956,0.0029492538433582
999,910,0.000641790058682575
999,842,0.0037851443867407
999,911,0.00077948218137505
999,1016,4.811756655244547e-05
999,981,0.00142671211367005
999,1031,4.870366592934064e-05
999,957,0.00023020965637926004
999,932,0.0004697446397817
999,1055,0.00125112308699935
999,1002,2.748116703279091e-05
718,737,0.00755612662195255
718,717,0.0026646356724154
718,715,0.00379826772343835
718,695,0.0169364479992455
718,757,0.0002620069693025
718,781,0.00017739039586853333
715,910,0.00034741099167606004
715,800,0.0003638104256765799
715,798,0.0005412841665695202
715,777,0.0005548337442416201
715,775,0.00042977152977031997
715,755,0.020982005404430657
715,735,0.0024757802502448733
715,717,0.0007681342600880601
715,716,0.003530216108798251
715,692,0.06774723885234593
715,691,0.0009757028727719533
715,1016,1.7481936765177684e-05
692,779,0.00022259544219946248
692,775,0.00034936347831305
692,755,0.0038809748021933054
692,735,0.0018535868650375546
692,716,0.0010410664648574444
692,691,0.0007055574550443998
692,717,0.00050479600751235
692,1016,1.446778902782149e-05
691,778,0.0003705230965736333
691,755,0.0019614631685855866
691,735,0.010941303371353434
691,716,0.0004620851259552333
955,1040,0.000494623452501316
955,1039,0.0001548637939415795
955,1028,0.0003378064584555206
955,1027,3.895416725887729e-05
955,1026,0.0022666614690292014
955,1025,0.0005683723361451909
955,998,0.03227738307005982
955,952,0.000968807358041493
955,906,0.000600052556427882
955,903,5.571420860647274e-05
955,858,8.41921864361887e-05
955,814,2.89189357182e-05
798,841,0.0004513201913979401
798,819,0.00057665279808508
798,778,0.0016054612754052501
798,777,0.00155746406253596
798,757,0.00156320223863896
798,755,0.0011339493094140798
798,735,0.0011898103301792166
798,818,0.008157487345298
1071,1055,0.18682763858042112
1071,1044,0.00043318106176666664
1071,1030,0.0013141611748096332
1071,841,0.00044370161193863324
1071,956,0.0010368130686182
1071,821,0.0019624713599568
1071,1016,4.7269093391751226e-05
1071,1031,1.7473538105614057e-05
1071,1002,3.480447250848409e-05
841,842,0.005952877432935367
841,819,0.009125337922285167
841,800,0.002703548576024047
841,781,0.0012272388048863666
841,956,0.0017051678967096
841,821,0.2500884362536067
841,910,0.0008658119586377501
841,1016,9.028125817770992e-05
841,820,0.002872145245106
841,865,0.00031019901377733327
841,1031,3.0389874711625e-05
841,864,0.0013038453198114333
841,932,0.0003829378491349
841,886,0.002563770903451467
841,1002,4.287724333352955e-05
735,1073,0.0052696053364838175
735,910,0.0002929946558037666
735,803,0.0005923612015130166
735,755,0.00272953667971492
735,716,0.0001482311116931389
735,818,0.0024656231959041
735,1028,0.0064506154937787
717,716,0.01517710894115403
717,821,0.0014475725326692
695,821,0.00025168691111085
695,781,0.0015608478748121498
695,757,0.001328235116369925
695,737,0.0105340603449958
695,670,0.0018017026037725
695,668,0.06322795326663208
695,758,0.018070205500011198
695,716,0.00011328365002006668
695,911,0.0027150995697898497
695,1016,1.3185916429846284e-05
670,800,0.0041312358439877005
670,668,0.02390900613285275
670,737,0.0010772643507934
670,801,0.0032590643911583
668,934,0.00059941842715905
668,800,0.00055725737159575
668,757,0.001169781527490525
668,716,0.0004657503449571165
668,737,0.0027814532286487
668,819,0.0006946967127332
1134,1108,0.24136419248835886
1134,1072,0.0020096690408056748
1134,1000,0.0009503368483184001
1134,998,0.001155123053665975
1134,1088,0.0197562439981905
778,820,0.0010842259130919001
778,818,0.00190233742292355
778,779,0.0037463530933314498
778,777,0.00180634549599745
778,755,0.06827361879202759
778,716,0.00023925656297755558
778,932,0.0010917458626138249
755,779,0.0002381657413021
755,777,0.01040026579316938
755,775,0.00035730659282522
755,716,0.0002130271859213333
755,819,0.0008592856363433
758,843,0.0006066784034627
758,781,0.015492563333043583
758,779,0.0012596291525242501
758,800,0.00020939459111837997
758,782,0.0059208053539482
758,981,0.0052291199427629
757,1016,0.0011743794022032264
757,1000,0.002826050865893175
757,843,0.009371114877961084
757,822,0.000400188797335025
757,819,0.0009517278182128249
757,800,0.00232901305409604
757,781,0.0235864889179612
757,737,0.007443181308018149
757,716,0.0010639502863690972
757,779,0.00558452906150845
757,821,0.0015732831601945
934,1089,0.0005368412224240999
934,1073,0.008061025262124483
934,1031,0.0005309593080578115
934,1016,0.0018411592589376495
934,1004,0.0001911571970867333
934,1002,0.0010846086515486348
934,1001,0.0041230542526526975
934,1000,0.0018081855692633582
934,984,0.017425368906307283
934,960,0.00024324962863934998
934,959,0.00707702286433106
934,957,0.00029841340451786666
934,935,0.002534054040371533
934,932,0.0018885673138701999
934,912,0.004506483612054333
934,911,0.023782747654834083
934,910,0.00046510145603770835
934,890,0.0037109048659448667
934,888,0.0005083006730760499
934,869,0.00047346535247874997
934,868,0.00016916450939411665
934,846,0.00027458146803396665
934,801,0.00026616204321181663
934,1045,5.586581856183182e-05
934,1091,0.0009904570955248
800,865,0.0010823076800669366
800,842,0.00042869390173096004
800,822,0.0014640610684425002
800,781,0.014193944800509641
800,716,6.467716002233333e-05
800,779,0.00073240047756685
800,821,0.452246327414868
800,737,0.0014753392386583999
800,910,0.00034023349600616253
800,819,0.0010359889253304
800,739,0.0026190457043458
800,1016,1.8412959083713228e-05
800,843,0.0011181361545107666
800,801,0.0012045360503293002
800,888,0.0013090686388771
800,864,0.0003870482022157666
800,886,0.0005617999163545001
697,782,0.0154474229959609
697,737,0.0016115613790492
697,719,0.0062582329041271
697,720,0.0335374350408372
697,1016,1.2709970419741329e-05
697,843,0.12641335427187853
697,1002,2.468879039317045e-05
716,842,0.0004084139632977667
716,819,0.00019320279540993888
716,779,0.0005692811871562665
716,737,8.018044140100556e-05
779,819,0.0008448647704568
779,818,0.0006210148653383
779,737,0.0011381264555241001
779,781,0.00023417900074633333
779,821,0.001292910080601
779,820,0.0035902777646602
779,981,0.0010455123527979499
956,957,0.00164564872757116
956,932,0.004646207326345749
956,1016,3.087726720076942e-05
956,981,0.0015149808554813
956,1002,2.5961871161954546e-05
781,981,0.0003611720892985333
781,843,0.0013480053141459332
781,822,0.0015371268969291666
781,737,0.0029322032281845164
781,821,0.0136937639395605
781,782,0.0011050181267519
781,910,0.0004467198565077375
781,1016,2.516429996887687e-05
781,865,0.00034198066088643334
781,1031,2.4113283657393758e-05
781,957,0.0004767467646156799
781,864,0.000588156078414
781,932,0.00039857482075547504
781,886,0.0021169999018775002
821,957,0.001830781382377
821,865,0.0020742908911851
821,849,0.0026016400549475
821,846,0.019464092180327998
821,842,0.008473460236623
821,825,0.8725618273840672
821,819,0.0011591974471309
821,1016,9.725468816805787e-06
782,865,0.0015745029281225998
782,843,0.05859538326128067
782,720,0.0020899758642596
846,912,0.00174710946632535
846,890,0.00469671142782675
846,803,0.00055522935330415
846,1016,0.00020047763041084135
846,784,0.0008566838117790999
846,1031,3.860439265921251e-05
846,849,0.03812092033029295
846,825,0.1216191186791284
846,868,0.0013081374298009
846,960,0.0003674540368715
846,1002,0.00016182671888023407
846,1001,7.724846751183159e-05
846,984,0.00042716742617250007
910,1072,0.00012812783935531248
910,1055,0.0009784639326284375
910,1030,0.00017992050877728747
910,1016,0.0002048601605929877
910,1000,0.0014203254587870627
910,957,0.0013565646221962151
910,933,0.023292802940038295
910,932,0.06433561112869818
910,911,0.0004901007562308125
910,909,0.000997089518454175
910,888,0.0009622793745933001
910,886,0.15197910147790106
910,865,0.1762027228867203
910,864,0.08055073973069139
910,843,0.002350302958464525
910,842,0.00076389770836105
910,822,0.00030753016626163746
910,1031,4.274662972615939e-05
910,1002,4.110428581781817e-05
777,820,0.0010236473735375
842,911,0.0016601508796031
842,1016,1.1275242015500825e-05
842,865,0.00037432508183979997
842,864,0.0017363927849421666
842,886,0.0022752824292643
819,1031,0.0009503780145515002
819,822,0.00242703887669065
819,818,0.0012589975092074
819,820,0.021122591486825097
719,720,0.6752492378470342
720,739,0.0019456185419383
720,933,0.00064749814973195
890,1016,0.0030287308705895266
890,935,0.02621584834397407
890,1031,3.269040474324375e-05
890,912,0.0852712393004812
890,959,0.00027450931862808
890,960,0.0005598451478817666
890,1002,0.00016431335589666137
890,1001,7.615285909898947e-05
890,984,0.0006657236563234166
1073,1089,0.0092244482977709
1073,1074,0.0014283605494239497
1073,1231,0.0011925813356476
1073,1046,0.0035894493298929
1073,1057,0.02954817332972585
1073,1091,0.12794860792458668
1073,1090,0.0049086349456944
1073,1058,0.058417294436666704
803,784,0.014025044287361368
803,1016,1.857847513446777e-05
751,858,0.00013505944550939092
1231,1197,0.1076197976198716
1231,1057,0.00068127021122705
1231,1091,0.006179437936815
1231,1058,0.0011900440694825
911,959,0.00085161764693047
911,935,0.0016333966193697001
911,933,0.0006400023293054
911,888,0.00329020511477605
911,801,0.00277315839027515
911,1016,0.00023537076720960996
911,1031,0.00011593779827187814
911,1002,0.00019243115846472497
911,1001,0.0001821431959276421
911,984,0.0008438856267107667
1016,1197,0.0003048901918760101
1016,1112,7.703180740792397e-05
1016,1089,5.278121432628265e-05
1016,1072,0.0006923657511674819
1016,1059,9.294039394110743e-06
1016,1056,0.0046151255389499865
1016,1055,0.0003806045562116678
1016,1046,0.0002785724809535496
1016,1045,0.05151019989016204
1016,1044,1.3082159507297518e-05
1016,1031,0.28684857390747587
1016,1030,7.017388603276198e-05
1016,1004,0.0002645627947064503
1016,1002,0.45504186942743213
1016,1001,0.10376515119373131
1016,1000,0.0016580400371012148
1016,984,0.05961098705427425
1016,960,0.0009173819679543323
1016,959,0.007867791665594166
1016,957,0.00015936812627247358
1016,935,0.00196156077202351
1016,933,3.129740601190909e-05
1016,932,0.0001370936300563
1016,912,0.006819163581507305
1016,909,2.6659254895795866e-05
1016,888,9.78876137056645e-05
1016,886,2.2514873927705788e-05
1016,865,1.8885895835377687e-05
1016,849,3.736543736972811e-05
1016,843,8.016220846825868e-05
1016,825,1.0206976731223143e-05
1016,822,9.150792443432231e-06
1016,801,4.4245586269700844e-05
1016,784,7.763689215197853e-05
1016,1074,0.00029745503048424985
1000,1055,0.0003716531854328
1000,1030,0.000452831553310275
1000,1001,0.04279693622840048
1000,957,0.00104315085593261
1000,843,0.0009983354494698584
1000,1031,0.0006105990248025249
1000,933,0.0026920235416338497
1000,932,0.001018546437653225
1000,1072,0.006679154953355433
1000,959,0.00025087492932132004
1000,1088,0.0017301281301857002
1000,1002,0.0011024480380436544
1000,984,0.0016513949866942667
1000,1045,0.00032380742903330905
843,888,0.0008564218861631333
843,865,0.037404523696651065
843,822,0.015426998111337333
843,933,0.0005831996617603
843,932,0.00034396760864965003
843,1002,2.6597507459122727e-05
822,865,0.00022209082387071667
822,1031,1.8390836310539062e-05
869,868,0.1502507136776194
869,784,0.0014497831560268334
869,914,0.0038986656733173
784,1031,8.315459416057816e-05
784,825,0.0020976083991301
784,1002,0.00011788622954646818
784,1001,8.781130583763688e-05
981,957,0.15214119931349132
981,932,0.0032249023197577
865,932,0.0007390797157228167
865,886,0.024776120847395364
865,864,0.06214619729190088
865,984,0.00017063702272029994
814,858,0.0017257662823355843
814,835,0.007268576894483425
814,813,0.1026575079439051
801,935,0.0012607599372352
801,888,0.002426516859769
801,1031,1.7223340420275e-05
801,1002,3.0242148660818186e-05
935,1004,0.005931784387707325
935,960,0.0007045732318168
935,959,0.006627504181777395
935,888,0.000336229756211175
935,1031,5.5933207046565644e-05
935,912,1.446620004366155
935,1002,0.0005234256197633887
935,1001,5.800543246721053e-05
935,984,0.001424550483852483
888,1031,2.9923894216598437e-05
888,933,0.0010195070751487
888,909,0.0028635915607803
888,1002,0.00010709268413485911
858,951,0.0002249839269303182
858,836,0.7421877695081601
858,835,0.005489146937136927
835,836,0.0366496506188353
998,1040,0.0017540542648503748
998,1039,0.00041221315975457505
998,1028,0.001081509405951625
998,1026,0.009152136136062226
998,1025,0.0028637079543131
1031,1197,9.879966699701718e-05
1031,1112,2.230279119011406e-05
1031,1072,0.0008755063358921332
1031,1056,0.03515701842221585
1031,1055,0.00017119383923063126
1031,1046,3.481864509443438e-05
1031,1045,0.29793891809136974
1031,1030,4.142541765709374e-05
1031,1004,0.000588169686296239
1031,1002,0.02447868923598098
1031,1001,0.024243976035705966
1031,984,0.012869881041823352
1031,960,0.0005603522566439593
1031,959,0.0013990346628588199
1031,957,3.2910307980603126e-05
1031,933,2.425872436224845e-05
1031,932,4.413980835511875e-05
1031,912,5.5676804335471864e-05
1031,886,1.7897122474225e-05
1031,864,3.714844315325155e-05
1031,1089,0.00213822602281085
1031,1074,0.0004886109463772331
957,933,0.0010757477360202
957,932,0.33982692500689343
957,1002,0.0001365986822328659
957,1001,0.0001726977368232263
957,984,0.0002873172556344
849,1004,0.00068087335978245
849,825,0.8652100766055031
849,960,0.28030667416378247
849,1002,2.6481912294186365e-05
825,1004,0.0011600130579578
1004,1089,0.00131450237952075
1004,960,0.005085934718640666
1004,912,0.0087778767942595
1004,1002,0.00011937308132897959
1004,1001,5.278566530153684e-05
1004,984,0.00023685499037318333
1004,1046,0.0005119272696426
1004,1057,0.0008322756637481
1004,1091,0.0013501898594564501
1004,1074,0.0013948341629521001
1004,1058,0.0012175319881386
1004,1139,0.00071655420560695
933,932,0.0012207864996836252
933,914,0.0179203004949906
912,960,0.0010668324459217
912,959,0.00093558131374098
912,1002,0.00033984520267690686
912,1001,0.0001416440927426263
912,984,0.0016781142086912167
909,932,0.00045929126564079996
868,914,0.0013073268911336
864,932,0.0008010834127528334
864,886,0.3563614817726511
932,1088,0.000313386722779
932,886,0.005464122697303525
903,952,0.00213733341302725
1072,1088,0.11877801443866132
1072,1002,0.0011005818436006021
1072,1001,0.00022063500704987366
1072,984,0.00032267172843605
1072,1045,0.0003964713999213136
1072,1056,0.0006509805525354601
1072,1197,0.0099156598002097
1055,1044,0.0006859659653878
1055,1030,0.00125646996331405
1055,959,0.00038084664059110003
1055,1002,0.00015943947770079774
1055,1001,0.0001976250695015789
1055,984,0.0002871564116524
1055,1045,0.00013347038500951362
1030,1044,0.7611342155848614
1030,1002,4.487657016140683e-05
959,1045,0.00047438084632682367
959,1002,0.01989895792002349
959,1001,0.002646430896233198
959,984,0.2494517317775051
959,960,0.0003191843789003
960,1059,0.0006514977507579
960,1046,0.00036329814664536666
960,914,0.0014066395503913999
960,1089,0.00050063522751475
960,1002,0.0004504387563059524
960,1001,0.00028462815527330006
960,984,0.00102380800639495
960,1045,0.0002811490818285318
960,1056,0.00023401058625380003
960,1074,0.00021107398677281666
1026,1040,0.0034413778874399
1026,1039,0.0153040985096102
1026,1028,0.0032086695158667
1026,1027,0.0055592576568172
1026,1025,0.1783754006190623
1088,1108,0.00052043987527445
1089,1197,0.00056927289299595
1089,1112,0.0060956940402168
1089,1074,0.002266506961058
1089,1002,2.970063222752273e-05
1089,1001,0.001023450424281363
1089,1057,0.0013909899862658
1089,1091,0.00139224897620395
1089,1139,0.0030239360984397
1002,1197,0.00010948411802498637
1002,1112,2.7905518286374997e-05
1002,1056,0.0018775469428256347
1002,1046,5.040500048813637e-05
1002,1045,0.005905050490310721
1002,1001,0.08109640824352382
1002,984,0.23895501763549296
1001,1045,0.005280077067573941
1001,984,0.019846141955564084
1001,1056,0.00637288418498264
984,1056,0.00127938925893375
984,1045,0.004813742571466867
1040,1028,0.023617910936596202
1040,1025,0.0021812343434713
1039,1028,0.000588612270165
1039,1025,0.0226300438992912
1028,1025,0.2921650885010367
1027,1025,0.0011219090650499
1045,1197,6.385205616444091e-05
1045,1056,0.16163032307586483
1059,1091,0.00202881869272205
1059,1074,0.08551340133580636
1046,1112,0.0011963426265393
1046,1057,0.511959419061094
1046,1090,0.23019649874177942
1046,1074,0.00033227902040809995
1046,1058,0.0249809794081069
1197,1112,0.0017743772126457835
1197,1091,0.0005854437044773
1197,1074,0.00021652712589409996
1197,1139,0.00076438395681895
1112,1139,0.1269746794344729
1112,1091,0.0027750839771854
1112,1090,0.0023745139707302
1112,1074,0.00123761082045915
1057,1091,0.00102010357933755
1057,1090,0.0084753525555053
1057,1074,0.00101719076091215
1057,1058,0.34289969859958425
1057,1108,0.0010376659336999
1091,1074,0.0241738963030463
1091,1090,0.0226556293308319
1091,1058,0.0061854462791934
1090,1074,0.0066335506746601
1090,1058,0.026737234958444
1074,1139,0.16866540184690182
1074,1058,0.017539036703217898
