source,target,weight
1502,1504,0.8260145783424377
1502,1748,0.10585325211286545
1504,1748,0.9999998807907104
1504,2230,0.016389749944210052
1504,3703,0.006220958195626736
1504,5154,0.0010231697233393788
1504,5642,0.0010199773823842406
2230,5154,0.011637701652944088
2230,3703,0.011541567742824554
5154,5642,0.9992645978927612
9457,10181,0.0028410284826740906
9457,11428,0.003417626897620115
9696,9938,0.00263252245864957
9696,10180,0.0001899011325251974
9937,10180,0.17942959038702525
9938,10180,0.0010437672978826282
9938,10181,0.00035930519698013086
10180,10181,0.21439032061501395
11182,11427,0.002629220912543436
11182,11428,0.0005757223134423839
11183,11427,0.00602575085455707
11183,11428,0.004259203230806937
11427,11428,0.038388034312902164
11650,12139,0.0014529154568663216
11650,12628,0.001404811380780302
12139,12628,0.009181245462968946
12362,12606,0.0013643958372995257
12651,13384,0.0008639573740462462
12651,12652,0.43777538358605855
12651,13140,0.0005747216849461741
13140,13384,0.004425147315487266
14558,14802,0.0009661791559665289
17080,34650,0.001406579976901412
17080,35624,0.0009736790450673993
17506,19206,6.705767164224828e-05
17506,21628,0.00106378316710424
18487,18736,0.009786214679479599
19206,19449,0.009652008666852415
19206,19943,0.0001467905233618965
19222,19713,0.0018101612804457545
19222,21159,0.0001373033388517797
19222,21160,0.0005971666405711809
19448,19449,0.001057591555536419
19448,19934,0.0011643542675301433
19448,19935,0.0006072714313631877
19449,19692,0.004446256787059137
19470,19714,0.03664505481719971
19692,22863,0.0007629071109891306
19692,19935,0.00035811840842026044
19702,19943,0.0004962035867806833
19934,20178,0.006357932463288307
19934,20672,0.0026989454366489586
19934,19935,0.02460068482711601
19934,24320,0.00011711643173839548
19935,21638,0.0007557748158859567
19943,20432,0.0017476212635503746
19943,21176,0.0005068562115118824
19943,22135,0.00015617832024064328
20178,21646,0.000136186800593426
20419,20663,0.00029450817601173185
20419,21151,0.0003045118425152629
20420,20663,0.003038485561212667
20420,21151,0.00014431407143069335
20420,23109,0.0009792214355002216
20429,20432,0.000819592757125065
20429,20672,0.00111761089000437
20429,20915,0.00021059229600268737
20429,21151,4.411749063702694e-05
20432,20915,0.001461039317329919
20432,20676,0.28320575903611217
20432,20672,0.00019833712723185372
20663,21151,0.06945236668943623
20672,20673,0.0003592934000254091
20672,20915,0.0014011198626903054
20672,22133,0.0001264865454370718
20672,21402,0.00022918485708646387
20673,21160,0.0005777192463238651
20673,21403,0.0006591279935409231
20673,21404,0.0014369437529239803
20915,21402,0.0034216837952839984
20915,21160,7.610130667716593e-05
20915,21403,0.00011617442845800564
20915,21404,0.00019116493482527198
20915,21646,0.00010828973936346728
20915,21895,0.002694234819514918
20915,22627,0.005749797008488144
20916,21159,0.055739661965344564
20916,21160,0.43086682224766004
20916,21161,0.03212793860370766
20916,21403,0.0012505464839901751
20916,21404,0.0099451274300975
21151,21402,9.844268368306658e-05
21151,21628,0.00012406763716381436
21151,22133,0.00011155999061721117
21151,21638,0.0010983687115610078
21151,22368,0.0003448047315876973
21159,21160,0.49889141011273996
21159,21161,0.005352651880915005
21159,21403,0.12720858483789418
21159,21404,0.21115682319764573
21159,21890,0.0005389570578699932
21160,21402,6.773437217606652e-05
21160,21403,0.19065367092940114
21160,21404,0.3343490729633428
21160,21161,0.009911151230517104
21160,21890,0.0003833640415787333
21161,21403,0.001215348371831896
21161,21404,0.0013336391200795717
21161,21894,0.0003288198413290422
21402,21403,0.06958075498368368
21402,21646,0.07301601270308647
21402,21890,0.0048664051543096006
21402,22133,0.00011126339672450235
21402,21404,0.00025078300650420714
21403,21646,0.08482961312864996
21403,21890,0.0012260057875333916
21403,22377,0.0001008874397350403
21403,21404,0.5795572757970404
21403,21894,0.0001681918819033275
21403,22376,0.0007655412846236377
21403,22871,0.00015105674345206868
21404,21894,0.00011170228893864765
21404,21890,0.00010740836462446169
21628,26516,0.00043782489322552465
21638,21881,0.5755880316457095
21638,22368,0.0002527156611904502
21638,22863,0.0002817378911831011
21646,21890,0.1724133930578747
21646,22133,0.0016830951628132123
21646,22377,0.0021259852615382138
21646,22135,0.018295657594463027
21881,22368,0.0005053189810964101
21890,22377,0.0020902589030811214
21890,22133,0.0016241620971413795
21894,22627,0.0003177566541125998
21894,22864,0.0006150888198064308
21894,23109,0.005151284594326455
21895,22627,0.19823937118053436
22136,22626,0.007274316623806953
22136,22376,0.0005671983453794383
22136,22377,0.014646160627307836
22136,22871,0.002244568777678069
22138,22627,0.0035471331913186077
22368,24320,0.0011114328171520941
22368,24807,9.990482120988038e-05
22368,25056,0.0014212181558832526
22376,22377,0.07121476514112146
22376,22620,0.0009878427954390645
22376,22863,0.3684676664835772
22376,22871,0.006675747218187378
22620,22864,0.0035198975073171823
22620,22863,0.001345696289676694
22626,22871,0.03218545259107301
22626,22627,0.00025433583650738003
22626,23848,2.196104067565902e-05
22627,23360,0.006941459922225423
22627,23605,0.0008805526168316647
22627,23617,0.016610886817127597
22627,23848,0.0051277646468601105
22627,24092,0.0006687316395464608
22627,24335,0.00016266108670200414
22627,24336,0.000491137008327008
22627,24579,5.967550247889777e-05
22627,24823,5.090240189081979e-05
22863,23838,0.0008419431021762224
22863,23107,0.0019059593751561158
22863,22864,0.1399263226563161
22863,23109,0.008053739449985513
22864,23109,0.43292645768572885
22871,23848,9.121032732108602e-05
22871,24092,2.863692197726888e-05
22886,23377,0.0037812661892530743
22886,23130,0.20112279125828536
22886,23131,0.011537550159300736
22886,23619,0.002581777731393231
23107,23838,0.00011708981178849677
23130,23131,0.03529355674982071
23351,23595,0.002148279221728444
23351,23839,0.04872162267565727
23360,23605,0.32770122917945094
23360,23848,0.18636735513626046
23360,23849,9.646886984923826e-05
23360,24092,0.0014953058371218548
23360,24335,0.0005108688862899106
23360,24336,0.00019976525229161118
23360,26022,0.0012404379567134824
23360,27987,6.763227955947929e-05
23360,24579,3.101029213329291e-05
23360,24823,2.9745906570269213e-05
23371,23617,0.00625518355324554
23371,23848,1.373218957589103e-05
23376,23377,0.0029655233956873417
23376,23623,0.0015700906903172533
23377,23617,0.001006243413712582
23377,23618,0.0011601770529523492
23377,23619,0.03361586108803749
23377,23863,0.009196070954203606
23377,23864,0.00424311690342923
23595,23839,0.007579569239169359
23595,24320,0.0002267833838737311
23605,23848,0.17387189929915636
23605,23849,0.09553394607064547
23605,24092,0.001382318968607796
23605,24335,0.00023662423197949651
23605,24823,0.00019261448979769404
23605,24336,0.0001103540756903747
23605,24579,1.958967084148e-05
23617,23618,0.0010188088295990383
23617,23619,0.00888381051890974
23617,23863,0.0038989045931430155
23617,23864,0.0007999832306069266
23618,23619,0.02050730772316456
23618,23864,0.0029067964291868975
23619,23622,0.0013072798465145752
23619,23863,0.9857048988342285
23619,23864,0.010142001080870006
23619,24108,0.006270099207540625
23622,23864,0.0004100649312022142
23622,24108,0.0004859008762044444
23622,24109,0.001068645273335278
23623,24108,0.0013739276972728476
23838,24320,0.001323382309269698
23838,26059,0.00022209231818395538
23839,25543,0.0016438676680081699
23848,23849,0.0004728634481930878
23848,24092,0.21864884653353153
23848,24335,0.009608899248322823
23848,24336,0.0246456054953687
23848,24579,0.0021211781644468295
23848,24581,0.0009603820833878199
23848,24823,0.0075410772935004
23848,24825,4.365707601286283e-05
23848,25310,0.0001638631292800564
23848,25800,3.697767923143377e-05
23848,26022,0.0001544317550592879
23848,27987,0.00014674986108982735
23848,24098,2.3470248330708685e-05
23848,25554,0.0006029547251726053
23849,24579,0.0010295275214957655
23849,24823,0.0027574490586772527
23849,24092,4.7897005215246575e-05
23863,23864,0.9943436422763625
23863,24108,0.006637023913754092
23864,24108,0.05357076527585984
24092,24335,0.27461630175868157
24092,24336,0.20039423484219687
24092,24579,0.02212106941509469
24092,24581,0.0018231068540238348
24092,24823,0.0025310686174315226
24092,24825,0.00011307359069019614
24092,25066,3.2595203299693685e-05
24092,25310,0.00023851088066407646
24092,25554,5.604714135428504e-05
24092,25800,6.0416204384105274e-05
24092,26022,0.00014362464623085338
24092,27987,0.00010808924757940803
24098,24099,0.006787762700619204
24098,24823,2.6577212759267706e-05
24098,40449,0.007187291988902795
24098,40692,0.002672856507629051
24108,24109,0.0023304658043343807
24108,27281,0.00024382079540836394
24320,24563,0.02991601417158745
24320,25299,0.0011821100727679044
24320,26030,3.4586954598125885e-05
24320,24807,0.00010393393067822846
24320,26029,7.795404908912571e-05
24335,24823,0.01541624620740117
24335,25310,0.0019385361031501675
24335,24336,0.31592203896960275
24335,24579,0.0746653150862717
24335,24581,0.012045916352686177
24335,24825,0.00023622929294028246
24335,25066,0.0018882981321826867
24335,25554,0.00011230102565949906
24335,25800,7.38002890169877e-05
24335,26022,7.621418281689574e-05
24335,27987,6.0084077881775684e-05
24336,24823,0.054063419124619
24336,25310,0.001736010280921235
24336,24579,0.09013568873520157
24336,24581,0.07762792531569662
24336,24825,0.0008284240134438884
24336,25066,0.0013063587310901445
24336,25069,0.0004801630872768951
24336,25554,0.0020710555884729622
24336,25800,0.0001277051569559262
24336,26022,7.51037690337834e-05
24336,27987,5.508494100709325e-05
24336,24582,0.00040348371174296166
24563,25050,0.00029997337802948704
24563,24807,0.4129643966358169
24579,24581,0.10998275218514243
24579,24823,0.21956226214961616
24579,24825,0.021823848312562347
24579,25066,0.004579651664903184
24579,25310,0.002120627178495385
24579,25554,0.0008107734190869249
24579,25800,0.0001990333765678332
24579,26022,5.8524887680067436e-05
24579,27987,5.062266060603142e-05
24579,25069,4.5891620981695656e-05
24581,24823,0.31323804108104497
24581,24825,0.03499112008648808
24581,25066,0.002714643888793944
24581,25310,0.0025158928762011312
24581,25554,0.0013164147167117335
24581,25800,0.00026159893059229944
24582,24825,0.15054119883340414
24582,25069,0.38903943950379966
24807,25050,0.005008998899186791
24807,25299,0.000511504436167055
24823,25310,0.14271507818883505
24823,24825,0.028585996315629445
24823,25066,0.3598411955524592
24823,25069,0.0006119443766574483
24823,25554,0.03374537845795743
24823,25800,0.0016182348993590329
24823,26022,0.00014244487033820974
24823,27987,0.00012383116154315825
24823,27259,2.3688229801295662e-05
24823,26772,3.1173372736826756e-05
24825,25800,0.000344893222063547
24825,25069,0.12829435462091876
24825,25066,0.0003581810279115416
24825,25310,0.00023163859333712771
24868,24869,0.9032130241394043
24868,25355,0.0026057084905914962
24869,25355,0.0016864672652445734
24911,26135,0.037949856370687485
25050,26029,9.104640652140006e-05
25056,25299,0.004508754762355238
25057,25543,0.001137970788477105
25057,25546,0.20606826257426292
25066,25310,0.4773675828309515
25066,25554,0.01161435204121517
25066,25800,0.001914044434670359
25069,25553,0.0009735496714711189
25069,25800,0.00026583834551274776
25167,25655,0.001990450778976083
25172,25655,0.0012718845391646028
25192,25680,0.0015486031188629568
25192,25681,0.0011589966306928545
25299,25553,0.0011159649584442377
25299,26029,0.0635988262117818
25299,26030,0.0010088574402592105
25299,25543,0.0013009205334431802
25300,25310,0.0032921400852501392
25300,26033,0.007318152114748955
25300,25543,0.002513926893395061
25310,25554,0.31912110595621834
25310,25800,0.010422327110843201
25310,26022,0.00010116519744940433
25310,27987,0.0001237603070260823
25310,26772,8.890893254179641e-05
25355,25593,0.041105080395936966
25355,25598,0.01611946104094386
25355,25599,0.001803617982659489
25543,25546,0.004908492715215592
25547,25790,0.003335352288559079
25554,25800,0.04346385784447193
25680,25681,0.03151985630393028
25680,27635,0.006096092343796045
25681,26169,0.00111639522947371
25844,26333,0.002432571307508624
25880,37375,9.298107494638922e-05
25925,26169,0.0049261245876550674
26022,26516,0.0013298133077720802
26022,26759,0.0015819881541224627
26022,27246,0.00039483810057087493
26022,27987,0.001107884260515372
26029,26030,0.00031132109434111043
26029,26516,0.003116432726206246
26029,26759,0.00033596336188067977
26030,27250,0.00019082680879970818
26059,26792,0.014645448885858059
26135,26378,0.016936195897869766
26135,26621,0.18001070618629456
26169,27146,0.0015979659766611753
26264,26265,0.0008945451748634999
26264,30905,0.0010396388825029135
26264,31149,0.000362106029082757
26265,27732,0.0008163852288210668
26265,26508,0.30915824928736885
26265,26516,0.0015903616141865011
26378,26621,0.6401934602763504
26413,26658,0.0012103761546313763
26413,26902,0.012144174896093318
26414,26902,0.0003922353377371716
26508,27240,0.0012222835516045702
26508,27246,6.130957612120775e-05
26516,26775,0.0008127928401033083
26516,27250,0.0007913599492816887
26516,26759,0.008449553652593028
26516,27246,9.98358078244824e-05
26517,27007,0.003031675354577601
26517,27250,0.0012059872039629788
26517,26764,0.0276807233188135
26548,27037,0.09221413964405656
26548,26792,0.013381357304751873
26621,28575,0.001417451044289919
26658,26902,0.005200460490110951
26759,27247,0.00010755575759993427
26759,27489,0.00023865406011164698
26759,27246,0.003668668380124239
26760,27250,0.00041872043705855805
26764,27007,0.0015043392444827727
26764,27259,0.00020062533907808496
26764,26772,0.0001695246971524154
26772,27259,0.01784566044807434
26792,27281,0.001292252598353985
26792,27037,0.10384605568833649
26902,27146,0.006613269018041971
26902,27147,0.0030859308317303658
27007,27247,0.0013338642893359065
27008,27251,0.0044597238302230835
27037,27281,0.0005807879227047254
27037,27524,0.002685902072698809
27037,30464,0.0003921270522255327
27067,27556,0.004908763130515581
27146,28367,0.00022215129835482608
27146,27147,0.012066700565355859
27146,27391,0.021001206261644256
27146,27635,0.0028620594831165747
27147,27391,0.002659496385604143
27147,27635,0.00047070120369122986
27240,27483,0.004509191379578884
27240,30882,0.0002850575552768447
27246,27247,0.000290121508398789
27246,27489,0.0007664298853743265
27246,28450,5.712981423823207e-05
27247,27489,0.0005365032286915396
27247,27494,0.0011092572749475949
27247,27726,0.0010162086308696417
27250,27251,0.002755487184439645
27250,27494,0.00017038668730110472
27251,27494,0.011456232495362428
27251,28219,0.0005118133941435232
27259,27984,0.0348123162984848
27281,27524,1.0636976461224195
27483,27726,0.0022781945107410717
27483,28456,0.0007961459055010545
27483,28705,0.001128900214098394
27483,27727,0.0008437815898408493
27489,27732,0.00023291130180171291
27494,28226,0.001790620718818997
27494,28227,0.0002952812610843199
27494,30157,1.372713099840569e-05
27494,30397,0.00012070800380163136
27494,30398,6.181834820414391e-05
27494,30399,2.419500898179171e-05
27494,30640,2.7286101426167035e-05
27494,30641,0.00010067191250270317
27494,30883,6.914341477155225e-05
27494,30884,1.4981574038486771e-05
27494,31132,6.235437645864848e-05
27556,27801,0.0008265517753898166
27635,27879,0.0024006401072256267
27726,27727,0.004637976927880712
27726,28455,7.581902811235608e-05
27726,28456,0.10644624102476057
27726,28699,0.0001139728087868609
27727,28456,0.000986325540602532
27727,29672,0.00025470552118278533
27727,27732,0.001393757183298779
27727,28955,0.0003644245540878425
27727,29190,0.0004419267506818869
27727,28699,9.144761131098707e-05
27732,28219,0.0002514104562578723
27732,28955,0.006670976523309946
27742,27985,0.03719885740429163
27742,27987,0.023937739509468276
27879,28367,0.004529270030009987
27879,28123,0.00041735223445963737
27883,31051,0.0016577937186736946
27964,27965,0.03215104341506958
27964,27966,0.03913156308863108
27964,28456,9.482384995719353e-05
27965,27966,0.24817193585691655
27966,29921,0.0011250735167500636
27966,28456,0.0005001767294063333
27966,28698,0.0005687904683888412
27966,28699,8.667484811981496e-05
27985,27987,0.028525424491249396
27987,29442,0.0025944594538032106
28070,28554,0.157299905293371
28070,28555,0.0016266207676380873
28070,28557,0.0009782620472833514
28070,29050,0.19998717965627294
28070,28807,0.10477913939818488
28079,28566,0.0022796892590122297
28079,28812,0.08100601958312836
28079,28324,0.004489756654947996
28081,29056,0.000767799106597522
28206,29176,0.059113935594751865
28206,30165,0.005698820576071739
28206,28456,0.0007584802316207634
28206,30902,0.0008641376043669879
28226,28227,0.36584899561852186
28226,31134,0.00014632290182290596
28320,28564,0.00623876645143658
28320,29285,0.0018505420981114185
28320,28807,0.3397607257279442
28324,28566,0.001187628622574266
28324,28325,0.03782565993606113
28325,28817,0.19767317398212186
28325,28573,0.0033627441007411107
28325,28812,0.004077437649944689
28325,28566,0.0021661489770394837
28325,28568,0.01152247772552073
28325,29056,0.001366949853760957
28325,29061,0.0009158580137409444
28325,29299,0.0037082814803236865
28325,29548,0.0008628114155726507
28325,33930,0.0009323345730081201
28367,28613,0.0018587713465763045
28450,28693,0.0025637480042253933
28455,28456,0.10619349901197016
28455,28699,0.5735522855803673
28456,28933,5.684121557458179e-05
28456,30165,0.0001929481636340681
28456,28699,0.10878026845398873
28456,29190,0.0001399788908728576
28456,30902,0.0014751806317998
28456,31149,2.841292050018548e-05
28456,31392,0.0002609726705512206
28554,28555,0.018039150163531303
28554,28807,0.00984990170582023
28554,29041,0.04127712920308113
28554,29050,0.06302757414512143
28555,29050,0.0005242226645350457
28557,28810,0.01030520495487508
28557,29050,0.0019438552000792698
28557,29295,0.002261862624436617
28564,28566,0.1168029224631179
28564,28809,0.0829455226336601
28564,28810,0.17880778764551528
28564,28807,0.005059796982701907
28566,29056,0.000403707793338981
28566,33439,0.00043825971079058945
28566,28809,0.0016025276827917878
28566,28807,0.08994815996356327
28566,28810,0.187430021066686
28568,28812,0.3678608553794523
28573,28817,0.005112216294764949
28575,28817,0.015413935916967603
28575,29061,0.003913427042160578
28575,28818,0.0033698296174407005
28613,29100,0.008582428097724915
28693,28699,0.0004162100069606822
28693,29419,0.00018521074823429266
28693,29913,0.00028471997664612526
28693,30157,1.1465945120587213e-05
28693,30641,4.28094749890462e-06
28698,28699,0.005628847598442613
28699,29190,0.000538592175659384
28699,29429,4.456142348014206e-05
28699,28942,0.00013542051128752065
28712,29442,0.0006227411795407534
28807,28809,0.0015753790400291716
28807,29050,0.9271337214734976
28807,29294,0.011639353508750597
28807,29299,0.01470429731167163
28807,28810,0.17499817144075233
28809,28810,0.000907228108144409
28809,29299,0.003247074702054912
28809,29787,0.0007573017537652049
28809,29050,0.0027796773586601375
28809,29294,0.13134616066781746
28810,29056,0.10671113721458596
28810,29299,0.01149891729777058
28810,29295,0.0013955957334701452
28810,30035,0.0007170701001797397
28812,28817,0.18090797914839904
28812,29061,0.0012961320775488616
28812,29056,0.0029182601974753197
28817,29299,0.15684497356414795
28817,29792,0.00033185843303158437
28817,29061,0.16211724593438817
28818,29062,0.02427256666123867
28933,29177,0.08392664250785176
28933,29418,0.0007804170600138605
28933,29175,0.001140785947264078
28933,29176,0.0012036316272470426
28933,28934,0.0003151029571132706
28933,28935,0.0002026857910095714
28933,33794,0.0012366047299151213
28933,30157,4.3284173073714995e-05
28933,30397,1.4359550366654725e-05
28933,30641,6.95557131435446e-06
28933,30882,1.958883641148675e-05
28933,31612,0.0017610694745494697
28934,28935,0.013689683750271797
28934,29176,0.026615759823471308
28934,29177,0.0017490477775368163
28934,30157,1.4570680725458701e-05
28934,30398,1.090976476355412e-05
28934,30399,1.0213958737039628e-05
28934,30641,1.019632961688724e-05
28935,29177,0.00023484890152758453
28935,30157,1.1485460742174527e-05
28935,30398,9.443974181921108e-06
28935,30399,8.978193460786658e-06
28935,30641,8.865058668358743e-06
28935,30890,8.19770222313729e-05
28942,30157,3.1068550304177926e-05
28955,30465,0.0012052151141688228
28955,29442,0.002716285496717319
28993,29239,0.018529440012571285
29041,29285,0.004858536180108786
29042,29779,0.001389184340951033
29042,29529,0.004200526513159275
29050,29294,0.05995220467448235
29050,29295,0.00023980691112228668
29050,29299,0.024733117385545712
29056,29299,0.0023617723327333806
29056,30035,0.0002747658440966916
29056,30037,0.0025737877003848553
29061,29548,0.9614323098220439
29062,30035,0.0005128767352289287
29062,30279,0.0035921343456948307
29062,30522,0.0010318683644072735
29084,29328,0.19975454289782987
29099,29344,0.9687042236328125
29100,29344,0.0014992260839790106
29157,29401,0.0033731596607140093
29175,29176,0.0013171915433966008
29175,29419,0.1577836981143085
29175,29177,0.002041868183737405
29175,30156,0.00035792637826435474
29175,30157,4.54596448021549e-05
29175,30397,9.066512452956689e-05
29175,30398,7.66652221956061e-05
29175,30399,9.223262996510316e-05
29175,30640,9.988296079150903e-05
29175,30641,0.00010069058755363397
29175,30880,0.00017125431800444816
29175,30882,3.305218981566001e-05
29175,30883,6.877186128570315e-05
29175,30884,2.8350160195064528e-05
29175,31123,0.00023714345195462465
29175,31125,0.00010415966478321294
29175,31132,1.9519250625269108e-05
29175,31368,9.155156211045626e-05
29176,29177,0.04134444535912536
29176,29419,0.0011075315325377653
29176,30156,1.6513477581437494e-05
29176,30157,8.749591677028617e-06
29176,30397,2.1242871638389603e-05
29176,30398,1.932863352001397e-05
29176,30399,1.184603782155032e-05
29176,30640,1.2357864716480214e-05
29176,30641,1.946712448747525e-05
29177,30397,0.001447443000701884
29177,30880,0.00013734171084910587
29177,30399,0.0005794114744538432
29177,30884,0.00029757126077315866
29177,29429,0.0002399638767712986
29177,30155,0.001891992901684264
29177,31123,0.00010504621586794269
29177,29419,0.00011992411041488866
29177,30156,0.00011483972871065122
29177,30157,0.0002217350506104474
29177,30398,0.0009365031000690873
29177,30640,0.00030660477493146495
29177,30641,0.0008328645023014562
29177,30882,0.00011148196461411863
29177,30883,0.0001538448367229031
29177,30890,0.0001652483077038734
29177,31132,0.00019310009128923765
29190,29671,0.0026482828638620505
29190,30172,0.0023018800854515574
29190,30399,6.006861164619084e-06
29190,30407,0.001888300766950124
29239,29485,0.12557029092378716
29294,29295,0.0014120443956926465
29294,29537,0.0029215975664556026
29294,29299,0.0003354107417787115
29295,29540,0.9981650114059448
29295,30035,0.001104246224713279
29295,29784,0.0006401500819871823
29401,32333,0.0003032139937515055
29418,29419,0.00016606171098269092
29418,29661,0.005135570652782917
29418,30879,0.00013906405715715663
29419,30148,0.00024950046547299
29428,29914,0.0010845533106476068
29428,29670,0.07083488255739212
29429,30156,9.478693157368124e-05
29429,30157,0.00029721875468290577
29429,30397,3.780200134288222e-05
29429,30398,7.433044178022803e-05
29429,30399,0.00015762434870582873
29429,30640,2.35095565553051e-05
29429,30641,6.447607018277391e-05
29429,30883,2.518268369814368e-05
29429,30884,1.5646221874595298e-05
29429,30890,7.909458508947864e-05
29429,31122,0.00038790144002159854
29429,31132,5.2238328549947255e-05
29442,29930,0.0006738378433510661
29442,30157,1.5256481876533175e-05
29444,31149,2.5619557894580275e-05
29444,38977,0.0004089092093029952
29485,29729,0.0003728238865114502
29485,29728,0.005267008445116517
29548,30542,0.08592965225398075
29548,29549,0.001402395442710258
29549,29792,0.31995251774787903
29549,29793,0.9764567613601685
29587,29831,0.011249775831875771
29587,30319,0.0006406790959327205
29661,30876,0.0006859774439362809
29661,31119,0.0002500103395764849
29661,31123,0.0009135197423347563
29661,31365,0.0006806317725628711
29661,31366,0.0012824284572429058
29661,31368,0.00044591162282892543
29661,31608,0.0011527091201175227
29661,31609,0.0006820617168809154
29661,31610,0.0004892671160632745
29661,31611,0.0015655012898302327
29661,31851,0.00027809787595821226
29661,31852,0.00016203515860979678
29670,29913,0.003568203343878519
29670,29914,0.010486536659300327
29671,29672,0.016291306227988873
29671,30156,1.4875781684007534e-05
29671,30157,4.3585830528962305e-05
29671,30399,6.41483595681628e-05
29672,29913,0.00014702730897459497
29672,30156,2.9431696622636725e-05
29672,30157,9.969270189149804e-05
29672,30399,1.830867048846678e-05
29672,30641,7.745070187425892e-06
29672,30648,0.0005404309547429875
29678,30165,0.07860798171410958
29678,30388,0.0034932128619402647
29678,30902,0.00048073759777859476
29678,31145,0.0012585712829604745
29687,29930,0.050627151504158974
29728,29729,0.00025916131198755465
29728,30463,0.00015401260092013608
29728,30464,0.00029086070862831547
29729,29973,0.01370542239230114
29729,30463,0.00021161069711439495
29784,30519,0.003757983807796942
29784,29787,0.07541534613665135
29784,30027,0.0005984146700939164
29792,29793,0.6801196481101215
29831,29832,0.0018731263323085539
29831,30319,0.0003890201587637421
29831,30075,0.001147953502368182
29831,31051,0.0006113078943693987
29832,30319,0.005749949187854024
29832,29833,0.02555615697381815
29832,30321,0.0021142029436305165
29833,30563,0.0005151169418269319
29833,31051,0.0011132015381842112
29905,30148,0.0006330152100417763
29905,30636,0.0002810889167449204
29905,30640,1.1954533553815803e-05
29913,30157,0.0014144231854580505
29913,29914,0.005237176371834225
29913,30156,0.019746529440388592
29913,30650,0.00013725660354876626
29913,30397,5.722067041846306e-05
29913,30398,0.0001252417149591641
29913,30399,0.00019553942671924392
29913,30640,2.021794576454722e-05
29913,30641,0.0002583315005052062
29913,30883,1.4777932863590255e-05
29913,30884,1.2975032470415432e-05
29913,30890,7.610364314394665e-05
29913,31123,1.8096580572516587e-05
29913,31125,2.6803943881457136e-05
29913,31132,3.06807407229333e-05
29913,32352,0.00046863597968177723
29921,31149,3.791350739642699e-05
29930,30419,0.0011578610865399241
29973,30463,0.001694856696404616
29973,32170,0.0011664584411125326
30027,30270,0.9914185404777527
30035,30279,0.044504788958704466
30035,30522,0.4997898135390031
30035,35895,0.0005150510926217322
30059,30542,0.0026367904456492397
30075,30319,0.010051349197359135
30145,30388,0.035529494285583496
30145,31122,0.00012003444537566493
30148,30636,0.01171858034345874
30148,31122,9.666906950656085e-05
30148,31125,7.47555005537014e-05
30155,30156,0.001251901631142682
30155,30397,0.008007610635043705
30155,30398,0.020547725412251038
30155,30399,0.0799908133578761
30155,30890,0.0006929414328423947
30155,30157,0.00029592423921448067
30155,30640,0.000413317211386697
30155,30641,0.0015023988237596105
30155,30882,3.5302024024916546e-05
30155,30883,0.0001291647518031099
30155,30884,0.0001032899960683606
30155,31132,0.0005328903934971005
30156,30399,0.12079579023396583
30156,31125,1.7796809820852636e-05
30156,31133,4.4509738962342066e-05
30156,30157,0.2730688675595891
30156,30397,0.0006390248467357659
30156,30398,0.0028601397257343075
30156,30640,0.00019331729006532048
30156,30641,0.0007737509257687456
30156,30648,0.0014400093422850928
30156,30882,2.3222763993406196e-05
30156,30883,6.772592705308119e-05
30156,30884,0.00015008590601873285
30156,30890,0.016998808394066724
30156,31132,0.001497748536099988
30156,31369,0.0001211580863574909
30156,32103,6.444355184702785e-05
30156,32112,0.00022519840169658612
30156,32352,0.0008842671605626861
30156,33331,1.6373177110797515e-05
30156,36017,0.0001246780192608011
30156,30891,0.0005767215824134302
30156,31119,0.00021426868258199338
30157,30397,0.0006642683417876674
30157,30641,0.0011021814984522682
30157,30648,0.001275444271925167
30157,30880,5.766956868472251e-05
30157,30884,0.00015269732285428238
30157,31123,3.041005294214965e-05
30157,31125,3.589928143957661e-05
30157,31126,7.47500839729158e-05
30157,31132,0.001445653131631143
30157,31134,3.261960290797773e-05
30157,31376,8.935396047670725e-06
30157,31851,0.0004081397552617897
30157,32103,8.491031691235538e-05
30157,32352,3.778992251644089e-05
30157,30399,0.04728073025611916
30157,30640,0.00020384457476585937
30157,30882,5.8854905499748726e-05
30157,31133,5.5432247377549286e-05
30157,31374,0.00019575242364055825
30157,31860,1.3987130802008302e-05
30157,30398,0.0017489119590902108
30157,30883,0.0001256093565755133
30157,30890,0.1428060462609191
30157,31369,5.501730343907244e-05
30157,32112,0.00041167295822506204
30157,33331,0.0002129562671601886
30157,36017,0.00013781193946032924
30157,41146,1.0353763653399758e-05
30157,30407,8.51152006938465e-06
30157,30891,0.0015302323249494476
30157,31617,1.5366928061416553e-05
30157,32594,3.647457342180654e-05
30165,31145,0.0011566007742658257
30165,30902,0.010984167456626892
30165,31871,0.0003823041273183965
30172,30415,0.08370343968272209
30172,31392,0.0004505252923650005
30257,30744,0.0014441861821978819
30257,33184,0.0007183708366937935
30279,35895,0.0005774409510195255
30279,30522,0.9044035993720172
30319,30563,0.005765894718327521
30319,31053,0.00040447408385565115
30319,34463,0.0013347155100113216
30319,30321,0.0010089717306224581
30319,31051,0.0019694347541493093
30319,31295,0.0003897896685884916
30321,31045,0.000675238436087966
30388,31122,5.013828558730893e-05
30391,30879,0.0023057440270349617
30391,32099,0.0018825512379407883
30391,30636,0.0009456897503696382
30391,30640,1.4458610541409785e-05
30391,30641,2.6791115553166965e-05
30391,30880,0.00034185099873723754
30391,30882,6.763927374847229e-05
30391,30883,4.4377088109266626e-05
30391,31122,0.0004195075858888231
30391,31123,0.00047479142248903374
30391,31125,0.00019360843697820138
30391,31126,3.5625821584182955e-05
30391,31368,8.238154604758007e-05
30397,30641,0.15040636507606145
30397,30648,0.00013055215436729171
30397,30880,0.0009930887325383313
30397,31123,4.753401004603907e-05
30397,31125,0.0002746883456934409
30397,31126,0.0003265661565920358
30397,31132,0.001234782893797354
30397,30399,0.006284299642145205
30397,30640,0.11640322308593372
30397,30882,0.001351880412850826
30397,30884,0.004338848639620181
30397,31374,0.0009857389344477495
30397,31860,9.994285628546087e-06
30397,32103,0.0002593989479329111
30397,30398,0.16290172055311408
30397,30883,0.0030257535792690667
30397,30890,0.0002665526944576412
30397,31369,0.00033144722283584175
30397,32112,0.00048820950859965927
30397,32352,2.762682739743776e-05
30397,33331,0.00020886124556618313
30397,36017,7.656923471605894e-05
30397,30891,3.188154379932883e-05
30397,31617,2.332666890246815e-05
30398,30399,0.19351016634085652
30398,30640,0.012382019396929013
30398,30641,0.2057640861241062
30398,30648,0.0002935076354173872
30398,30880,0.00034276897672670827
30398,30882,0.0006430920248249922
30398,30883,0.00201762151811197
30398,30884,0.007212144369023288
30398,30890,0.01403745934039959
30398,31122,5.5265006654027224e-05
30398,31123,2.1424038768345746e-05
30398,31125,0.00016462004970279508
30398,31126,0.00039955646742747495
30398,31132,0.01655777703754349
30398,31369,0.00027692744804520613
30398,31374,0.004413711290147991
30398,32103,0.0001583853454576456
30398,32112,0.00016543577260258165
30398,32352,5.9416029469396956e-05
30398,33331,0.00036004178354344553
30398,36017,7.849635808828712e-05
30398,30891,0.00010416313803592889
30398,31133,3.312224546941272e-05
30398,31376,9.621681549401329e-06
30398,31617,4.4439327381408935e-05
30398,31860,1.4535024106727066e-05
30399,30640,0.0023118596787977883
30399,30641,0.06614658898719132
30399,30648,0.0021821151007206737
30399,30880,0.0012095644769377118
30399,30882,0.00025253712942712196
30399,30883,0.0006788986783408049
30399,30884,0.0037832042155097343
30399,30890,0.3664167816523467
30399,31122,9.529266236792557e-06
30399,31123,1.816101024399117e-05
30399,31125,0.00014612782119694003
30399,31126,0.00021143937581568666
30399,31132,0.09974075023811284
30399,31365,1.9002629294000233e-05
30399,31368,0.00013084801832491822
30399,31369,0.00019981039035427532
30399,31374,0.0035624083279264286
30399,32103,0.0001201770956405929
30399,32112,0.00024770361892711794
30399,32352,6.731833491525661e-05
30399,33331,0.00024207861489060489
30399,36017,8.754518297111068e-05
30399,30891,0.000720046425113487
30399,31133,0.00011174280480590504
30399,31134,1.3265571430771866e-05
30399,31376,1.4133064280299625e-05
30399,31617,4.125251917272588e-05
30399,31860,1.2286731949802618e-05
30399,32104,6.637514433074905e-06
30399,33091,5.847238174759662e-06
30407,31133,0.00227876159684115
30408,30650,0.0009502900854556628
30415,31134,0.0019545163959264755
30415,30906,0.00030557897844119
30415,31149,0.001394046552117548
30463,31197,0.0015113837452612902
30463,30464,0.019351991281290587
30463,30703,0.0015051694926049614
30463,30949,0.0005160884751051396
30463,31193,0.00029033659512833765
30463,35577,0.0011078936074649143
30463,30705,0.06343006181675293
30464,30705,0.001055292971432209
30464,31197,0.0011207463481696322
30464,30949,0.002019939653386279
30464,32170,0.0008082365538152114
30519,30522,0.0012884800089523196
30522,35895,0.004371086601167917
30557,30801,0.5496920347213745
30557,31045,0.9989452958106995
30563,32265,0.0016343606307032132
30563,30807,0.0011571158829610795
30563,31051,0.0003177791272340376
30563,31611,8.10624005481884e-05
30636,30879,0.014749447624473775
30636,30880,0.2405773152164185
30636,30882,0.0002095696194048022
30636,31122,0.0013641993045614975
30636,31123,7.609657405204473e-05
30636,31365,4.255200875898322e-05
30636,31366,0.0001629702889853757
30636,31368,5.187207933676774e-05
30636,31608,4.575442636851837e-05
30636,31611,0.00011415229427929793
30636,32847,0.002795371584099371
30640,30880,0.0016762078744176965
30640,30882,0.01313675917843649
30640,31122,0.0003858966488431288
30640,31125,0.001326611699263661
30640,31126,0.0032532197562332643
30640,31133,9.854631881585695e-06
30640,31374,0.0010688769484721978
30640,31860,2.617628320636226e-05
30640,30641,0.22829936458879013
30640,30648,0.00014091773558136237
30640,30883,0.13606873297975283
30640,30884,0.17978856465680182
30640,30890,0.00033556868706895567
30640,31123,0.00025107216875850454
30640,31132,0.001983955863484028
30640,31362,0.0001541579990259677
30640,31368,4.105483062764972e-05
30640,31369,0.0005498651760239233
30640,31611,8.276925800014748e-06
30640,32103,0.00016980497095259498
30640,32112,6.406656720002538e-05
30640,32352,3.2961800538646466e-05
30640,33331,0.00015796901525930325
30640,36017,4.218432364791959e-05
30640,30891,2.654317621039247e-05
30640,31617,6.46519137235908e-05
30640,32099,8.183197026563207e-06
30641,30648,0.0003445365259721579
30641,30880,0.0008699713245618485
30641,31122,5.199819915997554e-05
30641,31123,0.00021136439804156918
30641,31125,0.0005527179573382296
30641,31126,0.0021276830448964516
30641,31132,0.07392871843525153
30641,31134,6.8354454388831814e-06
30641,31362,3.5603403417462065e-05
30641,31368,0.00014379783615219333
30641,31376,1.2253121717558615e-05
30641,31611,8.435433233835477e-06
30641,31861,9.248832744722392e-06
30641,32103,0.0003187420475305383
30641,32352,7.373727119750961e-05
30641,30882,0.001806165415484035
30641,30884,0.1418407470018655
30641,31133,4.375757538106271e-05
30641,31374,0.013221111828223022
30641,31860,3.083972969320223e-05
30641,33573,5.822964236996185e-06
30641,30883,0.013181790269171302
30641,30890,0.0008654246664971799
30641,31369,0.0006167107526577875
30641,32112,0.00021356791922194594
30641,33331,0.00040645739804290315
30641,36017,0.0005283106415250536
30641,30891,8.184717870234116e-05
30641,31617,0.00010141162103784815
30641,32099,9.454358885489846e-06
30641,32594,6.500950126268029e-06
30648,30649,0.0005994915263727307
30648,30890,0.0022996315970850723
30648,30891,0.006427234783586755
30648,30883,6.502128452621308e-05
30648,30884,3.9019701432998816e-05
30648,31132,0.0005073182379384469
30648,31374,0.00018768167225451698
30649,30880,0.0012842386849813154
30649,31366,0.00013433169746356136
30649,31608,1.317192610960912e-05
30650,30892,0.003488143440335989
30650,31871,0.001960452156708925
30650,32111,0.00032041827729209705
30703,30705,0.0027186344377696514
30705,30949,0.0028954683511983603
30705,31193,0.004101356396859046
30757,31244,0.9998237490653992
30770,31014,0.0004857489875575993
30801,31045,0.4499357044696808
30807,31051,0.0009196798385649648
30875,30876,0.0038959115627221763
30875,30879,0.00212533801468453
30875,30880,5.532787646170975e-05
30875,31119,0.001298755532064076
30875,31123,2.7079319379481604e-05
30875,31361,0.002001366353700481
30875,31362,0.0006957447767490521
30875,31365,0.0007686604224848755
30875,31366,0.00024003399887399557
30875,31605,0.00029848245503671933
30875,31608,0.0013940910288557128
30875,31609,0.00030531800543290695
30875,31610,7.408795354422182e-05
30875,31611,0.00010844208979203056
30875,31851,0.0002827891982852979
30876,30879,0.00042679447324638715
30876,31119,0.010181627256313205
30876,31122,0.005642471759804278
30876,31123,0.020924758634694177
30876,31365,0.014991403889061653
30876,31366,0.0032106508477462207
30876,31608,0.0045650588314631365
30876,31851,0.0007877129338726361
30876,30880,3.33496665832878e-05
30876,31368,0.00011475614767821595
30876,31609,0.0007590659321132469
30876,31610,0.0007868043347419492
30876,31611,0.0008748707813689786
30879,30880,0.18750279981868384
30879,31122,0.008176407831247411
30879,31123,0.11092667334634572
30879,31125,0.0014954676764271655
30879,31366,0.0006014172884277344
30879,31368,0.0009712785511870175
30879,31611,0.000779712241257353
30879,30882,3.251841759246816e-05
30879,31365,6.93657168022699e-05
30879,31608,5.750897815681743e-05
30880,30883,0.004145613637577866
30880,30884,0.0007022889066786073
30880,31122,0.0025952659891077326
30880,31123,0.21146539725273167
30880,31125,0.2580136187081772
30880,31126,0.004586043324832853
30880,31365,0.0003276090593987767
30880,31366,0.0008035990123086401
30880,31368,0.01520104947621631
30880,31610,7.853146251911411e-05
30880,31611,0.002141079091690684
30880,32103,0.0004208915471808109
30880,32352,4.955066103164288e-05
30880,30882,0.01064715290722691
30880,31860,3.076210901005705e-05
30880,31369,0.0023425795196533165
30880,32112,6.475536130778892e-05
30880,36017,4.6378347322886654e-05
30880,31617,2.0271039304299276e-05
30880,32099,7.710690715389229e-05
30880,31132,0.0002639457036126936
30880,31608,8.100662498153784e-05
30880,31851,3.511283252582859e-05
30882,31122,0.003498261350004095
30882,31125,0.06679690936628184
30882,31126,0.026741696715655697
30882,31374,0.0003779327207420047
30882,31610,4.842790083286603e-05
30882,31860,3.388524790072832e-05
30882,30883,0.18376788894849805
30882,30884,0.005358192833439707
30882,31123,0.00190261554632177
30882,31132,0.0002547707244122946
30882,31362,0.00014589456669584095
30882,31368,0.0008138621987111125
30882,31369,0.004051786743499856
30882,31611,2.684071054272528e-05
30882,32103,0.00019565034243057127
30882,32112,3.059689769034325e-05
30882,33331,6.507918528246666e-05
30882,36017,3.0167416959159254e-05
30882,31617,3.683148976891131e-05
30882,32099,1.9419658870517127e-05
30882,33554,2.248749634284982e-05
30883,30884,0.17308096694566055
30883,31122,0.0020828054414899033
30883,31123,0.001646410867483784
30883,31125,0.024832735556404726
30883,31126,0.05311509419811688
30883,31132,0.0007489072732084247
30883,31362,0.004817912842865928
30883,31368,0.00041708148434773556
30883,31610,1.3844403004782306e-05
30883,31611,4.697144297147972e-05
30883,31861,1.10734377846924e-05
30883,32103,0.0005330341103010768
30883,32352,6.515606459554998e-05
30883,31374,0.0010216117857423863
30883,31860,9.257387257137336e-05
30883,30890,2.9350859651365587e-05
30883,31369,0.0032266688135116697
30883,32112,7.955797234545907e-05
30883,33331,0.00028007450091341134
30883,36017,6.40122246697944e-05
30883,30891,1.9471383875848586e-05
30883,31617,0.0001597365580505055
30883,32099,4.0622398730187965e-05
30884,31122,0.00011696456954197672
30884,31123,0.0003027274491998988
30884,31125,0.0011602428620355214
30884,31126,0.005767560151068841
30884,31132,0.004726197250151274
30884,31362,0.0004075695546341664
30884,31368,0.0008984289717564869
30884,32103,0.0002975196318648
30884,32352,4.46406235754904e-05
30884,31133,1.0913657456167531e-05
30884,31374,0.002598875526090486
30884,31860,4.421336026607272e-05
30884,30890,0.00027988953787261766
30884,31369,0.0006700563788430491
30884,32112,6.904861289385819e-05
30884,33331,0.00012192057470484602
30884,36017,4.197591799520983e-05
30884,30891,2.6707862478928158e-05
30884,31617,0.0001367490723719588
30890,31132,0.0013747595698592597
30890,31369,4.0021414825440154e-05
30890,31374,6.555677780922381e-05
30890,32112,0.0001301359007164557
30890,33331,0.00027279810372140043
30890,30891,0.05080280968104489
30890,31133,0.006816883935615441
30890,31134,0.00010274913201486085
30890,31376,0.00024418120357530337
30891,31132,0.0001296179819915685
30892,31134,0.0008781068931966729
30892,31149,4.8100936672718877e-05
30892,32112,0.001222758388848888
30902,31145,0.005289408843964338
30902,31149,7.271678280825913e-05
30902,31871,0.0004593182917460581
30905,30906,0.025711817006716348
30905,31149,0.10261884726618778
30905,31392,0.00497045973315835
30906,31149,0.20353463714509254
30906,31392,0.0017988890722712226
30906,32112,0.00025555831962265074
30906,31146,0.00018254586611874402
30949,31193,0.002779536291200202
30949,31197,0.0019151859551129746
31027,31271,0.0385119691491127
31045,31539,0.00021152626360769014
31045,31783,0.0022318765986710787
31051,31053,0.006128158652851805
31051,31289,0.035890695673970185
31051,31295,0.17922801932544416
31051,31539,0.0006634570027396572
31051,33487,0.0006669561577581362
31053,31539,0.0008177114441139111
31053,31295,0.00018019679173448823
31053,36664,0.0001984085895775145
31119,31122,0.001822145417773228
31119,31361,0.000809242509811278
31119,31362,0.030235729292392325
31119,31365,0.05638274232265971
31119,31366,0.0022657574383693627
31119,31605,0.0073957444214332434
31119,31608,0.31712792768061754
31119,31609,0.008746052790336573
31119,31851,0.007595784606107865
31119,31852,0.0015744222623391472
31119,31853,0.0002463031393874969
31119,32095,0.0017910555271031723
31119,31123,1.0858146613160692e-05
31119,32595,0.005828067729138584
31122,31123,0.099683356078395
31122,31125,0.004052738893156291
31122,31365,0.006786769535067799
31122,31366,0.03222227326154484
31122,31368,0.004449829728692869
31122,31608,0.007661503667932062
31122,31609,0.016601631732025876
31122,31610,0.0007202346691161766
31122,31611,0.00596028670750047
31122,31851,0.00012096276474800011
31122,31612,3.714417385936031e-05
31122,32099,0.00017317648392634055
31122,31126,0.0008391240445833586
31122,31362,0.0007303372144720015
31122,31852,0.0002279295955546286
31123,31125,0.04920064469310234
31123,31126,0.0013267285432588078
31123,31365,0.0014131908665053075
31123,31366,0.07052640220916424
31123,31368,0.17674444866724953
31123,31608,0.0005805125653575818
31123,31609,0.0008036045231091824
31123,31610,0.004849492310759904
31123,31611,0.08875175020314255
31123,31851,0.00011226160166767754
31123,31852,4.0073111721451725e-05
31123,32103,9.777335457466844e-05
31123,32352,0.00011470382752904463
31123,33554,1.5946175764935954e-05
31123,31612,0.0004288367224216927
31123,31860,3.872495630787398e-05
31123,33573,1.2620028227738173e-05
31123,31369,0.0020545498528108564
31123,32112,1.2818210285434617e-05
31123,36017,2.304714159258481e-05
31123,31617,2.5010567992751475e-05
31123,32099,0.00019236359722071939
31125,31126,0.08338908155860045
31125,31132,0.00010980789485977997
31125,31362,0.002342666453557394
31125,31365,4.2242645748859875e-05
31125,31366,4.657800893969904e-05
31125,31368,0.05330189822299604
31125,31610,0.0006247634919346476
31125,31611,0.0017524409625137368
31125,32103,0.0004615359675619512
31125,32352,0.00020851424606056535
31125,31860,7.889847336285823e-05
31125,31369,0.05898880045143666
31125,32112,7.496668445247903e-05
31125,36017,8.549527481901881e-05
31125,31617,4.431594386899336e-05
31125,32099,9.807342018017278e-05
31126,31132,0.00016785531976316165
31126,31362,0.0019493439628673565
31126,31374,6.510608740325477e-05
31126,31860,0.0001915134283428736
31126,32103,0.0002961123995105998
31126,31368,0.0011111783376903223
31126,31369,0.00765837258459447
31126,31611,0.00015469085859849625
31126,33331,2.9632861210473873e-05
31126,31617,0.0006575720539103713
31126,32099,3.777801006275267e-05
31126,31366,5.209289525770004e-05
31132,31134,0.005739777780520648
31132,31376,0.00145818743020775
31132,32103,0.00012358195321965907
31132,32352,0.00010564234665497662
31132,31133,0.0031488981225823607
31132,31374,0.1063189042590584
31132,31369,0.00025947237635323375
31132,32112,0.00018271195162283102
31132,33331,0.0002858822144587564
31132,36017,5.2513292509104303e-05
31132,41146,7.31808883047634e-05
31132,31617,6.864714394466249e-05
31132,32111,0.004211333223146003
31133,31134,0.0020735858766227793
31133,31374,0.00015247227583764115
31134,32111,0.713620976646697
31134,31376,0.0011884538327677774
31145,31388,0.001808486762456596
31145,31871,0.00042214330945474404
31146,31149,0.0018915824933044081
31146,31392,0.002201869906457432
31149,31392,0.05844328970715585
31149,32112,0.004704971241673255
31149,37196,2.067644545279888e-05
31197,31213,0.000679512879230515
31253,31497,0.0018800353282131255
31289,33487,0.00886829680690937
31289,31295,0.007666181353579304
31295,31539,0.02461660108893587
31295,32754,0.00011627075592777203
31295,33487,0.000782094906693942
31295,31783,0.0037382611265002197
31361,31605,0.017518196163912626
31361,35011,0.0021520803445002437
31361,32580,0.0009125499662635169
31361,31604,0.014289251327985161
31361,31362,0.0026819711985215378
31361,31365,0.00021976239707908554
31361,31366,9.046694662039138e-05
31361,31608,0.0009437065161693947
31361,31609,0.00020853464486998114
31361,31851,0.0013942931619391713
31361,31852,0.00020498908458899123
31361,32094,0.0010745969589081028
31361,32095,0.00022168108597244083
31362,31365,0.001736939088506991
31362,31605,0.0017747250885236099
31362,31608,0.24232328132751924
31362,31851,0.018371816930398223
31362,31852,0.020919234149346266
31362,32095,0.0006315853999154797
31362,31366,4.943208143759481e-05
31362,31609,0.0022280307648218567
31365,31366,0.03984298489151194
31365,31368,0.001697615241739071
31365,31605,0.0017129227400530431
31365,31608,0.2492915143137177
31365,31609,0.30900626367507267
31365,31610,0.00641861179978278
31365,31611,0.002935004061069412
31365,31851,0.005149968780687958
31365,31852,0.0023340253072499095
31365,31853,0.005719525459175164
31365,32094,5.083397622248261e-05
31365,32095,0.0016198257705632144
31365,33554,4.415181498144497e-05
31365,31612,5.049084889681884e-05
31365,32580,3.833323657905415e-05
31365,32099,2.8808611408711233e-05
31366,31368,0.052409097811179306
31366,31608,0.011153282110089417
31366,31609,0.037061956013150245
31366,31610,0.1513133255397275
31366,31611,0.2708870117535221
31366,31851,0.0008376789714884301
31366,31852,0.0010965575466986256
31366,31853,7.086205521075913e-05
31366,32095,0.0027267365199121502
31366,33554,0.0001572748269571675
31366,31612,0.0012590766498974785
31366,32346,4.209951860984267e-05
31366,32099,0.00013359133527046652
31366,31605,0.0002679133988965354
31368,31608,0.0008457187515034318
31368,31610,0.007773747459159966
31368,31611,0.25618252247838713
31368,31851,0.0003202755873137475
31368,31612,0.0008221551416563275
31368,31860,5.1910695402591e-05
31368,31369,0.00762137441099984
31368,32099,0.00013619844479683746
31368,31609,0.001489253831648371
31368,31852,0.00013516870813869565
31369,31611,0.0007000791214011315
31369,32103,0.0018308998939270775
31369,31374,0.0011145977915062286
31374,31860,0.0004257091237117753
31374,32103,0.00030168572824810065
31374,32112,0.00020600536891736607
31374,32352,0.0001498748208145376
31374,33331,0.000642494945801835
31374,31617,0.00027398200576759076
31376,32111,0.016904490803136916
31376,32353,0.0012873531474421422
31376,31871,0.007952133038694834
31388,31389,0.0020540071418508887
31389,32120,0.004212041085338569
31392,31634,0.0005181179412829806
31441,31687,0.0015488459030166268
31441,33873,0.03986986353993416
31497,31742,0.49994545280924285
31497,31983,0.004251068341545761
31497,32474,0.005006435595987568
31539,31783,0.42313029608051994
31605,31608,0.01813765432694964
31605,31851,0.34112785714917054
31605,31852,0.0015794720088706526
31605,32094,0.04808817364391871
31605,32095,0.012139554654794438
31605,33554,0.0007552754071156187
31605,32580,0.00026201400760328397
31605,31609,0.009304799168733422
31605,31853,0.0011908704170764395
31608,31609,0.2387453350312099
31608,31610,0.002752985494676146
31608,31611,0.0007207953079606662
31608,31851,0.14528513896843231
31608,31852,0.11553625477644787
31608,31853,0.027292878467830274
31608,32094,0.001929820859433778
31608,32095,0.007283013827065754
31608,33554,0.00013012160856344708
31608,34530,2.534587085818525e-05
31608,31612,6.105463113341056e-05
31608,32346,1.5319517514617934e-05
31608,32580,9.208524688456467e-05
31608,32099,0.0003159424431021163
31609,31610,0.01205307426612849
31609,31611,0.0008745551854084813
31609,31851,0.020770099391028907
31609,31852,0.05520974599782237
31609,31853,0.03678439025368009
31609,32095,0.0035223571773315143
31609,31612,0.00015390464873884672
31609,32099,0.00017491297330707312
31610,31611,0.04087124634925298
31610,31851,0.0006608651825483507
31610,31852,0.0007544409247574417
31610,32095,0.0006793038217087617
31610,31612,0.002291758633509744
31610,32099,0.001375577924773097
31611,31851,0.00028559901121871404
31611,31852,0.00037116046872445925
31611,31612,0.003221208357717842
31611,32099,0.00015983946298850544
31617,31861,0.06620772037422284
31617,31860,0.0011068598032579757
31631,31871,0.0013929303677286953
31631,32606,0.00023890518423286267
31632,31634,0.011001522652804852
31632,31876,0.01207738183438778
31678,31922,0.03263459471054375
31678,32170,0.0002715658440138213
31777,32515,0.001962943933904171
31777,32021,0.3332978524099512
31783,32515,0.0005555310699492111
31783,32754,0.0001563882268393562
31851,31852,0.07580439069192639
31851,31853,0.012773466367501238
31851,32094,0.1949773083284401
31851,32095,0.038207016125808846
31851,33554,0.000146580694483589
31851,33794,2.0485997191079874e-05
31851,34530,2.5171408839829884e-05
31851,32580,0.00015224670428794744
31851,32099,6.876567267525012e-05
31852,31853,0.023879330125055276
31852,32094,0.00013540415557145025
31852,32095,0.006179607202836581
31853,32095,0.004534270594376721
31860,32103,0.02154717423582042
31861,32112,0.0005726025286207914
31861,32352,0.0008324435423162413
31861,32104,0.015394301619380713
31870,31871,0.008456154231680557
31871,32111,0.0001171259063994512
31876,32120,0.002959443489089608
31876,32606,0.00017039451874249303
31876,32851,0.0037649949081242085
31946,32434,0.0049883215688169
31946,32923,0.0012109496165066957
31972,32946,0.0014049845049157739
32021,32515,0.006953117854815598
32021,32265,0.012908170053075688
32021,32754,0.0029963595075871907
32021,33487,0.000335821555381699
32021,32271,0.0016966993104385135
32021,32759,0.0014251925288893592
32021,32027,0.824865460395813
32021,33981,6.832215843980786e-05
32027,32271,0.6185550689697266
32027,32759,0.006560979876667261
32027,33981,0.003960748550822319
32027,32754,0.0007605363872633981
32029,33492,0.0020468693256852077
32090,32820,0.007436433807015419
32090,32333,0.007178988365922123
32090,32577,0.0015951984096318483
32090,33062,0.0007186173424997833
32094,32095,0.12824951322857356
32103,32112,0.0024299263022840023
32103,32346,1.1596957103029126
32103,32352,0.0016095658331922059
32104,32352,0.001073565190381487
32104,32836,0.0033200165489688516
32111,32353,0.0005123725557216228
32111,32112,0.00044810718477842433
32111,36485,9.500187547819048e-05
32112,36017,0.001073480766073942
32168,32170,0.0010090132700222298
32170,32412,0.00042725049424916504
32170,32413,0.04276236721634632
32170,32414,0.0014193619121215307
32265,32754,0.08470471192906968
32271,32515,0.0009744777344167233
32271,32754,0.1424338173185658
32271,32759,0.001486576519425853
32333,33792,0.0019814607221633196
32334,32823,0.4906391203403473
32334,32580,0.0028897684533149004
32352,32595,0.003366580193340951
32352,32836,0.000446828884378192
32352,32353,0.0012086301644984587
32412,32413,0.008304881863296032
32515,32754,0.05756050450219651
32515,32759,0.07722999124234775
32515,33487,0.00040178277240556783
32517,33737,0.007623194591382165
32576,32577,0.0014366324176080525
32576,32820,0.0012097364233341068
32577,32820,0.006632129196077585
32580,32823,0.0011011940659955144
32594,32595,0.014838792674709111
32595,32596,0.5375149385072291
32605,32606,0.012220428596871594
32605,32850,0.0025407589467552802
32605,33094,0.00353537080809474
32606,32850,0.14486668345921316
32606,32851,0.008864535523268083
32606,33094,0.013601197899940113
32606,33333,0.007281390329202016
32606,33091,0.00040631859527451297
32754,32759,0.00035117316539461693
32759,34928,0.001903850818052888
32819,33062,0.0005045999478170415
32820,33062,0.0017620720027480274
32847,33091,0.001278440925805313
32850,32851,0.008368858291457096
32850,33094,1.0097593770672877
32850,33572,0.00047637251118565134
32851,33094,0.0029900188092142344
32898,33142,0.0016456716693937778
32946,34163,0.0010714796371757984
33005,33249,0.051050668786251974
33005,33493,0.004042945831315592
33005,33737,0.00025694963578644093
33062,33305,0.0028259154787519947
33062,35007,0.00016259018655280974
33091,35531,0.00034158848711740575
33091,41349,0.0003815295913227601
33091,33330,0.0010565835843775833
33139,33873,0.0023360708728432655
33142,34848,0.0011007660068571568
33184,34650,0.516028450903832
33184,35624,0.004675662774268119
33184,34163,0.0021556481215156964
33249,33981,0.0005565484577343239
33249,33493,0.0011345392673365318
33329,33573,0.2205466461632115
33330,33573,0.33037339897890267
33331,33573,0.17990828519300095
33331,36017,0.0013195746578276157
33487,33981,0.001341871641645767
33487,33736,0.0010117300844285637
33487,34463,0.0001725299414049784
33493,33737,1.8927785306368605
33493,34219,0.010167537984671071
33493,33981,0.003028502230477681
33493,33736,0.0014467324600673237
33493,34225,8.062072551443375e-05
33548,34034,0.013499578519258648
33548,34523,0.0023678253946854966
33554,34530,0.006031854815470676
33572,33573,0.0008891683937388706
33736,33981,0.17318412910032635
33736,34714,0.000881875788763864
33736,34225,0.0006384051429960838
33737,34219,0.000247782477801195
33737,33981,0.0015736124009854149
33737,34225,0.000132725419555462
33794,34523,0.03345528745558113
33794,34530,0.001468966482207179
33794,36710,0.000678517347817495
33873,34603,0.002278740517795086
33981,34225,0.14776780979486856
33981,34469,0.0006458711214162681
33981,34957,7.55956497509184e-05
33981,36906,0.0001469548197552702
33981,34714,0.0005558359411224955
34034,34523,0.003852058544907777
34110,34353,0.006090041249990463
34110,34111,0.0020494081545621157
34110,34352,0.001943575742188841
34114,34116,0.25870537757873535
34114,34848,0.006022030021995306
34114,34603,0.1147107407450676
34116,34603,0.010856293141841888
34116,34848,0.00236157956533134
34163,34650,0.0032450141152366996
34219,34463,0.14382483451637731
34225,34469,0.11003035360596157
34225,34957,0.000573956600516121
34225,35445,0.0007987011948559584
34225,34713,0.0006136814229412133
34225,34714,0.00011882300116537538
34225,34463,0.000297109445218701
34225,34707,0.00027643632617251334
34225,35202,0.00034611547774332047
34351,34352,0.5136895588997561
34351,34353,0.000575627273065038
34351,34596,0.0009635038004489616
34352,34837,0.0026763989590108395
34352,35075,0.0028136157197877765
34352,34353,0.0061487199272960424
34352,34596,0.01450859708711505
34353,34848,0.0039005770813673735
34353,34596,0.002874211175367236
34439,37389,0.0019649466038285843
34439,37631,0.0008602228486001959
34463,34951,0.0005735001264513455
34463,34957,0.0033529542323224503
34463,34713,0.00018114554885479656
34463,34707,0.17010070381168915
34463,34469,0.08337799928690874
34463,36904,0.00014172567982862023
34469,34957,0.0016015201156319991
34469,34713,0.01007703875494729
34469,34707,0.002333080154588512
34469,34714,0.0002371664797919948
34523,35011,0.0009978093051662047
34523,35743,0.0031301492023203537
34523,36476,0.0002776089596115601
34593,34837,0.0029277594294399023
34595,34839,0.4057752878870815
34596,36063,0.0032928067849979925
34650,35624,0.13871873170137405
34657,34901,0.501559023745358
34657,35145,0.021590685471892357
34657,35388,0.006909770425409079
34707,34957,0.005912840934070118
34707,34713,0.0003326318459585309
34707,35201,0.00020188704998176378
34713,34957,0.002368949643710039
34713,35201,0.0015671183138822795
34714,35202,0.0012651075376197696
34714,35689,7.146247062040777e-05
34765,35007,0.0013931753589228417
34765,35011,0.0012421590508893132
34765,36720,0.008264545351266861
34837,35080,0.0014046988217160106
34838,35080,0.004990961402654648
34838,34839,0.07131128764012828
34838,35082,0.07401468604803085
34839,35082,0.020195455668726936
34877,34878,0.03996323421597481
34877,40449,0.0002778560696819946
34877,40693,7.558361643792264e-05
34901,35142,0.0006141884514363483
34901,35145,1.3452186286449432
34901,35388,0.08315756730735302
34901,35387,0.41511024672154484
34928,34929,0.003142161760479212
34951,34957,0.0005513513126790652
34951,35201,0.0009493440181367297
34951,35689,0.0004900098156475065
34951,36663,0.00011501286058866289
34951,36905,7.239627144584038e-05
34951,35445,0.00035907926324551913
34951,36664,0.0016648327359015107
34951,36904,0.00031649020873245146
34951,36907,0.0004583571534508946
34957,35201,0.06381165348978013
34957,35445,0.00035282398466813386
34957,35689,0.0001994167541600223
34957,36663,0.0003339007645193348
35007,35736,0.001148804180653921
35007,37687,0.00013443053254983775
35007,35494,0.00018805402199480645
35007,35737,0.00017829602332615954
35080,35082,0.0011820088839158416
35080,36058,0.0010883521754294634
35101,35589,0.007630768232047558
35142,35387,0.0027511308289831504
35145,35388,0.06382916867733002
35145,35387,0.0017810905218595963
35201,35445,0.001954016576164606
35201,36663,5.602691407621424e-05
35202,35689,0.0032618324500423273
35202,35445,0.05274634235599507
35202,37146,0.0002237770868328918
35330,36306,0.003533144248649478
35330,36059,0.004541436210274696
35330,36063,0.0023017297498881817
35381,35868,0.05451091751456261
35381,35624,0.001033379836144377
35387,35633,0.005146396812051535
35387,35388,0.0686639617633773
35388,35633,0.0018958341097459197
35445,35689,0.11670233611435651
35445,36664,5.2606591554058306e-05
35494,35499,0.00010662119966582395
35494,35737,0.009307138621807098
35495,35499,0.43656529516592857
35499,35743,0.00017815210248954826
35531,40887,4.457639416376548e-05
35531,41131,0.00022139859639638517
35531,41374,0.00013564636219484783
35565,35566,0.01701169041916728
35565,35808,0.12729782255250496
35566,35804,0.017535055056214333
35566,35808,0.00022230062111500755
35581,39725,0.0012989515603401003
35581,36069,0.0005071277246315731
35584,36069,0.4956030990108218
35589,36072,0.008395210839807987
35624,35875,0.010095150209963322
35624,36112,0.0012019100011002593
35624,35868,0.00038783601303293835
35689,36663,0.0023393720864443536
35689,36664,0.0014135144607459085
35689,37148,8.395473703120862e-05
35689,36905,7.031569247078798e-05
35689,38903,4.7537888067762715e-05
35689,36904,0.0005333351220414579
35689,36907,0.03005621690174146
35736,35737,0.007814294658601284
35743,36476,0.11175552044157182
35804,36292,1.0039614252746105
35804,36293,0.48501601815223694
35804,36300,0.0011353589361533523
35804,36294,0.0028196938801556826
35808,36051,0.00011891044399211144
35808,36055,0.0006108374728278755
35808,35809,0.0013907764740805659
35808,36786,0.0004875503392061849
35809,36051,0.00067828641840606
35988,36232,0.018138351278464273
36051,36052,0.48894356429809704
36051,36294,0.001961386076194079
36052,36294,0.0031264791723515373
36055,36300,0.0010483118749107234
36055,36543,0.002705922117456794
36055,36786,0.006619464140385389
36058,36294,0.28766846656799316
36058,36059,0.0010584192059468478
36058,36300,0.0008130195947160246
36059,36306,0.010817478643730283
36059,36063,0.0006150796107249334
36059,36305,0.0027755864430218935
36063,36306,0.007444560527801514
36063,36312,0.07596627886778151
36063,36069,0.0008080052202785737
36069,36312,0.011707862162438687
36069,36558,0.0058581584598869085
36069,36072,0.007387470919638872
36072,36558,0.0012758447555825114
36112,37820,0.006175100751079299
36112,37576,0.15263255210690355
36143,41239,0.001255185705918871
36146,36147,0.00801046566630248
36147,37619,0.0018565579796800957
36147,40787,0.0005141850323866493
36147,36148,0.00423928489908576
36148,36389,0.008427355593691269
36153,37619,0.0004270329049148221
36153,36397,0.0013698231826613967
36223,36466,0.0012970996322110295
36223,36710,0.0033766230213103654
36232,37208,0.00038762036985774884
36232,36476,0.005945022585851775
36232,36720,0.0004398845766055664
36232,37684,0.00020374957731356908
36232,36964,0.0001475094951664297
36292,36293,0.5536979042811936
36294,37983,0.0005941865189621846
36294,36781,0.0026160749548580498
36294,37027,0.0015033448789836257
36294,37511,0.0008835492044028115
36305,36306,0.9984959363937378
36312,36558,0.006572644793322979
36312,36801,0.0023779907714924775
36363,36606,0.17976319533894033
36363,37580,0.0011326038372440432
36389,38358,0.0004863630820182152
36397,37375,0.00011533177563478602
36466,36955,0.0058107515797019005
36466,37687,0.0020900081290164962
36466,36468,0.0018002774013439193
36466,36710,0.19974905996059533
36468,36710,0.0032931966670730617
36476,36720,0.006387226707715854
36543,37028,0.0014050413155928254
36543,37025,0.0017897445941343904
36558,36802,0.001038333801261615
36558,36559,0.001584651239681989
36559,36802,0.008711829781532288
36606,37580,0.0046207450661768235
36642,37375,0.08172096970392795
36642,37619,0.00038721029431733686
36642,36886,0.0838571638244684
36663,36664,0.017150596823170793
36663,36904,0.0003545003567526064
36663,36907,0.06396176162921068
36663,37148,0.0005216634890058255
36663,36905,0.17447208200767914
36663,36906,0.00018468910706133103
36664,36907,0.051052647031935156
36664,40322,0.00013542972868054725
36664,37375,0.00010366661321182432
36710,36955,0.018545512517448515
36710,37687,0.002602845499495743
36720,37208,0.0022251629270613194
36720,36964,0.0016870216932147741
36781,37025,0.006127498541900422
36781,37028,0.004780979405040853
36781,37511,0.011859860508593556
36781,37027,0.0012634118465939537
36786,37028,0.002054015450994484
36801,37045,0.05643643066287041
36801,37769,0.0012506372295320034
36825,39270,0.00116351421456784
36886,37375,0.008068141160884938
36904,37145,0.00010181208310200657
36904,37146,0.0032847152860140645
36904,37148,0.00017257385524871438
36904,37388,7.879511539243822e-05
36904,37389,0.0002600237128846535
36904,39099,0.013965681640987826
36904,36905,0.0010519024995645498
36904,36907,9.394409911411827e-05
36904,37147,0.003359589071717295
36905,36906,0.0017472072504460812
36905,36907,0.02691067355090615
36905,37146,0.00017627219435656372
36905,37148,0.00030896089132150174
36906,36907,0.00012343229082034668
36907,37148,0.0007326553303004951
36907,40322,0.0001321430269326148
36952,37196,0.0018775814096443355
36955,37687,0.0025221286341547966
36964,37208,0.0021945077375373026
37025,37028,0.0009917330462485552
37025,37511,0.47358581804292044
37025,37027,0.004484013072215021
37027,37028,0.004024050664156675
37125,37375,0.0006188611090370463
37145,37146,0.01817351169738304
37145,37388,0.0004982157558915191
37145,37389,0.0003963672568846351
37145,37630,0.00019815660837908377
37145,37387,0.00670210093667771
37146,37389,0.000834334004593984
37146,37147,0.0012960301887308863
37146,37148,0.00040110865743210003
37146,39585,0.0005180853195809002
37147,37148,0.013117191527055098
37147,37389,0.0015324995969889542
37148,37389,0.0006100112738462968
37148,37387,0.0001372225315165565
37148,37388,0.000195037340731119
37148,43718,0.0006962081837048976
37208,37452,0.0054588829225394875
37332,37576,0.0046839971231141435
37332,37820,0.0004743258250528015
37375,37619,0.07631049500546294
37375,40322,0.00012881291609256884
37375,37615,0.0005098229878361356
37387,37388,0.0012947970266288967
37387,37389,0.0001218445159399395
37387,37629,0.0011986527674643145
37387,37630,0.007993781230842096
37387,37631,0.05872588443148465
37387,39096,0.0047299183488375115
37387,39099,0.0034451740409145886
37388,37389,0.036629124540648976
37388,37631,0.007480518344823891
37388,37630,0.0001676017993190726
37389,37630,0.0002686107714813842
37389,37631,0.09941907734755556
37436,37680,0.0916255763610631
37436,37923,0.0054649611256536446
37436,37437,0.0010247737809550017
37437,37682,0.02475295936493893
37443,37684,0.006402544095180929
37443,37687,0.0011515858641359955
37452,37696,0.4837273397924946
37452,37940,0.0015101192984730005
37452,38429,0.0006421191501431167
37522,37769,0.02329697646200657
37522,38013,0.002027283888310194
37522,40449,0.00012579206245478557
37576,37820,0.22703100686279262
37580,38067,0.537042114485909
37615,38348,0.0009264813609964525
37629,37630,0.0009036219448088313
37629,37631,0.0002551437535847713
37629,37873,0.0005662855617334372
37630,37631,0.07746007949951081
37630,37873,0.000281882284070889
37631,39811,8.903488708827163e-05
37631,37873,0.005231532564668097
37680,37923,0.0010664777525259221
37684,37687,0.0011127517454951885
37713,37957,0.23820377554026587
37713,38444,0.0038971384055912495
37769,37774,0.003460499909124337
37774,38507,0.0033196102506659977
37923,38410,0.00285386731585735
37923,38166,0.001453697623219341
37940,38429,0.6705000974862894
37957,38444,0.003367586061358452
37978,37983,0.007833672687411308
37987,44561,0.004010456106710691
37987,38727,0.002385705942288041
38048,38782,0.002772679552435875
38166,38410,0.005173727013803168
38166,41131,0.00028147057148291625
38193,38681,0.004174909442250889
38193,39169,0.000251317360583211
38233,38963,0.0023684173356741667
38233,39694,0.011119718663394451
38244,38977,0.003582562808318812
38348,38835,0.2757475354883354
38358,38602,0.043303676131775624
38409,38653,0.022717735962942243
38409,38652,0.003170836115411172
38410,38653,0.0010281980276545255
38410,38651,0.0014429521574164448
38437,38681,0.33469542495580146
38487,38977,0.3136279425428559
38503,38507,0.3103852406214476
38503,38747,0.002590734544355655
38507,39238,0.0003647951428623249
38602,40072,0.00012789991010433483
38652,38895,0.0005503849478050901
38652,38653,0.00540099377030856
38652,40118,0.04602327050452004
38653,38895,0.0008529956513179116
38681,40624,0.0004154443606694258
38720,38963,0.0012857443653047085
38727,39938,0.0005380617749324301
38849,39096,0.002077875382383354
38850,39099,0.0011776806121979178
38850,39098,0.0006470328575574058
38850,39096,0.002407648818916641
38850,39585,0.0012216524613298436
38851,39099,8.777445580541272e-05
38893,38895,0.0006547560566104949
38894,38895,0.005245538128656335
38895,39386,0.0008111558852760936
38895,39630,0.0007764990451260741
38925,39169,0.000583473124476898
38940,39184,0.4986518213991076
38940,39919,0.06317087262868881
38963,39694,0.001617308473214507
39096,39099,0.054032076761741266
39096,39585,0.0016886899982182513
39096,39829,0.000392304626529949
39096,40072,0.0005730956574351554
39096,40074,0.0005302527570165694
39096,39098,0.00036299308914067296
39097,39342,0.16496317088603973
39097,39585,0.0009892348995587479
39097,39586,0.00013713931406300617
39097,39829,0.0006621501343033742
39098,39099,0.10959828628944565
39098,39342,0.0024406438606092706
39098,39585,0.0007754326004487666
39099,40072,5.0716190165511234e-05
39143,39387,0.00034591049188748
39161,39405,0.0006032069886714453
39169,39649,0.0005779584093050159
39184,39919,0.394040584564209
39191,40416,0.001548582105897367
39233,39962,0.00037069625250296667
39233,40206,0.00033472492650616915
39233,40449,0.0005916208988660051
39233,40693,0.00016831882905015455
39238,39725,0.2454976588487625
39238,39726,0.23982495069503784
39270,39515,0.016721267253160477
39270,40004,0.0010379398008808494
39323,40299,0.00035105042741179204
39323,39567,0.008239838363275945
39342,39585,0.000185405302545405
39342,39586,0.0005381425056611988
39342,41053,0.0002494392447260907
39380,39874,0.00024080339353531598
39386,39630,0.0015235387944620704
39386,39874,0.0019124386622621614
39387,39630,0.00033172410136833125
39405,39649,0.00602152225530214
39405,39893,0.001110108841752814
39405,40381,0.0004672071038385184
39448,40426,0.001626972807571292
39515,40004,0.0045245373621582985
39528,39772,0.006147027597762644
39567,41520,0.0014684828966267105
39567,41998,0.0006472500085597707
39567,40055,0.006617740247747861
39585,40072,0.008247763067466178
39585,39829,0.003978878867201274
39585,40316,0.0013230032182036666
39586,40074,0.020469352569522314
39621,40118,0.0028821765445172787
39621,39866,0.00239528133533895
39630,39874,0.015209827664152558
39630,40118,0.00019091584833101175
39649,39893,0.01697682020300704
39649,40137,0.0045806940393049445
39649,39885,0.0006326965751810576
39649,40624,0.000908791441778097
39664,40395,0.0012216146163458081
39664,40887,0.0003598264022922525
39664,41131,0.0005160271551479431
39664,41374,0.00023809106095995958
39665,40395,0.0006234639879035553
39665,40401,0.002984991438708562
39665,40887,0.005789140572143607
39665,40644,0.2533075859149297
39665,41131,0.004822841095220711
39665,41374,0.0006808792899710169
39694,39938,0.003582423843909055
39725,39726,0.7257740646600723
39725,39962,0.0007584473787574098
39725,40206,0.0004685631894972175
39725,40449,0.0023227088193012745
39725,40450,0.0004984976723790169
39725,40693,0.000665368144317264
39772,40016,0.004153680056333542
39811,40299,0.0006991903452823559
39829,40072,0.0031561270845897457
39829,40074,0.001598167380564064
39863,40105,0.036999235223144446
39863,40106,0.004982854883564869
39863,40347,0.0005878422148684463
39863,40348,0.00047744784175544436
39863,40591,0.0002067521868411859
39864,39866,0.010743218193965731
39874,40118,0.00043340301563148386
39885,41349,0.0019584350720833754
39893,40625,0.0004961429604009027
39893,41136,0.00026768822590383934
39893,40137,0.0006648789576502168
39893,40624,0.00028128338999522384
39893,40381,0.0013491787242401188
39920,41624,0.015384961850941181
39934,44080,0.012449132278561592
39938,40182,0.011201509274542332
39962,40206,0.11079065285933513
39962,40449,0.18649314300120795
39962,40450,0.009498162552146519
39962,40692,0.004153587001686295
39962,40693,0.010578231356367679
39962,41179,0.0026493908759827414
39962,41180,0.0003615788797712109
39962,40936,0.0068502905778586864
40004,40494,0.6320958733558655
40055,40299,0.0013141178121457802
40055,40543,0.00040064981028291313
40055,40787,0.00034178063446962834
40072,40316,0.0005073039301700752
40072,40559,0.0003827348921058379
40072,40322,0.0038107110801597344
40072,41055,0.010126867193842592
40072,42037,0.0004666031931945073
40105,40106,0.009894964761770098
40105,40347,0.0014475764320166936
40105,40348,0.006680936311261025
40105,40590,0.004221754157370583
40105,41565,0.0007980472954756124
40105,41861,0.0007444714264344671
40105,41079,0.0003599553821160839
40106,40347,0.00020970461297441614
40106,40348,5.311885130746911e-05
40118,40850,0.0024454270023852587
40137,40624,0.0010508459081393084
40137,40381,0.001348889316432178
40158,40404,0.004669758025556803
40182,40426,0.002470359904691577
40206,40449,0.2578141328222558
40206,40450,0.20752552545154684
40206,40692,0.002863197028545983
40206,40693,0.01771898446022533
40206,40936,0.0216814680970856
40206,41179,0.0018508509267121554
40206,41180,0.00047376531874760986
40260,40507,0.006124661333160475
40260,41239,0.0006055370176909491
40260,41483,0.49085936322808266
40299,41512,0.012830151865879694
40299,40543,0.22052470980922104
40316,40559,0.0028988012945774244
40316,41052,0.00577875399850214
40316,40319,0.0017182665119435114
40319,41052,0.00826926530135097
40330,40574,0.0008963036304781102
40330,40817,0.00016368155030811656
40330,40811,0.0005511419823496233
40330,41555,0.0019237899938756204
40330,41560,0.00014118826857728584
40347,40591,0.33322309121834476
40347,40348,0.19688921248060903
40347,40590,0.03198869792925722
40347,41079,0.01139439714809918
40347,41560,6.965690157462683e-05
40347,40349,0.00020998449192368506
40348,40591,0.11143839589208229
40348,40590,0.0003894998049437011
40348,41079,0.002860698036648938
40348,40349,0.00040123306219660054
40349,40591,6.548254714289214e-05
40362,40850,0.0020838628988713026
40381,40625,0.0012771127900729577
40395,40887,0.027128336110999487
40395,41374,0.018286800519215718
40395,40638,0.0015058267211619143
40395,40644,0.0015257596178466966
40395,41131,0.009494984100894992
40401,40416,0.0005518788821063936
40401,40887,0.004292773873809148
40401,41374,0.009574836892937241
40401,40644,0.03347604793331508
40401,40888,0.0033604034095482405
40401,41131,0.005269168676629003
40404,40892,0.024959659785963595
40404,41136,0.4984863791614771
40416,41146,0.004396356642246246
40416,40887,2.3500006182463164e-05
40449,40450,0.17380341723672604
40449,40692,0.10739104009928427
40449,40693,0.3289120715844974
40449,40936,0.033516936166878036
40449,41179,0.021496832926284418
40449,41180,0.009163053724600663
40449,41423,0.003369818464272192
40450,40692,0.0024281143162099283
40450,40693,0.11565786939780277
40450,40936,0.021812760104421614
40450,41179,0.003464876860380173
40450,41180,0.002895335154607892
40450,41423,0.0006065784953534603
40507,41483,0.0029354314756346866
40543,48602,0.0004300115688238293
40543,40787,0.0009477376050786763
40543,43718,0.0006532371973264617
40559,41046,0.0005645492055919021
40564,40811,0.002099044282658724
40564,40809,0.003912096144631505
40566,40811,0.22321389974058548
40574,40817,0.030842103163217414
40574,41301,0.0007883838538447208
40574,41061,0.010459603462313005
40574,41557,0.0005076711052060721
40590,41565,0.00016119676122018843
40590,40591,0.0009645728342491111
40591,41079,0.019938182645146442
40624,41112,0.0005073103920949507
40625,41112,0.002677823998965323
40638,41374,0.004605958008905873
40638,40887,0.0009907346077604664
40638,41131,0.00033852167972428206
40638,42348,0.006963707506656647
40644,40887,0.09267862221782687
40644,41374,0.0035781953693944735
40644,40888,0.0009764075841502962
40644,41131,0.020605140142530825
40692,40693,0.040670912159839645
40692,40936,0.06845209863968194
40692,41179,0.18670313619077206
40692,41180,0.005266501131700352
40692,41423,0.002209654194302857
40693,40936,0.16148150046605483
40693,41179,0.012595032291885997
40693,41180,0.02324003350622661
40693,41423,0.003152990181531225
40693,43099,0.00017764911460257541
40787,41520,0.0004725109398956799
40787,41275,0.0004697068458578239
40787,41031,0.0032233197562163696
40809,41052,0.0005653071487330408
40809,41053,0.0007206715915041665
40811,41056,0.03166735741251614
40811,41053,0.0008487056654383901
40811,40817,0.00031968129771087206
40817,41061,0.020216582546709105
40887,41131,0.4383082065371403
40887,41374,0.23792879967188718
40887,41641,2.5728330454878222e-05
40887,42348,0.00353861700271161
40887,40888,0.002698728544580667
40888,41131,0.00761335301233722
40888,42585,0.0004557135009359096
40892,41136,0.1025163953891024
40936,41179,0.056614454835653305
40936,41180,0.029118906051735394
40936,41423,0.008746576611883938
41052,41783,0.001262146235227135
41053,41055,0.0008085195756090494
41053,41301,0.0005314828061576312
41053,41783,0.00018832063869922422
41055,41540,0.0005563679151237011
41061,41305,0.00021556134500618404
41079,41323,0.013031784445047379
41079,41560,0.0010695850152782072
41112,43796,0.0005737000903991429
41112,41356,0.012845073826611042
41131,41374,0.32641452800035314
41131,41641,0.00014648496956700305
41131,42348,0.0002027991583114878
41136,41380,0.0006152125570224598
41146,42613,0.0022377287968993187
41151,41641,0.002182122552767396
41151,41880,0.9852572083473206
41151,41884,0.00976535864174366
41179,41180,0.002576296028564684
41179,41423,0.001172623597085476
41180,41423,0.24649913934990764
41239,41483,0.018465658387867734
41267,42242,0.0024718884378671646
41290,41540,0.0017513610081312664
41305,41793,0.00030638868153332055
41316,41560,0.01627264319677124
41316,41559,0.015944044697486486
41323,41565,0.01481095420604106
41323,41560,0.00016083147443168855
41374,41641,4.2499556155917165e-05
41374,42348,0.00010144567058887333
41380,41624,0.007052052766084671
41380,41867,0.004327941685914993
41399,41889,0.001552612753584981
41509,42242,0.003774357493966818
41512,42000,0.001339136972092092
41520,41764,0.0008657962052893708
41520,41998,0.0027897099580549423
41540,41783,0.0008980079728644341
41554,41556,0.001755700517443633
41554,42037,0.0004398021280798868
41554,41555,0.0011989080797962614
41554,41793,0.0003647698326005866
41555,41557,0.00027370883951031527
41555,41556,0.34874652356802555
41555,44965,0.0003822437734749921
41556,41557,0.0006582292164200032
41557,41558,0.13732599100330845
41557,42769,0.0020739188531943378
41558,41560,0.000255804244858826
41558,42525,0.00047003204941516624
41559,41560,0.25134772086352086
41624,44067,0.003041265532374382
41641,42371,0.014659653417766094
41641,41884,0.004103385377675295
41641,41889,0.0012053430546075106
41673,44097,0.0010158567456528544
41673,45797,0.001041741498435537
41764,43718,0.0020920888555338024
41764,42252,0.0008535995530110085
41793,42037,0.0012746297285093355
41861,42349,0.008560102432966232
41861,42348,0.0014287603432118583
41867,42355,0.0022611862514168024
41880,41884,0.09938060492277145
41884,42371,0.0009346143342554569
41998,42242,0.002238181419670582
42037,42281,0.04124605948643041
42121,42365,0.001651827129535377
42244,42489,0.07327276845171582
42252,42496,0.03995609222033636
42252,42741,0.0006021845038048923
42281,42768,0.0007000123217011378
42365,42603,0.045101478695869446
42371,42860,0.00045455864164978266
42371,42373,0.0022722715220879763
42371,42614,0.010153482609894127
42489,42734,0.003158963198075071
42496,43713,0.0005225412314757705
42525,42769,0.719963635117286
42585,42835,0.0012876346056411119
42603,45048,0.0010062986984848976
42613,43345,0.0025002462207339704
42768,42769,0.0010999919748021132
42769,43500,0.0003450644395504576
42835,43566,0.36609782691650494
42860,43345,0.0005493622738867998
43099,43345,0.12423161347396672
43107,43837,0.0013436590088531375
43107,43589,0.0016394898993894458
43345,43594,0.0008911880431696773
43345,44067,0.0008343199733644724
43345,43589,0.0017365861858706921
43368,43369,0.022560931742191315
43368,44097,0.11173828691244125
43368,44080,0.0009325198334408924
43369,44097,0.05136512964963913
43369,46018,0.0018010067287832499
43500,44721,0.008100511090560758
43579,44067,0.0013186739524826407
43579,46993,0.0011736422432780576
43589,43837,0.0023021798115223646
43589,44566,0.0029001531656831503
43589,44322,0.010024365037679672
43589,44565,0.01111868177758879
43594,43837,0.0020279866876080632
43594,44080,0.0005025899881729856
43712,43713,0.0052781300619244576
43713,43718,0.027837293222546577
43718,46156,0.0022767955388189876
43718,44451,0.0006224953152316933
43796,50158,0.0016036872984841466
43817,44792,0.00454727141186595
43817,45048,0.004085345659404993
43837,44080,0.5538581679147683
43837,44566,0.0005637416734316503
44006,44247,0.009045871282978624
44006,44970,0.0007838880623499531
44074,44322,0.001408784301020205
44074,44561,0.1024073401640635
44074,44565,0.005496141500771046
44080,44097,0.0005030762185924686
44080,44566,0.004617197380866855
44097,45797,0.016164198517799377
44097,47970,0.001498417230322957
44247,44490,0.004855662351474166
44307,44797,0.002663272898644209
44307,44792,0.0016045721713453531
44322,44565,0.0019847096409648657
44322,44566,0.007100051734596491
44322,44561,0.0012499933363869786
44549,45284,0.8306980505221873
44549,44792,0.0021399701945483685
44549,44797,0.9639487862586975
44560,44561,0.09861230626120232
44560,45293,0.005300651723132432
44560,48691,0.00101570098195225
44560,44802,0.018707118928432465
44560,44804,0.17198623716831207
44560,45046,0.0033023420264726155
44561,44565,0.0010992592433467507
44561,45293,0.04293178236366657
44561,46510,0.000548532756511122
44561,44804,0.004000284825451672
44561,45048,0.0018896620604209602
44565,47490,0.034428698212423114
44565,44566,0.002130872664565686
44565,45293,0.0003158753679599613
44719,44965,0.007042271892411615
44719,44721,0.19633730914165426
44721,44967,0.0009790808253455907
44721,44968,0.0016102387289720355
44730,44973,0.0060787348775193095
44730,44731,0.4991086812901244
44730,44969,0.00018930110692694235
44731,44971,0.00023029702193650477
44792,45284,0.0032768814353403286
44792,45767,0.00215293001383543
44792,46254,0.002465464174747467
44792,46994,0.012976516224043166
44792,45043,0.0014614363899454474
44797,45284,0.22856507580218022
44802,44804,0.08131372928619385
44802,45289,0.03905410319566727
44802,45293,0.0003245953903387999
44802,45537,0.0009214664291903318
44802,45779,0.004810573998838663
44804,45289,0.04178331047296524
44804,45779,0.2778562903404236
44804,46988,0.0013078198535367846
44804,45293,0.0011835010773211252
44804,45537,0.0012546938014565967
44967,44968,0.028288917349572527
44967,44970,0.0006378203195822607
44967,44972,0.00054786325290479
44967,44969,0.0008375678012022547
44967,44971,0.00014832294431875602
44968,44969,0.0014455721078808455
44968,44970,0.0010492047987711807
44968,44971,0.000266128211132021
44969,44970,0.00577927229778652
44969,44971,0.00015117430173426186
44970,44971,0.3539612626447443
44970,44972,0.0008650160205588366
44970,44973,0.0008156425943265536
44971,44972,0.00551594345569918
44971,44973,0.00015128973852066943
45043,47969,0.000513111415784806
45046,45293,0.021522473534787423
45046,46018,0.002230147598311305
45048,45293,0.0062480846245307475
45284,45771,0.4159158769842506
45284,47478,0.0007630653279591115
45289,45536,0.001278175855986774
45289,45537,0.004254299018157326
45289,45779,0.21287643909454346
45289,46988,0.0034383453894406557
45293,45537,0.04990070116264178
45293,45536,0.000369269429029373
45293,45779,0.00025212398736584873
45293,46018,0.002571412145641716
45530,45776,0.6821283513636445
45530,46018,0.0024301621597260237
45530,46505,0.0012159152647654992
45536,45537,0.003936608321964741
45536,45779,0.001248542801477015
45537,45779,0.02632947785241413
45557,45797,0.0036456390322806937
45767,46254,0.034453678876161575
45771,47478,0.002669730682100635
45771,47969,0.00481666624546051
45771,46993,0.0005060218853264095
45776,46266,0.6999948961893097
45776,46505,0.0007413102377237616
45779,46988,0.0020083822309970856
45797,47756,0.0004085395479099437
45797,47743,0.011224421238997214
45797,46284,0.0029029347921702233
46018,46266,0.0012976081343367696
46018,46505,0.00811517895393384
46254,46505,0.0012036367279506521
46254,46742,0.0013022356433793902
46266,46267,0.0018168467795476317
46266,46505,0.0004959165847443122
46266,46510,0.00152842968236655
46267,46510,0.003915468230843544
46501,46988,0.0014545876765623689
46505,46750,0.3348942688134464
46505,46749,0.02095211989217205
46505,46994,0.0007398462703349651
46505,46996,0.005555525804084027
46505,47490,0.04231654734167023
46505,52125,0.0010960226645693183
46510,47490,0.003379200119525194
46664,47889,0.0011282216501058429
46749,46994,0.020266808569431305
46750,46993,0.39926732574606066
46750,46994,0.007135758295771666
46750,46996,0.025486721999186557
46750,46753,0.0015918339915970137
46753,46996,0.010023855604231358
46753,51847,0.002446075348403877
46753,51848,0.0043046689159902075
46753,52089,0.0034860746551606185
46753,52332,0.00039330264784046925
46753,52336,0.004716253373771906
46988,47478,0.011458395048975945
46988,46993,0.00418210382728527
46993,46994,0.168819277236859
46993,46996,0.015623659904425343
46993,48943,0.000532519265107112
46993,47478,0.004779197450261563
46993,47969,0.00527307028338934
46994,46996,0.00444741213141242
46996,47490,0.004291055724024773
46996,47969,0.0006192462769831764
46996,47484,0.012198302516480908
47478,47969,0.0009245514661415655
47484,47490,0.006289665121585131
47484,47970,0.0019280669512227178
47490,49190,0.0003348634054418653
47726,48216,0.0005607338389381766
47868,48602,0.0030694619053974748
47889,47890,0.001086089499949594
47970,49193,0.00037770321359857916
48198,48946,0.0002946900120670242
48216,48460,0.9661134873749688
48216,49194,0.3992304892744869
48217,48460,0.005761306267231703
48217,48703,0.0018990703392773867
48457,48700,0.03556082397699356
48457,48946,0.30668724701328237
48457,49187,0.10148285329341888
48460,49194,0.07913593511329964
48691,48692,0.0042078354163095355
48691,48932,0.0014634282561019063
48692,49427,0.0011343291771481745
48692,50403,0.013808440125103516
48692,48694,0.0014116927341092378
48694,48943,0.01179512683302164
48694,49189,0.0014510267646983266
48700,48946,0.23815212537125977
48700,49187,0.011090590618550777
48700,49190,0.008999329691326552
48703,49190,0.00288926947064283
48703,49680,0.9533013701438904
48943,49674,0.0005597524036602408
48943,49189,0.04834905762254493
48944,49189,0.08503500372171402
48944,49193,0.00034444504417479037
48946,49187,0.1302684276763882
48946,49190,0.13668117737064936
48946,49674,0.0012391322293723306
48950,49193,0.6638960024109111
48950,49437,0.001579181756824255
48950,49443,0.0029771586414426565
48950,49681,0.015122228030425807
49187,49674,0.0025951445568352938
49190,49193,0.004725031388235834
49190,49681,0.001695406251574975
49190,49680,0.032976201396081706
49190,49437,0.0010759186613569227
49190,51148,0.0016886171872971811
49193,49437,0.24279041280969976
49193,49681,0.029965620252914958
49193,49680,0.0005978788190986961
49193,51395,0.00033929855562746524
49193,49443,0.0015206421785478597
49194,49681,0.0157329571666196
49437,49680,0.00232035516819451
49437,49681,0.030174636255348258
49437,51395,0.0011202738096471876
49443,49681,0.0025733856812924687
49668,50158,0.0023482043179683387
49668,52578,0.010149882357644913
49680,49681,0.0018040549433256576
49681,51395,0.0005056530547638735
49914,50158,0.014893435225530993
49916,51148,0.0017827609021878743
49916,50158,0.0017735636427573809
49916,50160,0.9995449185371399
50158,50403,0.0021105537889525294
50158,50889,0.0018417857436929808
50160,51148,0.0019782512767960725
50160,50403,0.0020669307559728622
50179,50428,0.6917712092399597
50392,53570,0.0012929490767419338
50428,51148,0.002243890194222331
50634,50877,0.532126784324646
50634,50879,0.7622679471969604
50856,51845,0.007921382784843445
50877,50879,0.15080543980002403
50877,51126,0.0029804420368808593
50877,51370,0.000656262363179394
50877,51120,0.0006157264242574456
50877,51361,0.0008304856169161212
50877,51364,0.005313438286975725
50877,51367,0.018582211593942095
50877,51608,0.001030266510497313
50877,51121,0.012774688831996173
50879,51126,0.0011172072057838989
50883,51126,0.006416803633328527
50883,51127,0.6359089016914368
50889,51620,0.0030107349157333374
50889,54019,0.0012314274799969382
51120,51361,0.015402683115098625
51120,51364,0.48743344144895673
51120,51608,0.016344934701919556
51120,51121,0.01153484545648098
51121,51854,0.001101475558243692
51121,51364,0.0009884240571409464
51121,51842,0.00596559327095747
51126,51370,0.03256890306874993
51126,51367,0.0022455471570275165
51127,51370,0.008754341706662672
51127,51619,0.0005658237714669667
51148,51395,0.011915579903870821
51148,52125,0.010790419299155474
51342,51586,0.0038521571550518274
51361,51608,0.011422507930546999
51361,51364,0.012290382626815699
51361,54018,0.003437207118267338
51364,51367,0.0005403412724263035
51364,51608,0.2732640579342842
51367,51370,0.0018092676373271388
51367,51857,0.002236414855966965
51370,51619,0.0008741413427439207
51395,52125,0.024366972967982292
51600,51842,0.0011864934349432588
51600,51843,0.004660235077608377
51600,51845,0.000977122224867344
51600,52089,0.00018343968916021615
51607,52820,0.0032865038390923473
51607,51845,0.0004569392961760362
51607,53081,0.04582391679286957
51608,51854,0.001173738855868578
51619,52585,0.0024370531344478272
51812,52298,0.2592584999899069
51812,52299,0.46315792202949524
51826,53288,0.003877744394799265
51826,54015,0.027765187080888154
51842,52574,0.013012219220399857
51842,51843,0.001945100462762639
51842,52085,0.000490962060818371
51842,52088,0.0017471267706241633
51842,52089,0.00046690771718906694
51842,52821,0.0005519896803889424
51843,52088,0.021553734153115157
51843,52331,0.5010069725747096
51843,52085,0.0046232778804551344
51843,52089,0.40931138523552374
51843,51845,0.0007295090739110796
51845,51847,0.27777913107346025
51845,52088,0.0006522996123748773
51845,52089,0.0662655579842628
51845,52332,0.001164903987519376
51845,52820,0.0004335453995736316
51845,52085,0.0004950974889273615
51845,52578,0.23882700502872467
51846,51847,0.31656348111504584
51846,51848,0.03953824759394463
51846,52089,0.04457974200202712
51846,52578,0.0036514218663796782
51846,52821,0.03713475391850807
51846,52088,0.0003438565258893078
51846,52332,0.0024314836625999683
51846,52336,0.09094580262899399
51846,52825,0.002088943962007761
51847,52088,0.0021214883065793105
51847,52089,0.05487896175516897
51847,52578,0.006381169017792747
51847,51848,0.3826254907037475
51847,52336,0.6009785503078829
51847,52585,0.00033094958566185336
51847,52821,0.0023788816561628933
51847,52825,0.01816060468060015
51847,53067,0.004913827813645989
51847,52332,0.0011792215258928627
51848,52089,0.040762011561513455
51848,52336,0.819783983086901
51848,52578,0.0019507181378520888
51848,52585,0.0007822384844595425
51848,52821,0.0030931477309163063
51848,52825,0.043917600321167684
51848,53067,0.009623646763949572
51848,53310,0.00015136942660579474
51848,52088,0.0007531428415006305
51848,52332,0.0016321533673756296
51854,52585,0.0020981687121093273
51857,53080,0.0881161317229271
51857,53082,0.026828469708561897
52069,52314,0.02075311593944207
52084,52085,0.1577554744541582
52084,52574,0.02711480290417967
52085,52088,0.0003652872202166175
52085,52098,0.0009133667917922139
52085,52332,0.00043346116472298135
52085,52574,0.05139230067511136
52085,53064,0.00028367410171388957
52085,53550,0.0002890340801968705
52085,52820,0.00021373958459965556
52085,52331,0.0005480827530846
52088,52331,0.4177898315994208
52088,52332,0.20664669776502853
52088,52089,0.013819334437843247
52088,52574,0.0007826052599284594
52088,52578,0.004799679336994572
52088,52585,0.0002540780159066003
52088,52821,0.0029795195329072044
52088,53310,0.0003768406851918371
52089,52324,0.00016869738994335586
52089,52332,0.35422334165206093
52089,52574,0.0004275754705841709
52089,53550,0.0010261005002121237
52089,52578,0.5473017130895618
52089,53791,0.00011627093234652234
52089,52336,0.11100895992840609
52089,52585,0.0004517881803746026
52089,52821,0.07378651074439156
52089,52825,0.030662501203952208
52089,53067,0.026717700765053722
52089,53310,0.000557616426393989
52089,52331,0.03509274956424223
52089,53298,0.0006485236237952454
52098,52585,0.0013191027101129293
52125,52611,0.009705530479550362
52298,52299,0.33770967135205865
52298,52786,0.0035014282329939306
52311,53049,0.000625670498720865
52311,53781,0.003652001963928342
52311,52314,0.0034619270591065288
52311,52557,0.0012849631912104087
52314,52801,0.0005270455731078982
52314,52557,0.001380970488753519
52314,52558,0.0026341795455664396
52314,53058,0.01223177237820039
52316,53540,0.0029896912164986134
52324,53056,0.0010500361677259207
52324,53550,0.1419990509748459
52324,53793,0.011926767726739248
52331,52332,0.3685869218621652
52331,53550,0.001480323844589293
52331,52574,0.00045750552393049776
52331,52820,0.0012228231607878115
52332,52574,0.0009441615035636156
52332,53550,0.0004347676464628118
52332,52578,0.04638786645237284
52332,52820,0.00809785653772129
52332,52336,0.0027347693306699985
52332,52821,0.024054145757380258
52332,52825,0.002103588560220082
52332,53067,0.0030513110736585247
52336,52578,0.010903348797000945
52336,52585,0.003132260433631018
52336,52821,0.03365593435592018
52336,52825,0.13700205739587545
52336,53067,0.04068567603826523
52336,53310,0.0008618852298241109
52557,53530,0.0008266324996100138
52557,54019,0.005785375342838961
52557,52558,0.011071662767790258
52557,52801,0.0049060787132475525
52557,52800,0.004451000277185813
52558,52801,0.0011857344070449471
52565,52807,0.002120797522366047
52565,52800,0.00155701968469657
52565,52806,0.0022368423985123322
52565,53298,0.031238344808419544
52566,52574,0.002822858278705098
52566,52807,0.01949889026582241
52566,53298,0.0017825051727413666
52574,53550,0.007294949935385375
52574,52820,0.0007242217240370034
52574,52821,0.0009911351226037368
52578,52821,0.02097195233909588
52578,53310,0.00040453976225762744
52585,52825,0.0022280103876255453
52585,53316,0.003996822400949895
52765,53252,0.002069427166134119
52786,53530,0.00015187438927455332
52800,53284,0.0007209003864166638
52800,53530,0.0011071181897174636
52800,54023,0.0009226030282055339
52800,53288,0.01596710873612513
52800,53533,0.00037276375223882496
52800,52801,0.0003478167103215431
52806,53298,0.0014055335642713847
52806,53049,0.019144177162767544
52820,53064,0.0015122057278252516
52820,53791,0.0005393381267140285
52820,53310,0.0006676603225059807
52820,53550,0.000577042394070304
52821,53310,0.0010790065280161798
52821,52825,0.0053702979639638215
52821,53067,0.005933465901762247
52825,53067,0.521064281463623
53041,53284,0.11893713881727308
53041,53288,0.006657707504928112
53041,53530,0.10549318564257451
53041,53773,0.025184309110045433
53041,54015,0.0002299477685786163
53041,54016,0.026736077503301203
53049,53783,0.002200755523517728
53049,53781,0.15976658311410574
53057,53793,0.002544576767832041
53057,53298,0.0014396260521607473
53057,53058,0.00357489200465011
53057,53791,0.01511295884847641
53058,53792,0.007228096772450954
53058,53298,0.0009972087564165122
53058,53299,0.004570363489619922
53058,53553,0.0018411441238814774
53058,53791,0.5058284968832053
53064,53550,0.003039031755179167
53067,53310,0.003371026599779725
53080,53081,0.009760448709130287
53080,53082,0.9980157613754272
53081,53082,0.3341778814792633
53081,53570,0.07638472318649292
53082,53570,0.7573713064193726
53284,53530,0.03049143093492798
53284,53775,0.007060826638166873
53284,53288,0.007119869376765564
53284,53528,0.005689929414074868
53284,53771,0.0008146281616063789
53284,53772,0.0006773912391508929
53284,53773,0.009264075793907978
53284,54015,0.0008250808265681068
53284,54016,0.009584155821357854
53288,53530,0.12022623132569217
53288,53767,0.08070562779903412
53288,53771,0.002679015335161239
53288,53773,0.002096386713674292
53288,53774,0.0013182937618694268
53288,53775,0.014319667909148848
53288,54015,0.011669262496051639
53288,54016,0.003131803881842643
53288,54019,0.0009293516777688637
53288,54258,0.006314181067864411
53288,54501,0.0009757766383700073
53288,53533,0.0016773478710092604
53298,53299,0.7630553990602493
53310,53553,0.4020153246819973
53310,53316,0.01331612809735816
53528,53530,0.002226120169666501
53528,53771,0.0032654979622748215
53528,53772,0.08847411904328813
53528,53773,0.002088652650854783
53528,54015,0.0009636220056563616
53528,54016,0.002734060864895582
53530,53771,0.0003304372522896821
53530,53772,0.007161581742875137
53530,53773,0.20369484563822685
53530,53774,0.004138718158563799
53530,53775,0.01746150470041487
53530,54015,0.00041546867848567324
53530,54016,0.07982103120256008
53530,54019,0.0035093263825761566
53530,54261,0.008693976965982333
53530,53533,0.00016111771297541315
53530,54018,0.0004403930589822786
53530,54023,0.0010395881332669887
53530,54258,0.00899596493356114
53533,54018,0.06601552665233612
53533,54019,0.010486883984412998
53533,54023,0.0025019964668899775
53550,53792,0.14469791443116264
53550,53793,0.5155575501266867
53550,53796,0.035529375076293945
53550,54025,0.0011106166680292517
53550,53791,0.001072615525117726
53550,53551,0.010809448482177686
53551,53796,0.0011457146611064672
53551,53783,0.004287377465516329
53553,53792,0.0021819230169057846
53767,53771,0.010009711375460029
53767,54015,0.1255452782845244
53767,54258,0.23966145232164612
53767,54501,0.021997392177581787
53767,54011,0.005108668468892574
53771,53772,0.004507119898335077
53771,53773,0.004298937942053271
53771,54015,0.27584969655197256
53771,54016,0.0797945176018402
53771,54501,0.029928846284747124
53771,53774,0.0005513935466296971
53771,54258,0.0038386256564990617
53772,53773,0.03207586399609378
53772,53774,0.005632694264628905
53772,54015,0.04429934720053552
53772,54016,0.0487529965860934
53772,54258,0.06219331503052672
53772,54261,0.02113217005413996
53773,53774,0.00956764893635409
53773,53775,0.006695514438661121
53773,54016,0.49149356022826396
53773,54019,0.0010229928575427039
53773,54261,0.003851278853289841
53773,54018,0.0035174596414435655
53773,54015,0.004699943195267527
53774,54019,0.004462672746740282
53774,54261,0.0005266980733722448
53774,54018,0.047863731742836535
53774,53775,0.006979080295423046
53774,54016,0.0026218134735245258
53775,54019,0.0031927627278491855
53775,54015,0.00031183127252158255
53775,54016,0.006724976498844626
53775,54260,0.007426550146192312
53781,53783,0.00635857880115509
53781,54023,0.004810175392776728
53782,53783,0.06457922607660294
53791,53792,0.001801140337192919
53792,53793,0.004885773892359187
53793,53796,0.00136572258391728
53971,53981,0.0006165910745039582
53971,54462,0.045558894155571274
53971,54218,0.0024733147001825273
53971,54463,0.9211678304709494
54015,54016,0.5576481517637148
54015,54258,0.13499849911727324
54015,54501,0.02025015526210912
54015,54260,0.005685909137052174
54015,54261,0.001051087555453023
54016,54261,0.005698390130419284
54016,54260,0.004058568767504767
54016,54258,0.0038769521815993357
54018,54019,0.004100361471500946
54018,54261,0.0006371899507939816
54019,54023,0.0016199893216253258
54023,54025,0.029415184631943703
54218,54463,0.12159067392349243
54218,54462,0.405850887298584
54218,54707,0.0015929753426462412
54243,54485,0.01584877644199878
54258,54261,0.021178932488965074
54258,54501,0.34019721596268937
54462,54463,0.20656368136405945
54463,54707,0.005405473057180643
54463,54709,0.004547042306512594
54707,54709,0.01611623354256153
