source,target,weight
1,21,0.001570795458633
1,17,0.0037948837165373
1,40,0.0006888648551811401
1,32,0.0003739396951316637
1,94,8.48561457289138e-05
1,75,9.169796137762309e-05
1,60,0.0001648211566086611
1,50,0.0001076719603235588
1,42,0.0002952485467465
1,84,0.00018354957992540688
1,104,2.6131766852331084e-05
1,86,0.00016527056840676666
1,116,9.166353023308e-05
21,40,0.00010967846209043002
21,41,0.00515273432221985
21,94,3.112619473258965e-05
21,75,5.6809662699734604e-05
21,84,7.20031356381534e-05
21,67,0.00027998174134320005
21,59,0.0010207649350273
21,77,0.004015075864424366
21,104,3.604839001632839e-05
21,116,4.547440715326668e-05
21,101,2.031794847324231e-05
21,112,5.308469863747332e-05
21,162,4.751937881497945e-05
17,40,0.009333472551599359
17,18,0.000803047525044725
17,32,0.0006798754669242818
17,31,0.00034963720867024
17,94,3.5427985480812065e-05
17,75,0.0010397032315567847
17,50,0.00042040993297350006
17,39,0.0002559052718856
17,61,0.0002212380440983857
17,84,2.505900326528356e-05
17,104,1.4005015397020272e-05
17,86,0.0001671613282436222
40,88,0.00018865772514825002
40,84,0.0004493016942400912
40,75,0.0010296653416829954
40,68,0.00024668382342859005
40,61,0.001760987381570103
40,60,0.10249417038184895
40,52,0.00072222238811897
40,51,0.024132172974122415
40,50,0.05875303910566879
40,49,0.00015802213757742
40,48,0.00014507780874604002
40,42,0.0023461714988999064
40,41,0.02508903961496782
40,39,0.0026209585244319645
40,33,0.00455235418516746
40,32,0.0075079555596008814
40,31,0.009107583756463849
40,18,0.00026720690773038004
40,94,2.2133971028472405e-05
40,137,0.0003775431075703499
18,109,0.00025807126850007495
18,41,0.00027893847901347505
18,33,0.0433854870099507
18,32,0.01123535737412897
18,50,6.810567204935295e-05
18,51,0.0001048278975303
18,42,0.00026716610238292223
18,84,2.8192961494420547e-05
109,250,0.0084738364954357
109,181,0.0006755314379721
109,164,0.0010968459607119
109,161,0.0006269873026975499
109,147,0.0024176658514217277
109,122,0.0011531610227295
109,121,0.00140719228376125
109,120,0.21038861885126275
109,110,0.04443278827223912
109,99,0.0021362407994098003
109,89,0.00221658703644675
109,148,0.00048769693308925
109,90,0.0013481789316676
109,101,0.0023497470266035866
109,112,0.0014653303132622802
109,123,0.0022814150898245408
109,162,0.0003911746177420931
109,134,0.0014898800790017334
41,75,0.0003827301968152423
41,70,0.0006622970695663626
41,68,0.00044216485774422086
41,67,0.00045367089144622504
41,63,0.0002843444742629875
41,61,0.00047661220124728214
41,60,0.0011847667341134609
41,53,0.0034583520933574377
41,51,0.12909085979876006
41,50,0.0025512110941523546
41,43,0.0019333295523551624
41,42,0.04184738313493923
41,39,0.000130782127933525
41,32,0.003258011991228911
41,31,0.000178690607782925
41,84,1.90485782596137e-05
41,52,0.011510103295002298
41,77,0.0017745847573066667
33,43,0.0022812203309791
33,32,0.025373424627352446
33,50,0.0002863808836210176
33,42,0.00037421521109909996
33,84,5.0037995974860265e-05
32,61,0.00011362509313014549
32,53,0.00014633382147387277
32,51,0.0021041844587789487
32,50,0.0004927731506464502
32,43,0.0008038716330027
32,42,0.07010759088187686
32,60,0.00014335088446852776
32,84,4.456602577972739e-05
32,68,0.10391507609855666
32,52,0.0010167750943254
32,70,0.0001016825624098818
32,63,0.0003945628863777
32,86,0.00014123444668047777
31,94,0.0003450959449189707
31,75,0.003097014619059475
31,60,0.05168917824640392
31,50,0.022899916936128573
31,49,0.005285102409692621
31,48,0.00029289913456476
31,39,0.04285421508978321
31,51,0.0002113586369984616
31,84,4.106803736009727e-05
31,68,0.00027048049689786663
94,370,1.928465919916551e-05
94,209,3.301341781144311e-05
94,190,5.082413057023448e-05
94,171,7.940451249632068e-05
94,169,5.638704252098447e-05
94,168,4.085338088201724e-05
94,167,2.2877972009636206e-05
94,152,5.292273344673277e-05
94,141,1.9960241674839648e-05
94,140,0.00011436082721611551
94,128,8.089342938370173e-05
94,127,0.00026982175051356704
94,126,1.8699465623736204e-05
94,118,0.001063456235715781
94,117,0.0010382649626858355
94,116,0.0020902143007731884
94,108,5.12670382853724e-05
94,107,0.0007831042472616706
94,106,0.00398163819461487
94,105,0.08875165181068771
94,104,0.05639773981711198
94,102,8.906280104753791e-05
94,98,4.3584358738760345e-05
94,97,0.0008808599234845502
94,96,0.0018592000562266948
94,95,0.1931684390244931
94,88,3.648348967242241e-05
94,86,0.00036103611824459946
94,85,0.0019871542674314083
94,84,0.1261175138119731
94,77,3.934264290031725e-05
94,76,0.0002442289330904614
94,75,0.0012914882728705264
94,73,6.130948406784481e-05
94,70,1.7909730552465518e-05
94,68,0.0002336772388884379
94,67,0.0018999428143485018
94,61,2.016603534849138e-05
94,60,0.00024423955648507313
94,59,0.0016813366196998174
94,50,0.00010515801764486665
94,49,0.05534950564586564
94,48,3.79321372959638e-05
94,39,0.0005672073241663653
94,34,1.810031876607069e-05
75,128,0.0006441209853009462
75,118,5.361656312703078e-05
75,117,3.9478812817280764e-05
75,116,0.00010650618731486127
75,107,9.419049936886155e-05
75,104,0.00022342521897850414
75,98,0.00012424617106358463
75,97,0.0016829058613305036
75,96,0.20529875651862717
75,95,0.0017210456111032648
75,88,0.0002030657845478308
75,86,0.0024646769032364087
75,85,0.050046561634269474
75,84,0.10948183152605234
75,77,0.0016724085393840116
75,76,0.0735350852513693
75,69,4.801333793016539e-05
75,68,0.025127320240155317
75,67,0.0001718041995254769
75,63,5.0618096265165383e-05
75,61,0.01979082453888289
75,60,0.051116225469004635
75,59,0.0005264526910790539
75,51,0.00042532752924255004
75,50,0.003182001844250407
75,49,0.001129965060242454
75,48,4.399807713998077e-05
75,39,0.02711097699772046
75,42,0.0003746431434798223
75,1074,2.1136920709962168e-05
60,148,0.0004035262894820277
60,108,7.587407107133888e-05
60,97,0.00012877355938253332
60,88,0.0001024087492340611
60,86,0.0003060650374490611
60,85,0.00016504138384034996
60,84,0.003597112954520429
60,77,0.0020487029034937662
60,76,0.0008586173033624289
60,72,0.002168213287631883
60,70,0.00045913200007120954
60,69,0.00023095933015888884
60,68,0.10136336767554961
60,63,0.00035976521530232226
60,61,0.07086704547622391
60,59,7.695606141079445e-05
60,53,0.00016079274184652224
60,51,0.17927630570770503
60,50,0.2185080323529907
60,49,0.0008411119261123443
60,48,0.00023305325423200003
60,42,0.000786660771894189
60,39,0.0028567759677504134
60,107,0.0003336615353226333
50,105,0.00012234078222700588
50,88,0.00012189843625207058
50,84,0.0004036935425527987
50,77,0.00012921193860387058
50,70,0.00016677768985922783
50,68,0.0053711695754632485
50,63,0.00013707441695484115
50,61,0.038656726857777324
50,53,0.06559394713693073
50,52,0.00012921006847179412
50,51,0.10234976540112214
50,49,0.00028423045364162357
50,48,0.0001025726550303647
50,43,5.909908670115882e-05
50,42,0.0009696008951746733
50,39,0.0016635175239945045
50,76,0.0002540572605421
49,104,0.00044957736330974725
49,84,0.0028110317564983265
49,67,0.001359949920554025
49,59,0.00670698764283075
49,48,0.002323881601269825
49,39,0.17196488834092222
49,61,0.00015217849925879998
49,51,0.0002215932145429
49,42,0.00020832459985873332
49,68,0.0005038043624770666
49,70,0.00014230301466026365
49,63,0.00035708858365246667
49,76,0.00052177497650842
49,116,0.00018758628057952668
49,118,0.00028639688848284997
49,117,2.9923566479741175e-05
49,95,0.00012176955306219999
48,39,0.000584170433810025
48,84,4.373492735643835e-05
48,68,0.0003461348370275833
48,104,3.29302727016919e-05
48,1174,1.404767343671564e-05
39,135,0.00029171513899285
39,84,0.0013926298392144165
39,68,0.00089968284371385
39,67,0.001266133158861025
39,59,0.000250185537257575
39,51,0.0007004776497266616
39,42,0.00022787062705282224
39,77,0.00044698574808829997
39,104,2.3552319539821622e-05
39,76,0.00037754870381952004
39,96,0.000801015178022325
61,88,0.0030805708032661714
61,86,0.0004303221384502365
61,85,0.00021225503504784284
61,84,0.000209720117242471
61,77,0.019037682334245895
61,76,0.0017695751685632886
61,70,0.0011610085345998104
61,69,0.001529575877072457
61,68,0.030348370895587805
61,63,0.0005036821451384286
61,53,0.00017011410482345714
61,51,0.0222780172726518
61,42,0.0010508155001865364
53,43,0.0074485570330983
53,51,0.00022510666871724622
53,42,0.0030835380335574774
53,84,2.3154762972305485e-05
53,70,0.0005746907855513364
53,63,0.0036872406110358
53,118,0.000132595577192025
51,77,0.001515872211421059
51,70,0.001683893921290481
51,69,0.0002073699755073
51,68,0.0011943637023346296
51,67,0.0001835070655323
51,63,0.001144893265780336
51,43,9.005214810353077e-05
51,42,0.042206583460227216
51,84,2.1786102429406843e-05
51,52,0.0067434776144056005
51,76,0.0006768946802585599
43,42,0.0020832765806707335
43,127,0.0002605947072205688
42,107,0.0001815471670413889
42,77,0.0004627769740598667
42,70,0.0013904168399196783
42,69,0.0001364577421766111
42,68,0.00042895242860643335
42,67,0.0001187658838732222
42,63,0.06521092658717877
42,84,3.503770628128356e-05
42,52,0.0550438166841754
34,44,0.0140346908005939
34,35,0.00283263189154005
44,71,0.0012153060535364374
44,56,0.0373170163163219
44,54,0.26053172532395547
44,45,0.00105882991124505
44,64,0.0002566441739463
44,72,0.00024355027885646248
44,91,5.231433859385238e-05
44,101,4.023575032478463e-05
44,110,0.0007023913945675202
44,99,0.00028585652852985716
35,67,0.00043705139841930003
35,56,0.0011891516554435
35,91,0.00011226204354362855
35,166,0.0001454186671349
135,410,0.022556366210381495
135,204,0.0006708697709239502
135,124,0.0017324375873230499
135,101,0.004108045223375725
135,91,0.05429667790894368
135,72,0.00768591997446035
135,65,0.0014838888184199501
135,148,0.00012752091919561
135,90,0.000488899460139175
135,80,0.00040758312874305
135,100,0.0007596480618526
135,112,0.0008869397938685665
135,123,0.00039596270862120216
135,162,2.0525493298210956e-05
135,147,0.00011999936913662727
135,262,8.137912857298e-05
135,206,0.0011778908193651
135,263,0.0011713058923839422
84,171,1.8334113202668496e-05
84,169,2.9824865132498634e-05
84,168,1.882450863186575e-05
84,152,6.551920224883012e-05
84,141,1.5705042755610954e-05
84,140,1.730499958473562e-05
84,139,2.018112584384931e-05
84,128,0.00010317502725784933
84,127,3.316744599599452e-05
84,118,0.00010347434338277122
84,117,0.002780335456089482
84,116,0.0002984135818850983
84,108,6.587692252877809e-05
84,107,0.0007889140327198752
84,106,0.07908394242787105
84,105,0.0008533156327467493
84,104,0.001415718117858857
84,102,2.096317311989589e-05
84,98,0.00023206118211226433
84,97,0.0012061416125414997
84,96,0.22353517593455027
84,95,0.05935939654817972
84,88,0.0003420529049934439
84,86,0.002223950349560435
84,85,0.15586421980685755
84,77,0.00012163491540282465
84,76,0.014297950043031133
84,73,2.9341462313989038e-05
84,70,4.9573774155156167e-05
84,69,1.3822266995753422e-05
84,68,0.0007710847437718987
84,67,0.0007101444724819129
84,63,0.005115955190663247
84,59,0.0015210270473290902
84,56,1.9266035215026023e-05
84,52,2.5322978492727398e-05
68,190,0.00016944750257825005
68,169,0.0012388727117173333
68,108,0.00022431472057728331
68,104,0.0003092891531908667
68,85,0.00112745993904475
68,77,0.017257817142698466
68,76,0.29691137458285277
68,70,0.00041568218134731516
68,59,0.004764402098428867
68,86,0.0003152253196058777
67,166,0.0002536175512101
67,127,0.00028945399673075003
67,126,0.0005424431109303999
67,116,0.0015106147667387415
67,104,0.003868190248158456
67,73,0.000477659226463525
67,59,0.05843904143260855
67,148,0.0062681636520230425
67,91,8.285124927573335e-05
67,95,0.00020728489162136427
67,101,2.7291660122359617e-05
59,104,0.004168017691157031
59,105,9.16117568907643e-05
59,58,0.0291580966666906
59,116,0.00039802044861765666
59,117,4.0128985807600007e-05
59,95,0.00037786040190975715
59,346,7.980355432958998e-05
88,126,0.006046403625038966
88,98,0.011291426114325966
88,97,0.0010067078373625334
88,79,0.36784930131053606
88,77,0.0007937423018979
88,70,0.0006552953342364666
88,104,0.00010421887558325272
88,86,0.0014713792477568
88,85,0.0004261581696656857
88,76,0.00030196036593928
88,96,0.0020305633765274247
88,116,5.0399689665169994e-05
88,95,0.0007054113207174927
88,129,0.0014196462126051
70,171,0.0002243636390230727
70,86,0.0009668813810153676
70,77,0.007995866160882133
70,69,0.009296803881563835
70,63,0.23798950324290502
70,104,1.3973310537106758e-05
70,76,0.002359726058204
70,95,0.0001152350336739714
63,96,0.0020480088832394664
63,69,0.0011902833656839999
63,77,0.0014207849048992333
107,141,0.0006421995042012333
107,108,0.0003985748455732333
107,106,0.02650721597986202
107,97,0.0013514413268268166
107,96,0.002733096227192908
107,95,0.0013433327288748095
107,104,0.00017721681016455136
107,105,0.0004396803148133571
107,86,0.001026675022287811
107,85,0.0005108696043188857
107,116,0.00273717723620304
107,118,0.0003712884030464375
107,117,0.0005793685449222854
107,285,0.00078742374265985
77,106,0.0055195793767086
77,86,0.0055222259769220445
77,76,0.01448218851612278
77,69,0.04291739924790936
77,104,2.541609055951215e-05
77,97,0.0010501519796978665
77,85,0.0003188409038522285
77,96,0.0006890795103266
77,98,0.0013172722417429002
77,95,0.0001373840330462857
77,162,1.636828083368493e-05
71,91,0.00065786415814505
71,90,0.0013595245028512626
71,89,0.0037648534283287296
71,80,0.0070561667101067364
71,72,0.23294756657160157
71,65,0.003166948323205025
71,64,0.11245182122624336
71,54,0.0005758145456320875
71,101,0.00045693533370986926
71,112,0.00011245087560398998
71,123,4.704386357462391e-05
71,1589,0.00018774397985828233
56,45,0.0076060648677661
56,72,0.0002462550453992625
56,101,2.5294107360182697e-05
54,64,0.0035965257697697
54,72,0.00022311494726751248
54,65,0.003678439765224
54,91,0.00012322890157891904
54,101,4.457040199426924e-05
54,110,0.0007232139170775202
54,99,0.00028838485620975716
45,1246,6.035477472240943e-06
104,307,1.597274705660946e-05
104,209,5.982043124516759e-05
104,190,5.238466231668379e-05
104,171,4.5563374817155426e-05
104,169,7.4233801928073e-05
104,168,0.00012818343484164056
104,167,2.0903893605481085e-05
104,152,4.84094405984527e-05
104,141,3.2348633722572956e-05
104,140,7.805710710793109e-05
104,139,0.00028714263456038655
104,138,0.0005391056320184567
104,128,0.0006756111788937735
104,127,0.0014263789879520633
104,126,0.0005541626336334432
104,118,0.005196980198446458
104,117,0.05718865820346267
104,116,0.029375666374112458
104,108,4.061840099265e-05
104,106,0.0011344062940094875
104,105,0.0933965526901997
104,102,9.437134383839324e-05
104,98,2.5901976280028386e-05
104,97,0.00026932275221551986
104,96,0.000464216208723669
104,95,0.0018000529440881556
104,86,2.738318118692432e-05
104,85,0.0004403665752012556
104,76,0.010637660033853674
104,73,0.00013043604945501622
104,65,1.4920229046627027e-05
104,64,1.3628974227564863e-05
105,190,0.00045147822343258564
105,169,0.0017336500101513572
105,168,0.00017360245647216426
105,140,0.00035563458612421423
105,128,0.00013155730769382856
105,118,0.012413270273021176
105,117,0.004301459161051778
105,116,0.0016172993447240035
105,108,0.00012731394787204284
105,106,0.06689689200433391
105,96,0.0004255628397839071
105,95,0.0021418916449542
105,85,0.0002463665128968571
105,127,0.00013485399069802502
64,72,0.009217549471883298
64,65,0.07508035538429664
64,91,8.691687962591903e-05
64,80,0.000598821078495275
64,101,3.912354128318654e-05
148,356,2.0317980196880004e-05
148,339,0.0002871322267753782
148,250,0.0002098229910143434
148,243,0.0011815236223396636
148,242,0.0003537379055871366
148,239,2.1143206844083335e-05
148,238,0.0008896361876625347
148,224,0.0012708974665256731
148,205,0.0020591120009240665
148,204,0.0038442355974060986
148,184,0.0014146770142576851
148,183,0.002414885769885265
148,182,0.0016207889305891033
148,181,0.0004825953603292383
148,164,0.0026845438272450756
148,163,0.008904981096398437
148,162,0.1499151553001824
148,161,0.003781340236352688
148,160,4.511119960816335e-05
148,155,7.952867563906165e-05
148,147,0.17696832166667126
148,134,0.1446255549184737
148,125,1.7882575791885e-05
148,124,2.0147919061921665e-05
148,123,0.07206353420510349
148,122,0.0026751248849443184
148,121,0.002151363476572043
148,120,0.003644663242844799
148,112,0.0016235257570408907
148,110,0.0499529845830894
148,101,0.025020375826548924
148,100,2.839961215363333e-05
148,99,0.00017957339696354833
148,91,0.0002191082497061483
148,90,0.00012939577311846836
148,89,0.0007334181838022172
148,80,3.111908301178834e-05
148,167,8.929731045646469e-05
108,97,0.0008963383913306168
108,85,0.0003847331990672571
108,96,0.000752806700634325
108,116,3.499138525198001e-05
108,169,0.000353537202110075
108,118,0.000475836147775175
108,95,0.00011932346012102143
108,106,0.00028634409183591665
97,118,0.00042405346787453325
97,117,0.00020116057724514996
97,98,0.039635924698263963
97,96,0.017691359754562017
97,95,0.0008415955051698046
97,86,0.020248892295295074
97,85,0.0047615265465077265
97,76,0.0009227288187553199
97,116,6.881905156594333e-05
86,141,0.0002859459907119556
86,129,0.0011497405625526555
86,98,0.002393434366964422
86,96,0.002888433117055147
86,95,0.0030923796741470543
86,85,0.08381957272603727
86,76,0.08334680862362967
86,73,0.00020081820111766664
86,106,0.0003855484671090833
85,129,0.000240176646529
85,98,0.0004271202610868714
85,96,0.14118939221652768
85,95,0.004470384349955793
85,76,0.028860048903415845
76,96,0.00021398483675626
76,169,0.00032108408857155
76,106,0.00045321440966368325
72,91,0.003445003513118826
72,89,0.000228014731569275
72,65,0.002738350672773475
72,90,0.00035360841199202496
72,80,0.000428955687551125
72,101,0.0014572162208678734
72,112,0.00019009881557638007
72,123,0.0001224731471016848
72,162,1.4905829011541093e-05
96,169,0.000385132291298225
96,117,0.000307379705928375
96,98,0.0038339679966651
96,95,0.19150161558584966
96,106,0.0007409228342060665
65,91,0.0008527864643516072
65,80,0.0003026696670883
65,101,0.0002721684444118692
65,112,5.188000311061666e-05
65,123,2.4528399046680434e-05
65,162,8.774373694887808e-05
65,904,7.186421608682174e-05
91,166,8.70297940391714e-05
91,125,0.0005859119727582856
91,123,0.0015128744486193682
91,112,0.002449292179816959
91,110,0.0001337707819836619
91,102,8.945962376793334e-05
91,101,0.12070137393083091
91,99,0.0004112013861764
91,90,0.00844360044020882
91,89,0.0007963300798240524
91,80,0.09887744600264432
91,100,0.0037727149645602003
91,205,0.00028551713361932497
91,163,0.050828797980839766
91,162,5.9192164592120564e-05
91,147,0.00014116920272177276
166,306,0.0001647255854527333
166,285,0.00013690540312499998
166,206,0.0017215042072713002
166,187,0.25880881467631
166,186,0.021532134992584728
166,171,0.000523601370734611
166,167,0.05620862444100984
166,152,0.0017323626514018388
166,127,0.00039948488788299995
166,125,0.0011772420345921332
166,116,4.6333306172179994e-05
166,101,1.9294014403588465e-05
166,139,0.00032450134909282
166,284,8.428533208771335e-05
127,168,0.00011405210310286876
127,167,0.0018017634334563212
127,152,8.996167844081251e-05
127,140,0.0157794273338695
127,139,0.0021047660444879503
127,138,0.0012501081394816812
127,128,0.023390336697205565
127,126,0.0056286123687474
127,118,0.004797922655134718
127,117,0.0015765549117400027
127,116,0.012433265157001754
127,106,0.00015610820339806875
127,102,0.00031594143386792507
127,324,0.00011645503098830713
126,152,0.0004089180518949
126,140,0.0006916752851263
126,139,0.22002013562377795
126,138,0.004321240223080776
126,128,0.00049138759634605
126,116,0.001310411890061145
126,117,8.945864920804116e-05
126,167,0.00020153686802965292
126,262,0.00033018793946207
116,429,6.154326522800334e-05
116,369,7.942722835858334e-05
116,186,0.00011725461800067
116,169,0.0004149879147145267
116,168,7.008427517952e-05
116,152,0.00019717227860643663
116,140,9.848096928483335e-05
116,139,0.00034023393961092336
116,138,0.00029068586574954665
116,128,0.011439781514226517
116,118,0.0014240347225381593
116,117,0.09495078229721891
116,106,0.0006703126631101999
116,101,5.362720522616334e-05
116,95,0.0001539750810868657
190,171,0.318057663516827
190,117,7.782610409317647e-05
190,167,5.992341747427058e-05
169,208,0.1910020164369469
169,188,0.38453848409825386
169,168,0.010011093805970199
169,128,0.0006396183661432833
169,118,0.02005435507732209
169,117,0.0003168289842331618
169,95,0.00012539518610946428
169,106,0.004104894294032499
169,140,0.0019083462627406001
169,167,0.00011287676932901765
169,285,0.0002384111955911333
171,118,0.000129970884859525
171,117,0.00017138469345312648
171,95,0.0005179682280655357
171,101,2.1357230084453852e-05
171,168,0.0007000327152315
171,209,0.0025942877376597
171,167,0.0001880294852442118
90,250,0.0003120991102924
90,164,0.000423413722469175
90,112,0.00650960354437378
90,110,0.0005812836269321
90,101,0.032784036011865234
90,100,0.03312858561454855
90,99,0.008447922089097726
90,89,0.03002874528310246
90,80,0.09104861988231389
90,123,0.002031510108863046
90,122,0.0025399853465536
90,162,6.303104428200685e-05
90,147,0.0006071932698817637
90,134,0.00024482724958231665
90,120,0.0003842404143526667
89,110,0.00039237840082343334
89,101,0.011634071686437599
89,100,0.06181266454623916
89,99,0.06028277755173721
89,80,0.0025179014638527664
89,112,0.003212445029958726
89,123,0.0029106298698940024
89,162,0.00023388218780654523
89,161,0.00038476509948726664
89,147,0.00032032828677868184
89,134,0.0004153970067791666
89,120,0.0016920693982694665
80,101,0.0043830686813133716
80,100,0.0030199500718222
80,99,0.0005726141519061856
80,112,0.00060104557119522
80,123,0.00028467110747023487
80,147,0.00011847745316509999
128,168,0.00047923004092486655
128,140,0.005852787892432165
128,118,0.00042202558014197084
128,117,0.011176649549063066
128,106,0.0003647969714168166
128,152,0.00212266316309705
128,139,0.007537999167255798
128,227,0.00023762654270595
128,326,0.0006637290899317
118,168,0.0037745795010282494
118,140,0.00095698105720405
118,117,0.014317039217296795
118,106,0.17831990955193402
118,95,0.0002914442662921821
118,167,6.198115895041764e-05
118,188,0.0008100846186217001
117,285,4.055697977758235e-05
117,209,3.072662400719412e-05
117,168,0.0005965827673635206
117,167,0.00011919487675225292
117,152,0.0005970612361126411
117,140,0.001990057835257
117,139,0.0028254574167848887
117,138,3.973194216359707e-05
117,106,0.0013260621832263874
117,95,0.05309333732255879
98,95,0.0006113277703463286
98,79,0.0010623293409418
95,139,9.243106204599284e-05
95,106,0.011796615043753463
106,168,0.00019089469979343332
101,761,2.1434534273561538e-05
101,356,3.320582216659616e-05
101,339,0.0007875984019461501
101,250,0.0007826678370025558
101,243,0.00017814134847161348
101,242,0.00015009531894102885
101,239,3.6160469350478844e-05
101,238,0.00035692630810802697
101,224,0.00022224517109486734
101,205,5.0193200516244226e-05
101,204,0.00025739725441463907
101,186,0.00013934852856770002
101,183,0.0001200139571747154
101,182,0.0003821743806619635
101,181,0.0005985600745715558
101,164,0.004996493474026983
101,163,0.027786255972699243
101,162,0.0007908476273638957
101,161,0.0007023370313258328
101,160,3.021112532652308e-05
101,155,7.833916912524615e-05
101,147,0.0019195000199911025
101,145,5.363056165218653e-05
101,137,2.3246360020884602e-05
101,134,0.0038899590198826356
101,125,0.00010834308841633272
101,124,0.00011400309024092694
101,123,0.18955165621657705
101,122,0.003415410847523859
101,121,0.0005167717211797154
101,120,0.007406258222201034
101,112,0.16977375907039696
101,110,0.004706271660915191
101,102,9.752342822595189e-05
101,100,0.026446295776809615
101,99,0.006166057334513092
101,369,0.0022516078342486113
168,140,0.0005028534687273999
168,167,8.49110733835647e-05
168,285,0.0064494199009474335
168,208,0.0026177219709021997
168,188,0.0241732088469207
152,285,0.0004191481361554833
152,266,0.00027086788757275
152,265,0.1586858257321167
152,206,0.0005488465736480166
152,167,0.00844118960803677
152,140,0.0003440488491542333
152,139,0.1985279623257372
152,138,0.0034991929595509993
152,186,0.0006690682792286624
152,187,0.0031086431979037996
152,246,0.0006477287135630201
140,167,0.011756601314654577
140,139,0.0029313270242777197
140,138,0.0019042712022376
139,167,0.0008874454413805001
139,138,0.06549529167086636
139,326,0.0001780485650551
102,123,2.2390130292954354e-05
102,167,0.0019239112790098176
102,263,4.232156292683462e-05
129,142,0.0010198685411274
110,339,0.0005793152599878001
110,243,0.00107955901454608
110,182,0.00028687853563278
110,181,0.00047309231453367996
110,147,0.02015535903746598
110,123,0.004164385880240862
110,122,0.061522388417968484
110,121,0.008787131989089321
110,120,0.005003503186085613
110,99,0.2139351008662082
110,100,0.0054975920455473
110,112,0.005742754803852006
110,183,7.241834067239001e-05
110,163,0.0012772412228609334
110,162,0.00042859941187839315
110,161,0.0020411508999361
110,134,0.004795027688278434
100,339,0.00058810586614855
100,123,0.003025446628606972
100,122,0.004154428243655116
100,112,0.058354343290384164
100,99,0.03947054210163922
100,162,1.650497555760137e-05
100,147,0.00010305200609023635
99,339,0.00031537463327915713
99,243,0.0002000369865061714
99,181,0.00016459549642517142
99,123,0.0014078999698980991
99,112,0.027290891003946792
99,122,0.30050732449128575
99,163,0.0005122019282928333
99,162,0.00011921888898152322
99,147,0.0005757368545272819
99,134,0.0003055548911821334
99,120,0.002387548640873033
99,269,0.0007456957102413601
250,356,0.0044570417139373
250,339,0.0022668310134388997
250,291,0.0017182994159955002
250,272,0.8444755307109035
250,271,0.008181558192064101
250,238,0.0012399289860429
250,112,0.0002457693385452333
250,123,0.00046111790368888483
250,162,0.0002974697286004548
250,147,0.0005462964254580274
250,134,0.00033724642000916664
250,120,0.0013683489683382
250,293,0.00036765743701379995
164,163,0.04915073888004624
164,123,0.011347793625017269
164,112,0.00159346833851086
164,162,0.00029647050452054113
164,147,0.001030115593762491
164,134,0.0033946008137671
112,339,0.0004390753921580067
112,262,5.112618315964002e-05
112,243,0.00011943598934895333
112,242,8.650155331181334e-05
112,238,0.00019974021605907664
112,224,0.00013656822739125334
112,204,0.00018859562806955996
112,183,4.989411764465999e-05
112,182,0.002893704515450133
112,181,0.0004085988993020066
112,163,0.0032782963581726634
112,162,0.0036743217833306203
112,161,0.0005489631953279999
112,160,6.383974174222668e-05
112,155,4.2580883594726665e-05
112,147,0.002290967780879045
112,134,0.0014359508849043831
112,124,7.170978212044e-05
112,123,0.19834634196164705
112,122,0.04581096473632801
112,121,0.0005860503552688233
112,120,0.003517585224263683
125,124,0.02240348225373896
125,123,5.054235280912611e-05
125,167,0.00027845181996614124
125,186,0.000217283206987725
125,137,0.006607268357887325
125,206,0.00023458722705728
125,263,4.5919063987773087e-05
125,244,7.324341394967501e-05
123,339,0.00033258628002440655
123,243,0.0001867531679130565
123,242,0.00010049537293781521
123,238,0.0001998817697766413
123,224,0.00016667966043403258
123,205,0.00044049174649501944
123,204,0.00031777929496067375
123,183,0.000603301766030058
123,182,0.00037999822848785433
123,181,0.0003531146285620587
123,163,0.48045717967753354
123,162,0.00287461598575725
123,161,0.00046768342997077387
123,160,2.8853659707495656e-05
123,155,3.7839661230463045e-05
123,147,0.0065370053988188835
123,145,2.196972167505869e-05
123,134,0.055309217128374444
123,124,4.1598489443623906e-05
123,122,0.02532050431588118
123,121,0.0006905069724434978
123,120,0.004306558114258452
370,429,0.0003817600691541881
370,410,0.0003853530541278485
370,392,0.007146789944052654
370,391,0.0029258772202515578
370,369,0.11640541276087987
370,347,0.002567004654956355
370,346,0.03533980904492267
370,326,0.001617509265419889
370,325,0.00018606162726588887
370,284,0.00017516736491624666
370,446,7.200201559283333e-05
370,286,0.0010439508869552999
370,305,0.0009748735128880667
167,307,0.00019149589860096468
167,285,0.0007137163430532479
167,263,0.00011977309665061494
167,244,0.0005436875842482023
167,227,6.37637412724353e-05
167,187,0.011229406686444156
167,186,0.003365218337272914
167,138,0.003907222067994836
167,124,0.00016203231361104119
167,429,8.775986504439289e-05
167,206,0.0005293244452223401
167,266,0.0004989395161064333
167,326,0.00012332660685765556
339,321,0.06965950177442375
339,238,0.00242370478785485
339,181,0.00100032843745
339,122,0.0004430038378465667
339,163,0.0004972181475455999
339,162,0.00039670926252650544
339,161,0.0008327418278021
339,147,0.0009328001511817001
339,134,0.00027194851832033326
339,120,0.00041653342004823336
243,204,0.004346004679566634
243,242,0.0198087010587946
243,224,0.0154602727340557
243,183,0.00308902799437574
243,162,0.0015308138272204863
243,161,0.0009115418527583333
243,147,0.0007559693971319183
181,242,0.0019096062464754
181,238,0.0083600474666912
181,224,0.0022583722431414
181,204,0.013918682230402202
181,182,0.0070231087109709
181,180,0.0042767968724659
181,160,0.0033121600070942
181,122,0.0005469204542635999
181,183,0.00018815280735368502
181,163,0.0003702481847183667
181,162,0.0010177568811481617
181,161,0.003639016070756033
181,147,0.0053289601634949535
181,134,0.00042723145640048335
181,120,0.0010235162220779332
181,179,0.0052505919531439325
122,1203,0.0006596547261091668
122,182,0.0004402853198454667
122,162,0.0007184733249166502
122,161,0.001750749011024433
122,147,0.008907267939083667
122,134,0.0153725742910162
122,121,0.0028278792785326663
122,120,0.0008516380650066334
122,204,0.00048752248634439997
122,163,0.0015302154273394999
761,1525,5.44369275274e-05
761,1024,0.00010617066861277503
761,958,0.0027950775136558496
761,833,0.00041091505261676997
761,811,0.00022595163745475498
761,784,9.329177239258e-05
761,782,0.010959163336430381
761,781,0.001311754325538935
761,780,0.00017928009276162006
761,762,0.037290478598948844
761,760,0.00680202519330296
761,743,0.00010253772662693001
761,741,0.002261816682905805
761,740,0.4956935513727472
761,739,0.0008268255074043501
761,721,0.00017540517823146505
761,720,0.0016985613074434647
761,719,0.0007327734379396467
761,685,0.00022645638408865998
761,667,7.4733746020795e-05
761,644,5.0236328023179994e-05
761,591,0.00012340178838508
761,587,0.001055468266706695
356,333,0.4918664636817587
356,182,0.0006402201766635666
356,162,1.7682996885172607e-05
356,272,0.0050793596487853
242,223,0.01035857017718065
242,183,0.011235936865419889
242,121,0.0063627597822027
242,238,0.0026875371199172
242,224,0.2102753738068074
242,204,0.0004050062709511444
242,182,0.0007184755461182333
242,162,0.001191161976878326
242,161,0.0159118851238324
242,147,0.0006651226125793546
239,180,0.0021080058409523
239,162,0.014819649135158873
239,238,0.0027190395528086
239,183,0.000529092973252715
239,182,0.0005858731419493999
239,145,0.0010827011740243
238,224,0.0027044836033466
238,155,0.0101839669636398
238,204,0.00024585125129907774
238,183,5.0336687780125e-05
238,182,0.0011026581890499333
238,162,0.0008721223138115932
238,161,0.00044640682068356667
238,147,0.000985119600973718
238,134,0.00018737633653691666
238,120,0.0004360015305214667
238,179,0.005959836721747333
238,632,0.00013154691832346923
238,662,0.00012506695671780227
224,183,0.005381678204227195
224,182,0.004166707959374033
224,204,0.0017049849596801777
224,162,0.003438692848370604
224,161,0.0012862834155662334
224,147,0.0016421954481944728
224,134,0.00022925397382396662
205,204,0.15286285043673462
205,184,0.12277019024279916
205,183,0.0010536523216459698
205,162,0.0029128944128400122
205,147,0.0008982580603681682
204,184,0.0004090293529575333
204,183,0.037825622799396746
204,182,0.002648180099874833
204,162,0.2906690856780414
204,161,0.001583827768755033
204,147,0.0015656714457695931
204,120,0.000507278925074089
204,134,0.0002375084358096333
204,262,0.00022380041820304
204,304,7.128906489580625e-05
204,284,0.00010089048693292666
204,283,0.00020116669684360324
204,303,0.0014698390601743543
204,324,0.00028212576452531425
186,410,0.00037907077239083745
186,392,0.00014033516601773748
186,244,0.00048369768635824254
186,206,0.0034397757106561623
186,187,0.04879190985028598
186,262,0.00018764870173436504
186,263,4.239014522559231e-05
186,228,0.0003985033586135667
183,264,5.590168307981501e-05
183,223,0.00020927719983777503
183,182,0.006824823217368815
183,180,5.082460373200001e-05
183,162,0.06947098453102975
183,161,0.20641895635380447
183,160,7.076034354514e-05
183,147,0.0051873468185582245
183,134,0.0004741696670556584
183,121,0.004201759008488315
183,120,0.00051311462396949
182,223,0.00049145727845
182,180,0.0004807861308321667
182,162,0.00944767451264767
182,161,0.053709027469832166
182,160,0.0071069329619212656
182,145,0.0006661830849422666
182,121,0.00043207721151596664
182,120,0.0079491685409256
182,163,0.0003729204010244667
182,147,0.010101421075590884
182,134,0.0006190458481301834
182,262,5.1061896445970005e-05
182,283,7.981559649840646e-05
182,323,8.059913536445334e-05
182,303,0.0003014085903086091
163,162,0.004108295671182242
163,161,0.0007360922246425333
163,147,0.0008660824371812725
163,134,0.006576786895924067
163,120,0.0009778167047667999
162,344,3.760336494692739e-05
162,342,2.4373967671961642e-05
162,296,1.5364611360845202e-05
162,262,2.7767354362332867e-05
162,223,5.016394496573972e-05
162,184,0.00010175177385407809
162,180,2.2598807263569867e-05
162,161,0.03071697951161664
162,160,0.00010185824337235478
162,155,5.6308416771601365e-05
162,147,0.09675468491654143
162,145,2.8720173938330132e-05
162,137,4.722809350014657e-05
162,134,0.0035745564304668674
162,124,1.4657320261678079e-05
162,121,0.0008088355361198357
162,120,0.004068924718546205
162,283,5.554440924647744e-05
162,303,0.00014047848887809995
161,147,0.17781337010093254
161,121,0.0106942969439812
161,120,0.0068134497069449
161,134,0.0012899452397483165
160,180,0.0030052308580212
160,145,0.0541706462324466
160,147,0.0001570880712293727
160,120,0.002942896373498167
160,179,0.0006669043400458
155,147,0.00013196074547033637
155,156,0.00985780038405955
155,175,0.0011426384393533
155,157,0.0005963313318229999
155,179,0.0005041663180912
147,145,0.00013160287189731816
147,134,0.017049508831564118
147,121,0.24587519931122617
147,120,0.015035564678612638
145,180,0.0060392235423616
145,120,0.00039911139974089995
145,179,0.0021671060685571
137,285,0.00027138989959025003
137,206,0.0008673894996248549
137,263,7.50352612630231e-05
134,143,0.0006850734974202666
134,121,0.0020451833299317333
134,120,0.003564432201058616
124,263,8.298137031194616e-05
124,283,4.258845235725806e-05
124,303,0.00010111522043139998
121,120,0.0067348413587696
120,283,7.24494022877516e-05
120,303,0.00011093396062185457
307,326,0.0041003574994095335
307,306,0.007159626003373033
307,305,0.0024694668699389664
307,286,0.005720135361990433
307,285,0.16711271146673493
307,262,0.00019982896492707998
307,410,9.438217063595996e-05
307,187,0.0003451229119423333
307,325,0.0004550637673279833
138,187,0.0032788886871430167
262,446,5.8244062121499995e-05
262,369,0.0001632963826441189
262,344,0.000195384640344505
262,342,0.00018609091105953996
262,323,0.0003251750312361383
262,304,0.006012402129640825
262,303,0.013361378520626244
262,302,7.010908823031501e-05
262,284,0.12993087829200534
262,283,0.22040947357597412
262,271,0.00011576034292802497
262,264,0.0015286531719980786
262,263,0.01923602150799906
262,244,0.002546094658608925
262,228,0.0006227435815917451
262,206,0.000128383746644725
262,445,0.00019318832857043335
262,324,0.0008713750955404713
429,446,0.015206791914041881
429,445,0.00012085710342504285
429,428,0.0011224592322617694
429,411,0.23948287594484294
429,410,0.004800025762236357
429,392,0.0005965437464664238
429,391,0.0008700770731512224
429,326,0.0009322769294895428
429,303,0.00013322556476684546
429,465,4.316130262623225e-05
369,858,0.00014012012199611108
369,446,0.00015198441677354127
369,428,0.00011205021293851669
369,410,0.0005845316674502334
369,392,0.0012406751826198718
369,391,0.04269043300128787
369,346,0.10030706787635396
369,326,0.00010985442727774442
369,325,0.0012403488586534889
369,306,0.0002245459334845611
369,305,0.0004906257890981444
369,285,0.0002136898817138833
369,264,0.00019491553757085555
369,263,5.313555408423462e-05
369,283,4.4702909098700006e-05
285,346,0.0009536949596535832
285,306,0.0016525385624871834
285,266,0.0007357830262340667
285,265,0.005793944824566032
285,246,0.002276301191504783
285,188,0.0006490128370458001
285,303,0.0005069651451986909
285,286,0.00051565709300195
1203,1946,0.000461070196558425
1203,1294,5.0772461353800006e-05
1203,1270,7.672316032724499e-05
1203,1268,0.00019874889992873
1203,1267,0.0004991089191486268
1203,1266,9.426385901119001e-05
1203,1236,0.00017421921535963004
1203,1202,0.580913846231401
1203,1201,0.0015895034130835625
1203,1200,8.431726606083002e-05
1203,1164,0.00011079651821873
1203,1162,8.192025954278501e-05
1203,1161,0.14282767711169
1203,1160,0.0022701479736161865
1203,1134,5.6341204470729995e-05
1203,1130,0.00019523797523847007
1203,1128,0.0014782346350225102
1203,1127,0.0017086837965459138
1203,1126,0.00013467492883987501
1203,1096,0.00012493083362124
1203,1095,8.854039865686002e-05
1203,1094,0.00012934715488829997
1203,1055,0.0001221516970189
1203,1019,0.000757781544039315
1203,985,0.00013992696780851002
1203,958,0.0001285801715533
1203,1057,0.0023905469680932
1203,1235,0.00046778531651546
1203,1325,0.00023315517977260772
143,157,0.00422883541821825
410,483,4.1715700036560006e-05
410,446,0.002377873527432121
410,445,0.000116272523764812
410,428,0.1518838838405976
410,411,0.00220945424566752
410,392,0.000231992466672808
410,391,0.08923406164693756
410,346,0.000576890645989292
410,344,5.3862459318851996e-05
410,325,4.3530689102224e-05
410,244,0.000313898313825972
410,304,0.0002138543059816
410,283,6.0389247460958064e-05
410,303,0.00010816158517091816
206,244,0.000616946274830465
206,228,0.2298293732741748
206,227,0.005161111030670883
206,263,4.7104656381369235e-05
206,283,3.3215062059458056e-05
187,325,0.0001914023053144167
187,306,0.0002716246803059166
180,179,0.0034246894102624
266,286,0.0018931224129768499
266,246,0.00368593635717826
266,265,0.007601611765846632
266,326,0.0006246221433674666
265,286,0.004552184899953733
265,246,0.007683221684543532
265,188,0.0006288372287519333
156,196,0.0052770380829499
156,175,0.0052680971658235504
156,157,0.0717404167325031
196,197,0.0031164031082868754
196,192,0.001284816914003975
196,175,0.9127866921537274
196,157,0.00027787900329045
175,192,0.0017440764820421
175,157,0.0026016885719677
344,465,0.0008904479864377001
344,323,0.0027730022150059073
344,342,0.007506660143522199
344,304,0.00036147283342510627
344,283,0.00040795340868085144
344,446,0.00011020421350233333
344,303,0.0076774604773364
344,302,0.0006292193787576499
344,324,0.004408119622723114
344,470,0.0021314343388889
342,283,0.0006562502552677204
342,263,5.020454496071538e-05
342,304,0.002629837641929806
342,446,4.836284576713809e-05
342,323,0.0007359355426443799
342,303,0.06797641588201056
342,302,0.000287302802529425
342,324,0.023219499702805166
296,291,0.0006092259377102666
296,314,0.1409410567723525
296,321,0.0019643197787296
296,643,0.00024957922874545714
306,326,0.018737291245181954
306,244,0.000409315769283845
306,286,0.0008251237990739
306,346,0.00026370686577418997
306,305,0.0013577131652501664
263,428,5.058661693109231e-05
263,411,4.2413489282338477e-05
263,391,5.479762207104616e-05
263,347,4.7104606033446146e-05
263,326,5.654277299604614e-05
263,304,0.0008066847121916134
263,303,0.07395812326240367
263,284,0.03447281453425617
263,283,0.005589269624109156
263,264,0.005630849372111312
263,245,0.0007375256505539218
263,244,0.06451796883083612
263,228,8.530069588558462e-05
263,227,0.0012874769798710756
263,323,0.00226057100902796
263,324,0.0020167100803672494
244,428,0.00014472815844264006
244,284,0.0023636492990018096
244,283,0.00043599425233445854
244,264,0.0028613195895603695
244,245,0.06386494225863669
244,228,0.0007478925364790051
244,227,0.003870198892903809
244,304,0.0011402423385603122
244,303,0.0001673126676901091
227,304,0.0005698376419949332
227,245,0.011937847710091666
227,228,0.015090382892482764
227,264,0.0004078039592667666
208,188,0.303731185899958
188,246,0.00153413227264175
264,304,0.001934253697175519
264,283,0.0006931248029942592
264,284,0.00014770199573543334
264,303,0.0006511060298425546
264,391,7.865871109828235e-05
392,411,0.0036483706009606664
392,391,0.004431751554846828
392,446,7.081957454163333e-05
392,326,0.0003573023532177555
392,346,0.000154546888843365
392,305,0.0005661301174834999
392,465,6.344484961669999e-05
325,347,0.16792065550174304
325,346,0.2367720070609253
325,326,0.18040533694578328
325,305,0.015639663649277068
325,391,8.684628693249999e-05
228,245,0.0030624761893717004
212,269,0.0016509904485591449
212,354,0.0030269931011988
269,418,0.00030276369769378003
304,428,0.00018603276106076872
304,324,0.012511121200764681
304,323,0.0018906917679293042
304,303,0.3168067227460839
304,302,0.0010694597278931438
304,284,0.006812563414917485
304,283,0.08502881419518372
304,271,0.000560340657225425
245,284,0.0001687065564883
428,660,0.00027745874507955454
428,513,0.00013284869583477275
428,465,0.0013008391669290446
428,446,0.04348516256425491
428,445,0.09571368666631046
428,391,0.0005760336566866375
428,284,7.322916547373333e-05
428,283,4.0083199707451614e-05
428,303,0.0002847971361345182
428,324,0.00041414599104612135
284,305,7.732673966608e-05
284,303,0.021263361540036996
284,283,0.12122573209325119
284,324,0.002210403613868664
283,790,3.8191664594251635e-05
283,446,0.00010403507505997511
283,445,6.178281550774517e-05
283,391,5.598109484490644e-05
283,346,3.273911569806451e-05
283,324,0.01573646559652676
283,323,0.0005724819353402171
283,303,0.16878187818991075
283,302,0.013968523350683817
283,271,0.00018417160500380645
248,268,0.0010506082120957
248,267,0.0008712417082193501
248,327,0.0007385402190561667
268,415,0.00018362238785684442
291,271,0.0489814522242219
291,331,0.0005857555219383001
272,271,0.0022215879330388
271,303,0.00047072332209590007
271,324,8.751764330904286e-05
271,331,0.00132616958238848
446,465,0.031424768590716225
446,445,0.00335562172787997
446,411,6.725087346853808e-05
446,391,0.0002517051565219308
446,303,0.00023190934841458175
446,324,0.0004077763206692071
323,324,0.19975088507201952
323,303,0.114644318470831
323,302,0.02277400352164205
303,790,9.495326290093636e-05
303,445,0.0002753192809536727
303,391,0.00014252759126531824
303,347,0.00010293359172526365
303,324,0.20658212427952316
303,302,0.04589099027545252
302,445,0.000486344787934075
302,324,0.02598951937173748
411,391,0.0025398991745998523
411,326,0.00333855924845476
391,445,0.00040751481288590463
391,346,0.0021698122334317263
391,326,0.00017290533586255885
391,1074,2.6712384223173867e-05
347,346,0.007389866371523999
347,326,0.008232027969630962
326,346,0.0007365842160022863
326,305,0.10115833540428414
326,286,0.0002596356832145222
326,2194,7.772223657987448e-06
286,305,0.0063673747989885995
267,327,0.00010928600225146003
267,287,0.03853837218588132
267,348,0.0004943612771261667
327,348,0.005324030951026667
327,287,0.00116263394041455
418,354,0.0025485233622689
418,397,0.00180253800589
418,436,0.0013525125190365
418,415,0.0007089509314282888
418,420,0.0022898029505933
418,484,0.0643637609059457
790,1062,0.00010136770144673077
790,838,0.0004087445303498462
790,837,0.000395785104536632
790,818,0.0001300065108691154
790,816,0.009531903195659178
790,815,0.001719332390564213
790,792,0.0012358994687452847
790,789,0.012431976712552514
790,788,0.0009784588455036298
790,768,0.001222177655006832
790,767,0.00035075728091046155
790,729,0.00015518178789900773
790,880,4.452096985979285e-05
790,839,0.00039005119439417695
790,791,0.0018370201133539998
790,817,0.001576570581329325
445,465,0.0015119049043963422
445,346,0.000576815020717405
445,324,0.00010981558887805
445,1174,4.69238139698724e-06
445,1109,2.221300402018455e-05
346,305,0.0006277259420188633
305,465,3.6649284016948375e-05
293,355,0.0005260266098837333
293,333,0.010547535536384699
293,314,0.003944648991100367
355,333,0.0031057926177220003
355,331,0.00040405978214948
355,354,0.0011012526605651
321,2213,1.3168640967590585e-05
348,371,0.0017904564812153
328,374,0.008400444801922051
328,329,0.00179116621422255
328,415,0.00012091424008914444
328,435,0.00030115080859744
374,329,0.0085529522337363
374,351,0.0012174629729780999
374,415,0.000674381874148111
374,435,0.0007819066969599799
374,521,0.00032534027858394
329,397,0.0012325990914478
329,436,0.0015411660491882
331,354,0.00259441851014184
354,415,0.0001399527444422111
465,516,4.6705367110729024e-05
465,483,0.00027796948191804516
465,464,0.02491409347245219
351,397,0.0017110779434919
397,436,0.17852515430433274
397,415,0.00033641256671333334
397,435,0.00045324388990617
858,1068,3.151098948717794e-05
858,909,6.848409313865239e-05
858,1069,1.0987078134504209e-05
858,855,0.0026913449765701
858,1030,2.404541177715094e-05
858,1174,2.3404253919633334e-05
858,1109,7.156278768866545e-05
858,1032,0.00011774028973220557
858,1067,5.983035388336049e-05
858,1175,2.1199996662161955e-05
858,1340,0.00022299140565319996
371,393,0.0014770953344757
393,466,0.0039737359499272
393,500,0.004565061847179633
466,430,0.0125477058864695
466,500,0.0011517348294089
436,473,0.0036515890927852996
436,415,0.00020290664619637778
436,435,0.00117982953297142
483,426,0.0033491490822126
483,427,0.002280085532970067
483,464,0.00339133068903275
483,499,0.349561707159009
415,634,0.00022592009324061112
415,473,0.0003520846828178111
415,450,0.0005335402017871222
415,449,0.00014833311042644444
415,435,0.004870745580714007
415,433,0.0019574549307415554
415,414,0.0006517146804881
415,489,0.00035619655083413333
634,681,0.0023798367235795008
634,737,0.0006190548005317875
473,539,0.0005528007772925
473,490,0.006465441664545225
473,433,0.002249858633864575
473,435,0.00171508802449926
473,471,0.001465920279072
473,507,0.000530033426733025
473,506,0.0005025981516922
473,553,0.00044069830834298006
473,566,0.0042376772730238
450,471,0.0069329030106992
450,470,0.002789718013888
450,2081,4.462788915107757e-06
449,433,0.0029193585302336
449,470,0.0062010091100818
435,471,0.00042133587549161
435,433,0.0008150593218077102
435,420,0.00013811705852134003
435,414,0.00024845836681687
435,632,0.00024351926452237694
433,470,0.0013299628209217
433,414,0.0011730640138312
420,430,0.0010477000142829
426,516,0.0012647182426171
426,427,1.0333204700766496
426,443,0.00040644559165283335
426,462,0.0037691742415213
516,427,0.0014582524394058333
516,1171,2.598120054859378e-06
516,1246,1.6141442840942187e-06
427,362,0.0007488521150804334
660,854,0.0007150691993865232
660,848,0.00010926514350517693
660,745,0.00033973345380836154
660,727,0.00010081779641853847
660,709,8.614168282103847e-05
660,694,8.484033677409232e-05
660,690,0.00012843940141733077
660,673,0.0016760130053413563
660,662,0.023744073463460753
660,661,0.009378893320170093
660,659,0.019045995526974793
660,648,8.006941036142309e-05
660,647,0.23086027022754835
660,645,0.00022791852616207693
660,632,0.0017215745409257387
660,631,0.00022261899634037696
660,602,0.00013210347256486924
660,617,0.00050208681958134
660,675,0.00030856835625379996
513,531,0.0014083775102775
513,511,0.0131204229498967
470,504,0.0010854641191639
470,471,0.0010526747034525
470,506,0.0009251369439239334
471,490,0.003903042085461
471,489,0.0012228979674871
443,511,0.0023570631165874996
443,462,0.0016751781148754666
511,585,0.00037306731424584987
511,617,0.00177071013208382
462,1980,0.00013178784768546248
504,503,0.1025111522241374
504,521,0.00024577225408295997
504,506,0.0005121543833511667
490,507,0.0010235898692164
490,489,1.1313870550678269
490,539,0.021383144004419652
490,505,0.00054748449980175
490,521,0.00105506977362286
490,506,0.0020826755486026334
490,524,0.022246010697257
489,507,0.0014040685605592918
489,488,0.3379584247836248
489,506,0.00042487196265543335
539,524,0.49996610321925444
539,507,0.018243551567989524
539,505,0.0028759468461236
539,537,0.0006752091810745
539,540,0.0019411658298715
539,643,0.0003305866554514714
484,548,0.000253799382996925
548,507,0.0003150876057754
548,520,0.00084789132291235
548,534,0.0017321901563706
548,574,0.0003694755110952666
548,573,8.566183467212354e-05
548,590,0.0035135058371785002
488,506,0.000362134277552
507,540,0.000256121196765525
507,508,0.021631324968639648
507,505,0.0005048042305401
507,537,0.0009399052286062499
507,521,0.0002787915818346
507,506,0.0010141630190590332
507,524,0.0012307049716683
507,553,0.00024751857881420003
500,587,0.00040520295123601
503,521,0.00023676149517798002
505,537,0.0005678929385591999
505,521,0.00269230707851494
505,506,0.12727734794184864
537,593,0.0038125373116564
537,553,0.019070998599311578
537,520,0.0023028244786093
537,521,0.0012576185583876602
537,506,0.0007094218014620999
537,536,0.002283952665592166
537,535,0.0014100945368721001
537,552,0.006482059309924661
521,551,0.00020621836590448
521,536,0.00080383911225262
521,534,0.0003121635220996
521,520,0.00168937248158808
521,506,0.37785423651026007
540,536,0.00046281378814416665
540,552,0.0002504154254508
540,596,0.00021962754945343334
540,566,0.00037124050650348
540,565,0.0020484770120539
508,606,0.0007781495113694001
531,559,0.0017489419407837
531,585,0.0010377790916196166
531,625,0.00012273378856750413
531,610,0.0001034926444329643
531,662,2.5259958570559093e-05
520,536,0.0013575281694120332
520,535,0.0109351207792171
551,536,0.0011867224423505332
551,552,0.00129758446532162
551,553,0.0005963815932908401
536,552,0.005014165025548514
536,535,1.286172534946072
529,559,0.00274938153885775
529,557,0.0015496822363919
529,585,0.004030619843651683
529,720,0.002107779974297625
559,602,0.0013651142010473
559,571,0.00468811701399095
559,632,0.00043651652907464626
559,585,0.00035763930378541667
559,662,6.350392076830908e-05
557,672,0.0060759902208248
557,632,8.412360095536924e-05
557,585,0.00027429363310448333
552,685,0.00039392631501476005
552,624,0.00024157562411552004
552,612,0.0012260573534143401
552,596,0.00046684653914932
552,566,0.00057917431518714
552,553,0.013340487978874542
552,565,0.0023943803069375
593,624,0.0025011076891029997
593,592,0.5966743708560968
593,582,0.00040081522850387777
593,578,0.021825843328902212
593,577,0.10538944481866241
593,567,0.00036769278515112215
593,553,0.00011856981686798888
593,743,0.000168172643040075
593,1215,3.307820628695443e-05
553,578,0.0007162243893739001
553,566,0.0033972329064568606
553,565,0.2627182187528141
553,567,0.00383048803831
685,743,0.009392084814729336
685,686,0.001718600426194609
685,672,0.000357877235912125
685,642,0.000416716025957725
685,671,0.0008082179441043333
685,740,0.00014260774319958182
624,596,0.0025332915472492668
624,566,0.00061651764532158
624,578,0.0012796761191316
624,595,0.001094243306483
624,592,0.0017827300448588666
624,625,0.008376765039638266
624,610,0.00030119697717696423
624,642,0.0002420543797073
624,670,0.0005021207443543
612,786,0.03219419538180005
612,657,0.0005597251427723
612,643,0.006243178416024242
612,596,0.004774130204374149
612,611,0.0049346913174033
612,626,0.002577022264787183
612,642,0.00024180333362553333
612,670,0.0003980596473594667
596,625,0.0007515194977849374
596,595,0.36803084652985674
596,582,0.0003821039669052
596,580,0.000853575995477525
596,567,0.00020413697055231665
596,566,0.0012533510768924
596,626,0.0002546624321355
596,670,0.0008105905270070665
596,690,0.0001819979797786333
566,580,0.001028717080328815
566,567,0.0020141128411251203
566,565,2.0080356361653275
566,595,0.0005347838155598666
566,625,5.139020323134166e-05
566,642,0.0002112105985388167
566,1708,0.00017982629607941536
578,577,0.0016583059495338
578,592,0.011103785787652299
578,642,0.0022457976208762665
672,727,0.00027527194571099996
672,688,0.001210012992444325
672,673,0.0003088311222901
672,645,0.000854768857853075
672,644,0.3159713735025068
672,628,0.0005101813381484751
672,657,0.0043169118388088
672,643,0.0003466627977716429
672,671,0.002611623177930033
602,572,0.09753748817966093
602,632,0.010845654495830024
602,617,0.00034234051032170005
602,648,0.0006069258673665
602,789,7.294221638699711e-05
571,572,0.0005913621450617334
571,585,0.00034367488116518333
560,605,0.0020668253885449002
560,574,0.0010417657596378
560,573,0.011489098446212655
560,588,0.00050560109731966
605,606,0.03136265787438697
605,588,0.005885447123331031
605,573,0.002013556040675997
605,574,0.0003901986107899333
605,587,0.00014995847543056002
605,620,0.0019818838736354
574,606,0.0036071140471708664
574,590,0.0019022967038563997
574,588,0.018738669606741594
574,587,0.0010331538826774
574,575,0.0023040711967548333
574,573,0.01693004272340927
573,606,0.0005904544345600569
573,603,0.00017663285992284707
573,588,0.01592781179278901
573,587,0.24256493458335388
573,575,0.00014960318134728823
565,621,0.0056511714392118
565,580,0.0018217156801644
621,637,0.0230118576924617
621,701,0.0002059682267612125
580,595,0.014658770062288226
580,567,0.0005417142658877998
567,582,0.1036604307532624
582,592,0.0003671100355637667
582,816,0.00180068745161204
572,632,0.026660014884270344
572,662,3.545728018790228e-05
632,694,0.0006278300369258385
632,662,0.057151754741807344
632,661,8.800729697013078e-05
632,648,0.2354740462675234
632,647,0.00549955398654615
632,631,0.048777251065443936
632,617,0.02536373667862753
632,616,0.00030872706270784615
632,585,9.50838520262077e-05
632,2081,4.11662973713878e-06
606,620,0.08215284137220237
606,588,0.00048188422088981997
606,590,0.0048749888801859
606,762,0.0002620034880225833
603,619,0.006675269490657725
603,587,0.00589942385614203
603,633,0.001383112434183
603,650,0.0007303245780735001
603,832,0.000259947769448775
588,587,0.0018692260958511398
587,667,0.00013188279668025
587,575,0.00021992630125071004
575,590,0.005272586310381
590,591,0.0037132119600054
590,653,0.000327627343180375
577,592,0.017003614788565564
595,637,0.0003663512551417333
595,611,0.0007333278032993667
595,626,0.00037039740534021664
585,616,0.007123234018435867
667,682,0.006240980120035
667,656,0.0005905432490084
667,654,0.0163412250365601
667,743,0.00020743874491085
667,719,0.0005777872593128333
667,740,0.00015827881816278183
591,681,0.0007648949880573
591,607,0.06851067133638344
591,643,0.00015332996490747142
681,738,0.00045619571392235554
681,718,0.00030498688499743334
681,701,0.08948230212870761
681,700,0.0009546354324448973
681,688,0.00016644777359475554
681,682,0.00017710234824123332
681,680,0.0009071261610445556
681,678,0.001056836733502333
681,666,0.023679907185718014
681,653,0.004197276061770239
681,637,0.0005867467377615221
681,626,0.0001559537495359889
681,620,0.0005119084885746333
681,735,0.00016774281062849997
637,653,0.0066684662098708
637,626,0.0002534424539398333
637,720,0.000578035762005
611,626,0.14187259546398662
611,625,0.07344189049111871
611,610,0.04008010562873939
625,893,0.0001511239456282375
625,656,4.6305659130170825e-05
625,642,0.00505111447968972
625,641,0.004316530619159375
625,628,0.001020409134530225
625,626,0.1963953708348739
625,610,0.37368082238822786
625,670,0.0016530715635033335
619,633,0.001334850781430325
620,678,0.0013664989761285667
620,653,0.0023520409879896
620,635,0.03143231274209353
610,628,0.0007301369031023574
610,627,0.00012520277866578572
610,626,0.03438078794677042
610,1068,0.0002787785215833956
628,627,0.0010908273747291
628,626,0.0007467110184875999
628,643,0.0002546270362639143
627,643,0.0046557701670057
626,688,0.0018950909434620332
626,643,0.00044398885027441666
626,641,0.00025679266773466665
786,872,0.0011122767885366
786,814,0.0213195495778549
786,746,0.0023334913974299
657,671,0.04447658477847857
657,643,0.0042083238369999
657,642,0.00033701794491941664
657,670,0.0010025933226059667
643,745,0.00021345501764185717
643,671,0.0009462527834958285
643,644,0.041470646475729324
643,642,0.0021805572760001737
643,641,0.0005312592406924713
643,670,0.0010089158139415999
616,631,0.0011804798649021333
616,617,0.18547034639506077
616,647,0.0007712286357933
631,617,0.0007021682979401001
631,662,4.3537481467072726e-05
631,647,0.0049718814375512
617,662,0.00021356284650922007
617,659,0.00023924976586246
617,647,0.0020261176419573202
662,1466,2.2755872369877276e-05
662,1271,7.116473897381817e-05
662,837,8.013418880221817e-05
662,768,3.0246292457918185e-05
662,748,5.4568151135536374e-05
662,729,3.707704789841817e-05
662,727,3.258620472228637e-05
662,710,0.06199418646923816
662,709,0.0003971523911781
662,694,0.11732192114718623
662,693,0.0010907812969564537
662,692,0.0018522062364460612
662,688,3.275772676900228e-05
662,675,0.10137855006813043
662,673,4.2076956746672726e-05
662,661,0.267412369529194
662,659,3.2577565091334094e-05
662,648,0.06813589101697345
662,647,4.366620716584091e-05
662,645,2.6556198326668183e-05
659,739,0.0014811225118253
659,673,0.0056397660221846
659,647,0.00424560667439685
678,716,0.0010925997037473333
678,735,0.0034589050699861423
678,759,0.0016072840701561
678,736,0.0007415313919436666
653,869,0.000437451147064575
653,716,0.000507652690869475
653,682,0.000446611452091625
653,666,0.004491879041712419
653,652,0.00727945199130025
653,635,0.0006114895226006499
653,701,0.00024800647305031246
635,666,0.00022185271509064444
893,923,0.0028017333346347624
893,921,0.0024017840612773145
893,869,0.022647033203683276
893,892,0.0022833442623404897
893,954,0.0005502843196838
893,953,0.0054478404751407755
893,924,0.000953376253981
656,683,0.03013983714734863
656,670,0.0182216337913579
656,669,0.00035260070319606654
656,642,0.008218741879833782
656,641,0.0006212709306477999
656,654,0.0023189392076862
656,686,0.00023958326906780908
642,670,0.10765247577007639
642,641,0.026768013610922754
642,669,0.0035571740284544005
641,671,0.0014977518755982001
641,670,0.0004942315269436
688,645,0.01132484360555865
688,690,0.00030605714057799997
688,686,0.0002181833938260545
688,728,0.0010127570708202429
688,892,0.00032166470221897144
694,710,0.00233343831908408
694,709,0.00054343342151706
694,693,0.0014133012519888365
694,675,0.0004090435541279
694,648,0.00114202591140905
694,789,6.184804120006085e-05
661,709,0.0019111375267822999
661,675,0.04483590655717853
661,648,0.0016828517235476998
648,710,0.000950587879839275
648,675,0.00045210905352874997
633,711,0.00084836972262235
633,650,0.5340278299115672
633,649,0.0074643094954471
633,701,0.00252911566086215
711,695,0.0016127444644781
711,650,0.01703802240975915
650,698,0.0018735003467549
650,649,0.016726516093650865
671,686,0.0031870407762102245
671,670,0.0004151766439844666
671,2052,2.436596305265368e-05
670,748,0.0010196098924816
670,669,0.0014267229723693067
745,673,0.00012585967170504445
745,690,0.0007440588997721666
745,686,0.0006318131274998092
745,746,0.00081500025947565
745,744,0.001083351082291911
745,743,0.0002543153462399625
745,874,0.00022216793404038
745,835,0.012474710989012735
745,909,9.066467130590237e-05
645,690,0.006240831967217233
710,729,0.06119282249634303
710,675,0.001108348412461888
710,1171,2.135607520010351e-06
710,1215,3.5744522267391438e-06
710,1172,2.707491631440898e-06
710,1175,1.1147558068805965e-05
710,1246,3.3332818371974984e-06
675,1271,0.0001918700406367706
675,748,0.00016956114957233532
675,709,0.0007128681921726706
675,693,0.004936762153638622
675,692,0.009196219381170446
649,698,0.0003389123172785666
649,676,0.008582495165997201
698,774,0.001811194643581
698,715,0.0013551320495022
698,776,0.00108825725353445
698,805,0.00156101512537505
698,804,0.0009056604082161002
698,777,0.0009444824921286
652,666,0.01775636195000213
666,1324,0.00017244934235040004
666,782,0.0001475628940144111
666,738,0.0001379923650063
666,716,0.00013926098856144442
666,701,0.0013014339546275721
666,700,0.00021226733960304445
666,680,0.0032770918815887883
666,654,0.0016611023663701666
869,1055,4.594098283098888e-05
869,986,4.662982991925184e-05
869,984,3.704102863365555e-05
869,958,0.00010126123383876295
869,954,8.760901048028517e-05
869,953,5.640659107612222e-05
869,927,4.420968523734444e-05
869,926,7.223770847375925e-05
869,924,4.7632013480907404e-05
869,923,0.0006040644600359643
869,922,0.00038714858294671523
869,918,5.5510088081296294e-05
869,896,0.00019755855596289627
869,895,7.652145587189258e-05
869,892,0.01809211869786217
869,871,0.0024017511382433254
869,870,0.3097612547995124
869,829,0.00038877271967595995
869,828,0.011953297344943525
869,827,0.0019699276701100957
869,807,0.0002185515165274556
869,806,0.060168926965586234
869,805,0.008724052941116904
869,804,0.00025401517344019256
869,803,5.753264022763333e-05
869,780,5.566276383895554e-05
869,776,0.00021366295531291484
869,718,6.429724668484815e-05
869,717,4.0113647639074057e-05
869,1267,0.0014506751895417998
716,737,0.0009805685332536125
716,735,0.008751781444285723
716,734,0.0031362349199743665
716,717,0.0043112946273574995
716,700,0.0012987382485367084
716,701,0.00020039743250226252
716,680,0.0013547823960084
716,736,0.015333621668118465
716,1246,2.2779904290709364e-06
682,902,0.0013856357216685
682,739,0.0007842502767483001
682,737,0.0012732700160694374
654,683,0.007068575842287501
654,1324,2.8180685902864814e-05
654,782,0.00175517535911996
654,701,0.0013572173130697374
654,760,0.000543955532305025
654,1823,5.556942961272692e-05
683,744,0.00111012262633985
683,720,0.0006161120359359499
683,782,0.00090951784903156
683,701,0.0001438287718683875
683,760,0.0005341074724676501
683,788,0.00020750620681378234
669,686,0.00017383770405305458
739,780,0.0018450999577426341
739,762,0.00045795361181199667
739,760,0.032985112502608625
739,720,0.006050854012165076
739,743,0.0001415734734720875
739,719,0.0120767857075539
739,740,0.0011081726066201182
739,781,0.00102935962473475
739,809,0.00021393823952311998
673,746,0.0001957746584439
673,727,0.0003149014339044111
673,692,0.00015924326207163332
673,691,0.009926630225317567
673,690,0.0021397681553882554
854,1071,0.00023983204823355714
854,1031,0.0006822283887724214
854,996,0.00041863675944577136
854,853,0.010716386308614054
854,851,0.00014898088662111425
854,1068,1.994789476967353e-05
854,1171,1.1867762169627133e-05
854,852,0.0023339023057727
854,1069,4.7350060970694726e-05
854,855,0.0290370287648552
854,1215,1.2077854635697554e-05
854,1174,9.584355243245685e-06
854,1172,1.7812907818153812e-05
854,1176,0.0003219928585221924
854,1070,5.7450126151792856e-05
854,1175,1.624249268383858e-05
854,1246,5.105736893920471e-06
848,851,0.000422296201127575
848,815,0.0003724772517377249
848,1068,1.6315273327713238e-05
848,850,0.0040910790966145
848,881,0.0005089372437433
848,843,0.0016501532662684284
848,884,0.00120974690400085
848,909,0.0011442492188424595
848,849,0.15779465849907057
848,1030,0.00013294607944996977
848,1174,7.426558669135805e-05
848,1109,0.00024018300595673913
848,1067,0.0002098614507528815
848,1175,1.1746471700857603e-05
727,690,0.0003669328120841
727,744,0.00033496744111269995
709,767,0.0003120423038736
709,748,0.0014621614951439502
709,693,0.001443402906359708
709,692,0.001891913884365
709,789,1.5031681161298553e-05
709,1069,0.0004880764829235884
690,907,0.00019457460685896663
690,691,0.00033909992445011665
690,686,0.0002578075721077909
1466,1641,7.76475248314476e-06
1466,1511,0.0269194252754266
1466,1567,0.00019232079814318886
1466,1589,0.0007874572887712999
1271,837,0.00036053148607195003
1271,824,0.0003943137841530333
1271,1272,0.000496640495357725
1271,1299,0.000929286608516725
837,905,0.00044667411424543325
837,879,0.16572577845712416
837,842,0.00023577515459785
837,839,0.0012655206986251603
837,838,0.0028894065320167663
837,816,0.01648846435710118
837,815,0.0021825702554963498
837,789,0.00063335110354534
837,880,0.0001541771494146643
837,788,9.928903176741177e-05
837,817,0.0004292422207359
837,904,0.0018926489182937737
768,791,0.0004631061974725937
768,789,0.4973110216885003
768,788,0.001111189332286236
768,767,0.0003327885893694706
768,728,0.0038802175064948006
768,839,9.377302429161539e-05
768,840,0.0009637533003285714
748,693,0.00021101146821448334
748,692,0.0012709308992446
748,902,0.00011073842158060907
748,767,6.941536783594118e-05
748,749,0.00071001069319035
748,814,0.00023862372795701664
693,692,0.9931519453678398
692,1246,1.7041800109101564e-06
1324,1941,0.000207326499108902
1324,1631,2.8860867060872216e-05
1324,1580,2.3691442929512963e-05
1324,1533,2.3475440035607407e-05
1324,1530,3.1289251839581474e-05
1324,1503,2.2790132075335183e-05
1324,1460,2.0118526521051848e-05
1324,1459,0.004579652060247987
1324,1457,0.00016781565053470508
1324,1421,5.753141503417592e-05
1324,1419,2.1751887180766672e-05
1324,1418,0.0001683650636434712
1324,1388,0.00017221886926050185
1324,1387,0.000413821503662237
1324,1386,0.0005080063880589888
1324,1357,0.005013076991784058
1324,1356,0.06248523011644288
1324,1355,0.08313380866821779
1324,1327,8.581442621718892e-05
1324,1326,0.0033165118857050014
1324,1325,0.09926267411849615
1324,1323,0.011282073653541686
1324,1297,9.341519402782778e-05
1324,1296,0.0004091156543913288
1324,1295,0.006188028114825962
1324,1294,0.002702204478299111
1324,1293,0.0005604623445829269
1324,1290,0.00013067142002277777
1324,1270,8.73989700494833e-05
1324,1268,0.0007394747865010908
1324,1267,0.000718640333625578
1324,1266,0.00011824045808309815
1324,1265,2.687956545129259e-05
1324,1240,0.0010455683634226685
1324,1239,0.00011070063330118146
1324,1238,0.00045311070555703137
1324,1208,2.0317583213161113e-05
1324,1200,0.00019213124979389993
1324,1164,3.9001187004385184e-05
1324,1163,2.3785526865983333e-05
1324,958,4.640264751736669e-05
1324,896,3.216497195973888e-05
1324,1171,2.3730728329464834e-06
1324,1215,7.794014844024158e-06
1324,1172,3.9278476647430495e-06
1324,1246,3.7526739710231246e-06
1324,1369,7.4932107014310486e-06
1324,1322,0.00015573541317715332
1324,1582,5.374652899825946e-05
782,833,0.0004304431966597
782,830,0.00112300399333052
782,811,0.0014147268697109801
782,809,0.00086742976216284
782,781,0.005060024202509265
782,762,0.0020439512914049007
782,760,0.002578894793437015
782,832,0.0006057458615965
782,810,0.00045701166791193334
738,780,0.00896920627534065
738,759,0.0027347750021322
738,737,0.005889837575523212
738,718,0.019263841517018553
738,701,0.0003352101088329625
738,700,0.0003189345387965
738,717,0.00201395477311575
738,829,0.0017574734858876201
738,804,0.0005196857416941601
738,807,0.001426221185658
701,737,0.0001753610227032125
701,718,0.0021297068300941877
701,717,0.0007353480907495624
701,700,0.024965418100945512
701,680,0.0028812301973460373
701,719,0.011618679518782898
700,718,0.003406804340750025
700,717,0.012865753557113075
700,680,0.00361812566246765
700,737,0.00013311723312022498
680,774,0.00167224981787475
686,1066,0.00030946151309250904
686,743,0.0012252346708440502
746,813,0.00064082181307555
746,785,0.01821252543724395
676,713,0.021403582544029
676,677,0.0020236975142756
676,696,0.0028018490033814
713,731,0.000532033181729475
713,695,0.0003644816422488
713,712,0.00345560317446645
713,752,0.0005449678143554
713,735,0.0003500023937312429
713,801,0.0028522990878969
718,717,0.00520628462270645
718,737,0.0017634375035293
902,1425,0.0004497554826204546
902,990,9.776998816307274e-05
902,961,0.0009637875557419363
902,933,0.001559099351360364
902,903,0.04622419816954631
902,878,0.0066512260511123085
902,835,0.0013621112421678759
902,789,0.0003802534456605544
902,767,0.00014782731190525288
902,880,0.00023705688422014283
902,831,0.00011084438310639998
902,921,0.004287332924127129
902,1171,5.028052685206449e-06
902,1215,1.1727228020764825e-05
902,1172,5.17924550393387e-06
902,1246,8.55895601908123e-06
902,1369,1.003659469908547e-05
902,1872,3.5854354120852175e-05
744,834,0.0003755727263201889
744,813,0.008393907625611744
744,785,0.00036757753045359994
744,784,0.00013926048871906667
744,764,0.0003790720360656
744,743,0.002004708094729653
744,809,0.00022446084700101997
744,1636,7.733892070957855e-05
720,741,0.0036398405226114997
720,740,0.0028592427073324527
720,721,0.0048720889223471415
720,719,0.01356268193125585
720,760,0.00029476354504167496
720,762,0.011538788402813398
743,784,0.00413354339776145
743,764,0.006403655583729262
743,741,0.0008055088211883374
743,740,0.0001272318737892364
743,762,0.00032656929266614996
743,809,0.00029586827587178003
743,810,0.00039834623460853334
1066,1176,0.00018703629275598936
1066,1109,0.0021319976562672164
1066,1108,0.0028239281427998248
1066,1068,0.0006342024022942676
1066,1171,8.077791483704688e-06
1066,1069,4.0954289479175786e-05
1066,1030,3.5361175411658495e-05
1066,1174,0.00019510084853385228
1066,1172,7.994742375523087e-06
1066,1070,1.3229290322440474e-05
1066,1067,0.0006482944358369633
1066,1175,0.00011701182218921035
907,1030,0.30972878471752974
907,909,0.0001192827091412
907,1107,0.0101304870107295
907,995,0.0084618892370446
907,1029,0.005448226388235299
907,1174,3.0512252346972418e-05
907,1109,0.00011203231748769549
907,1065,0.00047695862992969996
907,1067,7.420163921359735e-05
717,737,0.00468459273339425
737,806,0.00014279628971327498
737,780,0.002237852297977963
737,779,0.0010006341071223126
737,759,0.0009959148429476376
737,736,0.005079069102744537
737,735,0.0004815759929589321
737,829,0.00014420870780862998
737,804,0.00036054376654404006
737,2179,1.516454022351896e-05
737,2124,3.141413521473415e-05
737,2188,2.1614263774692315e-05
767,880,0.00013274816490087016
767,879,6.85976893463294e-05
767,839,9.017694188008824e-05
767,836,0.012269798158722827
767,815,0.0008285414992031617
767,789,0.0011065209918034564
767,788,0.013433396740285857
767,749,0.0019017186004665057
767,728,0.005141260365694122
767,816,0.00023050005474506004
767,904,9.152176044187392e-05
712,753,0.0016108713239349
712,752,0.0185592959938946
712,731,0.2546640363068821
753,752,0.0033879447800009496
752,731,0.0014344534932049
715,734,0.0105550908864778
715,735,0.0035676538912152284
715,756,0.0071989795545274
715,828,0.0003533988675850666
734,735,0.001580177092413557
734,756,0.0031716505400836
734,806,0.0007776217906175667
735,759,0.0019416099211067572
735,756,0.002038222445967157
735,736,0.23593045810421492
719,780,0.0005723567536092333
719,760,0.0003474032936075
719,740,0.00013204981478487276
719,762,0.0006217461793439833
780,874,0.00014806851837994285
780,829,0.0016187748668704813
780,809,0.0021449888425302656
780,808,0.0008496443388126523
780,806,0.0005225811808471856
780,760,0.008112152273130082
780,740,9.902542043526365e-05
780,781,0.000882131436378625
780,831,0.0009092372615238666
760,781,0.00401788136359835
760,762,0.00480485132085775
760,741,0.000551564666975825
760,740,0.0005269580290978818
760,721,0.0006871306307119666
760,809,0.013308108347015464
760,831,0.00012210474103302774
741,762,0.03909630219025848
741,740,0.026977710905958206
741,721,0.04604725143589225
740,781,0.00046090188974327265
740,762,0.009721458963083261
740,721,0.0012818867974905182
728,836,0.0011472546426566214
728,789,0.003963920460406605
728,788,0.00037432557802681175
728,814,0.00018413264289734999
728,1174,5.095387631577362e-06
728,1707,0.00026157957817433004
836,835,0.0018953840232745168
836,815,0.00017915224790809167
836,789,4.937992022506376e-05
836,788,6.733468028858823e-05
730,972,0.00040425121698556667
730,946,0.0003978981116171334
730,750,0.024065672441334195
972,973,0.4924517750583777
972,946,0.0007622719619719333
972,1005,0.0012297395777488
972,1006,0.0017944375081652
946,947,0.0007654735702584668
946,889,0.018789752542625604
946,1010,0.12229993405857653
946,987,0.0629667497187535
946,1088,0.002636959954699
759,736,0.0007950670295520332
756,829,0.0028326015443984505
756,776,0.010910115578958799
756,755,0.00449865565089805
756,804,0.0009871053869860802
756,827,0.00042056107423479167
756,2196,1.6751041710468466e-05
736,827,0.0002792913313997
736,892,5.005342646505713e-05
736,1126,0.00027133142737655996
806,896,0.0015651915783019667
806,895,0.0002819565869190666
806,892,0.0015195529998122217
806,829,0.0011255945656442868
806,828,0.06839573122588169
806,807,0.013437141320433766
806,804,0.0004667519614192999
806,827,8.76717323464333e-05
806,871,0.0003461413287383667
779,829,0.0016720720108364202
779,828,0.0009555210191658
762,1049,0.0005215478119786333
762,833,0.00040328470966758333
762,781,0.0007185783188420833
781,832,0.005291706993270525
781,829,0.000342608698172375
781,811,0.00102394991419185
781,809,0.0031944887956252555
781,808,0.0002639635622918
781,874,0.0002331305666543
781,831,0.00014603793053878333
781,810,0.003444103116714533
784,764,0.00052561621844045
784,833,0.0007929382214272
784,811,0.0031052670960972
784,832,0.005130093557847387
784,831,6.603601861208888e-05
784,810,0.0345901753094105
784,1171,2.0918765663027352e-06
784,1215,4.082158904049847e-06
784,1172,2.5928680575626237e-06
784,1246,2.9799553160296885e-06
784,1558,7.153976166722778e-05
764,834,0.00099645306595765
834,813,0.0024553681708141
834,831,0.0010583542840167889
813,785,0.0021252481527818
813,831,0.00012960857437501112
785,814,0.0005559582552261999
785,904,0.002678711208335774
749,789,2.255143630916666e-05
755,801,0.009006614832951901
755,776,0.00237084644436885
755,892,5.43281875034e-05
755,985,0.005204244617397
801,890,0.04365525588923105
801,800,0.004333002929299383
801,919,0.0024476926668314
801,918,0.00296366177100814
801,824,0.0005632333721222666
801,803,0.0016420147332883
801,827,0.0006373301729414416
801,892,6.174356327305714e-05
801,947,0.00020190686559008001
801,922,0.0001317364380139125
801,1356,0.0006812414434534308
829,983,0.00027076533176097
829,918,0.00010391686473963999
829,896,0.0053229886892468305
829,830,0.00047971619198796
829,828,0.0025654977856396396
829,808,0.0026012924374142765
829,807,0.00927145995293319
829,804,0.00016289936771901
829,871,0.01252587104266255
829,870,0.002229688283205975
776,805,0.0006949974262572
776,804,0.00997093820009074
776,800,0.0002086470982471111
776,918,0.00025051336002618
776,802,0.0025860760275248
776,827,0.0002657675089074166
776,1161,0.00011751794469067243
1525,1551,0.00550083696164885
1525,1524,0.0005716292111975
1024,879,0.00011585412527411002
1024,1030,3.0718166567049046e-05
1024,1174,4.314774875124694e-06
1024,1109,1.1623704592436359e-05
958,874,0.0006947728338208
958,892,0.0007571569828965427
958,1161,6.744789483691033e-05
958,1357,0.00052053461476075
833,1019,0.0006743193595248002
833,831,0.001972808379686872
833,811,0.0005554066441657
833,810,0.0012896863014882666
833,874,0.020370171114033563
811,832,0.004228119042603712
811,810,0.005314754738304034
811,900,0.0013036967267536
1049,1157,0.00050591720334606
1049,1153,0.00037617208805686
1049,1091,0.0006916224657487201
1049,1090,0.4711945204801954
1049,1089,0.0026487633210291
1049,1088,0.0036798288362032503
1049,1050,0.0032051156002920207
1049,1013,0.0002682428022693
1049,1012,0.011942383273897706
1049,1161,8.905683474480345e-05
1049,2098,8.431566881416401e-06
1049,2081,1.6226055502198615e-05
1049,2194,3.3075745927229084e-06
1049,2111,2.7382542358180004e-05
1049,2097,7.135709174881082e-05
1049,2188,8.01948377668145e-06
1049,2187,4.184190429818655e-06
880,1027,0.0010309389730317785
880,1022,3.712268057296071e-05
880,906,9.057285179502143e-05
880,905,0.22406614159440058
880,904,0.005360178148873828
880,882,0.0006641576966397856
880,879,0.0007813378323687929
880,840,0.04069656660874031
880,839,0.04231462092407386
880,838,0.0008003688171877011
880,818,0.0010640975758446141
880,817,4.049125801212142e-05
880,789,3.553329527537102e-05
879,1027,0.00018438928860907002
879,1025,0.01633087462625511
879,905,0.0009259611550464402
879,904,0.009335881361021321
879,839,0.0016414703190813433
879,838,0.00095115521533501
879,816,0.00042497298967571
879,815,0.0010176362638692218
879,789,0.0005948616780119774
879,814,0.00028522856601708336
879,840,0.0002121164501726143
879,817,0.006685410233674824
879,881,0.0003776645844702
879,1171,4.201269748157423e-06
879,1215,7.76544231294771e-06
879,1172,4.640285934997458e-06
879,1176,1.483660916752523e-05
879,1246,4.490703218292031e-06
879,1369,4.156622506089515e-06
839,1429,9.476693486888462e-05
839,1027,0.00010086181672546153
839,905,0.0070436615795464235
839,904,0.0006390692383642522
839,840,0.0026701118451744835
839,838,0.006744306354434964
839,818,0.001980018648607477
839,817,0.0014545909034993118
839,816,0.00035587840032133544
839,815,0.0004827172340744616
839,792,0.0001843120575170385
839,789,3.9495984711139134e-05
839,1215,1.4392143326319875e-05
815,818,0.000187223285127675
815,816,0.016003252640189085
815,789,0.007657971474196272
815,788,0.006753801548972938
815,838,0.002212960603682833
815,817,0.0004978219202115751
815,883,0.00079819669338075
815,904,0.00030075881968448693
815,933,0.0006742559835876
815,903,0.0008253985446883749
789,1240,2.074882199861159e-05
789,1068,1.7866013328895646e-05
789,993,3.4745619582857954e-05
789,961,2.6066348443089863e-05
789,840,2.3602074379860878e-05
789,838,0.000886083494055242
789,818,1.4947729544973912e-05
789,816,0.0006577480904422269
789,792,3.623981610415217e-05
789,791,0.0006475307650788479
789,788,0.008262451839514484
789,817,0.0005040357811383
788,963,9.765316929288236e-05
788,835,0.00010101957763128822
788,816,0.00010436948251587647
788,874,0.005035002311981641
788,1220,9.548469287985002e-05
791,816,0.00032213040771158005
791,792,0.0038875931636192
770,865,0.0047804374293813
770,864,0.0018489687662598
770,1083,0.001083542109776775
770,1127,0.0011065388255870547
865,867,0.0012744488175982166
864,915,0.00027658806107345833
864,886,0.0010185496654414666
864,916,0.0006488764442171249
805,892,0.005649854039133417
805,827,0.0038675534646064914
805,804,0.00738973454048393
805,777,0.00467872621399285
805,896,0.0005892847562732333
805,871,0.0002626833221423333
805,923,0.0003516418130383625
805,870,0.00044114319376522496
804,919,0.00025326159195586
804,896,0.00023210937384040005
804,827,0.0029630413391823645
804,826,0.00026063480622058003
804,803,0.00049147285977048
804,777,0.2667992243544186
804,802,0.0010221631571375
804,892,9.94994119710238e-05
777,870,0.00045406007172715
874,900,0.00160867007860158
874,873,0.0495262672562854
874,832,0.00021381850601455998
874,831,0.08187393146045545
874,830,0.00671101987198113
874,810,0.00022818283828102
874,809,0.0014248596672929402
874,1160,0.00023174166500878568
809,831,0.025391477820810505
809,808,0.0007905706186432466
809,832,0.0007445390174013375
809,830,0.005033402615748201
809,810,0.0017935368809929332
808,831,0.0017138942405240888
808,832,0.00014356539090092498
808,828,0.0113424219320209
808,1161,4.365038453311381e-05
832,900,0.0013786667700445123
832,896,0.000553969375897725
832,872,0.000136207248319825
832,831,0.0030033791966975346
832,830,0.0001384752748005125
832,810,0.9624418564874055
830,1021,0.00057067760509385
830,831,0.038124681268920414
830,810,0.00033453422570083334
830,873,0.0016159324746137
872,896,0.0332483039925722
872,810,0.0004196925901874666
872,871,0.00016980053798091666
814,1025,0.0023613653678688333
814,835,0.03306984927203336
963,1107,0.000646033715143
963,906,0.0006246823074369751
963,884,0.000508528214834475
963,846,0.000333780132924925
963,904,0.0002891658690406522
963,1171,8.937662586911127e-06
963,1069,1.166001813167684e-05
963,962,0.0227240860242424
963,1030,2.2172476168956604e-05
963,994,0.0005830115840217
963,1215,1.267031971622538e-05
963,1174,5.956568491986007e-06
963,1172,9.578212196719564e-06
963,1065,0.0003913308578612
963,1075,2.4853615831302027e-05
963,1246,5.298406005297819e-06
963,1369,6.172398824858866e-06
963,1672,0.0016443138102363887
963,1952,4.419487527944209e-05
835,878,0.001871643566684
835,903,0.00062845870597375
816,961,0.007089104632423619
816,838,0.00031320367324878004
816,818,0.00047349111831521996
816,817,0.0068206313013304005
816,904,5.489422488148262e-05
1240,1161,5.4707228577468974e-05
1240,1239,0.0007316648438060286
1240,1206,0.0004556502610733
1240,1268,0.00016669619400819165
1240,1326,8.988729110642e-05
1068,1401,3.91039821664897e-05
1068,1399,3.4527620915794126e-05
1068,1335,4.460208906800588e-05
1068,1334,1.7361469579148527e-05
1068,1276,3.077659196342353e-05
1068,1176,0.023830683960893627
1068,1175,0.12241936279572271
1068,1174,0.0323302035464991
1068,1173,0.00021725798351356684
1068,1172,8.691435692510129e-05
1068,1171,6.067470369369963e-05
1068,1109,0.002400995093866116
1068,1108,3.555512325637647e-05
1068,1106,0.00020098655198424415
1068,1075,0.00015615650095953388
1068,1071,0.00011702286538251618
1068,1070,0.001561338630566437
1068,1069,0.11286247506131084
1068,1067,0.02005155854758232
1068,1031,0.0009711720181581196
1068,1030,1.7640849537466183e-05
1068,909,0.00013387767525260868
1068,850,0.00054318783151965
1068,883,0.0007347573125111501
1068,1073,0.00013529218089425454
1068,1074,0.0006126435714164821
1068,1215,5.384885647361163e-06
1068,1736,2.526219182854132e-05
993,1022,0.0104814274742831
993,961,0.00057483995734965
993,1030,0.00015306788864166042
961,1022,0.0011424909700415
961,933,0.0328360041224987
961,1171,6.948135962831053e-06
961,1215,1.3861227816213756e-05
961,1172,8.276530110505678e-06
961,1100,0.00019273368983813076
961,1246,9.081228032192035e-06
961,1369,8.38611786158427e-06
840,905,0.019026075051258154
840,904,0.000656513325073259
840,818,0.0021740522882659143
840,881,0.0006031528434324333
840,844,0.0032751558277116007
838,817,0.000313506916229325
838,905,0.00085566926804805
838,904,0.00012029584958190872
838,962,0.0118713527180746
818,882,0.0005930546402226666
818,881,0.0006118420903876
818,817,0.0025738188744249247
818,792,0.39795173633657976
818,905,0.0005565875880404
818,904,8.452178328197826e-05
818,1030,7.132988203593208e-05
792,817,0.01413964926752865
792,1030,0.00022316464991866606
1062,1100,0.004512973854823642
1062,1022,0.0005141764729407
1062,905,0.00122423244910245
1062,1101,0.00282341283835765
1062,1168,0.00029192638699906005
817,1167,0.0007076877854265501
817,850,0.0390604643356186
817,904,0.0005162363106674175
793,862,0.0017574154193412189
793,863,0.0014453219185640333
862,915,0.0004820351902825583
862,887,0.00019117697045421253
862,886,0.06743112578272815
862,863,0.31896608771935564
862,916,0.00040201088129199994
799,800,0.000586778446993
800,919,0.0018053617083146167
800,918,0.24704028278489076
800,890,0.0004989994534647666
800,867,0.00012012079069051112
800,824,0.0022288497758923666
919,947,0.0006692515459275501
919,918,0.11648291803902559
919,890,0.0061286667317246996
919,824,0.0038672864439212
919,892,5.682266183569046e-05
919,1094,7.45899040278e-05
918,947,0.0020754854155582603
918,890,0.0026196488112984603
918,867,0.004212399089604456
918,824,0.14579597356190901
918,892,5.278731043946666e-05
918,889,0.00021233275052218574
918,2081,1.0311369402434077e-05
890,824,0.0003508143098108333
890,922,0.0003239780818597875
867,1010,0.00018304531120213335
867,947,0.004339055110126786
867,889,0.0012022061614933523
867,888,0.0005925571891374833
867,824,0.015045307532493266
867,979,0.002860868584934533
824,947,0.0028866927788698334
802,1161,4.642912721652413e-05
803,826,0.007627869785119401
803,827,0.0009516067642505999
826,827,0.4046650543933069
826,892,0.00024339754115630956
896,895,0.0012832703219584666
896,892,6.035685633579523e-05
896,810,0.0012518107564274666
896,871,0.01343342005750095
896,1200,0.00023151211157826666
827,1013,0.0005401901262531584
827,922,0.00011881777574768333
827,921,0.00035423972179288334
827,892,0.04860843210323407
892,985,0.00023564829797605714
892,984,0.0001085895681267619
892,982,0.00019265975757211902
892,954,0.00015626026298190475
892,953,9.214454831364762e-05
892,952,0.0003768531454193381
892,927,8.033661989370952e-05
892,925,6.825540442995238e-05
892,924,0.006983725310316791
892,923,0.26375792786530455
892,922,0.0037985845028125956
892,921,0.00015416750307094761
892,920,0.0010003438653642858
892,895,6.31896799240619e-05
892,870,0.0005239000480872333
892,807,5.980488951803811e-05
895,926,0.009052280582249224
895,871,0.00043915663695276663
895,954,0.0017801925333701001
895,924,0.0045911862320149
828,807,0.0029866119215205
828,871,0.00017274778453886666
828,1161,9.166051566297587e-05
807,871,0.0002071958900643833
831,954,0.00010435209145638331
831,900,0.00020061747737515557
831,873,0.0015370336492256554
831,810,0.004625683709043255
810,900,0.0009021811271969
810,871,0.0005793974770699667
900,1176,1.0168911574235514e-05
871,987,0.0018488250508335833
871,926,0.0031572878683300836
871,923,0.00040086437097463335
871,870,0.36850114145490453
1025,1167,0.0003656416548828334
1025,904,8.149748278872174e-05
1025,1171,1.544403925827578e-05
1025,1245,4.635917834007307e-05
1025,1215,3.6898763756862684e-05
1025,1172,1.61864521797041e-05
1025,1100,0.0010082180602063078
1025,1135,0.00031128262308986
1025,1432,1.2352190999090692e-05
1025,1246,2.1549753855645937e-05
1025,1101,0.0006392729210571251
1025,1170,1.647115126289587e-05
1025,1369,1.974144862874839e-05
1025,1214,2.4537075339650506e-05
1167,1332,9.825629047083333e-05
1167,1212,0.009806549841942
1167,1135,0.040244266405233986
1167,1108,9.553758945757499e-05
1167,1101,0.0008523488472767001
1167,1100,0.004231679748939637
1167,994,0.00038718977334798344
1167,1171,1.9670486084671866e-06
1167,1030,2.3719373177179246e-05
1167,1245,2.9679968019648077e-05
1167,1215,7.31832539839235e-06
1167,1174,5.539051865004117e-06
1167,1172,2.732762164202935e-06
1167,1109,1.9851546482735468e-05
1167,1246,6.926542864932814e-06
1167,1168,0.04834143935345928
1167,1369,6.455816209258466e-06
850,884,0.0006435864760237999
850,852,0.00124052377406645
850,851,0.00379486926284985
850,842,0.000389066144167
850,909,0.008679357309833519
850,849,0.001614019912194
850,1069,0.0020191690716053795
850,853,0.001244090243677259
850,1031,0.00010761311250384999
850,855,0.0015297900530937
850,1074,1.665345355558829e-05
850,1030,0.0008930274014620207
850,1174,1.486250830271605e-05
850,1109,1.1451676799655457e-05
850,1070,1.640611548002619e-05
850,1032,6.209975165721667e-05
850,1067,9.667422841549212e-05
850,1175,1.739786210090978e-05
882,1027,0.007124107077859161
881,905,0.0007296018531485666
881,884,0.0010379351323516332
881,842,0.0007134611903466667
881,843,0.0008635405666593713
881,909,8.099439178500712e-05
881,1030,0.00017684006124548486
820,883,0.00083715047615055
820,842,0.6642550922376742
883,1171,0.0005041902994118501
883,906,0.001470501342658
883,843,0.06540924792560844
883,842,0.00044369191872452497
842,845,0.00042475519815522505
842,904,0.00012164849501842175
842,843,0.0024171420718063137
947,979,0.06082231710022251
947,889,0.022350285984393026
947,1010,0.00018503581965709998
1013,1012,0.0038029246712512
1013,950,0.001623330120638675
922,1055,0.000237900686760525
922,951,0.00014835859877205
922,950,0.000433593197126375
922,923,0.0067749320391491995
922,921,0.0955574125424627
922,891,0.04237443486752624
922,952,0.0006823099633648
921,1057,0.001320507198775957
921,954,0.0007871908973093427
921,951,0.018966808816241545
921,924,0.0006530532025726286
921,923,0.000858953023865532
921,891,0.09698290330494891
983,1094,0.0033935176344476
983,982,0.0034907676145385
983,950,0.005690729443389201
1021,990,0.0040328190277628
954,1236,0.00097484421054155
954,1057,0.0006603762343592501
954,986,0.0514610856374379
954,953,0.012464341627509
954,924,0.0260287776545181
954,923,0.00031705611647895
954,985,0.0158724328896518
954,925,0.06328652195580979
954,1094,8.763339906708638e-05
954,1128,0.00017472779821421663
954,1127,0.00012039044802732728
1019,986,0.0017235877905554498
1019,987,0.01772400194530195
1019,1057,0.9999998310862848
1019,1952,0.000661690891582849
905,962,0.0007047873664122001
905,904,0.003182547217484093
1429,1515,0.0058639890998208
1429,1366,0.0066751876318027
1429,1332,0.0055887759992118
1429,1519,0.00024442255401860004
1429,1470,0.00235477739290192
1429,1299,0.0001715658246107625
1027,904,0.0007768304645035479
1027,1171,6.377939510550585e-06
1027,1215,9.116645048886545e-06
1027,1172,5.066548142026618e-06
1027,1246,3.935437163106483e-05
1027,1369,5.660641820170562e-06
904,962,4.7928919096330434e-05
904,935,0.00012908109486475653
904,1174,6.232194799960491e-06
845,884,0.00029297433661005
845,846,0.009133544598849975
845,844,0.006124968080737009
845,843,0.0014878818741652568
845,849,0.00013946337295171816
843,906,0.0006468493403336715
843,884,0.0035292736017408927
843,846,0.0002488855829124285
843,844,0.020348840151303015
843,909,9.643480875700474e-05
843,1030,2.5700614386033966e-05
843,1174,8.06780251431316e-06
843,1109,2.584210135454819e-05
843,1067,3.455705829312894e-05
906,962,0.0010796687904323
906,1030,4.130775120986792e-05
884,844,0.0026835497108391496
884,846,0.0029202131201323
884,909,0.00031841305409971893
884,1030,0.0062931419201837065
846,909,0.0018430133712427567
846,1107,0.0005223487198841
844,909,3.824879873977143e-05
844,1030,0.00013075410222627734
844,1109,1.1149849392057272e-05
909,1858,3.558750095891429e-05
909,1107,0.0009034325515072045
909,1074,6.971365108168335e-05
909,1030,8.674195749559772e-05
909,965,0.0002627735069260071
909,855,0.0019399047725133475
909,851,4.073451070345952e-05
909,849,0.0020277445807278765
909,1073,0.0004330278499487545
909,1174,1.2135202432081861e-05
851,849,0.00044280611994820904
851,1171,6.527837256387693e-06
851,1069,5.292123209743999e-05
851,853,0.00026641910264016465
851,1031,8.387522538503886e-05
851,1215,6.624561928233022e-06
851,1174,2.1200858829913565e-05
851,1172,8.434621866390597e-06
851,1176,1.2971917927174766e-05
851,1070,5.603683009234284e-05
851,1075,4.000664795294746e-05
851,1175,1.2815759867665223e-05
851,1173,0.0005426338818336259
851,1246,2.668241494404374e-06
849,1171,0.0028163305504119453
849,853,7.199769906027062e-05
849,1074,9.658580662898196e-06
849,1174,4.892475130795063e-06
849,1173,4.221221402430821e-05
1171,2015,4.344299296915622e-06
1171,1900,2.074034730410351e-06
1171,1897,3.1348215021660162e-06
1171,1759,3.933019720909373e-06
1171,1650,8.376962072976161e-06
1171,1625,3.335460737497651e-05
1171,1519,2.2284791268567218e-05
1171,1484,1.4510616954250588e-05
1171,1479,0.000375132301150278
1171,1478,1.0820010436084957e-05
1171,1477,4.938702574376168e-05
1171,1470,5.653451041028712e-06
1171,1437,3.899054467179727e-05
1171,1436,3.7228480414e-05
1171,1432,0.00010125009941860239
1171,1428,1.2101340363559573e-05
1171,1401,5.6291078511683435e-05
1171,1400,0.00022636925078133724
1171,1399,0.0014865381687878944
1171,1398,4.76664062516213e-05
1171,1397,4.0236360096563684e-05
1171,1370,2.338667264881229e-05
1171,1369,0.00018050827730249017
1171,1367,3.56697357714707e-05
1171,1360,9.139409518979488e-06
1171,1338,5.430904203915035e-06
1171,1300,2.1815258330321873e-05
1171,1246,0.0005002799710585837
1171,1245,0.0001282922409653854
1171,1215,0.010200051637574445
1171,1214,0.000544287792093904
1171,1176,0.0005627916395971933
1171,1175,0.0013713274713138374
1171,1174,0.002077706485520067
1171,1173,0.00658102563479155
1171,1172,0.30949150619721666
1171,1170,0.1422865075268994
1171,1135,8.97600858621186e-05
1171,1109,0.0005054130926258949
1171,1100,8.120996550333082e-05
1171,1075,2.811911765220899e-06
1171,1071,4.822448603862889e-06
1171,1070,0.0006021142928490266
1171,1069,6.686330928702607e-05
1171,1037,4.027881896688275e-06
1171,1031,5.9094307296763895e-05
1171,1030,9.979920110991683e-05
1171,1000,7.327704508169332e-06
1171,996,6.156036679197851e-06
1171,1067,0.00015662497971852905
1171,1299,0.00019225903492043744
852,1069,0.0013989088667599263
852,853,0.021419350487612773
852,1031,0.0007703818998281222
1069,1597,1.820679779006e-05
1069,1484,1.4949355160296833e-05
1069,1437,1.183839819699579e-05
1069,1401,1.4432959632143157e-05
1069,1400,4.156012535061369e-05
1069,1399,9.023348956210524e-05
1069,1334,1.5977861549241054e-05
1069,1276,1.583965613645263e-05
1069,1247,2.4803325730173685e-05
1069,1176,0.09419076364069669
1069,1175,0.04501475806281604
1069,1174,0.0014262307805728539
1069,1173,0.00010660926214043278
1069,1172,0.00011058065288195712
1069,1135,1.4005864135594732e-05
1069,1109,0.0002994019066539022
1069,1108,9.744355985803996e-05
1069,1075,5.62693920809987e-05
1069,1071,0.0017235271026506667
1069,1070,0.01913538137399526
1069,1037,6.88140412708221e-05
1069,1034,0.0003146483009050042
1069,1031,0.005027581728277288
1069,1030,3.0187485823952618e-05
1069,1000,1.1510325024658947e-05
1069,996,4.418330526570946e-05
1069,853,0.00018517062499629567
1069,1074,1.6185096521818914e-05
1069,1215,2.796439945369696e-05
1069,1067,0.00015638178281287364
1069,1246,7.130727608862661e-06
1069,1170,2.8531977741479392e-05
853,1073,0.00017203021949378235
853,1031,0.00015158509207980004
853,996,8.153514604075292e-05
853,855,0.0013708083030433999
1073,1482,0.00012030693483574093
1073,1335,7.554161112100455e-05
1073,1247,0.00025455316527186366
1073,1178,5.27758361795091e-05
1073,1176,5.140211416618182e-05
1073,1075,0.0006327598056039192
1073,1074,0.27672423630215254
1073,1037,0.00013676264862141362
1073,1031,0.00014709396274353634
1073,965,0.00026403530403078636
1073,1174,7.168447393965021e-06
1073,1070,7.638543010907856e-05
1073,1033,0.0016518764090462444
1073,1032,0.002437378419992817
1073,1034,0.0011507403327681
1073,1175,5.604494699562499e-06
1031,1176,0.0007096466287540501
1031,1070,0.06369190363875599
1031,1033,0.0008059809545299167
1031,1000,0.0036890935105608324
1031,996,0.00014231125704294447
1031,1071,0.00072599134843555
1031,1074,0.00013876754446436935
1031,1215,4.552903161521347e-05
1031,1174,0.00012178444924982926
1031,1172,0.0001386600692406271
1031,1109,7.296581491329364e-05
1031,1032,0.001247340871292667
1031,1036,0.0011001067064573002
1031,1175,0.0002421512421575387
1031,1173,7.054460756521505e-05
1031,1399,7.189648522136109e-06
1031,1432,8.777637186033335e-06
1031,1246,1.702642589877765e-05
1031,1372,0.0022149741833572597
1031,1170,3.574184609549898e-05
1031,1369,8.358330103311692e-06
1031,1214,1.7993268047363157e-05
996,1071,0.00010219607386465
996,1074,3.4486164542345056e-05
996,857,0.0062414957680626
996,1215,4.288913309619879e-06
996,1174,6.132288172439919e-06
996,1172,5.8048002566994095e-06
996,1176,1.8165139130945798e-05
996,1070,5.9009557017282136e-05
996,1075,0.000383078973889486
996,1037,0.00011796863274867273
996,1175,8.565780993508697e-06
996,1246,1.8741703875495321e-06
1071,1176,0.0025720858980599736
1071,1070,0.16721967334940496
1071,1074,1.4152208654702707e-05
1071,1215,3.1165428128302736e-06
1071,1174,2.5730889675584376e-05
1071,1172,8.17304630128748e-06
1071,1109,1.776946599214363e-05
1071,1033,0.00011427110401443331
1071,1032,0.00015785489350621668
1071,1075,5.4229447022256565e-05
1071,1175,0.0005663532970838691
855,1074,0.0013486283726333
855,965,0.010606388589971
855,857,0.0019148018705196
1074,1685,1.526204688836396e-05
1074,1487,9.345957285663963e-06
1074,1482,0.0009212560282203774
1074,1372,3.0686247168013504e-05
1074,1371,4.0805398142537846e-05
1074,1366,1.2467395901891892e-05
1074,1338,1.1841337524722524e-05
1074,1337,6.198026355958831e-05
1074,1335,2.1629380725695493e-05
1074,1247,0.0006635066020632913
1074,1178,0.00032386367650448375
1074,1176,9.328292414953692e-05
1074,1175,4.125577866742342e-05
1074,1174,3.6101114252351245e-05
1074,1109,1.1393938000037837e-05
1074,1075,0.05090835313576892
1074,1070,8.974380917262796e-05
1074,1038,0.0001267719418205892
1074,1037,0.00046111680600243875
1074,1036,3.3757051942764863e-05
1074,1000,2.004387422805405e-05
1074,965,5.3699616661839636e-05
1074,1033,0.0001725985758351667
1074,1032,0.00022467106103507222
965,914,0.00022960645514029997
965,1174,1.5039690922992594e-05
965,1033,0.00028996744268503335
965,1032,0.0003525469360410777
965,1075,4.589817504797879e-05
965,1067,0.0004547487794538026
857,1174,5.854363789317696e-06
857,1109,1.4128404780196365e-05
857,1070,1.3839992651976189e-05
857,1033,0.00015408496572376669
857,1032,0.00017254183792999447
915,1003,0.00011791165009514165
915,1002,0.00013012155714041667
915,971,0.002108008950076207
915,970,0.0002554763891030083
915,942,0.1236843521981207
915,941,0.32932002953955675
915,916,0.18527365402279491
915,887,0.0008412726852203333
915,886,0.2590105039712297
915,863,0.0001453354489459583
887,1010,0.0027683746587305
887,886,0.5025510412414832
887,863,0.002449154671757033
887,970,8.375177066180833e-05
887,942,0.0002955179270338
887,916,0.004167793879616376
886,1010,0.00041295033713736656
886,970,0.00025274767934065003
886,942,0.0005580993042247333
886,941,0.00036663682051889994
886,916,0.24019480918696676
886,863,0.0006066609210011667
863,1306,0.000360725007161
1306,1145,0.00048685522829
1306,1220,0.00024693028560325
1306,1281,0.00054745954777115
1306,1308,0.0011981144126534998
1306,1350,0.0001373927422931214
1010,1840,0.00026471963261285713
1010,1201,0.0004044819010511428
1010,977,0.006267548462894328
1010,976,0.00018584374275604286
1010,889,0.00033471511828720005
1010,888,0.0001434584106018857
1010,1009,0.0057526984166363
1010,1048,0.1136719050270214
889,1197,0.00022038247436718567
889,1122,0.00018827363493151424
889,976,0.0011923445086082286
889,888,0.00019349932268845712
889,945,0.0025041913383164996
889,979,0.0010235164921919332
888,976,0.0040782809596056
888,945,0.9981778246297744
888,1084,0.00021962180825634
1055,1095,0.00738585011825925
1055,985,0.0071956944020799
1055,1094,0.005401819628545947
1055,1054,0.0028315145220019376
1055,1161,0.00015063782111848965
1055,1162,0.0002577131049714
1055,1418,1.9998033640186567e-05
986,1015,0.00086969979335935
986,987,0.3140211281508888
986,923,0.00227830195157185
986,953,0.0009624098803663
986,926,0.020665694825181474
986,985,0.0012097428280141
984,952,0.00200880599746045
984,923,0.0020339715821031373
984,985,0.0020675377723827
984,1015,0.0012190452385945
984,1094,0.00022120881257048632
984,1053,0.0048834616999224
984,1054,0.00024006595843901248
984,1161,6.92377263991448e-05
953,924,0.09574736119346094
953,923,0.0010459029349539001
953,985,0.0011192438255569
953,925,0.002718648707396
953,1094,0.0003572162886076544
953,1054,0.0002793060325088875
927,926,0.00118918934233415
927,985,0.0037987025733925
926,923,0.00062243876653645
926,987,0.0017989693485855498
924,923,0.001840518533179475
924,925,0.0014182380550384
923,1015,0.0006972761537579749
923,952,0.003978164188620825
923,870,0.00048035887720655
987,1161,4.5634515684627586e-05
987,1325,0.00043989360461888465
878,903,0.000251185773628875
1022,933,0.0030698748287451
1022,1135,0.00012797564145577002
1022,1246,9.356763323848597e-06
970,1116,0.0012529006260094417
970,1043,0.00010650294824139168
970,1042,0.00015213024804864997
970,1041,0.0019696130901982003
970,1040,0.00018623151489607502
970,1003,0.2575288003752858
970,1002,0.0009713004187266833
970,971,0.006565706353606645
970,942,0.048592524641707456
970,941,0.13267181576520418
942,1527,0.00039930941712586665
942,1116,0.00038051863148635
942,1003,0.0013485224190522803
942,1002,0.00049758926002625
942,971,0.004952460963339533
942,941,0.17137228158843457
942,916,0.0013483876189479748
942,979,0.00037661284857826665
941,1081,0.00028945188334697497
941,971,0.001235599207152893
941,916,0.000316425589715425
941,1003,0.00048325591490836
976,945,0.0207034715502361
976,977,0.0030396959173403
1197,1046,0.0262055049880115
1197,1157,0.00449195780894085
1197,1322,9.465775852029334e-05
1197,1839,0.00015954898034887502
1197,1993,2.0116759251043633e-05
1122,1006,0.0014978612634094
1122,1192,0.0016323419055075
1122,1086,0.0373532465445442
985,1096,0.0010676295459884
985,925,0.0010670966533529
985,952,0.0007101651702947
985,1161,6.68606371576069e-05
982,1091,0.0010495930151062
982,950,0.01280744144892755
982,1012,0.0009395482886092251
952,950,0.00039490964406475003
952,1267,6.65212866924105e-05
920,950,0.001560710859848075
1425,1464,0.0041455998350313
1425,1170,1.8651918626415463e-05
1425,1718,0.0010753247915663
990,1097,0.0294804263093211
933,903,0.000953456644191125
962,994,0.07208855171780869
1030,1764,3.994704507760188e-05
1030,1245,3.128702005787734e-05
1030,1215,9.234907000359063e-05
1030,1174,5.688859592394757e-05
1030,1172,3.7247477501824706e-05
1030,1109,0.0001307469911739539
1030,1108,4.4137796851158484e-05
1030,1107,0.02846330366207722
1030,1106,0.0027335853646938088
1030,1065,0.4333239564105936
1030,1029,0.008495271997896741
1030,995,0.005399282840304372
1030,994,0.00014516256555732827
1030,1067,0.00013008169530826592
1030,1175,7.817476413024456e-06
1030,1173,9.26492499702726e-05
1030,1246,1.8256441466692183e-06
1858,1894,0.0013913948830418749
1858,1822,0.00965041974987814
1858,1746,0.00048628416832097773
1858,1925,0.00034400506418329413
1858,1923,0.0005795222850575554
1858,1859,0.0012858879998957707
1858,1891,0.0001765936454528125
1858,1952,0.0011346908866941405
1858,1893,0.001352487789303119
1858,1892,0.0017398428559663812
1858,1823,0.0038264283355215266
1858,1924,0.00015170945626028715
1107,1108,0.0014629638751173
1107,1174,3.5798440541474494e-05
1107,1109,2.8546121721343638e-05
1107,1065,0.0015036236666492334
1107,1067,0.0003360043563676684
1107,1175,1.4664743411932612e-05
911,1000,0.0012321077104133998
911,861,0.0031416273049087
911,914,0.00035415272939054004
911,1399,1.280748601368542e-05
1000,1038,0.0006855855680974999
1000,1215,9.7667244237428e-06
1000,1174,5.681209197972841e-06
1000,1172,9.968471626719578e-06
1000,1176,1.4426599880375707e-05
1000,1070,2.5415752754651194e-05
1000,1037,0.0004940085718165455
1000,1178,0.0027111313012296496
1000,1175,8.279037958613586e-06
1000,1399,6.958168183025694e-06
1000,1246,3.727581889106253e-06
914,1764,0.00024255559988938002
914,940,0.014678999750749759
914,1075,3.559458489982527e-05
1764,1335,0.00112133058861095
1764,1215,4.119411477097248e-06
1764,1174,0.00012824032102223622
1764,1175,6.245641160280434e-06
940,1335,0.0016325234457911
940,1077,0.0005134300274397999
1003,1042,0.0011187732609337
1003,1002,0.012009824859328546
1003,971,0.043426173776513005
1002,1080,0.00044818499701299995
1002,1042,0.0016875797596352664
1002,971,0.0005727646521587
1002,1041,0.08577914779049789
1002,1040,0.006378791940860834
971,1080,0.00014420378369814284
971,1042,0.00023782635884762857
971,1041,0.0001560052704723143
950,1050,0.000388502055140125
950,951,0.0024486476082567253
1057,1097,0.0016645001459406
1015,1088,0.0016068724155898
1015,1053,0.0045900677810951
1015,1161,0.00013992668798796208
1015,1127,0.00017496222459951818
1335,1372,0.00391986569269182
1335,1334,0.00096655148247935
1335,1174,7.715230332932511e-06
1335,1175,5.2752637763355973e-05
1081,1255,0.0007211722812637
1081,1117,0.011976383334151495
1081,1116,0.0034092230198197004
1081,1005,0.0003609428659434999
1081,1043,0.039262397567637844
1527,1600,0.0006785031010450888
1527,1553,0.008853712264267358
1527,1528,0.0505141073432484
1527,979,0.0003381372445953999
1527,1418,0.00020816245104521492
1527,1641,9.787782936186713e-06
1527,1736,6.149074707547826e-05
1527,1599,0.00023700795136935712
1527,1807,1.2683189236362393e-05
1527,1772,6.940085975974999e-05
1527,1875,0.0003587693939939666
1527,1948,0.0005794893026592
1527,1952,0.00543420904013297
1116,1043,0.0011799202849065
1116,1117,0.00023888999201784
1116,1188,0.00012972282359495832
1050,1012,0.0022572977534809
1050,1090,0.0010541964192314999
1050,1093,0.0014263982249436
1236,1201,0.0007362131287924749
1236,1321,0.00017798196042659092
1236,1161,0.00014974721116123104
1236,1127,0.00031810419664768185
1236,1239,0.00014857505898328572
1236,1235,0.00488642114590762
1236,1266,0.0020484657584675
1236,1200,0.0008177304117391667
1236,1267,0.00017304077790643158
1236,1264,0.00033981395129909994
1236,1293,0.0002811501222421667
1043,1041,0.00025259861760389997
1043,1188,0.0001468138459406083
1042,1080,0.0003530681332021
1042,1255,0.0017033882535692996
1041,1040,0.21719092339784485
1041,1080,0.0004073136015958
1041,1078,0.0011992195153748
1041,1579,0.0020585968136530427
1040,1114,0.0009599695511549999
1080,1908,0.00028409613899867494
1080,1351,0.000369330353154325
1080,1221,0.0015140163550908501
1080,1114,0.015558674849618188
1080,1078,0.3106245806484771
973,1006,0.0016015920569321
977,1009,0.0010567901685257
1091,1012,0.000558696293262
1091,1090,0.006716918945408699
1091,1089,0.0034382622358414003
1094,1554,4.966982149483183e-05
1094,1321,9.902419394754548e-05
1094,1201,0.0001103968969813409
1094,1161,0.00043958816149252875
1094,1159,8.19366845930182e-05
1094,1128,0.011002654699932234
1094,1127,0.0002561480757586136
1094,1126,0.00014608081970893637
1094,1095,0.13301305149868925
1094,1093,0.0012839869402849274
1094,1054,0.4141940546856745
1094,1053,0.0020350225084555503
1096,1128,0.0011695069729048
1096,1056,0.0028844408569284
1096,1097,0.0015480092945213
1096,1161,3.610818830847586e-05
1096,1130,0.0035669708493317204
994,995,0.0076327296386754
994,1029,0.0026188777115205
994,1109,9.118870464685454e-06
994,1065,0.00035774429252013334
995,1106,0.00025279395720717503
995,1029,0.9165516531340744
1106,1174,4.473107974542798e-06
1106,1109,1.7177370057254542e-05
1106,1065,0.0019952923929213336
1029,1109,1.088463811402181e-05
1029,1065,0.0012552692088250333
1038,1037,0.06557118980274218
1038,1036,0.00147648339059635
1005,1084,0.00569532179752246
1005,1083,0.0016644212789658
1005,1046,0.0109342195151284
1005,1045,0.0040365885223602
1084,1192,0.00020211391988716
1084,1188,0.0005686964959127002
1084,1150,0.00028468551803028004
1084,1149,0.00098779659531118
1084,1119,0.010349184213413066
1084,1083,0.00295291583876537
1084,1046,0.0018413403414119
1084,1045,0.0069438755627074
1083,1188,0.0002057271192991083
1046,1006,0.0017636616423071
1046,1601,0.00015143307942995
1006,1012,0.000432445493503775
1006,1189,0.0010728971669679
1009,1290,0.0012590469766313
1009,1088,0.01200791844418
1009,1048,0.0017050275452092
1290,1088,0.0014870123969811
1290,1990,0.00017910153573124572
1088,1157,0.00549875860720405
1088,1090,0.0011215396668299998
1840,1939,0.02153641814962237
1840,1910,0.0007329395167090992
1840,1909,0.0006428870248620384
1840,1908,6.545439325507499e-05
1840,1907,0.00058290225071141
1840,1877,0.0035257860974034503
1840,1876,0.033495591076145394
1840,1875,0.002561199517603961
1840,1874,0.0008091732376923179
1840,1841,0.034450216056744476
1840,1839,0.02644089640676939
1840,1838,0.0002571068484226199
1840,1837,6.22817400584825e-05
1840,1807,0.0035601526535368093
1840,1806,0.024790239919128515
1840,1805,0.03124128363346622
1840,1804,3.470231588034249e-05
1840,1772,0.0004154390100787578
1840,1771,0.00031822084169232405
1840,1770,4.20527383508775e-05
1840,1741,3.0092517511550004e-05
1840,1736,2.7971266452230004e-05
1840,1735,6.88909487480825e-05
1840,1631,4.0548414605635006e-05
1840,1528,2.9760912614635006e-05
1840,1500,7.394457361661751e-05
1840,1669,0.00011784938880594084
1840,1967,0.0002768894975262222
1201,1266,0.0002118619836404875
1201,1265,0.000187674429277475
1201,1264,0.000192377015797925
1201,1235,0.20845050146480645
1201,1234,0.009799649223915713
1201,1200,0.13281861578935217
1201,1161,0.0018908101397178971
1201,1160,0.018222032348182392
1201,1159,0.0003043542145433376
1201,1130,0.00024912879300171246
1201,1127,0.0005602945745116068
1201,1202,0.0025034935738479005
1012,1090,0.0006762470799344666
1012,1089,0.0005376262450508
1012,1127,0.00037079819262928187
1053,1054,0.002296723516549887
1053,1095,0.00039062371527527503
1053,1161,7.474235680476896e-05
1053,1267,0.0006698880259354316
1245,1650,2.7036164519055775e-05
1245,1625,5.721453023422886e-05
1245,1519,2.8412781252398083e-05
1245,1479,7.28514441052654e-05
1245,1477,2.4607971206194223e-05
1245,1470,2.4608422925090384e-05
1245,1432,0.00416817925657458
1245,1428,7.497149855195e-05
1245,1401,2.351041413295961e-05
1245,1400,5.717039659051922e-05
1245,1399,0.0002367460594594117
1245,1398,0.0004578102261405298
1245,1397,0.0002781641363296789
1245,1369,0.02988693238937791
1245,1368,6.825275480302694e-05
1245,1367,0.00019955826937395193
1245,1360,6.520955353349807e-05
1245,1333,9.56204218670904e-05
1245,1300,0.007975083017891689
1245,1246,0.10709073121335023
1245,1215,0.0016634695751740545
1245,1214,0.0030071703026827747
1245,1176,2.1429036982786534e-05
1245,1175,3.53739782960036e-05
1245,1174,4.665794614113607e-05
1245,1173,2.5002239119976924e-05
1245,1172,0.00043535229472388816
1245,1170,0.0001781851897622714
1245,1135,0.00044830952911793076
1245,1100,0.00026120270645156926
1245,1070,3.718861563549424e-05
1245,1109,0.0001031339223698182
1245,1067,4.9871834768057884e-05
1215,2015,1.0136345059051998e-05
1215,1900,6.043647335382259e-06
1215,1897,8.290566606421409e-06
1215,1759,1.2172992632633028e-05
1215,1650,2.5869502060539158e-05
1215,1625,7.664026892994464e-05
1215,1594,3.923391156274618e-06
1215,1592,2.98219442286633e-05
1215,1519,7.671985673377764e-05
1215,1515,3.477284466342202e-06
1215,1484,2.2129190880051387e-05
1215,1479,0.0006225982646085386
1215,1478,2.6912860753520183e-05
1215,1477,8.872195080491873e-05
1215,1470,1.6505650219269115e-05
1215,1437,6.737002887420732e-05
1215,1436,7.895998961127646e-05
1215,1433,3.7963532325220183e-06
1215,1432,0.002067904692562847
1215,1428,4.792486942777798e-05
1215,1401,0.00010095122222439911
1215,1400,0.00034987044345181743
1215,1399,0.0027529593224985016
1215,1398,0.000360527340315326
1215,1397,0.00025506725253099605
1215,1370,2.068037292687249e-05
1215,1369,0.006180105397342833
1215,1368,1.0766701437951386e-05
1215,1367,7.48565287053541e-05
1215,1360,3.182540127122051e-05
1215,1338,7.044708814531197e-06
1215,1333,8.544038598478597e-06
1215,1300,0.00015564422465826657
1215,1246,0.028649998036015742
1215,1214,0.23472552559800194
1215,1176,0.000185327061615209
1215,1175,0.00033904564812256154
1215,1174,0.0034378017004027257
1215,1173,0.0005054606772304727
1215,1172,0.0042174644470206624
1215,1170,0.1229653324734734
1215,1135,0.00023640283682667109
1215,1109,0.0002127164628579072
1215,1100,0.0001549060647133646
1215,1070,0.00032279582133806306
1215,1037,3.636752466650454e-06
1215,1067,4.0535031712881586e-05
1215,1568,0.0034862587677416002
1174,1696,9.190290972956789e-06
1174,1519,2.2829138319855574e-05
1174,1484,5.616855060025097e-06
1174,1482,4.910466155400412e-06
1174,1437,1.0226870748453506e-05
1174,1435,1.1516016367613576e-05
1174,1433,6.620607083623464e-06
1174,1401,1.700451080017284e-05
1174,1400,0.00041446719197470866
1174,1399,0.0011592562769166999
1174,1397,4.307628044406173e-06
1174,1372,2.888843955537448e-05
1174,1370,0.000879036162300691
1174,1369,3.8992035595036164e-05
1174,1338,4.11739753730823e-06
1174,1247,8.420201163394652e-06
1174,1246,5.3947920277642784e-05
1174,1214,0.0002284960033491272
1174,1178,4.165895587434158e-06
1174,1176,0.008028474125238412
1174,1175,0.11047627310223439
1174,1173,0.007528137827402876
1174,1172,0.004357382826351699
1174,1170,0.000499319134508052
1174,1109,0.15134736902469345
1174,1108,0.0004014291380979013
1174,1100,5.255060363519584e-05
1174,1075,0.0007209105552159067
1174,1070,0.005152277703953774
1174,1067,0.2579983784983939
1174,1033,8.246126045927571e-06
1174,1432,2.429108119312713e-05
1174,1436,7.495842240800556e-05
1172,2015,4.39879639998297e-06
1172,1900,2.3998705364493166e-06
1172,1897,5.202010319056555e-06
1172,1759,4.481536845243048e-06
1172,1650,9.669831191131113e-06
1172,1625,2.876795202547479e-05
1172,1519,2.407206390958923e-05
1172,1484,1.7534247081471014e-05
1172,1479,0.00036291936631092806
1172,1478,1.1325841808377302e-05
1172,1477,0.00011859836854800256
1172,1470,7.173480473597457e-06
1172,1437,5.399477780852176e-05
1172,1436,4.98229256956585e-05
1172,1433,7.617146886194911e-06
1172,1432,7.775947624523694e-05
1172,1428,1.2652854645448733e-05
1172,1401,0.00010033704895520566
1172,1400,0.0005586437985768599
1172,1399,0.0022034466594255623
1172,1398,3.7363434641958534e-05
1172,1397,3.470686596534952e-05
1172,1372,4.211644275829157e-06
1172,1370,3.4849379095327596e-05
1172,1369,0.00014549314570694563
1172,1367,5.103746191977983e-05
1172,1360,9.963796944324277e-06
1172,1338,7.04368814120724e-06
1172,1300,1.642997558568396e-05
1172,1246,0.00046075360031256566
1172,1214,0.0002877618745298416
1172,1176,0.0011187761195964952
1172,1175,0.0025185351344218783
1172,1173,0.12879458348993733
1172,1170,0.006096210865090239
1172,1135,8.415214604472622e-05
1172,1109,0.0012864892226606035
1172,1100,0.0006427505630087578
1172,1075,4.01652246118356e-06
1172,1070,0.00119359388366439
1172,1067,0.0007578969326066514
1172,1037,6.634096158384155e-06
1109,1696,2.479161945480364e-05
1109,1519,0.00012783185421966542
1109,1372,3.070180006846545e-05
1109,1247,9.943241263125458e-06
1109,1176,0.00030294688401210853
1109,1175,0.007924789922599946
1109,1173,0.0004733930227274112
1109,1170,0.00021286955541558275
1109,1108,0.002266175669689326
1109,1075,1.7628198937995446e-05
1109,1070,0.00047853520710184347
1109,1067,0.06764572182053678
1109,1033,1.2370440704501816e-05
1109,1399,8.459437191470143e-06
1109,1432,9.069361093839533e-06
1109,1246,2.1746913270010477e-05
1109,1369,2.279305796952984e-05
1109,1214,2.7786660640744212e-05
1108,1067,4.229489459225789e-05
1108,1175,1.943063895110598e-05
1176,1625,1.7123047782739247e-05
1176,1484,1.2074562488743918e-05
1176,1437,0.00015444033452889148
1176,1401,0.00036274517424746735
1176,1400,0.00019773017290114795
1176,1399,0.0008116128792898891
1176,1372,0.0007591582658693524
1176,1370,0.01379462334401857
1176,1338,1.6388082257953263e-05
1176,1246,5.155226952315742e-05
1176,1178,3.0252545375927105e-05
1176,1175,0.14908403202742904
1176,1173,0.0007466610678156452
1176,1075,8.861839379109836e-05
1176,1070,0.10462332220477746
1176,1037,0.0001293516528346541
1176,1067,9.34208576698579e-05
1176,1432,3.7008732266832554e-05
1176,1337,0.00011359625947182223
1176,1170,0.00020777740251499063
1176,1369,2.3674634671495562e-05
1176,1214,5.334887192802738e-05
1070,1437,2.853339818769406e-05
1070,1433,2.229577763532857e-05
1070,1432,6.774050994165593e-05
1070,1401,0.004836425507201506
1070,1400,1.8864145956315472e-05
1070,1399,0.0001950560096031363
1070,1398,7.692028879413966e-05
1070,1338,1.3660801756789292e-05
1070,1247,1.5602758274385716e-05
1070,1246,0.00013841783931544543
1070,1175,0.004361374532568038
1070,1173,0.0003619369531199536
1070,1075,0.00013748982707341697
1070,1037,2.4511354872989274e-05
1070,1034,1.2943785184589286e-05
1070,1033,0.00019912032585078847
1070,1032,0.00020422685884606112
1070,1067,8.302994998438946e-05
1070,1170,0.0010263121154390972
1070,1436,8.45777916582611e-05
1070,1369,7.53173962316855e-05
1070,1214,9.34746577738105e-05
1033,1075,0.00014164144921738887
1033,1034,0.003437604211470144
1033,1032,0.6737777530276052
1033,1175,1.1857308974945648e-05
1032,1075,0.00017226723207804998
1032,1034,0.0016922103128697778
1075,1484,0.0004509564861033212
1075,1478,2.0991581344373735e-05
1075,1339,1.539995674521616e-05
1075,1338,3.482593522515759e-05
1075,1337,7.10115462428505e-05
1075,1247,3.7211016631849496e-05
1075,1178,1.012939426117778e-05
1075,1037,0.0014660108812024203
1075,1036,0.006337975005896763
1075,1034,2.287372757748081e-05
1075,1175,1.001689466191793e-05
1075,1399,1.0032358383999999e-05
1036,1037,0.03859298669990972
1037,1178,0.00012049396304530911
1037,1175,8.596766018250002e-06
1178,1247,0.0005681817166552
1178,1399,1.4003409676635417e-05
1114,1221,0.0010721562273161376
1114,1145,0.03082148079576441
1114,1078,1.9292567051144107
1114,1343,0.0010721384740548666
1157,1090,0.0022485799435436665
1157,1089,0.00137355899668935
1157,1161,3.525277841551379e-05
1157,1127,9.309573361217273e-05
1157,1235,0.00048715371277336
1157,1234,0.0032540826680134
1157,1531,0.0012169932410133252
1157,1746,0.00017366667830340002
1153,1090,0.0006259082698785666
1153,1265,0.0780601209056552
1153,1418,1.7411230772673137e-05
1090,1126,0.0014189368228176668
1090,1089,0.5409265425606447
1089,1192,0.00053684013877185
1089,1126,0.005970615473342451
1054,1128,0.00029658985216445
1054,1095,0.004562060371091112
1054,1093,0.0008505601881303124
1128,1266,0.00023011490862875
1128,1235,0.0004240570659273667
1128,1200,0.0008950116841871834
1128,1161,0.003232908098628565
1128,1127,0.0015609637393815302
1128,1093,0.0009652967349292
1128,1095,0.004981340558702499
1128,1246,3.596819165563604e-06
1128,1160,0.00028649831974710005
1095,1161,0.000134509140835
1093,1126,0.00041506478546393997
1093,1161,8.543216726818622e-05
1093,1127,0.001157409978761709
1056,1097,0.0047201198735767
1097,1239,0.0009944309874347571
1097,1163,0.00016698204289263333
1059,1134,0.0011186581602746666
1059,1099,0.18950129926720632
1134,1099,0.00201924472038285
1134,1268,0.000756303860260533
1134,1209,0.00042861215055859997
1134,1326,8.633619676038665e-05
1100,1135,0.03291780318543454
1100,1101,0.3919958139427704
1100,1175,1.4808504930570645e-05
1100,1173,2.6462119158184935e-05
1100,1432,5.544184844446045e-05
1100,1398,0.00010808200546843331
1100,1246,0.00011832986841960508
1100,1170,8.457403079961856e-05
1100,1168,0.00025754407106392006
1100,1369,0.00010530030877712126
1100,1214,0.0001430558459135558
1067,1175,0.013134924679191345
1067,1173,5.3475293718207876e-05
1175,1696,3.019583760229021e-05
1175,1626,8.88364225424565e-06
1175,1519,7.569779939999455e-06
1175,1484,7.827718854276084e-06
1175,1477,8.597756458652715e-06
1175,1460,0.00012560738835090272
1175,1437,3.7797301965161417e-05
1175,1436,6.843693398327717e-06
1175,1435,1.0835171779027718e-05
1175,1433,5.83599137531478e-05
1175,1401,4.655630328097934e-05
1175,1400,0.00020992194120557914
1175,1399,0.00019252752611827184
1175,1372,9.40813216913413e-05
1175,1371,6.015096765439673e-06
1175,1370,0.01145827830808223
1175,1360,7.399788435369015e-06
1175,1338,5.658472188411957e-06
1175,1334,7.332199005517391e-06
1175,1276,7.91688066046201e-05
1175,1247,9.77123609702065e-06
1175,1246,5.853262147430414e-05
1175,1214,5.842761966710517e-05
1175,1173,0.0015239175140182408
1175,1170,0.0006651564189198231
1175,1135,5.536612763479892e-06
1175,1432,7.379203424718759e-05
1175,1369,2.5460920409610077e-05
1173,2231,2.7899439780226028e-05
1173,1696,9.924583964308218e-05
1173,1686,1.4759746424035615e-05
1173,1519,1.7716715675813697e-05
1173,1479,1.4412872309765748e-05
1173,1477,1.610784823616027e-05
1173,1437,2.8923883639646582e-05
1173,1433,4.387086026199176e-05
1173,1401,0.0001395736128273164
1173,1400,0.0006652304407456753
1173,1399,0.0006164590274465913
1173,1398,9.996472905272736e-05
1173,1397,1.846459138973151e-05
1173,1370,0.00022710391484594725
1173,1369,4.050422844474843e-05
1173,1246,9.661151229566988e-05
1173,1214,8.152771409166507e-05
1173,1170,0.0011353918550449263
1173,1135,1.5180645905326025e-05
1173,1432,2.075390520612093e-05
1401,1477,0.00034484707726389994
1401,1437,0.0005935592935464667
1401,1400,0.02602032578371178
1401,1399,0.0018394670493457562
1401,1370,0.0003986629952474667
1401,1432,2.5023147423872884e-05
1401,1246,4.876114297391263e-05
1401,1170,6.224450684950514e-05
1401,1479,0.0011996861617122
1401,1436,0.0025534315540137274
1401,1369,2.09318333830742e-05
1401,1214,4.069969494194842e-05
1399,1897,1.0944184508236108e-05
1399,1759,9.477933792629166e-06
1399,1625,1.677826822481737e-05
1399,1546,1.3977597206135419e-05
1399,1519,0.0010994635168026104
1399,1484,3.0378148715885417e-05
1399,1482,0.0003684628374701092
1399,1478,6.63176901264243e-05
1399,1477,0.00635213306633939
1399,1437,9.378351919242494e-05
1399,1436,0.15909694823543902
1399,1435,0.001961615931759803
1399,1433,0.0023266152378421845
1399,1432,0.0005067645984369794
1399,1428,5.1769556999520846e-05
1399,1402,1.6820655432024303e-05
1399,1400,0.0577303059892698
1399,1398,0.0002938116089289368
1399,1397,1.420542539443889e-05
1399,1372,0.0005640445207794754
1399,1371,0.00015806831476795002
1399,1370,0.00030110383679922013
1399,1369,0.00042547721176088455
1399,1366,2.271237660364583e-05
1399,1355,1.0715059508129852e-05
1399,1338,8.694372420495833e-06
1399,1246,0.0010650575209729316
1399,1214,0.0008995066705660792
1399,1170,0.0026113850843886076
1399,1479,0.22056834692388705
1334,1372,0.0011203458833824
1276,1247,0.015507660576605799
1597,1626,0.1477280151419447
1597,1628,0.0012049010026751
1484,1437,0.0017433308741166
1484,1432,1.415139355976511e-05
1484,1246,1.0549384329836089e-05
1484,1170,1.5198385206292786e-05
1484,1369,1.7351088022919354e-05
1484,1214,1.6862442151408425e-05
1484,1626,0.000586691728178675
1437,1400,0.00018192600809059
1437,1432,1.8356933662566658e-05
1437,1246,2.436071889731674e-05
1437,1372,0.00035175965874736
1437,1170,3.3863645559556696e-05
1437,1436,0.0002032504841995
1437,1369,3.524407141469033e-05
1437,1214,3.13460545875e-05
1400,1519,8.951938333173499e-05
1400,1482,0.000270918079649205
1400,1478,5.796025315616e-05
1400,1477,0.00026955769344724
1400,1435,6.152687747463e-05
1400,1433,9.9465351145535e-05
1400,1398,0.00012656802262303444
1400,1372,0.00038987196871324007
1400,1370,0.0015201156282752665
1400,1366,6.134654700841001e-05
1400,1432,8.396559257739613e-05
1400,1246,0.00012373390924075585
1400,1170,0.00024687054367913703
1400,1479,0.0015609120456287998
1400,1436,0.057097232019977524
1400,1369,9.039827939010241e-05
1400,1214,0.0001967305346602115
1247,2190,2.0490301916977434e-05
1135,1168,0.0036259079232513307
1135,1101,0.0035701801135239507
1135,1432,0.00013242563748539767
1135,1398,0.00011620300355466387
1135,1246,0.0004248540524594596
1135,1170,0.00017063240811235773
1135,1369,0.00021319747553846544
1135,1214,0.00013094637937201474
1433,1246,7.41465093168297e-06
1433,1170,1.50368835358299e-05
1433,1435,0.0019569481114990496
1433,1460,0.00069947723542195
1433,1431,0.0005140267903183333
1433,1823,4.401120180301539e-05
1432,1897,8.300834283184492e-06
1432,1759,1.0678176807323258e-05
1432,1650,2.1580495934780608e-05
1432,1625,8.200021764019612e-05
1432,1594,1.378016509373876e-05
1432,1519,0.0001216629758056892
1432,1479,0.00021475973363540389
1432,1478,0.00037640144624345555
1432,1477,4.099136990609768e-05
1432,1470,2.195571488516745e-05
1432,1436,3.672949647661473e-05
1432,1428,5.173525760624032e-05
1432,1398,0.027203101272491707
1432,1397,0.0020694589774138557
1432,1369,0.22477240646653301
1432,1368,0.0001049916448889318
1432,1367,0.0005112693198259915
1432,1360,2.520699945110776e-05
1432,1333,4.878560715860312e-05
1432,1300,0.0010918321366747965
1432,1246,0.1172319526362842
1432,1214,0.0021285492621984266
1432,1170,0.0001725061883562323
1398,1650,3.9336748472338894e-05
1398,1625,0.00016582499435994165
1398,1519,6.119588331545276e-05
1398,1479,0.00017350361843273887
1398,1477,3.2076156249647216e-05
1398,1470,6.327289014408054e-05
1398,1428,0.0001457763756466
1398,1397,0.0026671491670692054
1398,1369,0.261011970243855
1398,1368,0.001392813933967858
1398,1367,0.008157326586229056
1398,1360,0.00017828387149205002
1398,1333,7.874999846531387e-05
1398,1300,0.0011744511530395916
1398,1246,0.0016666629796450844
1398,1214,0.0002248652834804164
1398,1170,5.139080708489484e-05
1338,1246,4.74805643625454e-06
1338,1337,0.005095364078717455
1246,2041,2.00934665819875e-06
1246,2015,6.482463875338903e-06
1246,1900,4.2322738781684355e-06
1246,1897,7.761095725065933e-06
1246,1759,7.688183424436728e-06
1246,1758,2.4496879786068756e-06
1246,1689,2.4429454736993774e-06
1246,1650,3.5525185300620954e-05
1246,1643,1.6529593928160946e-06
1246,1625,8.339706092219614e-05
1246,1594,4.1638361229425e-06
1246,1542,1.5636367461898428e-06
1246,1519,5.8094085006998256e-05
1246,1479,0.00037176910301652964
1246,1478,1.7146266731551286e-05
1246,1477,6.39315692328774e-05
1246,1470,2.030186162091688e-05
1246,1436,0.00015072550784000095
1246,1428,4.700643120994921e-05
1246,1397,0.00024821633779564063
1246,1372,2.8199144870421878e-06
1246,1370,6.179432066350317e-06
1246,1369,0.029896164837449883
1246,1368,4.4784771604481233e-05
1246,1367,0.00016365825126673646
1246,1366,1.9535338881321877e-06
1246,1360,2.6004051874900287e-05
1246,1333,0.002238203105698883
1246,1300,0.0011424987735651846
1246,1214,0.2550931834901141
1246,1170,0.0010727515742503858
1246,1101,2.2922348285556248e-06
1482,1371,0.0023693087066175
1482,1431,0.0028775431354664998
1685,1686,0.0038515700922877
1685,1994,3.620904887867924e-05
1685,1892,1.608533159417429e-05
1487,1521,0.999998934201806
1487,1341,0.00031425379316346006
1487,1547,0.0008565604201243
1372,1371,0.00553008516205294
1372,1370,0.0002567394759092333
1371,1370,0.0001899879315312833
1371,1214,3.108254474270737e-05
1366,1431,0.001226236267564
1366,1332,0.0013867924920716
1366,1168,0.00076435044861832
1366,1214,2.6205056497519998e-05
1337,1323,0.0005686519673324444
1478,1519,0.0042189069962299
1478,1170,1.2875383050535055e-05
1478,1479,0.0014153551331103
1478,1436,0.00020786309626510553
1478,1369,3.0451342728868547e-05
1478,1214,1.9156092997933692e-05
1339,1340,0.013230412657019084
1339,1341,0.00022847919599334
1077,1251,0.001224978474214
1077,1112,0.00763694305143835
1077,1076,0.0039593134483426
1251,1277,0.0012062956355719
1251,1342,0.00052060722879675
1251,1341,0.00025879150907722
1078,1221,0.001381677034859
1221,1145,0.00045226117261539997
1908,2084,0.0007806588992319499
1908,1994,0.00027539121696904423
1908,1993,0.0001842446924881278
1908,1967,0.0007159348672707642
1908,1966,0.00024170205806629824
1908,1939,0.010432453300913837
1908,1938,0.024790179842965245
1908,1910,0.0029965471653132314
1908,1909,0.07839179396007914
1908,1907,0.13747280627682623
1908,1876,9.796415009267855e-05
1908,1875,0.0036060096887355368
1908,1874,0.001200015568948407
1908,1839,0.014223597482886562
1908,1838,0.00011563466142084999
1908,1807,0.0003959403215143618
1908,1772,5.4420327388443094e-05
1908,2190,3.580414453138047e-05
1351,1383,0.0039194387423479
1351,1188,0.0001579048346137583
1351,1457,4.812598015478933e-05
1351,1350,0.0007248224846980143
1351,1665,9.47674409892e-05
1351,1806,5.9218133531145005e-05
1351,2158,0.000388385708492574
1351,2146,3.059055949784971e-05
1255,1287,0.00034432907460373334
1255,1283,0.10555201406525955
1255,1281,0.0022681017606611333
1255,1258,0.0005438951082021
1255,1225,0.0007397623367669001
1255,1226,0.000593353435566375
1255,1304,0.0005033858677605
1255,1350,0.00025590191357207146
1117,1188,0.0004362690122232367
1117,1186,0.00033203089965044
1117,1118,0.00315355401048616
1192,1188,0.00022377846481815
1192,1086,0.0011765621713527
1188,1497,0.00014827127603371667
1188,1287,8.564819703264999e-05
1188,1230,0.0003889846335556166
1188,1227,0.003519474531849291
1188,1189,0.010513068518293617
1188,1187,0.003446425471993967
1188,1186,0.001247603449583033
1188,1150,0.0003469352388228667
1188,1149,0.0029714173493667418
1188,1119,0.004376035154729675
1188,1118,0.0008526660820002668
1188,1226,0.00033344389575502495
1188,1350,0.00011027492742649997
1150,1230,0.0010076453998184
1150,1119,0.0019982262588203
1150,1189,0.0034145511765219
1149,1230,0.001273233648401375
1149,1227,0.0023364195639237503
1149,1186,0.00037667085062965
1149,1118,0.000506254519801675
1119,1289,0.0007026688771249666
1119,1230,0.00041623147049536666
1119,1189,0.0014985899927232001
1119,2161,0.000347693513173575
1086,1641,7.27504196851259e-06
1126,1161,0.0003700755597117593
1126,1160,0.0004825101813702257
1126,1127,0.04066491730799635
1554,1637,0.0007755840334989427
1554,1602,0.0004976938000313382
1554,1601,0.00023430409617705236
1554,1578,9.824952281144285e-05
1554,1577,0.02752013835646949
1554,1576,0.01070434794811041
1554,1575,0.00072536584087065
1554,1555,0.002749713612744107
1554,1530,0.0018768993067127318
1554,1529,0.007006520720980572
1554,1501,0.0001576476828421857
1554,1264,0.0002221610040929214
1554,1322,0.0005046552653499134
1554,1418,5.927904726273731e-05
1554,1580,0.00012554359623273843
1554,1457,7.208769919842002e-05
1554,1456,4.3967333445321736e-05
1554,1556,0.0008943919980693
1554,1502,0.00019772891729845715
1554,1603,0.0001642760272640091
1554,1579,0.0001370967788565786
1554,1639,0.00015788447357277497
1554,1636,0.00010221610505735711
1554,1706,0.0001295463325751333
1554,1669,2.552041772792727e-05
1321,1428,0.00011561082334080912
1321,1354,0.002342408700115332
1321,1322,0.6644699373303586
1321,1291,0.020505599063473053
1321,1266,0.0002135808089136818
1321,1161,4.255039463960689e-05
1321,1200,0.0003664152962279833
1321,1264,0.00038749724976189996
1321,1385,0.003136794993110199
1321,1387,0.0023196357583367
1321,1416,0.0015311623865952003
1321,1577,0.00010822799642639001
1161,1621,5.7857936097786205e-05
1161,1354,8.86377899117586e-05
1161,1267,0.0007360732484802069
1161,1266,8.087697311702412e-05
1161,1264,0.0001351978352537483
1161,1239,6.552038080907931e-05
1161,1235,0.000714645349092953
1161,1202,0.06789970481031653
1161,1200,0.0003194827701642068
1161,1164,8.362470163662412e-05
1161,1163,0.00016182710005536896
1161,1162,5.818346634322415e-05
1161,1160,0.046832659756329956
1161,1159,0.00026176815746477245
1161,1130,0.00018678642625586896
1161,1127,0.004014159516952923
1161,1322,0.0008796269061414133
1159,1200,0.0025666486782063
1159,1127,0.00033778022514666366
1159,1160,0.0005542854396101428
1127,1265,9.341098925779092e-05
1127,1239,0.0005304322261858001
1127,1235,0.0017800132862808597
1127,1234,0.0006018736541713818
1127,1160,0.01679685923306325
1127,1130,0.00026759862182280003
1127,1200,0.0001987424840312
1127,1202,0.0015380643024062001
1101,1168,0.00174026721634758
1101,2081,3.2622994829185608e-06
1696,1626,0.02486985561507005
1696,2188,4.976243376659277e-06
1696,2190,1.6034117162405262e-05
1519,1515,0.00040714494627875996
1519,1170,2.8282107407280418e-05
1519,1477,0.0024055314809439503
1519,1436,0.0008117542098283279
1519,1369,7.311058444568545e-05
1519,1214,5.515183578497472e-05
1519,1546,0.0009738247931829499
1519,1806,0.0007314428182192502
1170,1650,1.1305664295704122e-05
1170,1625,2.903566427603815e-05
1170,1479,0.0002602065128744495
1170,1477,0.0008437728944306495
1170,1436,3.182461615230103e-05
1170,1435,2.7465633838672167e-05
1170,1428,1.6285098573154638e-05
1170,1397,4.9413024586805156e-05
1170,1370,1.6268093508987633e-05
1170,1369,0.0004499574853345479
1170,1367,3.903193054616391e-05
1170,1360,1.2867618841004117e-05
1170,1300,7.312065326912886e-05
1170,1214,0.0007701694777968605
1145,1220,0.0004986137577442108
1145,1219,0.00036229981092266664
1145,1252,0.000403985982712675
1145,1343,0.0013383387372606832
1186,1118,0.0199905127384755
1186,1227,0.0016552611907556
1186,1187,0.0094125845188446
1118,1227,0.00028365904399800003
1289,1230,0.0011391392036944
1289,1807,0.0001662534788899368
1289,1772,0.0002855485079776431
1289,2033,0.0038883882448357164
1230,1227,0.000527337461465125
1230,1259,0.0011253340891447
1230,1231,0.0046023758776445
1160,1578,0.0001459045256055571
1160,1267,0.001092086229349757
1160,1235,0.0005534824304677171
1160,1200,0.00026659206920965
1160,1387,0.00017092207687068335
1265,1585,0.0019021250087509
1265,1235,0.0013337908326729
1265,1200,0.0014413216889427
1265,1323,0.006389885424108733
1265,1322,0.00028352208072120666
1265,1418,0.0004166785685326313
1265,1386,0.0002905218044539
1265,1641,1.1853790532069229e-05
1265,1707,0.00053768924588066
1265,1977,0.00031390979585382
1239,1994,0.00020503463040289995
1239,1388,0.00027037970261018575
1239,1268,0.06611141310996774
1239,1238,0.004955216747950472
1239,1206,0.1378370280867974
1239,1164,0.0025662404562477427
1239,1163,0.0029040475499208023
1239,1326,7.794903793312e-05
1239,1295,0.00015835591119588572
1239,1356,9.577353374274617e-05
1235,1503,0.06573530764047333
1235,1266,0.00071140869768702
1235,1264,0.00122667204873568
1235,1234,0.012323666298141082
1235,1200,0.02317731154408599
1235,1130,0.0004287641144218601
1235,1267,7.45257280992263e-05
1235,1322,0.00014950223591535998
1234,1200,0.00045304884202529997
1234,1267,5.344329965346316e-05
1234,1456,0.009519767943110742
1234,1636,2.556419408427143e-05
1130,1163,0.0003340533538822401
1130,1162,0.007418205227813081
1266,1200,0.00048148318249044994
1266,1163,0.00016797679668489998
1266,1267,0.0007999826986672895
1266,1264,0.00017052611234578334
1266,1294,0.0008880249432054833
1266,1291,0.0009040640889125333
1266,1323,0.0005987857915977332
1266,1293,0.0035473937139239658
1266,1385,0.0003490718095198667
1266,1322,0.00024978033990312004
1266,1356,0.0001137114822268077
1266,1418,0.0001414694454313806
1266,1457,8.34601902828493e-05
1266,1386,0.00026656015166520003
1266,1456,0.00011123288725671305
1266,1501,0.00036320119892856666
1266,1669,2.4529392796379548e-05
1200,1264,0.049768966134513384
1200,1162,0.00029334066865538004
1200,1322,7.450901506169334e-05
1200,1579,7.451505739322857e-05
1163,1208,0.004114067090325782
1163,1164,0.0003405860015123833
1163,1162,0.0011496648023890436
1163,1267,6.310159072168419e-05
1163,1206,0.0019360270266197748
1162,1206,0.00029208548402805
1168,1212,0.00272628278921652
1220,1698,0.0009644289062264785
1220,1489,0.0006534139237290427
1220,1279,0.006234688572978629
1220,1252,0.005987516016717736
1220,1219,0.006189367217288214
1220,1180,0.026749727731756847
1220,1179,0.007201520986630972
1220,1278,0.00350690557945145
1220,1305,0.00033915407985957776
1220,1304,0.002051655384138175
1220,2053,1.1478986306915202e-05
1220,2179,9.472106990853551e-06
1220,2098,2.5027474820311385e-05
1220,2081,8.562689038010529e-06
1220,2194,4.443489549770263e-06
1220,2214,9.518117537090173e-06
1220,2180,2.2906947406489795e-05
1220,2213,1.673809289143588e-05
1220,2188,8.627605466814481e-06
1220,2166,4.76468538754098e-05
1220,2222,2.856227830206932e-05
1227,1259,0.00038347536210602494
1227,1187,0.0015335955310822
1227,1226,0.0007552880122627
1578,1668,0.0003433834407569667
1578,1604,0.0004257019611352334
1578,1602,0.003047089302951822
1578,1580,0.00045100225968003327
1578,1579,0.0019306717312420451
1578,1556,0.09372832936749975
1578,1530,0.0030123850713161997
1578,1501,0.0007462174167505999
1578,1529,0.00045684435977355706
1578,1637,0.0004368199421939562
1578,1557,0.00021016822541441337
1578,1531,0.00040876387746879996
1578,1638,7.961748651718667e-05
1578,1603,0.002618769164079746
1578,1581,0.0007215898572402666
1578,1555,0.00068823828131455
1578,1639,0.00010910804068504999
1267,1326,5.995461526604735e-05
1267,1323,0.0004197701808970789
1267,1297,0.00019466738688111578
1267,1294,0.005779142597739253
1267,1293,0.02225174403203279
1267,1268,0.0004420120544689105
1267,1164,7.710832522484211e-05
1267,1291,0.00045335208949519995
1267,1418,1.598050841245672e-05
1621,1620,0.0029722698753343003
1354,1385,0.003248159747113
1354,1322,0.00439853790997256
1354,1457,3.560498026940534e-05
1354,1416,0.0005363355768441
1354,1603,0.0014128854533143273
1264,1291,0.0005119896474604334
1164,1206,0.0020236027652216
1164,1326,0.0005721352656310333
1164,1296,0.0027233941825660856
1208,1209,0.0019050682039683667
1208,1241,0.0012305085622569831
1206,1268,0.0005493988600723999
1206,1356,7.6937383184e-05
1206,1418,0.0002595392130441283
1332,1428,0.0220056573176431
1332,1470,0.0035070471618952196
1212,1328,0.0013901219494268
1650,1369,3.313492921283468e-05
1650,1214,1.5041111440883155e-05
1650,1614,0.00131072670337525
1650,1590,0.0001703993634383875
1650,1589,9.170126600388235e-05
1650,1789,0.0186756182426785
1650,1680,0.0004451423858162077
1650,1719,0.00036859130598318
1650,1825,0.0009014929328709999
1650,1720,0.00402991410956125
1650,1751,0.001369018428316
1625,1594,0.0014492017678204
1625,1436,7.657862344905e-05
1625,1369,0.0002689435441361702
1625,1214,6.278768488868634e-05
1625,1546,0.0004760290970644834
1479,1436,0.006188508480733999
1479,1369,0.0003228481739184636
1479,1214,0.0002451492395227748
1477,1757,0.0007543828555177
1477,1436,0.02633845566681013
1477,1370,0.0006291505525926332
1477,1369,3.306570578700888e-05
1477,1214,5.780084308602212e-05
1477,1402,0.0015675323001012999
1436,1367,6.434549912655e-05
1436,1369,2.4762400644830237e-05
1436,1214,5.660273693395366e-05
1428,1470,0.1873192112127259
1428,1360,0.0007845354524104
1428,1328,0.0011072576310953
1428,1369,0.0001722181715839367
1428,1214,3.3303989226222105e-05
1397,1369,0.0010355237623776165
1397,1367,0.0524385384514938
1397,1214,0.00012853735488788207
1397,1470,0.00035031805026224
1397,1431,0.0005375746064231
1397,1430,0.001265138655196
1370,1402,1.265020162581272
1370,1369,4.282786883687098e-06
1369,2015,7.665406948769759e-06
1369,1900,5.196193710835083e-06
1369,1897,1.1358119191097983e-05
1369,1759,1.3203633281518143e-05
1369,1689,1.2426671115077818e-05
1369,1594,8.267727145956856e-06
1369,1470,4.9855930361101205e-05
1369,1368,1.6776674544362882
1369,1367,0.006682891262900892
1369,1360,0.00041010304786970846
1369,1333,0.018203344021588446
1369,1300,0.01362376760365401
1369,1214,0.0026055629439782108
1369,1431,0.0005475417508251999
1367,1300,0.00076057550553975
1367,1214,4.4949825660713695e-05
1360,1214,2.125866812166632e-05
1360,1328,0.0088142903408488
1300,1333,0.006818399282585725
1300,1214,9.846691461628736e-05
1214,1759,1.221647696744e-05
1214,1470,1.4213920067712638e-05
1214,1368,1.1552019014134741e-05
1214,1333,1.1471556262913685e-05
2015,2136,7.793253880711333e-05
2015,2120,0.0008937129752770468
2015,2034,0.04621999997595199
2015,1971,0.00513510078747364
2015,1970,0.000506838799765306
2015,1941,0.004144927303361264
2015,1882,8.673417610081332e-05
2015,1771,0.00017251245326998238
2015,1942,0.0006456161321770715
2015,1912,0.0002833681913051364
2015,1913,0.0002676519673787333
2015,1806,5.783609716697502e-05
2015,1909,0.00028826326596468325
2015,1996,6.895697261845898e-05
1900,1901,0.000326035393907
1900,1830,0.0010033970594642001
1900,1865,0.15796306568460425
1900,1933,0.0030521389560368
1900,1932,0.0018202880452528
1900,1962,0.0023085086097671998
1897,1590,0.00064254061022265
1897,1567,0.00016089029430587778
1897,1680,0.00010872418414289231
1897,1790,0.0013125883619539
1897,1825,0.0012879421732415498
1897,1859,6.84094593930706e-05
1897,1952,3.1555158639096493e-05
1897,1894,0.0010338472486511856
1897,1892,1.799352510213572e-05
1897,1823,8.321847317990772e-05
1759,1797,0.00053424191443265
1759,1758,0.0020620102678907
1759,1567,0.0001998879719618222
1759,1691,0.00038850377360505003
1759,1760,0.0069370834560845
1470,1618,0.00091300531436668
1470,1542,0.00022201339796334
1470,1513,0.00142465980318579
1470,1328,0.000673380172055
1470,1590,0.00018687089387027506
1470,1567,0.0013306108942774443
1470,1589,8.57488489067941e-05
1470,1894,4.418844685883214e-05
1686,1594,0.0012295574038126
1686,1546,0.014109361372248897
1626,1627,0.009666392424352325
1460,1614,0.0007533395375226
1460,1459,0.00755433284001009
1460,1326,8.025984566904001e-05
1460,1356,0.00013590354249027692
1460,1418,4.049154204964926e-05
1460,1533,0.00019235974911852857
1460,1582,0.00010419356668400812
1460,1558,0.0007163642699105889
1460,1641,0.0003803866711320931
1460,1708,0.0004980648998075308
1179,1180,0.0694245702750235
1179,1219,0.0035868514363480665
1179,1252,0.000398877154500175
1180,1219,0.0006799820912526665
1187,1225,0.0016397976934519
1187,1226,0.00045386300774065
1497,1496,0.0010642788185772
1497,1322,0.00011028835589851999
1497,1411,0.0025182475911311
1497,1381,0.001127854143962825
1497,1350,0.022691127867973393
1497,2052,5.279957432526316e-06
1287,1259,0.008084517160786849
1287,1314,0.007954394398753799
1287,1574,0.0010643834822529
1946,1847,0.00014132893606579999
1946,1923,0.00021739052849398144
1946,1814,0.0005806879177534131
1946,2001,0.0006257469692362251
1946,1948,0.000850877128601075
1946,1922,0.00026329924951258007
1946,1823,6.755838714257693e-05
1946,1924,3.866862009690967e-05
1946,2105,9.873358639268e-05
1946,1977,0.0007614994290295801
1946,1976,0.003837068013475712
1294,1529,0.0005649949073461
1294,1323,0.023477286304854305
1294,1293,0.3129254201943149
1294,1270,0.00059189763368348
1294,1268,0.00017004276847540833
1270,1542,0.00024072971929730002
1270,1297,0.005655864890756266
1270,1268,0.0006021536573379583
1270,1209,0.0008159926527449666
1270,1241,0.0179900643465924
1270,1326,0.00040326457938905336
1270,1296,0.00024916501176631425
1270,1295,0.0004250179145974285
1270,1357,0.0006745011955359
1270,1356,0.00019124354728557695
1270,1327,0.0025266920081258998
1270,1418,0.0001055436840125806
1268,1326,0.0008346103710471716
1268,1297,9.602101861299165e-05
1268,1296,0.0022266799930808034
1268,1295,0.011913975491031552
1268,1238,0.015235605376885161
1268,1388,0.0002712910299354
1268,1293,6.932844726554762e-05
1268,1356,0.00029990510656250003
1268,1325,0.0001918490413547077
1268,1327,0.0012850482071871002
1268,1355,0.00029136556577991253
1268,2030,2.7147446473838646e-05
1209,1544,0.0006942649838896332
1209,1328,0.0008163699148677333
1209,1241,0.0030160532153914827
1544,1568,0.0039495642570347
1544,1515,0.0006270521197226333
1328,1299,0.00023774623187931251
1594,1546,0.0014187487980465163
1594,1568,0.0049912046766068
1592,1620,0.2077039420518714
1515,1568,0.0027284516938815
1219,1252,0.04456212467914625
1219,1278,0.0007766533001762499
1252,1279,0.001272712905111525
1252,2174,4.919426354156334e-05
1698,1572,0.00029067168178855996
1698,1800,0.0009740697409713625
1698,1765,0.0044123204156264
1698,1730,0.03436998922612671
1698,1874,0.0002207121311314429
1698,1869,9.870485495159999e-05
1698,1868,4.603937026357083e-05
1698,2053,3.60845368725624e-05
1698,2179,7.0384871145777265e-06
1698,2094,4.239409106721667e-05
1698,2098,5.3230159433612766e-05
1698,2081,5.450440438585428e-05
1698,2052,3.0343059275671567e-05
1698,2194,7.761082140164095e-06
1698,2125,1.4981773487124654e-05
1698,2112,1.87258562691931e-05
1698,2097,2.811150808842837e-05
1698,2080,3.984609266326e-05
1698,2180,1.3616070518451075e-05
1698,2169,6.352553247689512e-05
1698,2168,6.19625693627698e-05
1698,2139,6.640068278032151e-05
1698,2124,3.4830064470239026e-05
1698,2202,4.7927888887223315e-06
1698,2188,1.8896512476251123e-05
1698,2187,1.1984928385514067e-05
1489,1490,0.0042642685196023
1489,1278,0.0026269216303418004
1489,1305,0.0011874963430722222
1489,1304,0.0018745112076595251
1489,1343,0.0029854719792596998
1489,1550,0.000285726075263625
1489,1868,9.44960591186125e-05
1489,2053,8.538062461491797e-05
1489,2098,4.947492164566519e-06
1489,2081,6.055154957041273e-06
1489,2052,3.237465406595368e-05
1489,2180,7.483089624015592e-06
1489,2188,5.739164762457926e-06
1489,2181,1.0733965712692487e-05
1489,2187,3.135052282002754e-06
1489,2228,4.427716754214285e-05
1279,1278,0.00663006709086165
1225,1258,0.0006343351428397
1225,1257,0.06918944088575249
1225,1226,0.02986207037090227
1258,1226,0.013012218049524776
1257,1226,0.00437639768254895
1226,1314,0.00034824443814725
1226,1281,0.001138918810338075
1281,1308,0.0086054259617147
1281,1282,0.0136389212361657
1259,1383,0.0024697979225705
1503,1532,0.21728868664733703
1503,1502,0.0023197086302825997
1503,1457,0.15759168393725878
1503,1456,0.0025631762603628
1503,1356,9.086899275190771e-05
1503,1418,3.7221123858888066e-05
1503,1580,0.0002307945058375077
1503,1557,0.00039296781494208
1503,1531,0.00074020954754275
1503,1555,0.0005359745323114001
1238,1323,0.00017193635591860001
1238,1295,0.00026567394446937143
1238,1356,0.0010847789530552768
1238,1325,0.00022451917934802304
1994,2106,3.189834729362831e-05
1994,2104,0.00023349088379486045
1994,2102,2.654425839693963e-05
1994,2085,5.6704131768837735e-05
1994,2074,3.140494400903021e-05
1994,2058,2.058120405791321e-05
1994,2056,9.189245116897991e-05
1994,2054,2.0768250739909435e-05
1994,2033,5.200582753834528e-05
1994,2012,0.023605984157523036
1994,2011,3.8049660989743396e-05
1994,2010,4.3073652415658484e-05
1994,1993,0.030264103796478425
1994,1992,0.00028945112236233574
1994,1967,0.16071491039943983
1994,1966,0.0729518072753742
1994,1939,0.00022679960062066407
1994,1938,5.628108218894905e-05
1994,1909,1.8965099955409434e-05
1994,1907,0.00023429806915169538
1994,1875,0.0001272512018185102
1994,1874,0.0001125973604411434
1994,1838,3.2923407110124525e-05
1994,1807,3.0878307833124454e-05
1994,1770,8.40964941713682e-05
1994,1872,2.732159293991956e-05
1994,1837,8.340887341486429e-05
1994,2053,2.1602952564403194e-05
1994,2179,2.6979470336448333e-05
1994,2098,2.4578670064937375e-05
1994,2081,0.00018214712378532952
1994,2052,1.4591934357827893e-05
1994,2134,1.3152892113230252e-05
1994,2097,3.787049216522298e-05
1994,2080,4.9572757336995565e-05
1994,2180,7.591915707152149e-06
1994,2188,9.072322730649775e-06
1994,2145,1.0842340113208461e-05
1994,2187,4.23786183719572e-06
1994,2146,8.826930846697718e-06
1994,2118,3.475042424393245e-05
1994,2117,0.00021407821458112187
1994,2116,0.00029063775000776667
1994,2133,2.0181262069928318e-05
1388,1421,0.010545969733106026
1388,1357,0.00038760909867680004
1388,1356,0.010188797308335409
1388,1326,0.00031402920756114667
1388,1323,0.00017343802386521665
1388,1325,0.0003282894407848616
1388,1418,6.668738923188657e-05
1388,1355,0.0011149095124309374
1388,1530,0.000263545366993875
1388,1457,3.3760487237786666e-05
1388,1419,8.782658470543332e-05
1388,1387,0.0009998591115776998
1388,1386,0.000966563230950925
2041,2109,0.00135541073475705
2041,2065,0.01052010918143625
2041,1951,0.0005213025158875
2041,1418,0.0005354091336245941
2041,1641,1.2329766254502798e-05
2041,1815,0.000407345314054825
2041,1925,0.0010471008347022143
2041,1923,0.0008119597852271888
2041,1814,0.00010455302681723477
2041,2001,0.0016746400228456252
2041,1948,0.0028457127578468
2041,1922,0.0005078859927751199
2041,1848,0.00027831528250744003
2041,2021,0.20264448444002411
2041,1891,0.0001468037799489375
2041,1822,0.005677916726835157
2041,1952,0.00032161899535417893
2041,1894,0.000299727237459975
2041,1893,0.0004904578636027567
2041,1892,0.0002348904164527885
2041,1823,6.149645094150385e-05
2041,1924,0.0012081665551217252
2041,1977,0.0070844968852939606
2041,1976,0.003365943453383729
1758,1797,0.0095579624264732
1689,1728,0.03517919292801383
1643,1533,0.0002880892388467
1643,1582,5.107426937404866e-05
1643,1641,3.7613578212762244e-05
1643,1638,0.00033044604329243325
1643,1606,0.00010095718284339546
1643,1642,0.000278676360180725
1643,1584,0.0010838129009444
1643,1815,0.00018828365762077497
1643,1746,0.0002046600961145111
1643,1607,0.00127198739720045
1643,1714,0.00027914479863274
1643,1913,0.00015487724443252222
1542,1513,0.0008811384600552
1542,1590,0.0019434792838296626
1542,1567,0.0035627931927084554
1542,1589,9.628052549995881e-05
1277,1342,0.007228787277599201
1277,1547,0.0001504568804595
1283,1350,0.00025765992032271423
1383,1350,7.219796850878573e-05
1383,1807,9.198737213731625e-06
1383,2117,3.144661682916249e-05
1291,1385,0.016070864701883965
1291,1322,0.49842372937358853
1585,1507,0.0017447257645746
1585,1463,0.0082451311033399
1585,1641,2.8199083153862938e-05
1585,1648,0.0005461783646575666
1585,1707,0.00021235906996371
1585,1924,0.0022973554115470803
1585,1977,0.00044664794668282
1326,1602,7.551313761999332e-05
1326,1456,0.0007208282807567934
1326,1357,0.0051012822682996355
1326,1356,0.0021323877185621225
1326,1355,0.0025468128943561315
1326,1327,0.029816766780853442
1326,1325,0.001462794186921448
1326,1323,0.00013083521101802
1326,1297,0.0015045848277438667
1326,1296,0.0257998457180643
1326,1295,0.002479253166834534
1326,1418,2.280556870316866e-05
1326,1557,0.0001755995524920933
1323,1418,0.0007278780257468746
1323,1355,0.0019052802121218792
1323,1325,0.000462508927049618
1323,1295,0.00066303340937675
1323,1293,0.013552358143068264
1323,1356,0.0004079643347255001
1323,1457,0.0013649393819293763
1323,1386,0.0005686349947950499
1297,1296,0.00153838076151
1297,1295,0.0002799434219192143
1297,1356,0.00011607576257375383
1297,1327,0.0007868975845137999
1293,1529,0.00029142680815306667
1296,1327,0.0009211550157826857
1296,1325,0.0016469111939890803
1296,1295,0.005752264116549428
1296,1356,9.381487677053078e-05
1296,1418,1.7733583613697013e-05
1295,1357,0.0002600558247996
1295,1356,0.0007385404943323385
1295,1325,0.0034757920906105574
1295,1355,0.000288372116306575
1295,1386,0.0003020636240164917
1295,2180,6.818580912684404e-06
1272,1299,0.7951882512054301
1342,1341,0.0031492529069384254
1342,1340,0.0005386699390760668
1278,1305,0.11153176659456689
1278,1304,0.8881753762648528
1278,1343,0.0004454444450934167
1305,1490,0.0007570861559548556
1305,1408,0.055782479482981685
1305,1407,0.013773232077761054
1305,1343,0.17286532116030615
1305,1304,0.4553980966807531
1304,1343,0.0002563039216982167
1308,1411,0.0008181910241629
1308,1381,0.002521964489385525
1385,1416,0.17681943686574939
1385,1322,0.0013094070128010866
1385,1457,1.3600974450513338e-05
1385,1736,0.00010538902044525652
1529,1638,0.00038342509110901433
1529,1576,0.0003084512889673142
1529,1555,0.0028921592940108357
1529,1531,0.0007465068543585215
1529,1530,0.001363821911296068
1529,1501,0.003462790409536119
1529,1457,8.638038700979735e-05
1529,1456,6.322077167865218e-05
1529,1637,0.0001027735729313375
1529,1557,0.00016254684032160664
1529,1556,0.00011063766228163
1529,1577,0.0003550174236273801
1529,1601,0.0001397339459429083
1357,1356,0.004890961867355777
1357,1325,0.0002946348831431308
1357,1327,0.0017098523296665998
1357,1418,2.0104529739804478e-05
1357,1355,0.0014124244189176126
1357,1419,0.00031557021126009166
1357,1387,0.00124148528633405
1357,1386,0.0005268573229161666
1356,1421,0.0005601116495914845
1356,1418,0.00011605680151814343
1356,1387,0.0011490068453115171
1356,1386,0.0003799235581324
1356,1355,0.1446736357956007
1356,1327,0.00014289258950631539
1356,1325,0.058964560977106395
1356,1419,0.00011302315270281666
1325,1386,0.002993220941987954
1325,1355,0.012383775198314701
1327,1418,3.338849070360746e-05
1327,1457,3.790863723707868e-05
1327,1582,0.00017936913317538378
1327,1641,1.641122716600979e-05
1490,1572,0.0017997842324480502
1490,1550,0.2133614969821504
1490,1549,0.2592655233148617
1408,1407,0.0040616971466644
1343,1524,0.0001865944505229167
1411,1412,0.0038334079636552
1411,1381,0.0027852765489396
1411,1350,0.0007908984962724571
1411,1494,0.00036687420110530005
1381,1412,0.022744135477131472
1381,1350,0.001418426090721675
1381,1349,0.0034343246453792248
1418,1847,0.0006489663769159282
1418,1776,2.8826995065392543e-05
1418,1672,2.0844087632556714e-05
1418,1641,2.7166500716822385e-05
1418,1637,1.688688128913283e-05
1418,1631,2.878432943224478e-05
1418,1604,0.011223250168983234
1418,1580,2.7275834426794034e-05
1418,1576,4.3496217155120896e-05
1418,1557,2.0466527624407463e-05
1418,1556,0.00020804493699315223
1418,1533,0.00016102667188512784
1418,1532,3.91551857837806e-05
1418,1531,4.626068045012089e-05
1418,1530,0.00016244780570072836
1418,1502,0.0016223386112183043
1418,1501,8.71308154642791e-05
1418,1459,7.316935354698955e-05
1418,1457,0.06905574776477028
1418,1456,0.027135652243023677
1418,1421,0.0006749581005201432
1418,1419,0.046007805253588815
1418,1387,0.000976942995376813
1418,1386,0.002948343006660619
1418,1355,3.093234650416715e-05
1355,1387,0.0008783345840555749
1355,1386,0.0011692417453427876
1355,1606,9.005674686515911e-05
1941,2120,0.0016890143649865282
1941,2065,0.0005582527616611333
1941,1996,0.00037604547054907
1941,1971,0.6149643960096999
1941,1970,0.06716160381797122
1941,1942,0.0006264270988566238
1941,1912,0.010849656383580413
1941,1844,8.41817053865e-05
1941,1739,0.00016707665450512859
1631,1703,0.00016985962384542499
1631,1666,0.004008561419833287
1631,1665,0.07875229177756779
1631,1632,0.012822109352788625
1631,1350,0.00016505278816957857
1631,1577,0.00015948883370328
1631,1600,9.788947381923181e-05
1631,1599,0.0004334478434768714
1631,1807,7.117403729970771e-05
1631,1839,7.805036506665002e-05
1631,1770,0.00016306913700728183
1631,1704,0.002474425232105933
1631,1772,5.3149433445529335e-05
1631,2030,2.3925344684136355e-05
1631,1872,3.312709143448043e-05
1631,1806,0.0002872564772520801
1631,2052,7.595224022074738e-06
1631,2189,1.4645864148420928e-05
1631,2190,1.8051200685006774e-05
1580,1844,8.983219642618465e-05
1580,1741,0.00020794416285251538
1580,1671,0.0003209702171993783
1580,1638,8.828949809712311e-05
1580,1637,8.813272519366924e-05
1580,1605,0.00033529256377362083
1580,1604,0.003407970649439742
1580,1603,0.0032607528753159686
1580,1602,0.00013242036149482307
1580,1581,0.0036552030295054785
1580,1579,0.08067749721184005
1580,1557,0.051939334793115535
1580,1556,0.0061471824721013365
1580,1555,0.00014438521378345388
1580,1533,0.0005598109405202541
1580,1532,0.0012587029016719077
1580,1531,0.0007604761608514462
1580,1530,0.0005256093978946866
1580,1457,0.0003700634568135107
1580,1582,6.862229394107837e-05
1580,1641,1.598246170657692e-05
1580,1639,0.00013244621830825828
1533,1641,0.0020881955614084832
1533,1640,0.001363834260055829
1533,1606,0.0004920647215393243
1533,1605,0.008133800197055825
1533,1604,0.00018526508029507142
1533,1582,0.0011168949147906267
1533,1581,0.006916204516195
1533,1558,0.001693629165404202
1533,1557,0.007820938919712224
1533,1532,0.0004058846222048536
1533,1459,0.05180873510428793
1533,1457,0.0013311076618057285
1533,1421,6.933021931586071e-05
1533,1419,0.00014660817119558573
1533,1386,0.000144004463217225
1533,1456,7.443042541496522e-05
1533,1556,0.00011147656707828
1533,1531,0.0010804203553270004
1533,1502,0.00021592935447997146
1533,1603,0.00013009167332053636
1533,1528,0.00014026511885577777
1533,1639,0.0002744000646157083
1533,1671,0.0001591564032598647
1530,1775,0.00091885788457825
1530,1670,0.00035870177115462497
1530,1604,0.0002895639527265
1530,1579,0.0035115372692193537
1530,1556,0.0037260884327085355
1530,1555,0.0014271517990574751
1530,1531,0.021525469746788546
1530,1502,0.002221911641180839
1530,1501,0.0053637907368609666
1530,1457,0.0038028164871239008
1530,1456,0.000260727105510975
1530,1419,0.0009424540200839585
1530,1602,0.00015968426629234443
1530,1557,0.00015083078068935996
1530,1603,0.011465776125359345
1530,1581,9.491330463748e-05
1530,1577,0.00073292678615601
1459,1641,0.0008759466038539752
1459,1582,0.001871864054758003
1459,1558,0.015641794234217368
1459,1500,0.00012788216154706
1459,1421,0.00038087714452824
1459,1457,3.8917904095546665e-05
1459,1557,7.263516327273999e-05
1459,1581,7.283245536339332e-05
1459,1606,0.00015462327379555906
1459,1772,2.6499706632022412e-05
1457,1741,2.0174336324804002e-05
1457,1641,4.176196963583733e-05
1457,1638,1.3808176224186665e-05
1457,1603,1.725074000362267e-05
1457,1581,0.00010896668709754935
1457,1579,3.0249825031636008e-05
1457,1577,1.4218233274639998e-05
1457,1576,2.0535930905705334e-05
1457,1558,0.0007787554027822077
1457,1557,0.0005795000948035599
1457,1556,0.0002871306658793093
1457,1532,0.0018999380682669588
1457,1531,0.003999294667339131
1457,1502,0.25031305777137075
1457,1501,0.00011437432734748935
1457,1456,0.11533405421746654
1457,1421,4.352247970047733e-05
1457,1419,0.0016759169695291442
1457,1387,0.0005671640785304998
1457,1386,0.0004795437333627547
1421,1419,0.00019711316997158334
1421,1387,0.0020064399446633662
1421,1386,0.0007018095185339164
1421,1641,1.996180983523217e-05
1421,1770,7.490965475574548e-05
1419,1456,0.00018712978795527494
1419,1387,0.004208850869638808
1419,1386,0.012494445463979025
1419,1502,0.00030926402867184285
1387,1386,0.16659575861583598
1386,1582,0.00016107366830587496
1386,1558,0.0001224707095584
1386,1463,0.0002145797566264
1386,1456,5.6014475079304336e-05
1602,1705,0.009350690413223575
1602,1671,0.0005519097147775621
1602,1670,0.0003453777113586195
1602,1639,0.0018713201302254583
1602,1638,0.00043838526548028447
1602,1637,0.009454526601410208
1602,1603,0.03310588543621107
1602,1579,0.0008089867207204191
1602,1577,0.004672175903523
1602,1556,0.0009794055354356256
1602,1672,0.00021582681240878886
1602,1641,1.1253991958581118e-05
1602,1604,0.0001643598102990714
1602,1557,0.0001670498439755933
1602,1581,0.0011434790456043265
1602,1636,0.00014891504120184522
1456,1640,0.00026170058107821735
1456,1532,0.0006060407074466934
1456,1531,0.0009511337865954979
1456,1502,0.015459667354328042
1456,1501,9.555049594565217e-05
1456,1557,9.335114242814668e-05
1456,1736,0.0006328943589078652
1340,1341,0.00065731692328511
1524,1800,0.0014224176815567
1524,1550,0.002334197886375925
1349,1350,0.004305249246980829
1350,1413,0.005515682475613729
1350,1412,0.0002639200232149286
1412,1600,9.631859747311366e-05
1416,1641,3.911589418984197e-05
1416,1671,6.362847072294708e-05
1582,2065,0.0014998284932435403
1582,1815,2.953265931671893e-05
1582,1813,0.00013218479485230543
1582,1746,5.0063431052078395e-05
1582,1742,4.293363333769729e-05
1582,1741,0.00011152248272292704
1582,1709,7.266108776219732e-05
1582,1708,6.809676087189188e-05
1582,1673,4.865491736033244e-05
1582,1642,0.001102845459081813
1582,1641,0.10574657477732341
1582,1640,7.071991301661351e-05
1582,1607,0.1582141400389087
1582,1606,0.00949811699257789
1582,1605,9.059309355504326e-05
1582,1584,0.0023820348639854274
1582,1581,7.464034104137569e-05
1582,1563,0.00021211864565953787
1582,1558,0.014221439637281518
1582,1507,4.217549777547027e-05
1558,1741,0.00010668984002346113
1558,1642,0.00014124442382226662
1558,1641,0.0014150869699917534
1558,1640,8.624323097437779e-05
1558,1606,0.0002681863316480212
1558,1584,0.00011013068836133887
1558,1605,0.009806414603606454
1463,1507,0.00103030794411975
1463,1464,0.00792283574144635
1463,1672,0.00012168832782178888
1463,1641,7.049065446170626e-06
1463,1739,0.00020152242810788005
1546,1691,0.0004180658777335666
1546,1678,0.00022119240833623336
1847,1971,0.0001178124868729909
1847,1882,0.00031123723305118183
1847,1881,9.218830671618182e-05
1847,1849,0.0007129353084643114
1847,1848,0.2511644628980238
1847,1846,0.005409712121064671
1847,1845,0.0006545479900809665
1847,1813,0.005131264044005492
1847,1812,0.5208604412579799
1847,1741,0.0003186074613886455
1847,1641,0.00023653170087023907
1847,1844,0.0011003333287518142
1776,1845,0.0007139184873408434
1776,1844,0.009593638766485543
1776,1775,0.00652513440934492
1776,1774,0.0006511361678938801
1776,1741,0.00024298560332323
1776,1739,0.00686683357445226
1776,1738,0.006132998147170682
1776,1708,0.0007601869831752908
1776,1707,0.004390408492718149
1776,1706,0.010069720887726138
1776,1638,0.00035530954897644996
1776,1601,0.0002655586690870899
1776,1672,0.00019820674492495555
1776,1641,4.071121544285804e-05
1776,1502,0.00017163750465131432
1776,1670,0.00028821714568412504
1776,1639,0.00011307062066904169
1776,1671,0.001475764496259112
1776,1802,0.000156016126321275
1776,1882,0.0010901587715201999
1672,1741,0.00024097176854853333
1672,1739,0.0009558609365364244
1672,1709,0.00014526390241447777
1672,1708,0.02534493337120853
1672,1707,0.012633509052517025
1672,1671,0.005497197076522943
1672,1641,0.0008376737782371908
1672,1640,0.0022045383417260023
1672,1639,0.0005992637279061694
1672,1638,0.0007277003517813466
1672,1605,0.0015293836835084586
1672,1507,0.00020045470952245557
1672,1603,0.0001233917876041
1641,2109,9.03892783888951e-06
1641,2065,0.00013935549084326712
1641,1971,2.937562983727062e-05
1641,1925,8.069685885464334e-06
1641,1923,2.281900339586433e-05
1641,1849,2.5975131853587413e-05
1641,1846,1.028344663039091e-05
1641,1839,4.2351752007586026e-05
1641,1819,9.299276386064336e-06
1641,1818,3.123650981349371e-05
1641,1816,1.0147169999911188e-05
1641,1814,0.00011348869702753988
1641,1813,0.00013147588730492025
1641,1781,1.5561271727288815e-05
1641,1746,1.9819687021851048e-05
1641,1742,9.28680961259965e-05
1641,1741,0.003005935372271292
1641,1739,8.606088326404195e-06
1641,1709,0.00015812716268194757
1641,1708,0.001189101549912347
1641,1707,2.2392541186567834e-05
1641,1678,2.4767409235020978e-05
1641,1673,0.44326138100112783
1641,1671,0.00010828941466203708
1641,1642,0.021903155630815522
1641,1640,0.0022275548204461486
1641,1639,0.00020100030072605575
1641,1638,0.00010151562875829435
1641,1607,8.926112722312236e-05
1641,1606,0.2602674958524843
1641,1605,0.0014930608065154584
1641,1604,0.0001855945491615116
1641,1603,0.0001471241908744399
1641,1584,0.00023881080648258045
1641,1581,0.0005985540144666062
1641,1579,7.442190401334964e-06
1641,1563,7.093510460883212e-06
1641,1557,0.00019138032195552306
1641,1531,1.7868941028230073e-05
1641,1507,8.56503168297832e-06
1641,1669,2.2923535973559094e-05
1641,1714,0.0004119311200907198
1641,1921,0.0007857906023451001
1641,1892,3.8970578814830024e-05
1641,1882,0.0008700751685776001
1637,1942,0.00015747028633154996
1637,1774,0.000240048182873775
1637,1738,7.178551172254375e-05
1637,1708,0.012033183023513656
1637,1707,0.0004981440606826637
1637,1706,0.0008175821091650735
1637,1671,0.0004898377143692041
1637,1670,0.005597190748587768
1637,1669,0.00012735969253065623
1637,1664,0.0006950865573148251
1637,1640,6.60460979805375e-05
1637,1639,0.001566408367914779
1637,1638,0.007719297857630373
1637,1636,0.00012770099657535624
1637,1604,0.0007126420972337107
1637,1603,0.0031979943584349866
1637,1579,0.00020452600677463306
1637,1577,0.001017486974076205
1637,1576,0.00017514285763008125
1637,1556,0.0009086007054650701
1637,1555,7.736003800656875e-05
1637,1557,0.00016858506709635336
1637,1605,0.00038146225604624286
1637,1601,0.0001167936533519
1604,1671,0.0008953695015272748
1604,1640,0.0005612898442061429
1604,1639,0.028069679385136215
1604,1638,0.0026465517464138583
1604,1605,0.004399572727176386
1604,1603,0.011114943691405192
1604,1581,0.0005418864814137695
1604,1579,0.0018215303784332856
1604,1557,0.00035029910873344
1576,1638,0.0005142879105309
1576,1636,0.0007266266540023403
1576,1601,0.0025278718205755087
1576,1577,0.01932018001199911
1576,1575,0.0022527557178568663
1576,1557,0.00010695505027235333
1576,1606,0.0001073586617546137
1576,1669,4.236851186343637e-05
1576,1635,0.0009507616058930668
1576,2134,0.00011653289711764793
1557,1742,0.0012995110111369732
1557,1670,7.881030706693998e-05
1557,1639,7.546633079410665e-05
1557,1638,0.00021246357295378
1557,1605,0.0002869174908575943
1557,1603,0.0014147649323313623
1557,1581,0.022417736602933093
1557,1579,0.0004540053505818971
1557,1556,0.0010194172049828535
1557,1532,0.006669628478171787
1557,1531,0.0007585824278724065
1557,1502,0.0001558382960371667
1557,1501,0.00010636603155179998
1557,1814,0.006745424026534599
1557,1891,0.0032501487007966998
1556,1605,0.00019349422329238
1556,1603,0.0008536508786024591
1556,1581,0.00056428609801352
1556,1579,0.045363219808654945
1556,1577,0.00016373921064116996
1556,1532,0.0017087974328280403
1556,1501,0.00017871828641902
1556,1531,0.0007058686230429249
1556,1502,0.0001469323942051857
1556,1639,0.00016509236279893332
1532,1581,0.0003276046116373483
1532,1502,0.003342474532386979
1532,1531,0.0018803688613966
1532,1579,0.0001054288163025
1531,1577,0.000557371548911875
1531,1555,0.0039246750825156
1531,1502,0.0024698135310637355
1531,1501,0.011403326313908
1531,1579,0.00015189717353680714
1502,1581,0.0002159662393730143
1502,1501,0.0002335258558306857
1501,1555,0.00037618537632469994
1501,1603,0.0005426322838016455
1640,1708,0.0007143848640786047
1640,1639,0.000959006728610595
1640,1605,0.07309194964970066
1640,1638,0.0008638020442315999
1640,1603,0.00013303882578290908
1640,1581,0.015537058627056852
1640,1706,0.0014299156484538112
1640,1671,0.00029275809141699995
1640,2202,7.813821102432677e-06
1741,1742,0.18169408548170576
1741,1603,0.00017618835474267274
1741,1581,9.256536884910666e-05
1741,1670,0.0001414935313069917
1741,1606,0.00021960147427465
1741,1642,0.00129578388988805
1741,1671,8.18029053937647e-05
1741,1815,0.0005129084968701124
1741,1813,0.0002508961095204375
1741,1709,0.010107182062532902
1741,1708,0.00024220862409376156
1741,1673,0.0016802403131643876
1741,1807,1.3698802456090597e-05
1741,1849,0.00030180224534665
1741,1816,0.000160858500762725
1741,1814,0.0006794481771764173
1741,1806,0.000292395555245365
1741,1850,0.00034737021140334996
1741,1922,0.00922707107524526
1741,1848,0.0014616610883959001
1741,1893,5.063427984687298e-05
1741,1892,3.206243867171143e-05
1741,1924,3.757491258779356e-05
1741,2053,5.566523193875201e-06
1741,2052,5.635622477892107e-06
1638,1739,0.00021337257574701005
1638,1738,0.00011497216892848669
1638,1707,0.00127979019558805
1638,1706,0.0018817541614650091
1638,1671,0.006780586127755468
1638,1670,0.0935270666467593
1638,1639,0.10481440709404022
1638,1605,0.00031827518817103043
1638,1603,0.018465020051904223
1638,1581,0.00017712342553499331
1638,1579,0.0005211413999669276
1638,1577,0.00014343191474234
1638,1708,0.00010653691746509231
1603,1775,0.0011400320838940725
1603,1706,0.0003385820606975818
1603,1671,0.0005657958662463015
1603,1670,0.0015915334039929457
1603,1669,0.00014870698381935456
1603,1639,0.0016962446537092733
1603,1605,0.00040765733775380004
1603,1581,0.0005715504832145667
1603,1579,0.03167441030012037
1581,1670,0.00012833232753288665
1581,1606,0.00011283545160789607
1581,1605,0.03184618529592868
1581,1579,0.000792905395495432
1581,1639,0.000438474321886325
1581,1706,0.00014405333703466664
1581,1671,0.003954927004612511
1579,1605,8.251630114672859e-05
1579,1577,0.00024058190769734287
1579,1555,9.39294974002857e-05
1579,1639,0.0001620831620992
1579,1671,7.923045318868235e-05
1577,1706,0.0004957205130673911
1577,1636,0.001587000491565547
1577,1601,0.0038171674639222958
1577,1575,0.0004236420617366201
1577,1555,0.00019868806912810995
1577,1668,6.775218551330478e-05
1577,1670,0.0007864419152548834
1577,1639,9.582003334026668e-05
1577,1774,0.0005295380034636499
1577,1669,0.00027061573997473636
1577,1807,2.9781298413060682e-05
1500,1528,0.0019001916532891997
1500,1636,7.930874854705714e-05
1500,1669,0.0003643496661612863
1500,1635,0.0003347007777119333
1500,1771,0.0005045882467829059
1614,1590,0.0013544794830005875
1614,1589,0.05090768226894544
1614,1613,0.0012226348324450602
1614,1647,0.0010724880948748
1614,1648,0.0036037748099345002
1614,1680,0.00016216196182106154
1618,1590,0.0022643191515851
1618,1617,0.00191453340240665
1513,1543,0.00195035252965465
1513,1567,0.00037306669271395556
1486,1547,0.19554379384307805
1486,1520,0.8540704185460545
1547,1520,0.3894208671468309
1572,1765,0.00042644388852256003
1572,1573,0.011151067992816161
1572,1494,0.00026680547796906006
1572,1550,0.00121112859631855
1572,1549,0.0099140387666537
1572,1869,0.00132622360947195
1572,2214,2.8482955147355356e-05
1572,2215,9.039535835336665e-05
1572,2213,1.1174452083388823e-05
1550,1551,0.0021863230135999003
1550,1549,0.2532944997888112
1494,1496,0.00056329766180844
1528,1736,0.0018143614413137703
1528,1668,0.003077934447870384
1528,1634,0.00014172850089757776
1528,1600,0.05291054309949202
1528,1553,0.0005196099329560555
1528,1636,7.987797727194048e-05
1528,1669,0.00011641632801034545
1528,1705,0.00025717725697636
1528,1807,2.1203982025938463e-05
1528,1772,0.00029792348692247593
1528,1875,8.173096974231664e-05
1528,1806,9.633888483039999e-05
1528,1952,2.0497934152750868e-05
1511,1567,0.0013366954123437333
1511,1680,0.00019221510269144617
1800,1869,0.004972139608295921
1800,1868,0.0009770925827824834
1800,1801,0.008421233919656438
1800,1765,0.013425351339966687
1800,1730,0.03550758461865949
1800,2030,0.0010793891253098433
1800,2053,1.95473727844484e-05
1800,2179,3.848214676006776e-05
1800,2173,0.00010865327891835128
1800,2098,2.7057098157184527e-05
1800,2081,2.0345277735263433e-05
1800,2052,1.4452537798865789e-05
1800,2194,8.819008998926653e-06
1800,2127,0.00017975647431466135
1800,2112,1.6528202470190802e-05
1800,2097,3.832947199525539e-05
1800,2080,3.531511144873111e-05
1800,2180,0.0001290605314588828
1800,2139,1.3287599789603231e-05
1800,2124,4.141239717395853e-05
1800,2213,4.51937789264441e-05
1800,2202,2.2338930312827186e-05
1800,2188,1.9585386111589153e-05
1800,2187,5.3855870459367e-06
1800,2221,0.0001723729412755771
1600,1736,0.0013198542704707023
1600,1703,0.0002939583991052
1600,1632,0.0003187921885843091
1600,1599,0.050457284142026285
1600,1575,0.0001800914534166727
1600,1574,0.03758229161378823
1600,1553,0.00505329067768117
1600,1668,0.00019204643630200472
1600,1634,0.007080096308237924
1600,1636,3.0659310639409526e-05
1600,1669,0.006161209502741454
1600,1807,1.6164977123835897e-05
1600,1772,2.086398910860345e-05
1553,1599,0.0023888995370494282
1553,1605,0.0012067450035354573
1553,1574,0.0272286564149681
1736,1913,8.055974545076522e-05
1736,1807,0.00026977732688135577
1736,1773,0.17508402368591594
1736,1772,0.010196803389142231
1736,1771,0.0007840322850766806
1736,1737,0.002344839890092043
1736,1706,7.250040345460653e-05
1736,1705,0.059920941162024205
1736,1702,2.729542400044565e-05
1736,1669,0.00025411434765473513
1736,1668,0.1962425988810786
1736,1666,3.73129708552087e-05
1736,1636,0.00010228803739072693
1736,1634,0.4479066178733401
1736,1575,3.6956821983871746e-05
1736,2056,5.234063327184615e-05
1736,1806,0.00012956729014830003
1668,1807,0.004751480556137666
1668,1774,6.215889172743809e-05
1668,1771,0.005440257301274879
1668,1737,0.002145647955048367
1668,1705,0.0016478813851733762
1668,1669,0.004698555016392833
1668,1636,0.0005421428654756619
1668,1634,0.024902128918445038
1668,1601,4.863220789506666e-05
1668,1575,0.00010216255598070951
1668,1665,0.0006637894875515999
1668,1773,0.00018277498746953748
1668,1772,3.1924208837855166e-05
1668,1841,0.0006104091594596357
1668,1806,0.0025768150383900603
1668,2144,3.4800251811206346e-05
1634,1807,0.0005145728173667986
1634,1771,0.0013099089111280955
1634,1737,3.703662121859285e-05
1634,1703,8.938156054447855e-05
1634,1666,0.00036849676173218856
1634,1584,7.784385252747142e-05
1634,1575,5.1454212761871434e-05
1634,1773,0.00016661418834403746
1634,1772,9.502966852007412e-05
1634,1872,4.22831188269544e-05
1634,1806,0.00014339937226596493
1775,1774,0.009217609657289
1775,1706,0.0088882162759956
1775,1670,0.0021182283876848
1775,1816,0.0003563969999987625
1670,1774,0.0003528102807515833
1670,1739,0.00035300371046310844
1670,1738,0.0025334078729555747
1670,1707,0.00047325912132807
1670,1706,0.012896497432755661
1670,1671,0.0006083320956921087
1670,1636,0.00021634990840798331
1670,1639,0.00214203364443945
1670,1669,7.981201284522047e-05
1670,1913,0.0006705656896577222
1606,1742,0.00015571945839493179
1606,1673,0.0005916621924491421
1606,1642,0.027087967378337935
1606,1607,0.0036030359701725457
1606,1584,0.0003243094250705272
1605,1708,0.00047935395851976146
1605,1707,0.00018748051089715714
1605,1671,0.00047746175479257814
1605,1639,0.0008399488623830023
1605,1575,0.0001735694371908143
1543,1590,0.0011444717375090874
1543,1567,0.054964974977094835
1543,1589,5.960072079504118e-05
1590,1789,0.000157983464973775
1590,1651,0.000231586637676625
1590,1617,0.0002024981971038375
1590,1589,0.058758067917935766
1590,1567,0.45353564744157515
1590,1563,0.0002494002117109125
1567,1652,0.000139939868138
1567,1613,0.00030052700332805553
1567,1589,0.015042544076075946
1568,1593,0.0394275856537964
1568,1892,4.158537353544714e-05
1691,1690,0.00227711363066628
1678,1717,0.002204613801304
1678,1714,0.00073691610342384
1678,1745,0.0006981404465926
1678,1823,0.0001488218091934308
1599,1666,0.0005433590274346286
1599,1632,0.002235353472650057
1599,1598,0.2624006380555449
1599,1574,0.10822155568756968
1599,1665,9.32918767825154e-05
1599,1802,8.706633862847502e-05
1601,2160,0.00012363288416965
1601,1774,0.000221272874869425
1601,1669,0.0007539050710904562
1601,1636,0.08631901143393658
1601,1635,0.002180321938901583
1601,1575,0.0009400700162308
1601,1671,0.00011150751084563529
1601,1807,2.0491626335188898e-05
1601,1772,2.784998170888448e-05
1575,1636,0.00024799702281491436
1575,1669,7.96546598382591e-05
1575,2205,6.13056830893137e-05
1742,1709,0.0035847757511427
1742,1673,0.00029264867891039997
1742,1773,0.00014022063997147502
1742,1814,0.00035177927734575664
1639,1773,0.0001236911076711083
1639,1739,0.00012426517442720833
1639,1738,9.039148637444165e-05
1639,1708,0.0008665718908839493
1639,1707,0.0006288143039147084
1639,1706,0.00027168244383282496
1639,1671,0.3425000561407717
1639,1636,0.000160229990426875
1642,1673,0.007905642406019963
1642,1607,0.00073858793619905
1642,1774,0.0013181060793466502
1584,1607,0.2858967791037941
1563,1587,0.0021061526840722
1563,1589,0.00010728896352911765
1563,1952,2.1970914645405257e-05
1563,1894,7.711628539368214e-05
1587,1647,0.0011569862375422
1587,1613,0.00025218257389728
1587,1589,0.00021870633591232353
1587,1680,0.0005666152190549231
1652,1617,0.0050235928600813
1652,1648,0.0005577475016730999
1652,1925,4.09820732266e-05
1652,1924,0.00016889780393928384
1613,1648,0.0049989480640241675
1613,1589,0.0005348473793441023
1613,1588,0.1408474527287205
1589,1718,8.745611389575883e-05
1589,1717,8.606059907590588e-05
1589,1651,0.00019473650157921765
1589,1648,8.592920794207058e-05
1589,1647,6.336092644764117e-05
1589,1620,8.109378059350588e-05
1589,1617,0.00015177998140647648
1589,1588,0.0005173677395003119
1765,1801,0.005516917780236099
1765,1730,0.0016699334570010002
1765,1869,0.0019243385020743002
1636,1807,5.678075817630342e-05
1636,1774,0.00031239585410175724
1636,1737,9.934968400921906e-05
1636,1705,0.00033837654483920195
1636,1669,0.03188532639555798
1636,1635,0.644270436934639
1636,1706,0.0005088933375355112
1636,1773,0.00013401541433308753
1636,1772,5.2665876318917243e-05
1636,1876,0.00010334670421084164
1706,1790,0.0006691587102351666
1706,1774,0.00041476580893487773
1706,1739,0.0004937708878144779
1706,1738,0.030522195959486142
1706,1708,0.00013292865058733334
1706,1707,0.020339087140024786
1706,1671,0.00044522427950833654
1706,1844,0.0006026034926117142
1706,1811,0.0017417960706986003
1844,1971,0.0005185421132511
1844,1914,0.0005271766283194429
1844,1913,0.000853056792586673
1844,1882,0.0034483576191299643
1844,1881,0.002588349509980686
1844,1880,0.008538331475683395
1844,1879,0.00025644963307854283
1844,1846,0.0013087341784398594
1844,1845,0.017119648015981433
1844,1843,0.021703764641222433
1844,1774,0.0008272170841265285
1844,1811,0.0010793512273965002
1671,1739,0.0002798709693968224
1671,1738,0.0007066245698799353
1671,1708,0.0010801896916741132
1671,1707,0.002401331233974131
2065,1925,0.00011596002949596469
2065,1923,0.00020732748492944443
2065,2001,0.0008554310481385
2065,1948,0.001317948260948625
2065,1922,0.0006452526865387701
2065,2021,0.0047042831337927
2065,1822,9.893232248700834e-05
2065,1981,0.0006879372598932666
2065,1952,0.00011385075991408594
2065,1951,0.00020011843250942855
2065,1893,0.00012354014086167297
2065,1892,0.0003730082153304128
2065,1823,3.988090472697308e-05
2065,1924,0.00047088403068926767
2065,1950,0.0006822135156001601
2065,1977,0.0016892218846393603
2065,1949,0.000344201550902325
2065,1976,0.0006370180728455647
1815,2109,0.000183116639050425
1815,2021,0.11804282319591927
1815,1948,0.00013892175784207498
1815,1925,0.00043081614622339997
1815,1923,0.0018328891086239008
1815,1922,0.00033349489143534757
1815,1921,0.0006785724355343751
1815,1891,0.0002033201601903125
1815,1855,0.000239464407093575
1815,1851,0.00198855059480225
1815,1849,0.0007289503961702499
1815,1848,0.00017830305608129997
1815,1818,0.0003287387312676875
1815,1816,0.1375892226839567
1815,1814,0.21059750158916254
1815,1813,0.0009801448827675625
1815,1781,0.0003913804246795
1815,1780,0.0013082861998837
1815,1709,0.01658305178927148
1815,1673,0.00024369901322497501
1815,2001,0.0008913524258564749
1815,1893,0.0001407352197838486
1815,1892,2.2990703355988566e-05
1815,1924,3.723838632547419e-05
1813,1921,0.00022129439109175
1813,1850,0.20820398225781125
1813,1849,0.002597065096303388
1813,1814,0.04664544558377825
1813,1780,0.0002083449604949875
1813,1923,0.00021262574463362966
1813,1881,0.00023905874355423001
1746,1819,0.002998909926058922
1746,1818,0.0010666481973643665
1746,1784,0.0012690605771618721
1746,1781,0.0003699877163516777
1746,1745,0.042548469142815674
1746,1714,0.030564228545831372
1746,1925,4.130949496126766e-05
1746,1859,6.144751377408825e-05
1746,1922,0.00013854846691669002
1746,1980,3.308781670982501e-05
1746,1952,3.8183208283854374e-05
1746,1893,0.0002375020949111946
1746,1892,0.0001767367793053058
1746,1823,4.620062679225e-05
1746,1924,7.833985940396775e-05
1709,1673,0.0121427691553829
1709,1816,0.0005217365361439
1709,1814,0.00015496122086074783
1708,1739,0.003844870228769629
1708,1707,0.0075112349689493325
1708,1814,9.259923246906525e-05
1708,1970,3.1262973066503696e-05
1708,1949,0.0014161621646249253
1673,2109,0.00013466152819937498
1673,1849,0.00202264619125095
1673,1818,0.0001576120196084625
1647,1648,0.007951265390986666
1647,1680,0.0007629388438123848
1647,1719,0.0006053967951862601
1718,1787,0.0020246917194998
1718,1717,0.0353873733303112
1718,1680,0.0015669161085214002
1717,1680,0.00024278868516785384
1717,1787,0.0089542564387892
1717,1894,0.00015068217101725357
1651,1617,0.0081394187592288
1648,1680,0.002292890885732146
1648,1719,0.00131227494490906
1620,1925,3.773601041947059e-05
1617,1823,0.0016784442452230921
1789,1680,0.00014407571976768463
1789,1719,0.00023001720479924002
1789,1720,0.009898231040551101
1789,1751,0.0035710082886211
1598,1632,0.0037337015284348
1632,1735,0.000296278332867
1632,1703,0.0005260367685898666
1632,1666,0.01080506518849163
1632,1665,0.0017427506112275499
1632,1771,0.00012051625149428235
1632,1770,0.00011080329648940455
1666,1771,0.0005747701517802599
1666,1734,0.00031740554806764003
1666,1704,0.00123197049270758
1666,1703,0.0003256463750913
1666,1665,0.03722409050345901
1666,1633,0.0062182590690544
1666,1807,1.0244698317505128e-05
1666,1772,1.8480137273486207e-05
1703,1770,0.00051434042698715
1703,1735,0.012910137295643276
1703,1702,0.004260916597144725
1703,1665,0.005828958522112271
1703,1807,1.0026436346835897e-05
1703,1704,0.014313770402438666
1703,1806,0.00012838235399869997
2160,2252,2.0268014828941385e-05
2160,2192,0.004470769049323409
2160,2174,0.0009999901031843054
2160,2173,0.00014187888981312153
2160,2161,0.09333736648353433
2160,2159,0.03168277506836277
2160,2158,0.00042202653069204135
2160,2157,3.0812128724122415e-05
2160,2154,6.69427715196638e-05
2160,2146,8.750643518075852e-05
2160,2145,0.0005213353155544698
2160,2144,0.003525584276870543
2160,2143,0.05580644057541177
2160,2131,5.013527628817765e-05
2160,2128,0.000528887839451944
2160,2127,4.919123578609484e-05
2160,2102,2.459862295153448e-05
2160,2099,2.8750196307244827e-05
2160,2084,2.462330643028276e-05
2160,2082,2.1099271426387933e-05
2160,2053,4.526422822760517e-05
2160,2130,0.0004144213218012
2160,2098,4.545051373653986e-06
2160,2081,6.017497924416897e-06
2160,2203,0.00011223316462387141
2160,2133,1.3049065433126873e-05
2160,2163,0.000251848863530125
2160,2162,0.0010373906495336667
2160,2191,0.0036482207110061565
1774,1669,0.00015279152605375456
1774,1707,0.0005846197236978299
1774,1807,3.317008736271197e-05
1774,1738,0.0009582564087780999
1774,1739,0.0002821531729174
1774,1846,0.00029344077316024997
1774,1772,5.9226542278375875e-05
1774,1843,0.0038176797629294002
1774,1880,0.00066803797302
1774,2131,4.425102309524903e-05
1774,2146,5.199168850103832e-05
1669,2154,7.640982076167699e-05
1669,1970,4.2728753244093186e-05
1669,1912,3.842197536052728e-05
1669,1807,0.0001897795162812959
1669,1772,0.006168497824928164
1669,1771,5.0851110656284095e-05
1669,1737,0.002280544870311311
1669,1735,2.5839287232365914e-05
1669,1705,0.03457072228142362
1669,1635,0.013873353427878344
1669,1773,0.0001517274319746
1669,1770,0.00036995836621179546
1669,1806,0.00016746875442752
1669,2098,1.5644392078101368e-05
1669,2081,4.954037813523545e-06
1669,2097,2.0405735966308115e-05
1669,2080,3.857930522276889e-05
1669,2180,8.40608234437688e-06
1669,2124,4.270033799442927e-05
1669,2188,1.8184528145767443e-05
1705,1737,0.4395538337415488
1705,1807,1.2828709869799149e-05
1705,1773,0.0007660259790898751
1705,1772,2.8398556686181027e-05
1707,1969,0.00035668729499850003
1707,1881,0.0003857687186259
1707,1739,0.01084760426302871
1707,1738,0.00022837578467243
1707,1807,1.1410384067798285e-05
1707,1846,0.001751612512533467
1707,1850,0.0003140483864933
1665,2055,7.902382143593078e-05
1665,1771,0.00017643944250097696
1665,1770,8.750284995963078e-05
1665,1735,0.0003373706809342539
1665,1734,0.0002350829507583077
1665,1704,0.0012908592700156026
1665,1702,0.0016578238089407153
1665,1806,0.00013068625588947
1735,1770,0.0016910700203199727
1735,1702,0.00104829750730575
1735,1807,5.216106293298719e-05
1735,1771,6.0121582341041175e-05
1735,1839,0.00020169569995373495
1735,1704,0.0025821314195194
1735,1874,0.0003626109529790572
1735,1872,2.7291722294808698e-05
1735,1837,0.00015246919642772857
1735,1804,0.0004277281105871834
1735,1802,0.00010196637659978333
1735,1875,6.0767062046894453e-05
1735,1806,0.00012735064553797996
1807,2136,2.3248066486271805e-05
1807,2120,1.0236833803540174e-05
1807,2058,1.0196974646710258e-05
1807,2033,0.00015219960717226074
1807,1971,1.7434726806351285e-05
1807,1970,0.0001431549247741677
1807,1939,1.2999970315847863e-05
1807,1910,0.0010293636322764416
1807,1909,0.0005722369983805932
1807,1907,0.0001985499183629043
1807,1877,0.0009584913662284239
1807,1876,0.0009055860830934074
1807,1875,0.0003733594327645487
1807,1874,2.7405220227578638e-05
1807,1872,1.0485600355405131e-05
1807,1870,1.2925443423156413e-05
1807,1841,0.04640231493060206
1807,1839,0.02592944122759969
1807,1838,1.8189363724563246e-05
1807,1837,6.388441172731709e-05
1807,1835,4.083398188408804e-05
1807,1806,0.33894685640026845
1807,1805,0.0022571921007526726
1807,1773,0.01999081609886959
1807,1772,0.14761851784027796
1807,1771,0.0018377215789393733
1807,1770,0.001935486013208014
1807,1767,1.0080100515994018e-05
1807,1737,2.6850794073283763e-05
1807,1873,0.00023798562165154005
1807,1993,1.8266038534438194e-05
1807,1966,2.7085497153375673e-05
1807,1992,0.0006951530903650692
1807,2098,9.51716731746789e-06
1807,2081,7.4276225004554e-06
1807,2111,7.501942230902502e-05
1807,2097,0.00010145100146808238
1807,2188,1.189388477646515e-05
1771,1875,0.02998261519783292
1771,1871,0.00028112899675545883
1771,1841,0.00024767512041019575
1771,1806,0.0019497599775557587
1771,1773,0.0026568208043134325
1771,1772,0.04731042905592125
1771,1737,0.0008917467527182825
1771,1704,6.880580769921762e-05
1771,1839,0.000319995940943635
1771,1909,0.00017754532830404165
1737,1773,0.001682295390506175
1737,1772,4.935922422643102e-05
1737,1806,6.413433764986001e-05
1942,1914,0.0003751155513042857
1942,1913,0.01852625936239018
1942,1912,0.061627398140951375
1942,1971,0.0010047989243407
1942,1970,0.00018249779500159813
1664,2134,7.747808757483698e-05
1664,2133,0.00019584280131071472
1664,2115,0.00024972022590427997
1664,2132,4.789862987062333e-05
1739,1845,8.550753963419335e-05
1773,1772,0.38439569706003957
1773,1734,0.0004018500125332125
1773,1806,0.00018172288974590002
2109,1925,0.00019500299460803236
2109,1923,0.002393792383743548
2109,1849,0.000135364290169725
2109,1814,0.0001698925874617261
2109,1881,0.0075397547869457005
2109,1913,0.0006093569711500889
2109,1859,0.00011505659975845293
2109,2001,0.0036121680384144502
2109,1948,0.001291261483894625
2109,1922,0.00011116951618967
2109,2021,0.0010538393071078
2109,1822,0.000215002163615
2109,1980,3.6644487791275e-05
2109,1952,5.9941705791840344e-05
2109,1892,3.520794353573856e-05
2109,1924,0.00012016106636749354
2109,1880,0.00034842027091896
2109,1977,0.0007299232837237801
2109,1949,0.0019191748211023498
2109,1915,0.0060772294477253
2109,1976,0.001109556818947006
2109,2145,1.8469966469619235e-05
1971,2120,0.007479747610350333
1971,1970,0.020559221974614704
1971,1912,0.010439130288896413
1971,1846,0.0005173084448979666
1971,1849,0.0002472963154609125
1971,1881,0.0005932697728700801
1971,1913,0.00011200339824373332
1971,1910,0.0001615282061072
1971,1845,9.87859395471e-05
1971,1882,0.01373368728043835
1971,1996,0.00013231686356220763
1925,2030,4.2564071323799976e-05
1925,1982,5.999361202436471e-05
1925,1981,0.010884045681556792
1925,1980,0.004332539711698212
1925,1977,4.5530364430564704e-05
1925,1952,0.0006060166486435257
1925,1951,0.020930163828652006
1925,1950,0.006459736381079361
1925,1949,5.2061754839688234e-05
1925,1948,0.00039529407256234705
1925,1924,0.11244858130221577
1925,1923,0.006985053339693448
1925,1922,0.00045518969513917587
1925,1921,9.769324186681469e-05
1925,1894,0.000267559707601916
1925,1893,0.003934143932928162
1925,1892,0.0736215134035183
1925,1891,0.11574150690890642
1925,1888,0.00013146041315544114
1925,1859,3.3424040841464695e-05
1925,1855,0.00017663665184885005
1925,1823,0.00015875493238947823
1925,1822,0.0004207155857244572
1925,1819,3.4432004368408824e-05
1925,1818,0.00023919112758877942
1925,2021,0.0011419221419340997
1925,1976,0.00020025167280885277
1923,2001,0.00038375561380771684
1923,1981,6.706240317913332e-05
1923,1980,0.00015449246591069257
1923,1977,0.008537959548163169
1923,1976,0.00036333663447308574
1923,1952,0.0001653966055512637
1923,1951,0.01291494115428201
1923,1950,0.008178644947642987
1923,1949,0.0034275615804283616
1923,1948,0.005448821570705704
1923,1924,0.07470415569118902
1923,1922,0.04726961188817361
1923,1921,0.001955063566537129
1923,1893,0.0004403506562384025
1923,1892,0.001829421213184128
1923,1891,0.0014727020435587272
1923,1888,0.016460727460242526
1923,1855,0.001102502244996889
1923,1823,5.5125694246388884e-05
1923,1822,0.00020244080054733705
1923,1818,0.0006794799146497075
1923,1816,5.1843614624155564e-05
1923,1814,0.0017689014346867807
1923,2021,0.0021420258821984
1923,1894,3.8504730330403564e-05
1849,2001,0.00017842249782851248
1849,1894,0.0003422394771909374
1849,1882,0.00018976994375020004
1849,1850,0.010217223378047677
1849,1848,0.006231696420110012
1849,1846,0.0001823698918645
1849,1845,0.0005237232655419375
1849,1814,0.0011240798077277756
1849,1924,3.437153413690645e-05
1846,1969,0.0005331388010719833
1846,1882,0.1049152164135346
1846,1881,0.0008650669233402133
1846,1880,0.00017691304594258332
1846,1845,0.0018162855726893733
1846,1811,0.003374185360284
1846,1848,0.00020619183379308
1839,2058,7.536979977157002e-05
1839,2010,6.861673941994503e-05
1839,1993,0.00018145624766705503
1839,1939,7.606092453632501e-05
1839,1910,0.0025303937170876815
1839,1909,0.00041555218898455665
1839,1907,0.002020338416882438
1839,1877,9.564490126019502e-05
1839,1876,0.003145143542466737
1839,1875,0.005437619863342588
1839,1874,0.004099890478258437
1839,1841,0.00038603502574732437
1839,1838,8.243270817452002e-05
1839,1806,0.00058997026800402
1839,1772,5.200361370246e-05
1839,1770,0.00015262471535319456
1839,1805,0.00105555763339594
1819,1784,0.0019128777032428
1819,1714,0.00029801848568672005
1819,1891,0.005013496588732976
1819,1855,0.0013434927601608
1819,1952,2.107710087622631e-05
1819,1892,5.672862256235571e-05
1818,1855,0.03253871234126847
1818,1816,0.0005563479782527249
1818,1784,0.0036157948781051666
1818,1783,0.0006963460303336
1818,1814,5.517287323174783e-05
1818,1922,0.00027486952415868
1818,1891,0.000134459890576675
1818,1822,0.00014760817206438333
1818,1952,0.00010288940636805788
1818,1893,4.874026348158919e-05
1818,1892,0.00041073145885402857
1818,1823,5.810695547731924e-05
1818,1924,0.0002663148004333516
1818,1950,0.0018738090710852
1818,1976,6.347629741508824e-05
1816,1855,0.00029628036691725
1816,1814,0.0003556035340985799
1816,1783,0.0023586024262723998
1816,1782,0.035277877544575
1816,1781,0.0012755664790764626
1816,1780,0.000438293199516325
1816,1745,0.00014853057536351247
1816,1892,2.2533973204402864e-05
1814,2001,7.368893103486088e-05
1814,1948,0.00012128660568048263
1814,1922,0.00021312888987129954
1814,1921,0.00015371995371098694
1814,1888,7.16079674305565e-05
1814,1851,0.0018508446893386954
1814,1850,0.0018667093258760694
1814,1848,0.00013956589916585215
1814,1782,0.00010095887775142171
1814,1781,0.00014222115560237825
1814,1780,0.00039007373317436964
1814,1745,7.757097676786955e-05
1814,1891,0.0003843845638696625
1814,1951,0.0003638313021373714
1814,1892,2.0098488110041443e-05
1781,1780,0.0025906142129154
1781,1782,0.003950176320512366
1781,1850,0.000263985594900325
1781,1783,0.001139979119043
1781,1980,3.858358961260312e-05
1680,1787,8.916650209588462e-05
1680,1719,0.012537588475117196
2055,2104,0.00038009916973478575
2055,2084,0.0007844292064230427
2055,2083,0.00018015019308822858
2055,2082,0.0015113871713707714
2055,2056,0.0010495159220023475
2055,2054,0.12018668610300472
2055,2031,0.006541830451923243
2055,2010,0.0012193523745133103
2055,1991,0.0003052174973073715
2055,2011,6.828441645432666e-05
2055,2145,8.516046538523848e-06
2055,2133,4.420296157304046e-06
1770,2130,5.7063638431936345e-05
1770,2056,6.326196445693637e-05
1770,2012,0.00011261103835920454
1770,1990,0.00040990391063013633
1770,1970,0.00011760580814262274
1770,1910,0.00034808649231005904
1770,1907,0.05306908191434773
1770,1874,0.04694877707634375
1770,1873,0.0492689318804865
1770,1872,0.00018244604920375197
1770,1871,5.6379783352336363e-05
1770,1838,0.06105798087530283
1770,1837,0.0023882028206642474
1770,1835,0.00011344550301058637
1770,1804,0.18272706491285826
1770,1803,0.0015684825726057226
1770,1802,0.0002429821355299288
1770,1769,0.003165065619647036
1770,1702,0.0003783957821863772
1770,2154,0.0008490674921200464
1770,1806,0.00012249655802525498
1770,1991,6.164036771352e-05
1770,1906,0.00018384479829611428
1770,1909,0.00011493357442064166
1770,1905,0.02126240319915659
1770,2098,1.5685466655236442e-05
1770,2081,1.0257657785068146e-05
1770,2097,9.927856045093644e-05
1770,2139,1.4187088567895702e-05
1770,2124,0.0013849289056786511
1770,2188,0.0011129772912405215
1770,2187,5.971247258674926e-06
1770,2222,0.0005394958763387064
1734,1702,0.0342506455762013
1734,1772,2.7379897116141377e-05
1704,1872,0.0001494890969195717
1702,1701,0.9997094875624122
2154,2252,7.511947984405713e-05
2154,2215,7.210739340999285e-05
2154,2202,7.60199662349165e-05
2154,2196,0.00011255676247934012
2154,2195,0.0002821128682497355
2154,2194,0.0001580624517292535
2154,2189,0.0003492365876745395
2154,2188,0.0037274772538033246
2154,2187,0.0005635316781048141
2154,2185,4.7487377158778575e-05
2154,2181,0.0016708305886760058
2154,2180,0.00350418320619445
2154,2179,0.0005232877581504732
2154,2178,0.00014031742161608942
2154,2174,6.227730838344999e-05
2154,2172,0.00039704458707386146
2154,2170,0.1032767238668442
2154,2169,0.023187412731238515
2154,2168,0.004337042833314908
2154,2167,0.0005906936248320086
2154,2166,0.0001704027892735909
2154,2165,6.126495489366429e-05
2154,2155,0.12637187892519536
2154,2153,0.059228476605834
2154,2152,0.004220504143853521
2154,2151,0.0008270432683052357
2154,2142,0.00043834534624894995
2154,2141,0.0001769570190382739
2154,2140,0.03943043625557224
2154,2139,0.180851068799339
2154,2130,8.502756410702857e-05
2154,2127,0.00010377746924429252
2154,2125,0.002296364472950528
2154,2124,0.023463654409006298
2154,2123,0.004931728384586312
2154,2112,0.0011108938019611765
2154,2111,0.000703704245210451
2154,2098,0.0002166354410964947
2154,2097,0.0004893358126656435
2154,2081,0.00010625057851618622
2154,2052,5.455364736959629e-05
2154,2049,5.86151523634e-05
2154,2012,3.891159819147857e-05
2154,1991,3.653336189515357e-05
2154,1990,0.00023665165460198212
2154,2053,1.6425518042890408e-05
2154,2080,0.0002678727707845867
2154,2214,4.2926605259628565e-05
2154,2186,3.52851885120359e-05
2154,2213,1.4118592376113534e-05
2154,2228,6.265454744292498e-05
2154,2221,1.9574516141553257e-05
2154,2203,2.360338951548572e-05
2154,2216,0.002171384087810635
2154,2197,3.5785721772922446e-05
2154,2222,0.00018972957099890462
2154,2156,0.0002942470298539
2154,2171,0.00100125512767369
2154,2206,1.4524461998160562e-05
2154,2205,5.9739621113385264e-05
2154,2204,4.8484086413196286e-05
2154,2190,4.417662128711429e-05
1970,2136,7.91932844887611e-05
1970,2120,0.0001377121889426593
1970,2034,0.0031577227760637744
1970,2033,3.46034408822963e-05
1970,2014,0.0001458701216136074
1970,1996,0.07994009983038224
1970,1913,2.5051080267768507e-05
1970,1912,0.000500297104838118
1970,1969,0.0010312331705297998
1970,2098,1.9280727576110015e-05
1970,2081,1.549583476275291e-05
1970,2111,6.803585429246002e-05
1970,2097,0.000609443124626911
1970,2180,1.0622093083812904e-05
1970,2124,5.300336611430246e-05
1970,2188,2.8244313524531674e-05
1912,2179,9.864848866887274e-05
1912,1914,0.00015755073746307274
1912,1913,0.010764423121667727
1912,1881,0.00010150117068032726
1912,1879,0.002354315236757691
1912,1845,0.00015733473730724547
1912,1996,4.41954563102282e-05
1772,2033,0.0002117039582540363
1772,1991,2.7111034385574142e-05
1772,1910,1.855124251995862e-05
1772,1877,3.139325174048621e-05
1772,1875,4.035736368847069e-05
1772,1874,6.942785635647585e-05
1772,1841,0.0013618895641088519
1772,1806,0.042923233557542184
1772,1805,0.0022870539894540914
1772,1767,3.977710266178966e-05
1772,1838,0.00041442276099606
1772,2125,2.6997268373256177e-05
1787,1825,0.000465314538078025
1787,1859,0.00028232169603459415
1787,1952,4.301124866395616e-05
1787,1894,0.005732732501011343
1787,1892,2.0299716284471423e-05
1787,1823,9.63945137992577e-05
1719,1825,0.00022430158448330002
1728,1760,0.0026728913890791337
1728,1690,0.00742468920975058
1690,2220,0.00022865297386614003
1690,1760,0.00054468820123194
2220,2212,0.6507039990448408
2220,2250,0.0019846640412662
1790,1751,0.0038075029026675
1790,1825,0.000374725118359525
1790,1720,0.0020009274515505
1969,2029,0.0006212329057064
1881,1914,0.00606112945658992
1881,1882,0.01680683789544469
1881,1880,0.0012099709056398401
1881,1845,0.0015232614085043533
1881,1811,0.0013720835556766302
1881,1913,0.00036313228868499996
1881,1843,0.00028127826640975
1881,1915,0.9635042430373185
1714,1888,0.0007076186137445201
1714,1784,0.00035540179438542006
1714,1745,0.00028435298259418004
1888,1950,0.0041940877147184
1888,1924,0.0027826202293034386
1888,1922,0.02399908783152268
1888,1892,0.0026019891245203995
1888,1921,0.0015268096804241
1888,1948,0.000327235725756275
1888,1952,2.1709531339978944e-05
1888,1951,0.0005943100199276856
1888,1949,0.000656431741092025
1784,1745,0.00251648494562065
1825,1788,0.0011195176981562
1825,1859,0.0004320927659568588
1825,1952,5.58356799678298e-05
1825,1894,4.387963168853928e-05
1825,1893,3.203650764432162e-05
1825,1892,1.4717746906345713e-05
1825,1823,9.711585441016539e-05
1720,1751,0.01768300823834375
1730,2096,0.00016066051519506003
1730,1801,0.00024417122757976
1730,1869,0.00010358938682187497
2096,2177,0.0010131912991381774
2096,2176,0.0020656197740918404
2096,2151,0.004089013868243747
2096,2150,0.10285173914254686
2096,2095,0.2837829165249214
2096,2094,0.0008276866327520238
2096,2079,8.488958540770624e-05
2096,2076,7.715494074833438e-05
2096,2075,0.025797674057247554
2096,2074,0.032217885543848
2096,2073,0.003993815126748163
2096,1989,0.00015495590957096257
2096,1988,8.469267077365001e-05
2096,2179,9.38284970622559e-06
2096,2194,6.292330133725551e-06
2096,2178,5.087645499510561e-05
2096,2188,1.7995833276538915e-05
2096,2181,1.7341401935220294e-05
2096,2165,0.001251104788968212
2096,2187,8.164859880914377e-06
2096,2189,1.1985622790539542e-05
2096,2166,7.145138235868629e-05
2096,2196,4.4637954347557665e-05
2096,2206,2.6030421084429583e-05
2096,2190,1.4223438318612777e-05
1801,1870,0.001180405568489425
1801,1767,0.00054557318587385
1801,1869,0.0010766640429158247
1801,1868,9.163676948945e-05
1801,1834,0.0189178969500708
1801,2073,2.4140774737991834e-05
1801,2094,0.00012393752992829581
1913,1914,0.0026873453600027575
1913,1880,0.037245682717502816
1913,1879,0.0052989060259385
1913,1843,0.058901514601121155
1913,1915,0.0126089068736986
1767,2074,0.0006068754595614
1767,2030,0.001637678895457232
1767,1868,5.81505220191875e-05
1767,2073,6.476910919206123e-05
1767,2081,4.155778231396122e-06
1767,2052,1.1567333607386315e-05
2074,2187,4.5176563284209616e-05
2074,2176,0.01809898765046913
2074,2165,0.00012989723544922727
2074,2152,5.216271088309091e-05
2074,2151,0.0007537280765796746
2074,2150,0.00020163993041505225
2074,2095,0.015330154176276959
2074,2094,0.002425693896176845
2074,2079,7.575486075380454e-05
2074,2078,7.809045801632728e-05
2074,2076,0.0019431572695172252
2074,2075,0.189599622583437
2074,2073,0.1326060875233497
2074,2049,0.0003173206109554795
2074,2047,0.0014265168282475641
2074,2030,3.2388887242431816e-05
2074,1989,0.001574810164258773
2074,1988,0.0005676288674971931
2074,1904,2.5248185444252283e-05
2074,1903,4.8278744457584114e-05
2074,1870,0.00010634952102873637
2074,1805,9.626681348676818e-05
2074,2009,0.009320209717949971
2074,2188,8.528853693833033e-06
2074,2197,1.63134050108347e-05
2074,2196,2.4812665317362156e-05
2074,2206,3.1141532295932415e-05
2074,2204,0.00011107723082143706
2030,2195,0.001077547897251509
2030,2128,5.8082206635622706e-05
2030,2127,9.485750428783862e-05
2030,2125,6.504483391665925e-05
2030,2098,0.0006294103402038626
2030,2081,0.0016774176557610618
2030,2079,0.0018992233086461236
2030,2054,2.5612542306068184e-05
2030,2053,0.005657789458921671
2030,2052,0.18722786163011823
2030,2051,0.1937040262567936
2030,2047,0.00032139288691561364
2030,2029,0.026265448329846126
2030,2010,5.0173935178595453e-05
2030,2009,0.006423235497500849
2030,1991,0.0006879230977847765
2030,1990,0.015276777931353
2030,1964,3.4963547441849994e-05
2030,1936,7.115464252664093e-05
2030,2056,3.429957224566923e-05
2030,2012,0.0001777102552273923
2030,2179,8.56718279335071e-06
2030,2194,8.25000479688084e-06
2030,2112,0.00012538200271763916
2030,2111,7.831398052513502e-05
2030,2097,0.00033226208893699454
2030,2080,0.0007303102601769977
2030,2180,9.778570888596237e-06
2030,2140,3.131323388706047e-05
2030,2139,1.8732626924509674e-05
2030,2124,9.694885247600245e-05
2030,2202,5.593218532881229e-06
2030,2188,1.964478308721765e-05
2030,2187,5.8862882251871534e-06
1769,1837,0.0003761025108952286
1769,1804,0.0017885002172101834
1769,1803,0.0006086943678251571
2130,2173,0.00023559927316268883
2130,2163,0.0016154523497612361
2130,2162,0.002288906851229033
2130,2161,0.00544968833292261
2130,2147,0.0002948742483529333
2130,2146,0.018072281736936792
2130,2145,0.37852918101885386
2130,2144,0.15824816549430623
2130,2142,0.00013050053883646666
2130,2135,0.00012729110328605554
2130,2133,0.00011507519384997778
2130,2131,0.02382737086557867
2130,2128,0.00013431355922324443
2130,2102,0.0012559933599203333
2130,2056,0.00019328940404655554
2130,2054,0.00019316008808755556
2130,2052,0.00013549890601281255
2130,2012,0.00012136655192451108
2130,2053,9.415217882471597e-06
2130,2179,3.9004767763815165e-05
2130,2098,0.0005376002708545745
2130,2081,0.0005481524235458456
2130,2051,0.0001192457436418889
2130,2194,6.2171023276299535e-06
2130,2125,0.002238675439139286
2130,2123,0.00019739728869692
2130,2112,0.00027700008227869765
2130,2111,0.00122002939179516
2130,2097,0.0013835702836110378
2130,2080,0.00035638312091417553
2130,2214,1.4922452624393749e-05
2130,2180,5.546250307097797e-05
2130,2178,1.3269406090598875e-05
2130,2169,5.596879336368293e-05
2130,2140,9.399555678491628e-05
2130,2139,4.2131666045194624e-05
2130,2124,0.0011330345113753756
2130,2202,3.6426327501291264e-06
2130,2188,0.00020483885142241265
2130,2167,5.1220270867859996e-05
2130,2187,1.3420596616265752e-05
2130,2166,7.331402560454118e-05
2130,2222,0.00032090677807027496
2056,2131,0.00011897765292454865
2056,2104,4.1481582844038466e-05
2056,2102,0.00034193877270677174
2056,2101,0.0003106242852223898
2056,2085,0.002273378911726653
2056,2084,0.0008712275387468512
2056,2083,3.994084190237948e-05
2056,2054,0.0006089493074499465
2056,2051,3.590345601415641e-05
2056,2031,0.00038330102175412054
2056,2012,0.010708610631615352
2056,2011,0.05891376935753226
2056,2010,0.0038303032821252903
2056,1993,0.000548716469720018
2056,1992,0.00039166895535266917
2056,1991,6.924895504110769e-05
2056,1873,0.00018137915075137692
2056,1872,3.7102485562510255e-05
2056,1838,5.4227244797956395e-05
2056,1837,2.868041919234359e-05
2056,1990,3.3580350260220005e-05
2056,1966,2.75020439962946e-05
2056,2053,0.00015590809043816722
2056,1905,0.00010497895314383889
2056,2179,5.073740715902842e-06
2056,2098,0.00045344285738299086
2056,2081,0.000245945440920819
2056,2052,0.0005484488514528982
2056,2194,4.3820487937024216e-06
2056,2134,1.48031422245042e-05
2056,2127,2.40929140733e-05
2056,2128,0.00018764226344957055
2056,2125,3.8484563785220555e-05
2056,2112,0.0005397192483415415
2056,2111,0.00010051063643037998
2056,2097,0.00034324941616810004
2056,2080,0.0009589448412758957
2056,2180,8.628752762098924e-06
2056,2139,2.161792881601935e-05
2056,2124,0.00019442297270784147
2056,2188,3.2984098755167877e-05
2056,2145,2.3203180538873847e-05
2056,2187,6.93491174806422e-06
2056,2146,2.7218853014194283e-05
2056,2116,0.00030039835951031904
2056,2133,2.0453879822987854e-05
2012,2104,0.00011013467749632308
2012,2102,0.0001526718356665
2012,2085,0.001710584409752219
2012,2084,7.902651655315386e-05
2012,2054,0.0004539538403803168
2012,2011,0.0036541744817526487
2012,2010,0.000904962240305184
2012,1993,0.03716335923933633
2012,1992,0.014514974794358593
2012,1991,0.00027282326099521
2012,1966,0.0006780426316274856
2012,1837,0.00021077729380897145
2012,2053,0.0002702791645397485
2012,1905,5.953983324178334e-05
2012,2179,4.890678391002227e-05
2012,2098,0.00041470983172196504
2012,2082,0.003642911196578433
2012,2081,0.00038238824849223124
2012,2052,7.332433985584632e-05
2012,2194,1.5509991677186125e-05
2012,2134,1.329324456010168e-05
2012,2125,0.00038941240879228215
2012,2123,0.0004991299982231499
2012,2112,8.419296073023103e-05
2012,2111,7.43220593985775e-05
2012,2097,0.000690878825434731
2012,2080,0.0004462389217370267
2012,2180,2.823418967573011e-05
2012,2178,1.4071905834661803e-05
2012,2168,2.9815182792298108e-05
2012,2140,3.528865760050698e-05
2012,2139,3.746989628054086e-05
2012,2124,0.00011866850653356831
2012,2213,1.0694398952003528e-05
2012,2202,5.5487294897660215e-06
2012,2188,7.531896925465703e-05
2012,2167,0.0010570938264757401
2012,2145,1.1449679996048461e-05
2012,2187,4.34985705472107e-05
2012,2146,2.798846581173771e-05
2012,2133,1.547657527638786e-05
1990,2173,3.7293695549028574e-05
1990,2098,0.0002922025176554683
1990,2082,4.034318434445715e-05
1990,2081,0.00020167689552342822
1990,2079,0.00020698750843119716
1990,2054,4.9573816786405724e-05
1990,2053,0.012145014946375501
1990,2052,0.10628721777172177
1990,2051,0.00015446958178974
1990,2029,8.883008671763714e-05
1990,2010,0.0001341042201368371
1990,2009,0.061205276181914965
1990,1991,0.015863918037192233
1990,1964,0.0897975620944683
1990,1937,0.0004118928952021012
1990,1936,0.0017432153617197668
1990,1907,0.00016985355711136206
1990,1905,0.004859894674202248
1990,1873,0.00013985843315127714
1990,1872,0.00018208557581018072
1990,1871,6.421463048735437e-05
1990,1835,7.979769664550574e-05
1990,1993,1.937737845793455e-05
1990,2179,0.00018358220393302425
1990,2194,3.0353209434059463e-06
1990,2112,1.7443462932154025e-05
1990,2111,9.43160696469725e-05
1990,2097,0.0012024501068841728
1990,2080,0.00010784753074846221
1990,2180,5.880448740973121e-06
1990,2124,0.003195871651302801
1990,2188,0.0016395534812358448
1990,2181,0.00010402167358823384
1990,2187,0.0002284244533817887
1990,2222,9.16783228535477e-05
1910,1939,0.002296217353329265
1910,1909,0.011501908970353417
1910,1907,0.0029249412374284397
1910,1877,0.0001451780453952867
1910,1876,0.12122683732977063
1910,1875,0.0032183341776483745
1910,1874,0.00021571623576956
1910,1841,0.003209089658647784
1910,1806,0.0011499006382097118
1910,1805,7.233255785059333e-05
1910,1966,4.065713827481622e-05
1910,2098,5.701131916925284e-06
1910,2081,1.0202814432295011e-05
1910,2134,1.2316218441526054e-05
1910,2125,2.75679895196863e-05
1910,2112,1.811690304689885e-05
1910,2080,5.370952742542888e-05
1910,2188,4.7349951694461536e-06
1910,2133,4.82198141070318e-06
1907,1967,0.00016524471433343636
1907,1966,0.0007016006440406929
1907,1939,0.001146309019981292
1907,1938,0.05876272874527488
1907,1909,0.001538906448208062
1907,1875,0.000647424957409496
1907,1874,0.024061846112361746
1907,1873,0.0013766831738491999
1907,1872,0.0013989723557306258
1907,1838,0.005547853034806016
1907,1804,0.007382895476139696
1907,1837,0.00015790227333681428
1907,1802,0.0002285062730883
1907,1806,0.00015196501515679
1907,1906,0.00033572809236077857
1907,1876,0.00025353283635704997
1907,1937,6.674037014540525e-05
1907,1993,0.00011983289959785816
1907,2053,5.4016695643596e-06
1907,1992,0.0004083483796351077
1907,1905,0.0004859616646411055
1907,2098,2.477893530285422e-06
1907,2081,4.228663885072577e-06
1907,2124,5.1441908738463396e-05
1907,2188,4.2872799087012663e-05
1907,2145,1.5282314543808457e-05
1907,2222,1.7278987691307955e-05
1874,2105,9.624620105611429e-05
1874,1909,0.0012264872157299821
1874,1875,0.0007930430407937547
1874,1871,8.595589327379285e-05
1874,1838,0.0003237223075265214
1874,1837,0.0002512076914598714
1874,1804,8.260516226101428e-05
1874,1872,0.0001604645283863
1874,1841,0.00014600615921044285
1874,1806,0.000309346980133545
1874,1876,0.0007116889370551915
1874,1993,2.573597577374e-05
1874,1966,3.031116497006487e-05
1874,2053,8.743645308149602e-06
1874,1938,0.0005972524819603
1874,2098,8.156881226354218e-06
1874,2081,1.0464809652955129e-05
1874,2052,6.5668966932557865e-06
1873,1992,0.0660271682786537
1873,1906,0.0010970735824911
1873,1872,0.0056363729447710805
1873,1838,0.00541431816260462
1873,1837,0.17718912536593026
1873,1836,0.00027942992752202006
1873,1835,0.00055265767589322
1873,1804,0.00039999593409314007
1873,1802,0.00029131495060118
1873,1966,4.0398006928748647e-05
1873,1905,0.00103001098101785
1873,2011,0.00015442402268577333
1873,2098,6.727741072266741e-06
1873,2123,0.00090511404880914
1873,2097,4.6775065849552704e-05
1873,2080,5.978019927605333e-05
1873,2124,6.406420300502195e-05
1873,2188,3.739658154853802e-05
1873,2187,2.8319072342977672e-05
1872,2102,4.1393843965565214e-05
1872,2053,4.5886834928861076e-05
1872,2010,0.00040124654936601683
1872,1993,0.00014954859302274804
1872,1992,0.00022436661532934934
1872,1991,0.0001712578541277152
1872,1966,3.894247627604564e-05
1872,1964,2.6768662849358703e-05
1872,1937,0.0004338084040396417
1872,1936,0.00011965528755302172
1872,1906,0.015640042426421617
1872,1905,0.00047595331408647605
1872,1871,0.003996621358847761
1872,1838,0.0007689142398947219
1872,1837,0.0036740477548283046
1872,1836,0.010804118459051704
1872,1835,0.003326408498402108
1872,1804,0.00033374191378381877
1872,1803,0.0006575964167221743
1872,1802,0.0011924507226680296
1872,2098,3.1202269857136673e-06
1872,2081,5.303397774378392e-06
1872,2052,9.39996360257842e-06
1872,2145,1.0850187521650776e-05
1872,2146,7.304489572374286e-06
1871,1937,0.0027116247404560573
1871,1906,0.003782396507740618
1871,1835,0.0018988281427886498
1871,1837,0.00034491125614864997
1871,1802,0.00023131226004886667
1871,1836,0.030405665331603847
1871,1936,0.00025574498663043753
1871,1966,4.9422098765154064e-05
1871,2053,4.873084814637603e-06
1871,1905,0.00024285568073946108
1871,2052,7.81822563076895e-06
1838,1804,0.012762895279805005
1838,1837,0.005488522547879128
1838,1803,0.00044231122419048565
1838,1841,0.00027352514417503573
1838,1806,0.004866060557800419
1838,1805,0.0018373406533157802
1838,1906,0.0006331004224191644
1838,1937,0.00019692645238684206
1838,1993,7.727075123767454e-05
1838,1966,4.834370237750001e-05
1838,2053,2.654006015308599e-05
1838,1992,0.0014217483035594153
1838,1905,5.798621989465e-05
1838,2098,4.163069855516169e-06
1838,2081,6.6922898026268666e-06
1838,2052,2.2626696517809994e-05
1837,1991,0.00013466860463205713
1837,1936,0.00018983312481375
1837,1906,0.00014296086746084285
1837,1836,0.005229874647623606
1837,1835,0.001356890249326224
1837,1804,0.0009387702478681119
1837,1803,0.06434133245895063
1837,1802,0.009852912107215584
1837,1992,0.002442911588976331
1837,1905,9.979936610301663e-05
1837,2098,1.6796652424053753e-05
1837,2081,2.0680214009927423e-05
1837,2112,1.2387582162978159e-05
1837,2097,1.7413041633816214e-05
1837,2080,4.074521808350667e-05
1835,1836,0.18700461347134492
1835,1804,0.00039595612369219997
1835,1802,0.022183813531298627
1835,1803,0.004954810258949486
1835,1991,6.585696372294498e-05
1835,1906,0.0001889871580562
1835,1937,0.005333034338133693
1835,2053,2.60806163310892e-05
1835,1964,0.0001276171105956125
1835,1905,0.0015590438692237945
1835,2098,7.033294605402504e-06
1835,2081,1.0522204549493078e-05
1835,2052,2.21347176497321e-05
1835,2145,8.42917010269846e-06
1804,1803,0.0014405701530487093
1804,1802,0.001544165341274975
1804,1806,8.148955368407501e-05
1804,1909,0.00015280568730439167
1804,1939,0.0004004842674698499
1804,2053,6.961766844640399e-06
1804,2098,6.504450416271978e-06
1803,1836,0.0011463538126470392
1803,1802,0.0051681068187447825
1802,1906,0.000139354086482275
1802,1836,0.009942803647289373
1875,1939,0.0015368470931956166
1875,1909,0.017748724280839033
1875,1877,0.0001756592097705222
1875,1876,0.023948405478106085
1875,1841,0.000489765954502796
1875,1805,7.435015728379445e-05
1875,1806,0.00014570298302743
1875,1966,0.00010462627564196213
1841,1966,0.00015638022528632864
1841,1877,0.005770743604967715
1841,1876,0.0028845732117121427
1841,1806,0.17928146564795208
1841,1805,0.013661514343885666
1806,1939,0.000209196123763965
1806,1909,0.000249286875074255
1806,1906,0.0010576142986792598
1806,1877,0.00037365883326132996
1806,1876,0.000152457285806985
1806,1870,0.00020241790575676504
1806,1805,0.10891610502175061
2033,2120,0.0003182363448885
2033,2058,0.009789661243269568
2033,2014,0.00022730937258976666
2033,1996,0.00012003047915629742
1991,2194,0.000712022217116038
1991,2134,5.283979489122499e-05
1991,2127,9.31996412001587e-05
1991,2081,0.0037685222523600103
1991,2054,0.007732728686753988
1991,2053,0.002280037349144329
1991,2052,0.0009455588167806211
1991,2031,9.754035453795999e-05
1991,2010,0.027258096031715313
1991,2009,0.05074445515142875
1991,1993,0.0005256342950276597
1991,1964,0.004127782349987439
1991,1937,0.0002461974966119474
1991,1936,0.004835979294804115
1991,1906,0.000165628559411845
1991,1905,0.0009502452325771442
1991,2179,1.1383100841099525e-05
1991,2011,7.675053441943333e-05
1991,2098,0.0010316035107742017
1991,2079,0.0001384921226707889
1991,2051,0.00023882900966788894
1991,2195,8.191722325848149e-06
1991,2125,6.621873722693015e-05
1991,2153,0.0002121892791995379
1991,2112,0.00020672522720505067
1991,2111,0.000129416223347135
1991,2097,0.000512043462510234
1991,2080,0.0018048431913829449
1991,2180,2.949743186842043e-05
1991,2178,1.80898126744191e-05
1991,2168,2.102417137316603e-05
1991,2140,2.4371631947265118e-05
1991,2139,3.918007074017526e-05
1991,2124,0.00016935126020034387
1991,2202,1.2579481837576053e-05
1991,2188,3.7632506664386886e-05
1991,2181,8.40925019402256e-06
1991,2145,2.730115123480155e-05
1991,2187,1.1611538095435473e-05
1991,2146,9.91567603063943e-06
1991,2133,7.891694194815607e-06
1877,1876,0.0018932343021864665
1877,1805,0.0006594932661412667
1805,1909,0.000259647366812
1805,1906,0.00037507014573256005
1805,1876,0.00018436789460386666
1845,1882,0.0010747651757330933
1845,1880,0.00037209568842867997
1845,1811,0.022286931576636197
1845,1843,0.00031386349292815007
1780,1850,0.00025044583414967497
1782,1850,0.022062344512378568
1782,1783,0.0077266248387246
1783,1893,5.266841867461623e-05
1788,1859,0.10353701596032408
1859,1953,0.00014135191589518235
1859,1952,0.0012715537134504323
1859,1951,0.0004705098667065471
1859,1926,0.002094720930016153
1859,1894,0.01628771846233604
1859,1893,0.0001625768693236663
1859,1892,0.00019436382255777924
1859,1823,0.2351873640481785
1859,1822,0.045947627680659006
1859,1924,0.00021075193047932265
1869,1989,0.000104326033547025
1869,1904,0.00013151847863713333
1869,1903,0.0018349444829673417
1869,1902,0.0016577405684082937
1869,1870,0.00012979979269051666
1869,1868,0.12514095303782055
1869,1834,0.000360256432615025
1868,2152,9.939319537483749e-05
1868,1989,6.259255414402917e-05
1868,1988,0.0004382687048381708
1868,1935,0.00112007631616025
1868,1934,0.0002970851771286394
1868,1904,0.00030204368444152916
1868,1903,0.015286996536224565
1868,1902,0.013463770136383705
1868,1870,0.0003415601332139042
1868,1834,0.00011373971947561249
1870,1904,0.2706667007592554
1870,2073,0.0004182139432733
1870,2094,0.00015857073892251667
1870,2075,0.00012400292178732915
1870,2098,3.340507053081774e-06
1870,2081,3.690786364421603e-06
1870,2052,5.986413092084733e-06
1870,2111,2.91257678654125e-05
1870,2095,4.4010938215830154e-05
1870,2187,5.223237543857186e-06
1870,2144,1.7624897104349207e-05
1870,2205,1.9845121917759997e-05
1906,1964,0.00011074304793947857
1906,1937,0.008846993558478792
1906,1936,0.001155495096347093
1906,1905,0.0794083363967217
1906,1966,3.103144969686757e-05
1906,2053,3.670666696929881e-05
1906,2098,3.6844913327113878e-06
1906,2081,8.0174239189518e-06
1906,2052,2.3506127774124738e-05
1836,1937,0.0008285682939669249
1836,1905,0.00010189474355368333
1909,2120,0.0002521706162219583
1909,1967,0.00023142603612103335
1909,1939,0.02045439908987303
1909,1876,0.0037606802085546663
1909,1993,3.1462160623359995e-05
1909,1966,4.196884000848649e-05
1939,1967,0.002591853883965339
1939,1966,0.0005244955442335321
1939,1938,0.00016746615281460002
1939,1876,0.0024895269621304965
1939,1993,6.196051790337273e-05
2136,2120,0.0386094087881308
2136,1996,0.00013464700320071275
2136,2104,0.00025383815064514994
2136,2133,4.396810737427454e-06
2136,2149,0.00115079688845152
2120,1993,2.8934478894238187e-05
2120,1996,0.00014686677113330768
2120,2034,0.0051056877918624005
2120,2134,1.0080132967005043e-05
2120,2145,1.3404846624235383e-05
2120,2133,3.6560055814852884e-05
2120,2149,0.0010623377900918802
2058,2073,4.971719679061223e-05
2058,1996,0.0005922185933251998
2058,2014,0.0007880365153065999
2058,2134,9.335615494257982e-06
2058,2189,6.651612142355817e-06
2058,2118,3.0278987218589185e-05
2058,2133,3.593716579293352e-06
2058,2190,1.2408809294955634e-05
1811,1880,0.00026876129717834
1811,1915,0.0022088197949503
1812,1848,0.00082492261222808
1921,1950,0.0005283873119396001
1921,1949,0.0419826877066663
1921,1922,0.07876761083013474
1921,1948,0.0041799299184252245
1921,1952,4.405700112281052e-05
1921,1951,0.0004903478005328
1921,1892,0.008236876370605972
1921,1924,0.00027552991099984517
1921,1977,0.0010773531418240999
1921,1976,0.0002503750700012412
2001,2021,0.009297629693490924
2001,1977,0.0031045819687724203
2001,1976,0.04281479528084105
2001,1948,0.0019121198814576255
2001,1823,0.00041493700373502497
2001,1922,0.00023925683149674003
2001,1952,1.7814188990971926e-05
2001,1892,4.2878098610367144e-05
2001,1924,5.886431398184516e-05
2001,1949,0.00045077626411905
1948,1977,0.14740815780759767
1948,1976,0.2556135300159888
1948,1951,0.0005119805813093286
1948,1950,0.00117960276033496
1948,1949,0.36429650333390956
1948,1924,0.021899258136465094
1948,1922,0.17003628056874093
1948,2021,0.0019565357089701
1948,1980,0.00010455522262485
1948,1892,0.000144647258146887
1922,1977,0.0039246220195364705
1922,1976,0.0013323243047161071
1922,1951,0.00049175988401236
1922,1950,0.01371457782425601
1922,1949,0.031177477210469567
1922,1924,0.003681983955877483
1922,1892,0.00054494390236985
1848,1977,0.00025881387866530007
1848,1976,0.0001604457973015882
2021,1891,0.0026435860899223004
2021,1976,0.0004935833783089765
1891,1982,0.001422751199681025
1891,1980,0.0013852871015695692
1891,1952,0.000283206769060423
1891,1951,0.00031129959877523574
1891,1924,0.004631846620142309
1891,1893,0.0020001213387408454
1891,1892,0.10715717311791598
1891,1855,0.0037974016072323505
1891,1822,0.00043706596662130827
1855,1952,2.3133823807152632e-05
1855,1893,3.184938617236217e-05
1855,1892,0.00010273762092816716
1855,1924,0.00012024350438703868
1822,1981,0.00013379232447633332
1822,1980,0.0003532499602253083
1822,1953,0.0004709217215914084
1822,1952,0.14343356352643288
1822,1951,0.00014943842399791664
1822,1926,0.0003061507083906583
1822,1894,0.02068611679382744
1822,1893,0.005761416022828581
1822,1892,0.0028248466608881808
1822,1823,0.1764123643010871
1822,1924,9.71213789445742e-05
1981,2005,0.4882023415611624
1981,1982,0.0013917934453779332
1981,1893,0.0004729195063328332
1981,1980,9.042862699120937e-05
1981,1952,0.0010051776553109543
1981,1892,0.00035667630475023004
1981,1823,0.00044310925379972306
1981,1924,0.00011920691065816129
1980,2005,0.00014685327789587188
1980,1982,0.0009306972700122592
1980,1952,0.00038502992228394155
1980,1951,0.0012972130537528548
1980,1924,0.0007310113999609638
1980,1893,0.0029875243905260946
1980,1892,0.002151586855111555
1980,1823,0.0004849464945065791
1953,1952,0.2015827505341359
1953,1894,0.13021293874939785
1953,1823,0.0013097708955196949
1953,1926,0.0068260166579794
1953,1893,4.7327925020921625e-05
1953,1892,2.771351656702571e-05
1952,2005,1.8014909686159646e-05
1952,1982,0.00027164477555034565
1952,1977,2.429405006484562e-05
1952,1951,0.00010057406915950174
1952,1950,3.711771709377368e-05
1952,1949,0.00010347877734848067
1952,1926,0.0002283657496864912
1952,1924,0.00026628328052070673
1952,1894,0.011080458379592123
1952,1893,0.003627402100763398
1952,1892,0.0043053731700779495
1952,1823,0.004471448846243272
1951,1950,0.002291872422666577
1951,1924,0.04411532030156392
1951,1892,0.0008122516959203898
1951,1893,0.00010983043719050541
1951,1977,0.00026893194932074005
1951,1976,6.244394420604118e-05
1926,1894,0.024561875141893105
1926,1823,0.004829901447024585
1894,1982,4.919830157779999e-05
1894,1924,0.00018991649559108135
1894,1893,0.001144694618979595
1894,1892,0.0006099546766531276
1894,1823,0.03125750082964481
1893,2005,3.294352789911622e-05
1893,1982,0.00015081143822679997
1893,1924,0.0004039439749931304
1893,1892,0.23079404300087347
1893,1823,0.0005235545983526691
1892,2005,2.2133578293038584e-05
1892,1982,4.59484146786143e-05
1892,1977,1.9489909954682862e-05
1892,1950,6.019840304206715e-05
1892,1949,0.0025784381364962194
1892,1924,0.004547907122529759
1892,1904,6.950282919904856e-05
1892,1823,0.0011731692334380794
1823,1982,8.070665327893459e-05
1823,1924,0.00011644660942716637
1982,2005,0.0035385824199201913
1924,1977,0.0005961360061648026
1924,1976,0.0008302438783072525
1924,1950,0.0019519271159526917
1924,1949,0.00020562642270269998
1829,1901,0.028229820338898187
1829,1830,0.0689915032026705
1829,1865,0.0253789261611405
1901,1933,0.025051443780670913
1901,1867,0.0007282195653656625
1901,1932,0.0006347794296332501
1830,1865,0.5067088368654041
1865,1932,0.0010764643163896
1937,2054,7.850635177939473e-05
1937,2010,0.0006762656487006398
1937,1966,5.5016777719442086e-05
1937,1964,0.0013786410125338315
1937,1936,0.0571036085185349
1937,1905,0.14604386262493946
1937,2053,4.8774213147074824e-05
1937,2098,3.572687534898411e-06
1937,2081,6.3910410459313085e-06
1937,2052,4.7233920599913683e-05
1936,2010,0.00014793570616626254
1936,1964,0.024970543382035925
1936,1905,0.009601952147972681
1936,2053,0.0025254467383641985
1936,2098,1.359622761497107e-05
1936,2081,0.0001714027094894284
1936,2052,0.00013162167498973157
1936,2009,0.00031846812029932283
1936,2080,2.8093971317495555e-05
1936,2180,3.28778330699769e-05
2010,2127,0.00016232426454353631
2010,2084,0.0001405851077497364
2010,2082,0.00015718767624595456
2010,2081,0.00011249091061858538
2010,2054,0.007879300141205952
2010,2031,0.002096533299157527
2010,2011,0.09816296384247297
2010,2009,0.0005094988872786864
2010,1993,0.0005187917839875109
2010,1992,0.0029584004577564494
2010,1966,5.9129726536300003e-05
2010,2053,2.3262155433713604e-05
2010,1905,0.005458873593179587
2010,2098,4.994552972475171e-06
2010,2052,3.3741172647414195e-05
2010,2134,9.63213425064286e-06
2010,2145,2.2147367831557693e-05
2010,2133,1.1531362419259537e-05
1993,2104,8.812621095977453e-05
1993,2102,0.00011136155564567452
1993,2100,0.0006257816398887925
1993,2085,0.0008514818533643527
1993,2054,4.92649981641e-05
1993,2053,4.056558447116549e-05
1993,2011,0.0020795140202769452
1993,1992,0.012432571407024137
1993,1967,0.0010044492075624726
1993,1966,0.008115783400692186
1993,1938,0.0006758423021193331
1993,2098,8.806939199448975e-06
1993,2081,1.581874468386343e-05
1993,2052,1.046428924808843e-05
1993,2134,1.7831464057314283e-05
1993,2159,7.675445119269336e-05
1993,2145,5.764758148573695e-05
1993,2146,5.828692431748572e-06
1993,2118,5.20433713736027e-05
1993,2117,2.5358876431103124e-05
1993,2133,4.3689128856982655e-05
1993,2148,4.9039254019875e-05
1993,2162,0.00016957364714895
1966,2104,0.0002990073034923189
1966,2085,0.0002058115758012757
1966,2031,0.0018316652169349384
1966,2011,0.00018403640694054343
1966,1992,0.0006035977892294884
1966,1967,0.12324831084657553
1966,1938,0.0037019604442387532
1966,2052,5.908223459541579e-06
1966,2133,2.8316566396896233e-05
1966,2115,0.00011051232896823003
1843,1880,0.025745526971052493
1843,1914,0.0033552111688906006
1843,1879,0.007381486546774601
1880,1914,0.006668972281178621
1880,1915,0.041432620710129105
1914,1915,0.06720155475212573
1914,1879,0.011387564186243801
1914,1976,0.00021027983781252943
2152,2181,0.0004494780897345051
2152,2180,0.0013083245112845592
2152,2179,0.001193481758866337
2152,2174,0.0003013826143834666
2152,2170,0.0013066048727095286
2152,2169,0.0033844521944750555
2152,2168,0.02320054749512438
2152,2167,0.0037965516920464093
2152,2166,0.0014019659754371191
2152,2165,0.0021432768639023875
2152,2153,0.1426873509068895
2152,2151,0.048690802309696184
2152,2150,0.000582766956227236
2152,2140,0.0005412367738040845
2152,2139,0.005442173825914699
2152,2124,0.006231092330908118
2152,2123,0.007478486688499707
2152,2076,0.0018075824368018554
2152,2075,0.00028117267781725414
2152,2049,0.00012318905022896666
2152,2053,1.9837604305203605e-05
2152,2073,2.137677269697551e-05
2152,2098,9.746741689138293e-05
2152,2081,4.1492337026073975e-05
2152,2052,6.137766606365262e-06
2152,2194,0.0002846766491433677
2152,2195,2.039086292623185e-05
2152,2125,0.00011428508720169729
2152,2112,0.0002663724357131242
2152,2111,0.0003845103160078551
2152,2097,0.000601731475549673
2152,2080,0.0009808402930137224
2152,2214,0.00012203958602474907
2152,2186,0.0002204223118073897
2152,2178,0.00032355480253995955
2152,2215,5.5956987290152773e-05
2152,2213,3.260480194624824e-05
2152,2202,0.00011068346022747154
2152,2188,0.0006909326844750579
2152,2187,0.000447727806821417
2152,2203,4.1876053840773017e-05
2152,2189,1.7621736170962212e-05
2152,2185,5.970453504832609e-05
2152,2196,5.953715226411803e-05
2152,2222,2.188712371052955e-05
2152,2206,2.0332668580757747e-05
2152,2205,1.1021768727050524e-05
2152,2190,1.20850625838376e-05
1989,2075,0.001208042646477825
1989,1988,0.011880015392066701
1989,1934,0.0009420412060871363
1989,1904,0.0016072748555118498
1989,1902,0.0016535791159602402
1989,2053,9.877744364242e-06
1989,2073,0.0010944391932358364
1989,2179,1.4990432480926548e-05
1989,2094,0.0003110400126476792
1989,2098,2.7507388138925757e-05
1989,2081,1.0909103808453744e-05
1989,2052,1.1927797439747896e-05
1989,2194,1.273274624391036e-05
1989,2125,1.59401710960589e-05
1989,2112,2.4207257734244832e-05
1989,2097,1.9001836458401356e-05
1989,2180,1.0106147793953765e-05
1989,2178,1.1661935927852808e-05
1989,2139,1.790025908740108e-05
1989,2124,3.632755912664391e-05
1989,2213,7.253295960321769e-06
1989,2202,6.163720674165372e-06
1989,2188,1.591845067742534e-05
1989,2181,8.256282456219552e-06
1989,2145,9.10729072699692e-06
1989,2095,0.007739632333253515
1989,2187,1.0475187169498174e-05
1989,2196,4.723437626492611e-05
1988,2094,0.0008598536580937334
1988,1934,0.0019102352766856088
1988,1904,0.00033360919104286665
1988,1903,0.0002859123107491
1988,1902,0.0018671181838324502
1988,2073,8.203682568195307e-05
1988,2075,0.001381900963598033
1988,2052,5.412675782059474e-06
1988,2188,7.232815103575112e-06
1988,2189,6.940942239767443e-06
1935,1934,0.0005499055100264909
1935,1903,0.01940432466386719
1935,1902,0.0011472512452494234
1935,1904,0.0005249887440195
1934,1902,0.010516602435198676
1934,1903,0.00031945185527502496
1934,2095,2.490657465535714e-05
1904,2073,0.0006417441609053052
1904,1903,0.004835224304532575
1904,1902,0.0006086516368298302
1904,2075,5.211936156128748e-05
1903,1902,0.018255147718045164
2102,2053,9.2362595163764e-06
2102,2054,7.494484661338947e-05
2102,2084,0.00081432403520065
2102,2104,0.00039407233048456666
2102,2085,0.0006225798306596
2102,2011,0.00013909909257293335
2102,2173,0.0001555751214374051
2102,2098,4.676574168774947e-06
2102,2082,0.0007987696898563001
2102,2081,7.3836488611002786e-06
2102,2052,6.686674955900531e-06
2102,2194,2.4723366290299577e-06
2102,2134,0.0003396543389501444
2102,2112,0.0003076495991836863
2102,2145,0.000731962318542407
2102,2101,0.00035229714717793326
2102,2131,0.0011591224054376941
2102,2146,0.0005720244302869095
2102,2144,7.40125870657619e-05
2102,2118,3.927911437644865e-05
2102,2117,9.806329420403749e-05
2102,2116,0.00018794281444539047
2102,2133,0.000684672191729927
2102,2115,0.0015989936380911799
2102,2148,0.0007694679385776062
2102,2132,0.0025550193335546097
2102,2163,0.0006587849607975
2102,2162,0.0016704195583679
2102,2147,0.0006881598910025
2053,2252,2.7738261556671993e-05
2053,2236,4.1778400725748005e-06
2053,2215,4.7392367695031996e-06
2053,2213,6.620366470049602e-06
2053,2202,1.1536301660241457e-05
2053,2194,1.04976447611086e-05
2053,2188,2.5783940927686437e-05
2053,2186,2.0910858523211596e-05
2053,2181,2.0982781294551065e-05
2053,2179,1.094711682505537e-05
2053,2178,4.371957512499998e-06
2053,2174,3.3923665303471596e-05
2053,2173,2.2468489730731187e-05
2053,2170,1.65257369109936e-05
2053,2169,1.6109275171350012e-05
2053,2168,6.024507279678e-06
2053,2167,1.8141428810355986e-05
2053,2159,5.6042606941003995e-06
2053,2158,6.445651958253486e-05
2053,2153,1.4001313838128002e-05
2053,2145,4.332004220448401e-06
2053,2142,9.137004711468802e-06
2053,2141,1.6908228760428797e-05
2053,2140,4.232798554862586e-05
2053,2139,6.859679542874883e-05
2053,2134,5.64899246103396e-05
2053,2128,0.00017890781087718182
2053,2127,0.002038411727277287
2053,2126,0.004732187563219466
2053,2125,0.00020916968465297075
2053,2124,0.0003083496444227033
2053,2123,5.613392404332001e-06
2053,2112,0.0007646764578874063
2053,2111,0.0002290275772425423
2053,2099,0.0013526474035024348
2053,2098,0.003110319724368842
2053,2097,0.0016193443860698074
2053,2081,0.05625883799763445
2053,2080,0.006069748921505955
2053,2079,0.0012414982048252682
2053,2054,0.00010907339951448996
2053,2052,0.2463078925763501
2053,2051,0.006420135019605651
2053,2049,5.2478417970395995e-06
2053,2009,0.06796769556311338
2053,1964,1.0316954757986402e-05
2053,1905,8.512630145373194e-06
2053,2100,0.0016692046043911856
2053,2180,1.8015060192229574e-05
2053,2187,6.768549241617734e-06
2053,2146,7.231595271848568e-06
2053,2185,0.00031114105278294785
2053,2144,2.0121009189639676e-05
2053,2133,5.5540031233822766e-05
2053,2224,0.00012671003765138094
1992,2128,0.00041449923950142306
1992,2011,0.04462283081868138
1992,2133,4.823854642070519e-06
1964,2054,0.0015152500689615503
1964,1905,0.0008807449760669333
1964,2098,9.440304252595675e-06
1964,2052,8.431217231416841e-06
1964,2009,4.9951830304104554e-05
1905,2054,0.00010855693252677221
1905,2052,6.3002920835305304e-06
1905,2097,0.0003189089524140135
1905,2124,0.003989975605679345
1905,2188,0.0019676339828288386
1905,2187,7.500485843270641e-06
2105,2135,0.00043945325943324
2105,2134,0.00019211141604594262
2105,2133,9.968086073488668e-05
2105,2118,0.18811724363533866
2105,2117,0.06378573514144674
2105,2116,0.0004667413410316
2105,2106,0.0016289258974332731
2105,2104,0.0015994498377280067
2105,2101,0.00039062308865492004
1950,1977,0.0021020502173402
1950,1949,0.0062122262689478305
1950,1976,0.00015976871640441178
1977,1976,0.06019152952752249
1977,1949,0.005971474282335135
1949,1976,0.00032754851083137643
1933,1932,0.0005633049728787499
1933,1962,0.0021101610912923
2073,2198,6.029810349712247e-05
2073,2165,9.870570114346934e-05
2073,2151,5.49604091580551e-05
2073,2150,5.6022281132187754e-05
2073,2095,0.10078143939195873
2073,2094,0.00575592193600792
2073,2079,5.152036155942858e-05
2073,2078,4.812447764886327e-05
2073,2076,0.0002211069524611306
2073,2075,0.0030253663218333974
2073,2049,0.00014364140226915507
2073,2047,0.00588891612422088
2073,2009,3.720886050881836e-05
2073,2189,9.093182751410477e-06
2073,2196,1.2528431204425229e-05
2073,2190,1.3453984185699236e-05
2054,2158,8.191023261343683e-05
2054,2128,6.804188216087894e-05
2054,2104,0.00013548004569234736
2054,2101,0.0001261909289713
2054,2084,0.0014815124006846946
2054,2083,6.061748308665261e-05
2054,2082,0.005894632328043541
2054,2031,0.003030126816628397
2054,2011,0.00040313117123463307
2054,2009,0.0014129743894804965
2054,2098,8.982843539775399e-06
2054,2081,2.4299500576035188e-05
2054,2052,5.201126357335896e-05
2054,2134,2.2144563795065548e-05
2054,2127,2.2808925558230636e-05
2054,2100,0.00029765815495585713
2054,2145,5.629916820591461e-05
2054,2131,0.00026890229685785097
2054,2146,0.00025736873748746905
2054,2133,0.00010104404344164856
2054,2132,4.395266699288333e-05
1967,2014,0.00033301078990487774
1967,1938,0.0012009934418873887
2084,2085,0.0023324837878778
2084,2011,0.0009368174411359936
2084,2134,4.0096143301711755e-05
2084,2100,0.00014757760262395716
2084,2145,1.4247804550215386e-05
2084,2101,0.00039892263713826664
2084,2083,0.0049154154850399
2084,2131,8.29209450584039e-05
2084,2146,6.274273500089996e-05
2084,2118,3.4673037088886485e-05
2084,2133,7.715672367738096e-05
2084,2132,9.464402130439003e-05
2179,2252,0.0001341090361345535
2179,2236,2.7374223639257347e-05
2179,2229,2.08795792679801e-05
2179,2228,3.606514226335213e-05
2179,2227,0.00013042814099889814
2179,2223,2.48018628660801e-05
2179,2222,0.0001524409920425446
2179,2221,0.00047754658382590296
2179,2216,0.00039811918640577965
2179,2215,0.00021267827029070936
2179,2214,0.0003048904775485944
2179,2213,0.0004641148732152659
2179,2206,2.872463641541421e-05
2179,2205,9.709016314032821e-05
2179,2204,0.0019084297695731282
2179,2203,0.001148665210662726
2179,2202,0.0021997263509726146
2179,2197,0.0001654800959061879
2179,2196,0.0005439371234060711
2179,2195,0.0030237929712345415
2179,2194,0.032269502983052756
2179,2192,2.0773254557477744e-05
2179,2190,7.381695289928361e-05
2179,2189,0.0007423506478908323
2179,2188,0.04318447385252466
2179,2187,0.22048982544160922
2179,2186,0.0023959726413382734
2179,2185,0.0005566392891667758
2179,2181,0.004267810335170152
2179,2180,0.19122037064040914
2179,2178,0.026432656934048386
2179,2177,0.0006247926122482647
2179,2176,0.00040150126350314613
2179,2174,3.302360676466446e-05
2179,2171,2.6170277488119903e-05
2179,2170,0.0010125823837952336
2179,2169,0.0027007870657890978
2179,2168,0.01873479665369782
2179,2167,0.12737788572372427
2179,2166,0.16008066397860576
2179,2165,0.002646682544767912
2179,2155,2.700227425205782e-05
2179,2153,0.0015005997556246438
2179,2151,0.0016213744496593565
2179,2150,7.08552947159981e-05
2179,2142,1.895995148081754e-05
2179,2140,0.00018874562370045268
2179,2139,0.0002439508699407838
2179,2127,5.2132900553184814e-05
2179,2125,6.606783668552546e-05
2179,2124,0.00016931859330728832
2179,2123,0.00012990268616095075
2179,2112,9.672360579472413e-05
2179,2111,1.3619720052437913e-05
2179,2098,4.443054956738274e-05
2179,2081,1.599353059403739e-05
2179,2052,1.2594033028259478e-05
2179,2049,3.186806736407915e-05
2179,2075,5.952917621134168e-05
2179,2097,3.1123913385195955e-05
1932,1962,0.607177290262601
1996,2034,4.326795286980001e-05
1996,2014,0.22346486627315768
1996,2098,9.027857253515911e-05
2104,2118,0.03683436687757152
2104,2117,0.20964269032896682
2104,2116,0.0021793361588770188
2104,2085,0.00332881247716495
2104,2011,0.00011341906704459333
2104,2134,0.00036707602531518905
2104,2106,0.00404911979833265
2104,2145,3.16837205545777e-05
2104,2131,5.762448208719413e-05
2104,2146,5.2638981802546855e-05
2104,2144,2.205688499298571e-05
2104,2103,0.0011751811329750001
2104,2133,0.00025319253780438264
2104,2115,0.00022353153956942
2104,2148,0.0009076768942839592
2104,2132,0.00016976840016652998
2085,2011,0.00018218729897488003
2085,2081,2.935476680741273e-06
2085,2134,9.883970156524956e-05
2085,2128,0.00014503084192181765
2085,2100,0.00032754119961551437
2085,2145,7.081011741529462e-05
2085,2144,0.00010512004646968567
2085,2118,0.0005792944171006838
2085,2117,0.00027884682239681885
2085,2116,6.346489258297619e-05
2085,2133,5.4396434240567345e-05
2085,2148,0.00013537209552289063
2031,2009,0.00012024283123771816
2031,2145,8.801358628973075e-06
2031,2131,5.5203428631241184e-05
2031,2146,5.0680999035125706e-05
2031,2133,2.1580587757546243e-05
2011,2134,0.00017598871762038664
2011,2145,1.7092873492503844e-05
2011,2144,3.062258654644603e-05
2011,2133,3.6080027058890165e-06
2011,2148,0.00013709954591007508
2094,2188,0.0008653403440246565
2094,2176,0.005303176778879544
2094,2165,0.000788552824827433
2094,2150,7.86726012546625e-05
2094,2095,0.11187502960585338
2094,2076,0.0017259546823532252
2094,2075,0.0003797728292208792
2094,2047,5.0133945156616664e-05
2094,2052,1.9230014323895786e-05
2094,2178,2.077437950006966e-05
2094,2151,0.00494235629684494
2094,2189,9.480397703370349e-06
2094,2166,7.181304955869607e-05
2094,2197,1.2219158757278568e-05
2094,2196,1.0551561293492794e-05
2094,2204,5.3416451243481496e-05
2075,2192,0.00025961314023674166
2075,2178,6.231346711174583e-05
2075,2177,8.90071715993708e-05
2075,2151,0.0009928139621289307
2075,2150,0.001606601094685554
2075,2111,0.00010768283146892086
2075,2095,0.0009145578280297299
2075,2079,4.7622371362858324e-05
2075,2078,0.00016344982537484584
2075,2076,0.04532616107057385
2075,2049,0.00010881008227609998
2075,2047,0.0013133597646591872
2075,2176,0.00031339563464361246
2075,2205,2.0142724210850524e-05
2173,2252,4.789735546351025e-05
2173,2217,7.51898804657436e-05
2173,2203,0.001911232439704551
2173,2196,0.001288164432432969
2173,2192,0.00044934516979005384
2173,2184,0.1142262950413711
2173,2183,0.27702411153746564
2173,2174,0.07276753667697963
2173,2159,0.0004571382935478677
2173,2158,0.0030857844572137966
2173,2142,0.0002574814137633295
2173,2134,6.658287610515383e-05
2173,2128,0.00013893499079297344
2173,2127,0.15861079278441734
2173,2098,8.035269540614126e-05
2173,2081,3.164277854974958e-05
2173,2052,0.003341673710510729
2173,2194,3.0535991904594727e-06
2173,2125,4.102020598471233e-05
2173,2112,3.7592617560074715e-05
2173,2097,2.6448742948008105e-05
2173,2080,3.621332099401333e-05
2173,2214,0.00023289082931668398
2173,2141,9.651614731329998e-05
2173,2139,1.2181253719932255e-05
2173,2126,0.00010238021562045001
2173,2124,3.754427708090488e-05
2173,2188,1.0884740197292764e-05
2173,2145,0.00017322865356324385
2173,2198,0.00016429993769504506
2173,2146,1.887407937027657e-05
2173,2189,6.8575571994069795e-06
2173,2144,3.147030218876349e-05
2173,2197,1.931451561664592e-05
2173,2157,0.00064984235987115
2173,2133,3.3472559572843933e-06
2173,2162,0.0005658533424900499
2173,2206,0.00011678713799772682
2173,2205,1.5664134392752638e-05
2173,2190,1.0880613834616538e-05
2173,2199,0.00033972073802288755
2173,2207,0.00012825783496383755
2098,2252,4.570615758245377e-05
2098,2229,3.494449208524009e-05
2098,2227,8.593555706405695e-06
2098,2221,6.7232148759523896e-06
2098,2216,2.317653118400228e-06
2098,2215,5.9479247160002276e-06
2098,2214,3.855883814155353e-06
2098,2213,2.019894447417268e-05
2098,2203,4.979883586857403e-06
2098,2202,1.3679821990609724e-05
2098,2197,1.0088115713336445e-05
2098,2196,2.0241525266069523e-05
2098,2195,4.980534088608201e-06
2098,2194,2.2965183775947705e-05
2098,2192,8.947363843512526e-06
2098,2189,1.0295114525354222e-05
2098,2188,0.00012114766834118819
2098,2187,2.4624297163018246e-05
2098,2186,6.5668725063309745e-06
2098,2185,8.221258963930067e-06
2098,2181,6.186465259212375e-05
2098,2180,4.3975768264626976e-05
2098,2178,8.424832516271749e-06
2098,2177,1.9539654485068338e-05
2098,2174,0.0003216574716360068
2098,2172,2.845767628867425e-06
2098,2170,9.453918716922437e-05
2098,2169,4.8357740733942145e-05
2098,2168,4.264117613359549e-05
2098,2167,1.2883199684761737e-05
2098,2166,2.901623016687757e-05
2098,2165,1.2163274820111845e-05
2098,2159,9.023916572636216e-06
2098,2158,5.103253119330333e-05
2098,2157,3.3034893060829133e-06
2098,2155,1.595420211789248e-05
2098,2153,0.00032177587376087567
2098,2151,1.763452433942574e-05
2098,2146,4.208257765762867e-06
2098,2145,2.2906790841005483e-05
2098,2144,2.3428188845637815e-06
2098,2143,5.098950978727108e-06
2098,2142,0.00036786850587038566
2098,2141,0.0005483495164224035
2098,2140,0.0003880247718771701
2098,2139,0.0002655239835631098
2098,2134,1.2806889048208434e-05
2098,2128,0.0006699143125387323
2098,2127,0.020848419912432935
2098,2126,0.021827089862861512
2098,2125,0.0027946336332171228
2098,2124,0.003415428356842939
2098,2123,0.0005814429781247825
2098,2112,0.08896477392148679
2098,2111,0.0050927478143592145
2098,2099,3.477213388043281e-06
2098,2097,0.2587742741159485
2098,2081,0.09836186527752835
2098,2080,0.27520749435434255
2098,2079,0.014946028766158477
2098,2052,0.003832014503808219
2098,2051,0.0033612487196177463
2098,2049,0.00039013468504100134
2098,2009,0.00031733275566547814
2098,2190,7.77370712604662e-06
2082,2101,0.0004899016704081334
2082,2100,0.002278133845058233
2082,2146,6.423078534503998e-06
2082,2144,6.084383150429524e-05
2082,2133,5.171698455175145e-06
2081,2252,4.035342239067953e-05
2081,2229,4.276942690800273e-06
2081,2228,3.9181551550592805e-06
2081,2227,7.506570877713292e-06
2081,2221,5.5980945362249325e-06
2081,2215,6.567251978151803e-06
2081,2213,8.369476276027698e-06
2081,2203,7.297003999969815e-06
2081,2202,9.354408729910808e-06
2081,2195,8.304611940342653e-06
2081,2194,1.860464021938003e-05
2081,2192,6.429509137630192e-06
2081,2189,1.4897875544616898e-05
2081,2188,5.287481914814097e-05
2081,2187,2.0296094897918764e-05
2081,2186,5.22329246433075e-06
2081,2185,4.0777707240839345e-06
2081,2181,3.849665307794339e-05
2081,2180,2.6485229024041886e-05
2081,2178,3.3755850119861503e-06
2081,2174,0.0001736955592569431
2081,2170,8.384102528101137e-05
2081,2169,2.6503121085683655e-05
2081,2168,1.4156742893809421e-05
2081,2167,0.0004890032429952726
2081,2166,4.354734935390029e-06
2081,2165,4.558384446544321e-06
2081,2159,1.0796424489200554e-05
2081,2158,0.00011262431050021537
2081,2155,7.86173100295485e-06
2081,2153,5.985555416480695e-05
2081,2151,8.025920989882823e-06
2081,2146,1.0887446783269543e-05
2081,2145,1.1392810857820774e-05
2081,2144,2.9057132114196664e-06
2081,2143,5.926182806363433e-06
2081,2142,0.00021441838121386868
2081,2141,0.0014751907072378951
2081,2140,0.00013937654151124999
2081,2139,0.00014125610280736899
2081,2134,6.482673242262704e-05
2081,2128,0.001029613952237178
2081,2127,0.005975661758265473
2081,2126,0.001175970285646742
2081,2125,0.0007715753491823508
2081,2124,0.0008131912550015289
2081,2123,0.00039755846095359697
2081,2112,0.003508484900905067
2081,2111,0.0008478681005962911
2081,2099,9.355068401744322e-06
2081,2097,0.008074718627064175
2081,2080,0.22540406396607934
2081,2079,0.0038774202259697303
2081,2052,0.0834461647827634
2081,2051,0.030964188193723097
2081,2049,0.00015142620739605874
2081,2009,0.0021374294684563615
2081,2196,1.8770835404597304e-05
2081,2133,1.0128131350627166e-05
2081,2190,8.624543052306012e-06
2079,2174,0.0001674705618395
2079,2127,0.00021921035719026658
2079,2125,0.0003329339234132471
2079,2112,0.0026124267399661788
2079,2111,0.003225553157315104
2079,2100,0.0005198972647642556
2079,2097,0.06744378640653659
2079,2080,0.12620085766865566
2079,2076,0.00019146341694034445
2079,2052,0.0010323539658876738
2079,2051,0.0015743497372133334
2079,2049,0.0030581360659964777
2079,2009,0.0004931097642034547
2079,2134,3.099794917290336e-05
2079,2141,0.00027602149190728465
2079,2140,3.5766276783579064e-05
2079,2139,2.7894519607407527e-05
2079,2124,0.0002481054929894245
2079,2188,2.4230061948980996e-05
2079,2095,0.0001979028151325873
2079,2133,3.0913909130020224e-06
2052,2252,5.7652854295222125e-05
2052,2214,5.960974414094947e-05
2052,2186,8.284121529544214e-06
2052,2180,5.231079234439111e-05
2052,2178,8.561466238003154e-06
2052,2174,7.165491282671737e-05
2052,2169,5.6768330323673846e-05
2052,2168,7.063202940423683e-06
2052,2159,9.918758506372104e-06
2052,2158,7.200782795084739e-06
2052,2153,1.7369057202362634e-05
2052,2150,7.223866974801582e-06
2052,2142,2.069334979739105e-05
2052,2141,1.6371113821569472e-05
2052,2140,0.00029097848173815285
2052,2139,0.00016515489739876143
2052,2134,5.872210106807369e-06
2052,2128,2.6505055609265796e-05
2052,2127,0.00020890799355358105
2052,2126,3.374643646450209e-05
2052,2125,0.00017323101608780455
2052,2124,0.0004966288545432075
2052,2112,0.0005155351562907465
2052,2111,0.001231800275047557
2052,2097,0.0019392018465092089
2052,2080,0.02474437471640229
2052,2051,0.13427406884377283
2052,2049,5.305402521523526e-05
2052,2047,4.500335517252316e-05
2052,2009,0.03133864264814369
2052,2194,8.542933441854625e-06
2052,2123,0.00017896107910149
2052,2202,9.155367450311978e-06
2052,2188,4.364056046123528e-05
2052,2145,8.29157944663869e-05
2052,2187,9.11163191179847e-06
2052,2144,1.9003929381612702e-05
2052,2133,3.7475416523182087e-06
2052,2162,0.00025625398353098334
2051,2127,0.00021722054979135807
2051,2125,0.0002147292360255986
2051,2112,0.0008030199428069958
2051,2111,0.0010960363777073655
2051,2097,0.00358020259796122
2051,2080,0.020650200390632048
2051,2009,0.0009579262377237538
2051,2123,0.00024721795720335
2051,2140,4.2551385829579074e-05
2051,2139,1.177576893842688e-05
2051,2124,0.0004394009225297636
2051,2188,1.9180781800027154e-05
2051,2187,3.3837351982278285e-06
2009,2128,0.00011882657837074547
2009,2127,0.0001037956680393773
2009,2194,3.9454879061973575e-06
2009,2195,1.1775317890908888e-05
2009,2125,3.587887173030548e-05
2009,2112,5.573529338902067e-05
2009,2111,4.576472914714501e-05
2009,2097,0.00017910827914475807
2009,2080,0.0004808341708676111
2009,2180,1.5363181680309135e-05
2009,2178,4.994646485752021e-05
2009,2139,1.5258324004076343e-05
2009,2124,6.654742783518048e-05
2009,2202,7.021288325638834e-06
2009,2188,1.1345498728300456e-05
2009,2131,3.48021027746804e-05
2009,2187,3.3937012587581046e-06
2009,2146,3.3302236677176e-05
2009,2149,0.00020956929753504
2194,2252,0.000217781283372085
2194,2236,5.8677717895669825e-05
2194,2229,0.0001530940402367758
2194,2228,0.0005526042897754302
2194,2227,0.0006902530739595738
2194,2224,9.489200584743383e-06
2194,2223,0.0004700523426170073
2194,2222,0.0009520739716568432
2194,2221,0.0010301108557055057
2194,2217,0.00010206891583557696
2194,2216,0.0030024330454457727
2194,2215,0.0027863901188506634
2194,2214,0.00291488118381957
2194,2213,0.004640488748713684
2194,2206,9.420108775087475e-05
2194,2205,0.00011100368648881696
2194,2204,0.0009028361187162399
2194,2203,0.1818212391656365
2194,2202,0.12164515606264656
2194,2197,9.032496992545627e-05
2194,2196,0.0005899176947555045
2194,2195,0.16857297916169361
2194,2192,1.6486978710221148e-05
2194,2190,8.335705041366454e-05
2194,2189,6.0894965404388325e-05
2194,2188,0.015283909262178973
2194,2187,0.13960723076868173
2194,2186,0.0163628051134009
2194,2185,0.0038551730127519253
2194,2181,0.001240015159499404
2194,2180,0.0036633712215792644
2194,2178,0.1692318054640538
2194,2177,0.0013057423873395152
2194,2176,7.67877738970522e-05
2194,2174,1.6165100239643163e-05
2194,2170,0.00034161781644214404
2194,2169,0.0005818073705622625
2194,2168,0.0016626223549559716
2194,2167,0.003863702819750378
2194,2166,0.0757158026295525
2194,2165,0.0033059898531279915
2194,2155,8.144094550254841e-06
2194,2153,0.0005424976427618344
2194,2151,0.0005381166667846352
2194,2150,0.00033123945775182114
2194,2142,6.141967711960065e-05
2194,2141,2.2584651674830396e-06
2194,2140,0.00011871429175043502
2194,2139,0.00014229487228304503
2194,2134,1.7049703311630393e-05
2194,2127,6.271211389789868e-06
2194,2125,4.8139030480680935e-05
2194,2124,0.00010985480412810348
2194,2123,7.973443313966521e-06
2194,2112,2.303645310741102e-05
2194,2111,3.379050912893561e-05
2194,2095,0.0001247705878853362
2194,2049,3.16109091822533e-06
2194,2097,1.8992727692191888e-05
2194,2198,4.221498091399356e-05
2194,2156,0.0001644750551072626
2134,2148,0.25764065063318503
2134,2147,0.00016775977344884383
2134,2146,7.019238208531312e-05
2134,2145,7.210765064640594e-05
2134,2144,5.423867615654352e-05
2134,2135,0.7033634423733924
2134,2133,0.09985953953322088
2134,2132,0.0008277363015681851
2134,2131,4.773430315478065e-05
2134,2128,1.8755048988312605e-05
2134,2118,0.0007025387936021182
2134,2117,0.00020151439545925456
2134,2116,0.0150465163893033
2134,2115,0.003942510913017953
2134,2106,1.1881380098115965e-05
2134,2103,0.00013868545534965462
2134,2100,0.00016875958659335965
2134,2076,1.1769850178429414e-05
2134,2180,5.399768126169893e-06
2134,2188,6.8907295918733005e-06
2134,2181,9.04396457967819e-06
2134,2101,0.0009368961586175333
2134,2197,6.964178454378671e-05
2134,2162,0.0002011185579077667
2134,2205,0.00019620833782975673
2127,2252,2.9617451227206463e-05
2127,2196,3.0199527272030877e-05
2127,2192,2.996939776953871e-05
2127,2178,0.0003227175389429629
2127,2174,0.000763970393962396
2127,2172,9.861159546244359e-05
2127,2171,9.879192821054514e-05
2127,2158,0.007765216366427786
2127,2157,2.6507891821488713e-05
2127,2143,8.916325187849679e-05
2127,2142,0.002808455209777262
2127,2141,0.000908004539736964
2127,2139,7.483925118837204e-05
2127,2128,0.0026066956143566615
2127,2126,0.10695819139232896
2127,2125,0.0010705810131942726
2127,2112,0.004635948745328702
2127,2111,0.0008269321109921887
2127,2099,2.532658631255161e-05
2127,2097,0.005191254040766141
2127,2080,0.002860318866255776
2127,2195,8.146070583124443e-06
2127,2180,0.00015534617052193606
2127,2169,2.9759528219992676e-05
2127,2168,2.2656888990218866e-05
2127,2140,0.00010961233952890234
2127,2124,0.0003740104543401415
2127,2213,5.897549077391175e-06
2127,2202,9.800563943498053e-06
2127,2188,2.773765135568643e-05
2127,2181,1.3698549677529322e-05
2127,2145,8.830203682789234e-06
2127,2187,6.630015567824771e-06
2127,2227,6.219174168507143e-05
2127,2203,2.425950785086349e-05
2127,2189,6.8755652346680224e-06
2127,2133,1.1824345961551735e-05
2127,2206,1.844860977897745e-05
2127,2205,1.2126500539745262e-05
2128,2174,0.0011053296395872974
2128,2159,0.000871173008083301
2128,2158,0.006440549285813662
2128,2155,0.0002475778471326529
2128,2144,0.0003408393427120217
2128,2143,0.000874266113654965
2128,2141,0.00022039434843983618
2128,2099,0.015127166728860804
2128,2100,0.00032033938707998574
2128,2125,5.134303746208493e-05
2128,2112,0.00018422786694248272
2128,2111,0.00015473039495831503
2128,2097,0.0003028090373432418
2128,2080,0.0014417213975694756
2128,2214,1.3351786775030356e-05
2128,2180,7.916412748676344e-06
2128,2168,2.557315473361509e-05
2128,2139,1.4375083875535483e-05
2128,2126,0.00013658280393164998
2128,2124,0.0001862879683415463
2128,2188,7.225263797332354e-05
2128,2145,6.537749878991152e-05
2128,2187,1.6495534523748306e-05
2128,2146,1.0898511136471429e-05
2128,2166,5.0975835512417647e-05
2128,2196,1.2821895554843246e-05
2128,2133,1.9665808419190747e-05
2100,2145,0.0007925882287620527
2100,2101,0.01931430805797342
2100,2099,0.00031047227760099997
2100,2083,0.014998556479019627
2100,2144,6.662081947217143e-05
2100,2133,0.00017129383223454223
2106,2116,0.0006376052779410832
2106,2118,0.0008497539950075487
2106,2117,0.0002603209547436578
2106,2133,1.4858147449146533e-05
2106,2148,4.963197827856248e-05
2195,2252,8.164691593314294e-05
2195,2241,7.5020476158585195e-06
2195,2236,7.77878014665926e-06
2195,2229,7.958383775434146e-05
2195,2228,0.0001140907489131287
2195,2227,0.00028450735161278645
2195,2224,0.0004415448108343104
2195,2223,0.0004754183939918188
2195,2222,0.0004128737580211894
2195,2221,0.0002544063618487207
2195,2217,0.0007686212919058006
2195,2216,0.0636694320997256
2195,2215,0.003201298911394597
2195,2214,0.0008362373742265741
2195,2213,0.0019452219622108848
2195,2206,8.515882302041126e-05
2195,2205,0.0004765252456543597
2195,2204,0.0796795760734778
2195,2203,0.04969896528950549
2195,2202,0.006324520626475598
2195,2198,1.5977450745973335e-05
2195,2197,0.0004130502895683879
2195,2196,0.008818060093831003
2195,2190,9.449069989789307e-05
2195,2189,0.0001633829853474307
2195,2188,0.028688169873074605
2195,2187,0.11906615869626623
2195,2186,0.0011697999033933875
2195,2185,0.00030118802460553715
2195,2181,0.0015555427104137942
2195,2180,0.0026234169949452806
2195,2178,0.0028944402811129084
2195,2177,3.128424121865482e-05
2195,2176,1.2381361945311114e-05
2195,2170,0.00019439719960138153
2195,2169,0.0005555176747674341
2195,2168,0.0005798153619302564
2195,2167,0.0007579583787626498
2195,2166,0.0011340438922679723
2195,2165,0.00010906110863877524
2195,2153,0.00017769784517224793
2195,2151,9.754278755253333e-06
2195,2140,0.0012335301316848289
2195,2139,0.00014355738384894343
2195,2125,3.185926794805942e-05
2195,2112,2.671568606353171e-05
2195,2124,7.64696474372927e-05
2125,2252,5.160073754874109e-05
2125,2213,4.5010922526813896e-05
2125,2202,2.812797951495323e-05
2125,2192,2.9827231502275338e-05
2125,2188,0.0001608088219061779
2125,2187,6.513083774994711e-05
2125,2186,1.4889643717035616e-05
2125,2185,1.489970064372055e-05
2125,2181,0.00021807036676125492
2125,2180,0.00021566718091334144
2125,2174,8.91851455637726e-05
2125,2172,2.641143785268219e-05
2125,2170,0.00040363364713442594
2125,2169,0.00029048637849762274
2125,2168,0.0001838727649260707
2125,2167,9.02784508456133e-05
2125,2165,2.1726828675530134e-05
2125,2157,0.000890198017531396
2125,2156,0.010122418578332083
2125,2155,0.0013705600475276295
2125,2153,0.0007637128895936391
2125,2151,1.7135908665616432e-05
2125,2145,1.4586191586105476e-05
2125,2142,0.0021787733359398343
2125,2141,0.025185218852655438
2125,2140,0.046930034172937056
2125,2139,0.003708382187040128
2125,2126,0.0007283974249912106
2125,2124,0.22137782081087445
2125,2123,0.003739202723312738
2125,2112,0.05949562015213425
2125,2111,0.13832946058645862
2125,2097,0.0038786372215239644
2125,2080,0.0005737593957710939
2125,2049,0.00018599032228430273
2125,2178,1.925459460122023e-05
2125,2095,2.3963022827636504e-05
2125,2189,1.5706976294080236e-05
2125,2196,2.6274053804008113e-05
2125,2222,1.4087234457140901e-05
2125,2190,1.723910956912857e-05
2047,2078,0.0009719998763066
2047,2188,5.9623149041113115e-06
2047,2095,0.00038669268653205555
2047,2189,0.0003634745444348699
2047,2166,2.6408160453350983e-05
2047,2197,2.9309891759405106e-05
2047,2196,0.00012712852970297656
2047,2133,8.167353611516189e-06
2047,2190,0.0004067544919133356
2047,2182,0.0002378373454345125
2049,2153,0.0011020893442942276
2049,2123,0.00217188946742652
2049,2112,0.0020773878662775614
2049,2078,0.43123145819550845
2049,2111,0.006844316960119248
2049,2097,0.0018649073411471002
2049,2080,0.0015953245382473152
2049,2180,0.00012879265317970108
2049,2178,1.2655722373050562e-05
2049,2168,1.904523110060566e-05
2049,2141,8.406283411950769e-05
2049,2140,8.472225151159534e-05
2049,2139,0.00013744946803130863
2049,2124,0.0036822735535459268
2049,2188,3.136656582915928e-05
2049,2187,1.5521577634681944e-05
2049,2223,3.296650304337419e-05
2049,2205,2.1719598375028424e-05
2049,2204,5.8760230389244446e-05
2153,2252,7.689855511900001e-05
2153,2227,8.332141652610344e-05
2153,2221,7.667905725835991e-05
2153,2213,9.429650828565778e-05
2153,2203,8.333110184297438e-05
2153,2202,0.00015559325632015568
2153,2196,0.00012601352302700546
2153,2189,0.00039250844700611194
2153,2188,0.003957366925358278
2153,2187,0.0006133036905971425
2153,2186,0.00017426392296790837
2153,2185,0.00021204694440917494
2153,2181,0.004110005619333895
2153,2180,0.005283532070072419
2153,2178,0.00033008141924901276
2153,2174,9.614169926235519e-05
2153,2170,0.024386771180670404
2153,2169,0.15563466080417077
2153,2168,0.033767110056506344
2153,2167,0.004213732399231739
2153,2166,0.0005028053080231932
2153,2165,0.00039121360057270014
2153,2155,0.019919178015935995
2153,2151,0.004640539888218567
2153,2142,0.0005440017531717828
2153,2140,0.004460726336123426
2153,2139,0.11085110993654586
2153,2124,0.006210499250561188
2153,2123,0.017723328883239336
2153,2112,0.0004568078449084907
2153,2111,0.0007295712822829398
2153,2097,0.0004513322359076459
2153,2080,0.00030414350689983563
2153,2214,8.885145169968839e-05
2153,2215,9.148001038562218e-05
2153,2177,0.008346578172770522
2153,2216,0.00014362238463561114
2153,2197,1.308041556385102e-05
2153,2222,6.467156563355341e-05
2153,2206,2.2043542363590144e-05
2153,2190,2.6319751850484214e-05
2123,2181,0.00015728119114649647
2123,2180,0.00032992304871230647
2123,2178,0.00011260430280894008
2123,2174,0.00016001893803863003
2123,2170,0.0007124032205959901
2123,2169,0.0009587166267839857
2123,2168,0.0012704094717823757
2123,2167,0.00016254515855867004
2123,2165,0.00011823752553337001
2123,2155,0.00019018601381552003
2123,2151,0.0004469488409000201
2123,2142,0.00038593930204996004
2123,2140,0.009452487907804449
2123,2139,0.1361516564021818
2123,2124,0.08446565799875096
2123,2112,0.0009883524040806874
2123,2111,0.004239521382468515
2123,2097,0.0006939566008982434
2123,2080,0.0001379899120726422
2123,2186,1.3540876057144873e-05
2123,2202,4.313406938230421e-06
2123,2188,0.00015858100585776334
2123,2187,0.00013345812506949177
2112,2252,4.298054380494598e-05
2112,2186,1.5214037141509197e-05
2112,2181,5.0173650970921125e-05
2112,2180,5.610776602561697e-05
2112,2174,0.0002568623169985896
2112,2170,8.605242295999309e-05
2112,2169,0.0003392778340943545
2112,2168,6.623380500319601e-05
2112,2167,1.55875461002931e-05
2112,2165,2.3297513604650577e-05
2112,2155,3.0982936998271266e-05
2112,2151,2.0921910075301145e-05
2112,2142,0.0010125596031957255
2112,2141,0.0014828351180813117
2112,2140,0.0010829861255467943
2112,2139,0.0008191368029504472
2112,2126,0.09795551791867642
2112,2124,0.010281175091196759
2112,2111,0.19826074026285423
2112,2097,0.19231167380173397
2112,2080,0.006188846685901165
2112,2158,6.56991867721963e-05
2112,2202,4.643927191881229e-06
2112,2188,4.880252958463305e-05
2112,2145,8.09266228512846e-06
2112,2187,1.5027350656430889e-05
2112,2156,0.00015292873186443744
2112,2190,1.091607421599248e-05
2078,2111,0.0014678903227702
2078,2076,0.0005854925123109
2078,2174,1.9837035840925002e-05
2078,2150,0.0006714525694268
2078,2181,1.2826401865237595e-05
2078,2228,5.2119122544085726e-05
2078,2221,2.5117619447830433e-05
2078,2189,7.323599213741861e-06
2078,2196,9.404972460376577e-06
2111,2252,3.584331311259e-05
2111,2227,7.910866127475501e-05
2111,2215,3.0075701428655006e-05
2111,2214,2.8705302869374983e-05
2111,2213,3.657410869241e-05
2111,2202,3.55421759162175e-05
2111,2181,5.36868448928707e-05
2111,2178,7.248260284224942e-05
2111,2174,0.0005697788569741798
2111,2170,0.00015234562598534003
2111,2169,0.0002294545698417792
2111,2168,0.0001386182136341738
2111,2166,2.7157411149832504e-05
2111,2165,5.617785585403753e-05
2111,2155,8.804740425805252e-05
2111,2151,0.00011866706118991749
2111,2142,0.001488858025140428
2111,2141,0.000525516047584381
2111,2140,0.0025992523674023675
2111,2139,0.0015793596728551802
2111,2126,0.00024574770841789665
2111,2124,0.14390184471807962
2111,2097,0.12861152589051658
2111,2080,0.0012316766587934557
2111,2076,7.47737445679275e-05
2111,2180,2.121627306533603e-05
2111,2188,0.00015983882874682885
2111,2187,1.3551839527559322e-05
2111,2206,1.687039683539577e-05
2097,2252,4.52897824838527e-05
2097,2227,1.4626747086786484e-05
2097,2221,1.4872816821904048e-05
2097,2213,1.391860650533379e-05
2097,2189,4.04373868985541e-05
2097,2186,1.6178442078147296e-05
2097,2185,1.4815342324181086e-05
2097,2181,3.3052029059133803e-05
2097,2180,2.701407036787428e-05
2097,2178,1.4271958192710807e-05
2097,2174,0.0004361931039557393
2097,2170,9.206045417047568e-05
2097,2169,6.0065979743540544e-05
2097,2168,3.668183823887162e-05
2097,2167,1.5815961083843247e-05
2097,2166,3.559288982287566e-05
2097,2165,4.270769104762568e-05
2097,2155,2.7066956153148646e-05
2097,2151,7.024792001401759e-05
2097,2145,2.9119525147010825e-05
2097,2142,0.0014817566418066368
2097,2141,0.00011959691675040135
2097,2140,0.0004783832529427143
2097,2139,0.0004636831666106599
2097,2126,0.0014106233043777326
2097,2124,0.026769079510398777
2097,2080,0.03329227425310654
2097,2188,0.0006309357210782462
2097,2187,4.6107521910789e-06
2097,2222,1.2031844810189781e-05
2080,2252,6.829313012577111e-05
2080,2174,0.00046309862422095347
2080,2170,8.625709301084887e-05
2080,2169,4.370215585669333e-05
2080,2168,3.6835395514924443e-05
2080,2165,4.9307779883768886e-05
2080,2151,2.296877547898e-05
2080,2146,8.81823778084489e-05
2080,2145,0.0003848171457113489
2080,2142,0.0022151138300296447
2080,2141,5.2560526701722226e-05
2080,2140,6.550088454424222e-05
2080,2139,0.00022476952652994588
2080,2126,0.0003810298171691933
2080,2124,0.0007486570162618273
2080,2188,1.6748650625745696e-05
2252,2214,0.0001520592199775813
2252,2186,0.0006989368718088769
2252,2180,0.0001435685523917032
2252,2178,0.00011054921324506965
2252,2174,6.803680168750169e-05
2252,2169,0.00010086628283198294
2252,2168,0.00010540207699566984
2252,2140,7.990796397908837e-05
2252,2139,9.337367952964194e-05
2252,2124,0.00011310460875191221
2252,2215,0.00015984519484920834
2252,2213,0.000274566608926026
2252,2202,0.0001469597790441903
2252,2188,0.0003845358235710233
2252,2181,0.00010917450866122101
2252,2170,6.43820837003353e-05
2252,2167,8.558847742149601e-05
2252,2145,9.94238409069e-06
2252,2198,0.00040929088597130005
2252,2187,0.00014908525186529606
2252,2146,6.308742763827429e-06
2252,2228,0.00012163606569483214
2252,2227,0.00013468799931693214
2252,2221,0.0002354735813867956
2252,2203,0.00014833283969281906
2252,2189,7.844489385331746e-05
2252,2185,0.0003226310591620304
2252,2166,0.00016617083899728236
2252,2216,0.00031894949455220546
2252,2197,0.00012842218203558775
2252,2196,0.0004201091140661693
2252,2133,5.836335659280056e-06
2252,2222,0.0002799389066243683
2252,2224,0.00011321282511980953
2252,2223,0.00011424305408834515
2252,2206,0.0004226425019841831
2252,2217,0.0001066932905347
2252,2205,0.00022841422169023903
2252,2204,0.0001333843880770963
2252,2190,9.513565829990603e-05
2252,2199,0.0005210544247857125
2252,2207,0.00035216821787221244
2214,2241,0.00031750446336538575
2214,2240,0.0003696345084094929
2214,2237,4.062404368443571e-05
2214,2236,0.0033506267670642674
2214,2229,0.00321979719247427
2214,2228,0.04654948754564567
2214,2227,0.0038426104058200614
2214,2224,0.006935082807390415
2214,2223,0.1628927625797275
2214,2222,0.13354304499551678
2214,2221,0.021948569766835284
2214,2217,0.0005746319232464998
2214,2216,0.029219554774490245
2214,2215,0.2729976174934573
2214,2213,0.15551040169440905
2214,2206,0.00039617399994288386
2214,2205,0.00011552824604261386
2214,2204,0.00013395763443981265
2214,2203,0.013580445393834486
2214,2202,0.08809784333856216
2214,2198,2.0055435385617858e-05
2214,2197,4.890661195839235e-05
2214,2196,0.00010401572040106088
2214,2192,1.0654956112129464e-05
2214,2189,1.4491876316880352e-05
2214,2188,0.0009660775496741527
2214,2187,0.0005618622805963843
2214,2186,0.00647496275540651
2214,2185,0.0029754046934302434
2214,2181,0.00013287412600876975
2214,2180,0.0002682627176926836
2214,2178,0.0018213657777942243
2214,2177,4.280530601725625e-05
2214,2174,1.0096495595255357e-05
2214,2170,0.00015861253809662857
2214,2169,8.18859431570473e-05
2214,2168,0.00013833342767986521
2214,2167,0.0002157766975975739
2214,2166,0.0021109479905268933
2214,2165,6.622844675168838e-05
2214,2157,8.953897474257143e-06
2214,2151,1.3081640546300001e-05
2214,2150,3.0173120064830342e-05
2214,2142,1.0389656361774105e-05
2214,2139,3.8221994799673104e-05
2214,2124,6.0081525580395126e-05
2214,2190,5.289071627312481e-05
2186,2236,0.00010654905854595897
2186,2229,4.585467577023461e-05
2186,2228,0.00022926116933802903
2186,2227,0.003092873542907798
2186,2223,0.00011739506780795929
2186,2222,0.001398569136810611
2186,2221,0.002853045567419079
2186,2216,0.0007974308938761335
2186,2215,0.0014967658874740753
2186,2213,0.07666259131363053
2186,2203,0.0037445244122856075
2186,2202,0.15234405815432697
2186,2196,0.006413095346797455
2186,2188,0.001116698722635084
2186,2187,0.0032031868892992235
2186,2185,0.16913303315974698
2186,2181,0.00012706806339867388
2186,2180,0.0004532561375229844
2186,2178,0.07319615007486499
2186,2177,0.0333243118713788
2186,2176,0.00680110103309563
2186,2174,1.4980472820914104e-05
2186,2170,4.655542155239359e-05
2186,2169,0.00029754921905303714
2186,2168,0.0002746018912404623
2186,2167,0.000499086093256044
2186,2166,0.007112184806170709
2186,2165,0.0014079857961253575
2186,2151,8.141370502312433e-05
2186,2139,0.00010961050004967051
2186,2140,2.6582381135025572e-05
2186,2124,5.938395848285366e-05
2186,2189,1.0927613164286628e-05
2186,2197,1.3268434905618367e-05
2186,2205,1.0986916195010524e-05
2186,2204,0.007323269641469657
2180,2236,1.9976203092969894e-05
2180,2229,4.264997815442903e-05
2180,2228,2.5425526390909676e-05
2180,2227,0.00011038251455777418
2180,2223,1.553828650395968e-05
2180,2222,8.181375629207314e-05
2180,2221,0.00012892211087945276
2180,2216,0.00037952703631440857
2180,2215,0.0003472168720708485
2180,2213,0.00036646061078403
2180,2206,7.406502289755239e-05
2180,2205,4.409430765565663e-05
2180,2204,0.0002819131770904207
2180,2203,0.0007585995537350352
2180,2202,0.0010376257095011784
2180,2198,9.180386150195163e-06
2180,2197,0.0005317999531913009
2180,2196,0.001994765477150939
2180,2192,1.691928910566183e-05
2180,2190,0.0006642299552934858
2180,2189,0.0011042379347688176
2180,2188,0.2430246622834135
2180,2187,0.043692038815887346
2180,2185,0.00034837607461511656
2180,2181,0.09740206964821554
2180,2178,0.0015939406314167378
2180,2177,0.0001669396741307683
2180,2174,5.911676656201991e-05
2180,2172,7.0984551866865614e-06
2180,2171,6.8466953468935485e-06
2180,2170,0.0028563337036742065
2180,2169,0.025645058815547885
2180,2168,0.12843014562687172
2180,2167,0.03993612956326346
2180,2166,0.0045080609463681864
2180,2165,0.001001697019064988
2180,2155,3.874814289861778e-05
2180,2151,0.0016119808787158512
2180,2150,2.3752028615564513e-05
2180,2142,0.00012218420128605486
2180,2141,7.381781577128547e-05
2180,2140,0.00037909715203597393
2180,2139,0.0006621184328568257
2180,2126,2.0544464828076344e-05
2180,2124,0.00024799755492842636
2178,2236,6.328553146988991e-05
2178,2229,4.327165617665843e-05
2178,2228,0.00015457435928256338
2178,2227,0.00035934191000759364
2178,2223,2.9528745309629208e-05
2178,2222,0.0004698639149740294
2178,2221,0.0008409514965455714
2178,2217,3.153447654090225e-05
2178,2216,0.0011799004699275379
2178,2215,0.0014566805738324433
2178,2213,0.0032321368908954018
2178,2205,7.600295698961063e-05
2178,2204,0.0002562327309862752
2178,2203,0.0022870338291131422
2178,2202,0.04447170052806238
2178,2197,8.404665120966807e-05
2178,2196,0.00018620794256768008
2178,2192,3.4927831647243814e-05
2178,2189,5.3653806143266815e-05
2178,2188,0.002555573372126617
2178,2187,0.010227767211522751
2178,2185,0.0078077636388661446
2178,2181,0.0004706255863644154
2178,2177,0.10982846821000121
2178,2176,0.0009529920001125421
2178,2174,6.083233816622135e-05
2178,2170,0.0001411476593657753
2178,2169,0.0003016217611316013
2178,2168,0.0009339281775394968
2178,2167,0.0019372037601060191
2178,2166,0.063617818425903
2178,2165,0.0495090597435211
2178,2155,5.31744616416101e-05
2178,2151,0.002069723570424448
2178,2150,9.752679045695731e-05
2178,2142,3.9586057852094375e-05
2178,2140,1.3754695807159551e-05
2178,2139,0.00011130915163513419
2178,2095,9.411944810822952e-05
2178,2124,8.098042390097559e-05
2178,2198,4.415671312628064e-05
2178,2206,6.379332688044505e-05
2178,2190,2.2378100522639856e-05
2174,2198,0.0004915508203824783
2174,2192,0.000176119215497455
2174,2184,0.000641997408919383
2174,2183,0.0005907034632192183
2174,2172,3.974283869772999e-05
2174,2159,0.21413039729081546
2174,2158,0.0017340145525125744
2174,2144,6.663442989233564e-05
2174,2143,2.6102351043885e-05
2174,2142,0.0006433469350743016
2174,2169,2.9619897359936598e-05
2174,2168,0.00016364436127672252
2174,2140,5.6009094699197694e-05
2174,2139,0.00011644323047977636
2174,2126,0.00018439533067070833
2174,2124,0.0004302138199162977
2174,2213,1.2647032375135885e-05
2174,2202,1.820383450542072e-05
2174,2188,0.00012093096664449415
2174,2181,3.1192702715320296e-05
2174,2170,0.00031781431643947643
2174,2145,2.6523029555748463e-05
2174,2151,0.00020807983699388562
2174,2187,2.0936299794006427e-05
2174,2146,1.7212480589528003e-05
2174,2166,2.159463150501765e-05
2174,2133,6.2997991992971124e-06
2174,2222,1.5795561747563644e-05
2174,2206,8.05245569863704e-05
2174,2205,1.4785825759363157e-05
2169,2227,5.04498369168122e-05
2169,2222,0.00013128122511623912
2169,2221,8.052233852940194e-05
2169,2215,9.801005346709316e-05
2169,2213,0.00011100805408998904
2169,2204,5.7930609768478036e-05
2169,2203,0.00010398190812988976
2169,2202,0.0001607663198902809
2169,2197,4.71731617947547e-05
2169,2196,0.0002762846671340588
2169,2189,0.0010532686437664722
2169,2188,0.00577871526492894
2169,2187,0.001210244896767934
2169,2185,0.00010771157906681593
2169,2181,0.09847917681835314
2169,2170,0.14483539166383183
2169,2168,0.22493825783773097
2169,2167,0.006135655963179201
2169,2166,0.0005186525140945605
2169,2165,0.00030834898701555133
2169,2155,0.0017961928315312244
2169,2151,0.0014715247530595374
2169,2142,0.000128185335774261
2169,2140,0.0019295775088698426
2169,2139,0.004155046457149184
2169,2124,0.0008977122388498977
2169,2216,0.00014370782757699443
2169,2206,1.586502799748027e-05
2169,2190,3.097434161851504e-05
2168,2227,7.742881788892266e-05
2168,2221,7.682648175128556e-05
2168,2215,0.0002873205374691925
2168,2213,0.0001529720483854968
2168,2206,3.813405297196415e-05
2168,2204,1.9623519414003777e-05
2168,2203,0.00016558136152366285
2168,2202,0.0003339344671100039
2168,2197,7.28610173983201e-05
2168,2196,0.00029798632355883313
2168,2189,0.0003009591127464507
2168,2188,0.006640246952915862
2168,2187,0.003124550065798805
2168,2185,0.0006889804823640732
2168,2181,0.02006882428815487
2168,2177,4.876231580616415e-05
2168,2170,0.005551691084409116
2168,2167,0.11582388678174654
2168,2166,0.0030947767373026257
2168,2165,0.0010572599871026315
2168,2155,5.9805757677020734e-05
2168,2151,0.022977085759615358
2168,2142,3.69220413730849e-05
2168,2140,0.001901456863057701
2168,2139,0.0017331403767263122
2168,2124,0.0005665151878905636
2168,2216,0.0001153408800071222
2168,2222,3.102287703503296e-05
2168,2190,7.670696475018796e-06
2159,2158,0.00158998484592197
2159,2144,0.00019241154884195617
2159,2143,0.00011282963624889332
2159,2142,0.00010961763887001999
2159,2145,9.632746943939461e-05
2159,2146,2.637154212040285e-05
2159,2133,6.1447251624748494e-06
2159,2162,0.00017816740943796665
2158,2142,0.0006279826988369223
2158,2141,0.00029364390971020285
2158,2126,0.0022515945941087743
2158,2181,9.089394057936093e-06
2158,2145,0.00012521614878892233
2158,2198,0.00012972243357307415
2158,2146,0.000193582141493608
2158,2189,1.036561832647907e-05
2158,2144,4.797426670032222e-05
2158,2197,1.2039174726387756e-05
2158,2196,1.2426836828925217e-05
2158,2133,0.0014292086549716257
2158,2115,0.00023342668440176
2158,2132,0.0015365856439996564
2158,2162,0.00019017878206275
2158,2206,8.202818736214508e-05
2158,2190,1.528675039393986e-05
2158,2184,0.0021467453940496005
2158,2199,0.00016303824660031252
2150,2177,0.0009690985682643224
2150,2166,0.0009195544677443277
2150,2165,0.0030817101787740087
2150,2151,0.10670208882856405
2150,2095,0.001584948332682679
2150,2076,0.0001398997421858125
2150,2236,0.0013049268214823996
2150,2202,5.620081438917542e-05
2150,2188,0.0032325925902260905
2150,2181,0.00010125867394396541
2150,2187,0.0003722041983410706
2150,2176,0.000974879273477325
2150,2228,0.00516119409504111
2150,2221,0.001359983744462602
2150,2189,1.5027099715324414e-05
2150,2144,2.499279178036508e-05
2150,2196,2.4034630863766663e-05
2150,2206,1.9804371193409867e-05
2150,2205,1.468832014199263e-05
2150,2190,8.029710745654136e-06
2142,2172,0.006414601103904599
2142,2157,0.10165100991288571
2142,2156,0.001698023173607571
2142,2141,0.10076450651791145
2142,2140,0.001123391048648234
2142,2126,0.15001798614987621
2142,2139,0.0001381029631086398
2142,2124,0.003035354002929046
2142,2202,3.307903885950486e-06
2142,2188,0.00030774736539413306
2142,2181,2.22558659356406e-05
2142,2167,6.840999221918e-05
2142,2145,4.467224614172154e-05
2142,2198,3.717161869319032e-05
2142,2187,2.020791675284404e-05
2142,2146,4.6672797183205146e-05
2142,2189,6.834098624876746e-06
2142,2166,2.5957659188021563e-05
2142,2155,0.0019011312671642002
2142,2197,8.017938691085713e-05
2142,2196,2.130805513050631e-05
2142,2133,3.586039844590523e-05
2142,2222,3.261968976889773e-05
2142,2206,2.0121507686428175e-05
2142,2190,1.0738597879992479e-05
2141,2198,0.0003805269656841183
2141,2192,0.00012155142575948462
2141,2172,0.001441475635928383
2141,2171,0.00025285365879312236
2141,2157,0.012466146962575631
2141,2156,0.21984970674115506
2141,2155,0.00027758183370121543
2141,2140,0.002652995093668789
2141,2126,0.07745008873114392
2141,2124,0.0008394204297414548
2141,2095,0.00021494100722811536
2141,2139,0.00013818100069559354
2141,2188,3.161149374950589e-05
2141,2181,1.9889292773341356e-05
2141,2187,9.245963831851987e-06
2141,2189,5.200374901172848e-05
2141,2196,1.5620823832293694e-05
2141,2206,2.5408898139053514e-05
2141,2205,3.721323339830317e-05
2141,2190,4.4216571684095474e-05
2141,2199,0.00015835354051228748
2140,2221,3.0399634429681395e-05
2140,2213,3.928129721585349e-05
2140,2202,4.054393207224489e-05
2140,2189,3.810306986767965e-05
2140,2188,0.00017913998045336404
2140,2187,6.817746916798676e-05
2140,2185,2.334672653296047e-05
2140,2181,0.00032089625330757
2140,2172,4.9521469134755805e-05
2140,2170,0.0012227419527105032
2140,2167,0.00028554657544627296
2140,2165,6.183282278264651e-05
2140,2156,0.0022553078429629
2140,2155,0.014687889824728973
2140,2151,4.018988420045116e-05
2140,2139,0.23506405284590393
2140,2124,0.20291252112386943
2140,2196,2.1165861377455852e-05
2140,2171,0.00015470647762879004
2140,2190,9.04252821518045e-06
2139,2236,2.087158112873226e-05
2139,2227,3.972320043779677e-05
2139,2222,2.877102812839531e-05
2139,2221,3.3244754100972336e-05
2139,2216,5.48460092838495e-05
2139,2215,2.6669883512566667e-05
2139,2213,4.779686644126924e-05
2139,2203,3.106716780760215e-05
2139,2202,6.128550793731018e-05
2139,2196,2.8005863031526974e-05
2139,2192,2.1108021973860213e-05
2139,2189,6.749417347785201e-05
2139,2188,0.000555761028156032
2139,2187,0.00020770478719197484
2139,2185,7.600885161328813e-05
2139,2181,0.0008913461323160599
2139,2177,6.219702820496022e-05
2139,2172,2.1440209244665592e-05
2139,2170,0.0027252859784320065
2139,2167,0.001590389863805106
2139,2166,0.00012057670886720143
2139,2165,5.659776159466236e-05
2139,2155,0.01083403647501009
2139,2151,0.0006114980309623443
2139,2126,1.1314120310553765e-05
2139,2124,0.04260170547866473
2139,2156,0.00015376212450436252
2126,2172,0.00010192135565878331
2126,2171,0.00019818902539285002
2126,2156,0.005897081175282137
2126,2124,0.0003351905147471016
2126,2181,1.1606697072717291e-05
2126,2189,1.2570752357751743e-05
2126,2190,1.8960789770896235e-05
2124,2227,7.068943114164149e-05
2124,2222,0.00016071271871331215
2124,2216,2.871857701515122e-05
2124,2215,4.665865263896097e-05
2124,2213,6.73336450819537e-05
2124,2203,2.5659028567082923e-05
2124,2202,0.00010235883718690675
2124,2196,2.490481701629024e-05
2124,2192,2.903293635467563e-05
2124,2189,6.149646448313903e-05
2124,2188,0.004753560052764337
2124,2187,9.443659142157223e-05
2124,2185,9.051393683928049e-05
2124,2181,0.0002982440194076654
2124,2177,4.506094960836342e-05
2124,2172,3.0699462082397565e-05
2124,2170,0.0010463278880574465
2124,2167,0.0001600367164736195
2124,2166,0.00011380436159326799
2124,2165,0.00025127633681616587
2124,2155,0.0008244725294821609
2124,2151,0.00029113307286647317
2124,2156,0.000147981856482375
2236,2241,0.0007485534014578999
2236,2240,0.0005386324946969333
2236,2237,0.012963442250438717
2236,2229,0.004261416699492367
2236,2228,0.28810250875269056
2236,2227,0.07455164986120162
2236,2224,0.002386249130165467
2236,2223,0.0002480695505933957
2236,2222,0.2704623414906503
2236,2221,0.061360083275124086
2236,2217,0.0007692264285303829
2236,2213,0.0009277953152823568
2236,2215,7.044054057439166e-05
2236,2202,9.658664910738155e-05
2236,2188,7.203867059598781e-05
2236,2187,1.912450760836177e-05
2236,2203,3.4255523043892055e-05
2236,2185,8.803717924580869e-05
2236,2166,2.189986110257255e-05
2236,2216,0.00034627523017974994
2215,2241,0.0002030249705461556
2215,2240,0.00021899334493953612
2215,2237,4.3951016185277775e-05
2215,2229,0.0017942603850930766
2215,2228,0.008855142372592967
2215,2227,0.00561325347480305
2215,2224,0.012839721478100244
2215,2223,0.27691227775694033
2215,2222,0.006855582841974075
2215,2221,0.004691610705745383
2215,2217,0.0033594188438624347
2215,2216,0.045805982504238035
2215,2213,0.018240113111933583
2215,2206,0.0005908563459676609
2215,2205,0.01619810122978686
2215,2204,0.0002488022725788713
2215,2203,0.02479283255850511
2215,2202,0.01601599791189166
2215,2198,0.00014983573458219167
2215,2197,2.8143332188383332e-05
2215,2196,0.0020697612884328772
2215,2188,0.001530394823000476
2215,2187,0.0009144942333416488
2215,2185,0.0013764247251455428
2215,2181,0.00012554682364988493
2215,2166,0.0001448708865671023
2215,2151,0.0002467611944456305
2215,2167,0.00022327060328135203
2215,2165,0.0003193580473541883
2215,2189,8.304807347984942e-05
2213,2241,3.77702850921e-05
2213,2240,5.1370993628172936e-05
2213,2229,0.00033544062853070047
2213,2228,0.004942491559241869
2213,2227,0.006020944533500272
2213,2224,0.0004986679672417538
2213,2223,0.003135003315196825
2213,2222,0.16210825030884948
2213,2221,0.18099246013311907
2213,2217,5.945376170515881e-06
2213,2216,0.001128132468110795
2213,2205,2.5549062329065326e-05
2213,2204,0.00011783322285419969
2213,2203,0.008294783108385051
2213,2202,0.14262701181061
2213,2197,2.193695466875894e-05
2213,2196,7.138123731498411e-05
2213,2188,0.0010747841265621695
2213,2187,0.0006694016882349291
2213,2185,0.21236780135210248
2213,2181,0.0002225261289594185
2213,2177,6.77524502400006e-05
2213,2170,1.685191538042706e-05
2213,2167,0.00023819505279480555
2213,2166,0.0009061671695692718
2213,2151,7.464098503372351e-06
2213,2165,0.0002767510947763058
2213,2189,6.903139307310468e-06
2202,2241,2.1441383565167316e-05
2202,2240,0.00012720110256698186
2202,2229,0.00016168407209475277
2202,2228,0.0008643040362281982
2202,2227,0.000718464100408916
2202,2224,0.0004948281018533518
2202,2223,0.0010098850982326831
2202,2222,0.007191917785406227
2202,2221,0.005535063542046161
2202,2217,9.11570708176853e-05
2202,2216,0.0024903913968980177
2202,2206,2.2567032725198686e-05
2202,2205,4.8157223498458876e-05
2202,2204,0.0365685405739895
2202,2203,0.1780735487063154
2202,2197,3.762043294272907e-05
2202,2196,0.00011756719759895834
2202,2192,8.00813761095599e-06
2202,2190,5.8977270771656984e-06
2202,2189,0.0001171756912890462
2202,2188,0.004036870746186647
2202,2187,0.00485833224031841
2202,2185,0.011888266372977751
2202,2181,0.00032598547803600996
2202,2177,0.0014833727464360997
2202,2170,0.00010897235561899588
2202,2167,0.0006015518745071649
2202,2166,0.0013229539913965501
2202,2165,0.0002663378383977181
2202,2151,0.0001799298343940575
2188,2237,7.135601249200001e-06
2188,2229,0.00012082357600589998
2188,2228,0.00016068065211439413
2188,2227,0.0003754121096921041
2188,2224,2.4409724520383263e-05
2188,2223,0.00023179256271806928
2188,2222,0.004704900528597114
2188,2221,0.0002905033414053048
2188,2217,0.00016730615837401926
2188,2216,0.046200380879818155
2188,2206,0.0008676498477223973
2188,2205,0.0007331501622694125
2188,2204,0.07477199025996849
2188,2203,0.0022234556239578976
2188,2198,0.0004622370618143515
2188,2197,0.000880973232504086
2188,2196,0.05663478677995405
2188,2192,7.351444732924437e-05
2188,2191,9.803449578647962e-06
2188,2190,0.0023780067698322862
2188,2189,0.008344653720608209
2188,2187,0.16401237164101945
2188,2185,0.000745285737431387
2188,2184,5.679001125418554e-06
2188,2181,0.14419706951906225
2188,2177,0.00016026973886727964
2188,2172,1.402034114066471e-05
2188,2171,0.00010836164794059278
2188,2170,0.0027768042776171857
2188,2167,0.006912404797060765
2188,2166,0.0034837852836273678
2188,2165,0.0017646220296068018
2188,2155,5.613371985452307e-05
2188,2151,0.0005405332065267355
2188,2118,7.1102822181963795e-06
2188,2095,1.103062068965521e-05
2188,2076,2.7327232590621724e-05
2188,2182,0.00012585604553266242
2188,2199,0.0001528672091162875
2188,2207,0.00015985852700226258
2181,2229,1.5198760890750374e-05
2181,2228,9.788705582911275e-06
2181,2227,1.4091495667624061e-05
2181,2223,3.206487508298495e-05
2181,2222,7.33573998582585e-05
2181,2221,0.00014122589685893044
2181,2217,2.210042600335338e-05
2181,2216,0.0002448439850222261
2181,2206,0.00020938368194887264
2181,2205,0.00040894171378962735
2181,2204,0.0008759922213016293
2181,2203,0.0008516072981612075
2181,2198,0.00016485076478089732
2181,2197,0.0017333867672677265
2181,2196,0.02445328712185514
2181,2192,4.06932300925782e-05
2181,2190,0.010939800684260953
2181,2189,0.06276010189462286
2181,2187,0.005031849051566083
2181,2185,3.1880883355284956e-05
2181,2182,0.0013037520372861412
2181,2177,1.9784569185647368e-05
2181,2176,7.812958517583458e-06
2181,2172,3.1279814336321794e-05
2181,2171,0.00037007184230506405
2181,2170,0.035102081249300164
2181,2167,0.0021499094902466404
2181,2166,0.00044517643079879256
2181,2165,0.00015481211815975351
2181,2156,0.0001102345245721662
2181,2155,3.067747021150001e-05
2181,2151,0.002960544143286352
2181,2095,7.517778908780134e-05
2181,2076,4.48291801479857e-05
2170,2228,0.00019836816670352353
2170,2221,0.0001451898030121471
2170,2206,0.00010957319321288806
2170,2198,0.00017929885443185292
2170,2197,0.0003932958086405987
2170,2196,0.0009378865237663672
2170,2189,0.04595222106716309
2170,2187,0.0005004005170035939
2170,2172,0.00033871400831156
2170,2171,0.11277124855744233
2170,2167,0.0010352010977590993
2170,2166,0.00016156266967104902
2170,2155,0.008444237806734428
2170,2076,6.158387371748237e-05
2170,2165,7.19552467670294e-05
2170,2151,0.00038723927494208575
2170,2227,3.662226550644285e-05
2170,2203,0.0001443588423044397
2170,2216,0.0001019840095821111
2170,2222,2.492350995343182e-05
2170,2205,0.00012492216697538097
2170,2204,5.042346910513704e-05
2170,2190,0.0011662486006439618
2170,2182,0.00104546050898275
2167,2227,6.4362209119456e-05
2167,2221,9.453097143353629e-05
2167,2204,5.6034783354856e-05
2167,2203,0.00024821392687151975
2167,2196,0.0008652701195736987
2167,2189,0.00016275738856371205
2167,2187,0.012003838257832541
2167,2185,0.0021731971848187107
2167,2177,0.00014301758947584
2167,2166,0.10748846311226791
2167,2165,0.00936009414347225
2167,2151,0.028585218456810897
2167,2216,0.00010889998086466666
2167,2222,2.5462380437521588e-05
2145,2183,1.131762997514077e-05
2145,2163,0.2236974199850313
2145,2162,0.27599955515853214
2145,2161,0.005515989662194663
2145,2148,2.2473190320949226e-05
2145,2147,0.0008053352278553792
2145,2146,0.13254027329487783
2145,2144,0.189830698191445
2145,2143,0.0002539130500044793
2145,2135,0.0001472987807811385
2145,2133,0.0002918765141631946
2145,2132,8.712459545410589e-05
2145,2131,0.010512531649212066
2145,2117,8.140020600556943e-05
2145,2116,2.3052150402688475e-05
2145,2103,2.234932687778693e-05
2145,2101,3.0333874457870768e-05
2145,2099,1.470423444919692e-05
2145,2083,3.068719661737078e-05
2099,2189,6.060126605982034e-05
2099,2144,2.583293530255555e-05
2099,2196,1.3214961569886477e-05
2099,2133,5.8631602441520215e-06
2099,2161,0.0007134557489525376
2099,2190,0.0008518873582963889
2101,2083,0.0091368257966267
2101,2144,2.7530150320295232e-05
2101,2118,8.034831361684324e-05
2101,2117,6.720224562463593e-05
2101,2133,1.1968947837373412e-05
2083,2144,3.490333969819999e-05
2083,2143,0.00084147857491985
2083,2133,4.207127190579479e-06
2131,2161,6.174746332231765e-05
2131,2148,0.014837249638171063
2131,2147,0.11182309581205704
2131,2146,0.3244506002411063
2131,2144,0.00019194424339746786
2131,2133,0.0010560889962331426
2131,2132,0.0024134053585145826
2131,2115,2.3722764742735294e-05
2131,2103,0.0005087685866215274
2131,2118,8.441533188800545e-05
2131,2117,3.995653050109376e-05
2131,2116,0.001512246628302053
2131,2163,0.0003162533793438
2131,2162,0.00060590645703435
2198,2217,0.006660324470084802
2198,2207,0.5465391121119246
2198,2206,0.15572020666999045
2198,2205,0.000400074128995092
2198,2204,0.0013469179325122228
2198,2199,0.29019956862867125
2198,2197,0.005568225153935838
2198,2196,0.0016160667165870035
2198,2192,0.0003359387983110225
2198,2191,0.0909837355754408
2198,2190,0.005635401914906003
2198,2189,0.0007747829468278302
2198,2184,6.400291343295162e-05
2198,2183,0.0003400450284337387
2198,2187,1.2182806559755964e-05
2198,2216,0.00017170195653234995
2198,2156,0.0001527119817483
2198,2171,0.00015352493534816
2198,2223,0.00011338702472888706
2198,2182,0.0001842379364846125
2165,2227,9.277491113243528e-05
2165,2216,0.000208508637948751
2165,2187,0.002445209025207311
2165,2185,0.013009754272075656
2165,2177,0.006048352806998171
2165,2176,0.003025606958870552
2165,2166,0.09395385867253081
2165,2151,0.00023967678559933526
2165,2095,0.0006069939321668458
2165,2076,0.00010235133951515882
2165,2228,5.572944010277143e-05
2165,2221,2.152454189389891e-05
2165,2203,3.592655572524128e-05
2165,2189,1.8246357060134878e-05
2165,2196,2.8008414512090993e-05
2165,2222,0.00011791028995117388
2165,2171,0.00778456129780354
2165,2224,0.0003179531411889142
2165,2206,0.0002784423976470282
2165,2217,7.307022776569287e-05
2165,2205,5.760500240870212e-05
2165,2204,6.0951273370181485e-05
2165,2190,4.2361429253755645e-05
2151,2187,0.0004684772245050374
2151,2166,0.0028111004221200372
2151,2095,0.0002032505666297492
2151,2076,0.0012125201249858358
2151,2227,3.9949372471328554e-05
2151,2189,8.78723762884128e-06
2151,2185,6.175310449819129e-05
2151,2196,9.834137592243244e-06
2151,2224,0.00010426710524889049
2095,2177,0.018095824543711423
2095,2176,0.015826071992060615
2095,2076,0.0011644977680994506
2095,2187,6.788623288948012e-06
2095,2189,4.4376919478876735e-05
2095,2166,4.98104859369804e-05
2095,2197,1.2941966473472447e-05
2095,2196,6.297750958768466e-05
2095,2206,2.960452175615493e-05
2095,2217,5.8098552625507135e-05
2095,2205,3.085886484306422e-05
2095,2190,5.234361951456241e-05
2076,2187,4.635649852981955e-06
2076,2189,1.1316204825139535e-05
2076,2166,5.8938823305454896e-05
2076,2196,2.6756363310033333e-05
2076,2133,1.5648722718162432e-05
2076,2171,0.00017909295557043002
2076,2190,3.8769003473193976e-05
2187,2229,5.889920894936665e-05
2187,2228,0.00011223667792519581
2187,2227,0.0001520355926135245
2187,2224,0.00020807638672519128
2187,2223,0.00021917627403807754
2187,2222,0.00020766044024480006
2187,2221,0.0004070344598587865
2187,2217,0.00040521220462584964
2187,2216,0.0013169484274993901
2187,2206,0.0001732272160338926
2187,2205,0.0003203073156705373
2187,2204,0.03759362609240421
2187,2203,0.007639544300631986
2187,2197,0.00012027862722990302
2187,2196,0.0016883978242117196
2187,2192,1.5000691841902444e-05
2187,2190,0.0001568531040319538
2187,2189,0.0002667100874092762
2187,2185,0.0005951550704945772
2187,2177,0.00045765908202746974
2187,2176,0.0006985709763201928
2187,2171,6.281987796145257e-06
2187,2166,0.030924671957294106
2187,2156,3.556988607876453e-06
2187,2155,1.20684883615899e-05
2187,2133,1.3158752822103962e-05
2176,2185,0.0009404603527327123
2176,2177,0.2915196136437248
2176,2189,1.3302459657209304e-05
2176,2166,2.5538075181798038e-05
2176,2196,1.8262117872069373e-05
2176,2205,1.1746224770433676e-05
2176,2190,1.2543290217190222e-05
2192,2191,0.14364879644659834
2192,2177,6.802662498264667e-05
2192,2189,5.119520280232267e-05
2192,2197,1.1309086980602042e-05
2192,2196,4.978887435121352e-05
2192,2172,0.0011270788845136402
2192,2157,0.0009655556382772501
2192,2171,0.0009678758484167702
2192,2183,0.0042589671876828205
2192,2206,9.767344984597888e-05
2192,2205,0.00013484281992810212
2192,2190,0.00012040668120426685
2192,2184,0.0017435773647712
2192,2199,0.0016751817653965623
2192,2207,0.0001534989467497
2177,2229,9.239654762337334e-05
2177,2185,0.0017774977997947693
2177,2166,0.011983420924593929
2177,2221,3.5331297118868474e-05
2177,2203,4.227204065382222e-05
2177,2189,9.097126893352328e-06
2177,2196,2.79474723784982e-05
2177,2222,3.3188447191475e-05
2177,2206,3.036541894862112e-05
2177,2205,2.1809565336768417e-05
2177,2204,5.034857791145187e-05
2146,2223,5.755431128320573e-06
2146,2206,7.210305046951999e-06
2146,2163,0.16143327923241474
2146,2162,0.315140257570335
2146,2161,0.00011783790211568228
2146,2148,0.0002971097766332261
2146,2147,0.21898169306761792
2146,2144,0.0004655057040958057
2146,2143,1.3005189958227999e-05
2146,2135,1.3402569531391999e-05
2146,2133,0.00042329151191859325
2146,2132,0.0029097366205096476
2146,2115,1.7221404009744574e-05
2146,2103,0.00037453851889878684
2146,2117,4.651988470451864e-05
2146,2116,0.00013118052257611438
2229,2241,0.00021812203449072
2229,2237,0.18777511951547443
2229,2228,0.28188665561925574
2229,2224,0.3392108272336658
2229,2223,0.0038898257985555094
2229,2222,0.002826356931114022
2229,2217,0.0012492245744943964
2229,2205,0.00040017757728677794
2229,2227,0.00036736604927613216
2229,2221,0.0006410651360438033
2229,2203,0.0002557034201956841
2229,2216,0.0017543515149235718
2229,2196,1.2941699305862166e-05
2229,2204,0.00011421110477337038
2228,2241,0.00017791076754831785
2228,2240,0.00011525174510679641
2228,2237,0.1381403927693549
2228,2227,0.021433566550189423
2228,2224,0.008236598270593615
2228,2223,0.03292372055311009
2228,2222,0.11735941489085606
2228,2221,0.029272260428342425
2228,2217,0.0007802010267680968
2228,2216,0.0011439845937935224
2228,2205,0.0006101665645094755
2228,2203,0.000520416392515011
2228,2185,0.0008226394964369876
2228,2196,1.3397948986179284e-05
2227,2241,0.00019089147831658211
2227,2240,0.0010121653191380857
2227,2237,0.000880082919857432
2227,2224,0.0008004307329083836
2227,2223,0.009712326826560109
2227,2222,0.07241771819884561
2227,2221,0.13952695557361028
2227,2217,0.000295937957843225
2227,2216,0.0012146865291628108
2227,2206,7.684857216708569e-05
2227,2203,0.00020767604544137815
2227,2185,0.0027104674120260698
2227,2166,0.000490978863788992
2227,2196,9.065613961305407e-06
2227,2205,8.65648656698095e-05
2221,2237,0.00018574141039718478
2221,2224,0.0003147922558871228
2221,2223,0.005032340377483687
2221,2222,0.14792570953829537
2221,2217,6.416024265453695e-05
2221,2216,0.0012087231265432833
2221,2203,0.0007776089483061609
2221,2196,3.977715739780929e-05
2221,2185,0.06828275602902985
2221,2166,0.00010968005952310877
2221,2189,2.4319609394589527e-05
2221,2190,1.2252412848754892e-05
2203,2224,8.569315999039838e-05
2203,2223,0.0006950792378877576
2203,2222,0.0011043784513463171
2203,2217,7.467960472648809e-05
2203,2216,0.0073217115701286655
2203,2206,2.6777532467966665e-05
2203,2205,8.025025845132542e-05
2203,2204,0.01006445581412891
2203,2197,9.66234567450348e-05
2203,2196,0.00013288201876607303
2203,2189,2.46714717841465e-05
2203,2185,0.0024071759986583363
2203,2166,0.00041428403237202846
2203,2190,3.367312419377969e-05
2189,2241,1.830462401823314e-05
2189,2224,0.00012606660676211577
2189,2222,1.207379039139245e-05
2189,2217,0.00012767420547740797
2189,2216,0.00016947901175749487
2189,2206,0.00038122214518075556
2189,2205,0.0005327795355400926
2189,2204,0.005778085417154393
2189,2199,1.389117780368082e-05
2189,2197,0.08153697171776152
2189,2196,0.06142226655176071
2189,2191,0.00045491700384284135
2189,2190,0.30515101218413293
2189,2182,0.055049026294276646
2189,2172,5.572451370984187e-05
2189,2171,0.000744954080602027
2189,2166,0.0004795436978064856
2189,2157,5.3692379528852316e-05
2189,2156,0.00010966928315987384
2189,2155,1.4123876304636627e-05
2189,2183,0.00044240445843996
2185,2222,0.0030016973176592836
2185,2166,0.0005789725501768392
2185,2216,0.00046956194677471674
2185,2196,1.8241977214995498e-05
2185,2223,5.6094690357993545e-05
2166,2222,0.00013080023712382595
2166,2217,2.555279189302746e-05
2166,2216,0.0002176350912463941
2166,2206,0.0006674847972950432
2166,2205,5.0702806520642484e-05
2166,2204,0.0004696097126695171
2166,2197,2.906309441892548e-05
2166,2196,0.0036927564675874086
2166,2171,3.4133539485566666e-05
2166,2190,0.001100730667978152
2155,2196,9.589890815848647e-06
2155,2172,0.0026132071905158004
2155,2156,0.0035213660794752503
2155,2171,0.0005178014465825001
2155,2190,1.907758628246241e-05
2144,2161,0.03728202786652003
2144,2147,1.793386244229206e-05
2144,2143,0.009006855625932656
2144,2133,5.200020965351149e-05
2144,2132,1.8461680870534915e-05
2144,2163,0.011080339196773752
2144,2162,0.011072602681297783
2143,2161,0.013056395090449101
2216,2224,0.07873840976355093
2216,2223,0.08345814349527
2216,2222,0.0008481662769836949
2216,2217,0.11754900361797185
2216,2206,0.0005667060019758646
2216,2205,0.016018751631008576
2216,2204,0.10322522835423296
2216,2197,0.0006397571371884856
2216,2196,0.0033019802498199563
2216,2117,2.001642995101563e-05
2216,2190,1.177747433971504e-05
2197,2224,0.0001801675698377888
2197,2217,0.0022082663516800917
2197,2207,0.009819925666672646
2197,2206,0.07093763002848585
2197,2205,0.08251328196660794
2197,2204,0.020007938582923657
2197,2199,0.0004015922895318282
2197,2196,0.08951981453611091
2197,2191,3.267714855432448e-05
2197,2190,0.01870174689447952
2197,2182,0.0002276349058957229
2197,2172,0.00013272313275747852
2197,2223,4.0453973835861296e-05
2196,2224,0.0003381138718242225
2196,2223,0.0001040226423459381
2196,2222,3.560862775338339e-05
2196,2217,0.0012267840804165752
2196,2206,0.0040061025272582415
2196,2205,0.02152538444701853
2196,2204,0.24605876936061247
2196,2199,0.0003335254306176955
2196,2191,0.00016531968833035404
2196,2190,0.015013539102043139
2196,2182,0.0003575559043694389
2196,2172,7.775179856991802e-05
2196,2171,0.00042221350618195047
2196,2156,2.086506708043154e-05
2196,2207,0.0006820162296813127
2172,2171,0.40849215956701246
2172,2156,0.0032885382299803253
2172,2206,0.0005274862139596483
2172,2205,0.0001026635233367337
2172,2190,9.429642798951277e-05
2172,2182,0.00013912038510080003
2157,2156,0.0008688435492501
2157,2171,0.00010226240037144999
2157,2191,0.00016919711592742857
2103,2118,5.393558422652974e-05
2103,2117,0.0017365345177896296
2103,2116,0.00821798173178995
2103,2133,0.0003157120300979861
2103,2115,0.0005846345234538199
2103,2148,0.00010146312812239377
2103,2132,0.0001425548584373367
2103,2147,0.0004934411069278499
2118,2148,0.00011042685536124053
2118,2135,0.0005456629801735433
2118,2133,0.0020370496492857675
2118,2117,0.4249709874044194
2118,2116,0.0005296323191218324
2117,2148,0.0001605342435704718
2117,2135,0.0020449329718350263
2117,2133,0.0015174964133097299
2117,2132,1.7836727145500008e-05
2117,2116,0.11075535555646604
2117,2115,3.896065975845311e-05
2117,2162,0.00020487405253323331
2116,2148,0.0002199771252333808
2116,2135,0.0002041099522210476
2116,2133,0.0026609943899752507
2116,2132,5.06483142910667e-05
2116,2115,0.00207786787289289
2135,2148,0.00059796090912485
2135,2133,9.758553428678873e-05
2135,2115,0.00025013777155298
2135,2162,0.0005102661667671167
2133,2224,7.5266817440647406e-06
2133,2161,1.5068878693966495e-05
2133,2148,0.08417401153653943
2133,2147,0.001959981882720197
2133,2132,0.29479518026426027
2133,2115,0.23604818227612406
2133,2162,0.0003634314865098167
2115,2148,0.00032003586663735317
2115,2132,0.024225011338058294
2148,2147,0.0009027961545363248
2148,2132,0.002113428624453054
2132,2147,0.3407420295848939
2222,2241,0.0016059074363355662
2222,2237,0.002880401686043542
2222,2224,0.011146605356698128
2222,2223,0.011055518482747013
2222,2217,9.831428642623278e-05
2222,2206,0.0006920000383128978
2222,2205,4.221893782608181e-05
2222,2204,1.765980183170114e-05
2156,2171,0.0005680694707358726
2156,2190,0.000172730196230549
2171,2206,0.00015551427097704998
2171,2205,0.00023028403595506792
2171,2190,0.001880907140955188
2171,2182,0.001971434779872825
2163,2162,0.08805597750242682
2163,2161,0.00319546812761775
2163,2147,0.0006545945429679251
2162,2161,0.014469740631400116
2162,2147,0.0011779434926573167
2161,2205,3.299434503887368e-05
2224,2241,0.0016560390858251142
2224,2240,7.144583467327142e-05
2224,2237,0.022058844116281038
2224,2223,0.1488283984574063
2224,2217,0.037224476723655114
2224,2206,0.013598769688321211
2224,2205,0.08178542201455982
2224,2204,0.00013825223268126667
2224,2190,1.55792077541406e-05
2183,2184,0.01969418483009807
2223,2241,0.00014496985691430967
2223,2240,0.0001307306785279323
2223,2237,0.0006774359473652504
2223,2217,0.0031210180656450217
2223,2206,0.00047874900879871365
2223,2205,0.006951345040902606
2223,2204,0.0001804887275091008
2206,2217,0.016232221948100017
2206,2207,0.10052304964736747
2206,2205,0.18829188835655125
2206,2204,0.0016565625651764504
2206,2199,0.016747693107302876
2206,2191,3.5117036766849286e-05
2206,2190,0.0010349113137859012
2217,2237,0.0008619329100596952
2217,2207,0.00044741361829014816
2217,2205,0.10633891485365671
2217,2204,0.005316360052828941
2217,2190,2.924882089587067e-05
2217,2199,0.0001385479809186375
2205,2237,1.7537377916733685e-05
2205,2207,0.005838946384941828
2205,2204,0.029205597372643246
2205,2190,0.006346073292575395
2205,2199,0.00020384874800727498
2204,2190,9.969091762090172e-05
2204,2207,0.0002068834668558125
2190,2199,0.00029804825814557195
2190,2191,0.11810975576108863
2190,2182,0.16433789209613264
2190,2207,0.00020604845473401248
2191,2199,0.007149097148244651
2241,2240,0.0919262771060621
2199,2207,0.0077820605562652
2232,2239,0.01640282511806615
2232,2210,0.00128872605502455
2239,2238,0.004236103589985966
2234,2244,0.0146912526266116
2244,2246,0.0109958204948736
