scope,region,model,realization,eta,louvain_seed,Q,communities,retention,downstream_retention,memberships,downstream_memberships,same,downstream_same
full,shanxi,observed,-1,0.1,12345,0.9713638876249205,12,,,,,,
full,shanxi,observed,-1,0.5,3,0.9376287137768389,23,,,,,,
full,shanxi,observed,-1,1.0,14,0.9092015407588165,31,,,,,,
full,shanxi,observed,-1,1.5,14,0.8870197804412459,38,,,,,,
full,shanxi,observed,-1,2.0,18,0.8687298704720358,42,,,,,,
full,shanxi,observed,-1,3.0,12345,0.8364315561397089,49,,,,,,
full,shanxi,M_SR,0,0.1,5,0.9682259563258664,11,,,,,,
full,shanxi,M_SR,0,0.5,5,0.9246091838227694,19,,,,,,
full,shanxi,M_SR,0,1.0,5,0.8913280662947113,30,,,,,,
full,shanxi,M_SR,0,1.5,12345,0.8699923566493001,35,,,,,,
full,shanxi,M_SR,0,2.0,7,0.8512508663864563,39,,,,,,
full,shanxi,M_SR,0,3.0,6,0.8201444344571848,46,,,,,,
full,shanxi,M_SR,1,0.1,2,0.9689447116618168,12,,,,,,
full,shanxi,M_SR,1,0.5,3,0.9252289083984309,21,,,,,,
full,shanxi,M_SR,1,1.0,12,0.8932270192737266,29,,,,,,
full,shanxi,M_SR,1,1.5,8,0.8685750312663224,36,,,,,,
full,shanxi,M_SR,1,2.0,8,0.8493119747990115,37,,,,,,
full,shanxi,M_SR,1,3.0,8,0.8134767926035793,45,,,,,,
full,shanxi,M_SR,2,0.1,10,0.9652368728378267,10,,,,,,
full,shanxi,M_SR,2,0.5,15,0.9228688136125504,23,,,,,,
full,shanxi,M_SR,2,1.0,12345,0.8906741047707502,29,,,,,,
full,shanxi,M_SR,2,1.5,8,0.8682390772854928,35,,,,,,
full,shanxi,M_SR,2,2.0,12,0.8494989382460502,42,,,,,,
full,shanxi,M_SR,2,3.0,12,0.8168558684106274,50,,,,,,
full,shanxi,M_SR,3,0.1,2,0.9665186858660268,11,,,,,,
full,shanxi,M_SR,3,0.5,15,0.9177864300933827,24,,,,,,
full,shanxi,M_SR,3,1.0,5,0.8897166138616763,29,,,,,,
full,shanxi,M_SR,3,1.5,12345,0.8651230763197186,33,,,,,,
full,shanxi,M_SR,3,2.0,9,0.8444820164482972,39,,,,,,
full,shanxi,M_SR,3,3.0,14,0.8101784461575892,45,,,,,,
full,shanxi,M_SR,4,0.1,18,0.9652698885043879,13,,,,,,
full,shanxi,M_SR,4,0.5,12,0.9211806595450694,21,,,,,,
full,shanxi,M_SR,4,1.0,12345,0.8908796004781905,29,,,,,,
full,shanxi,M_SR,4,1.5,4,0.867856960520779,36,,,,,,
full,shanxi,M_SR,4,2.0,6,0.8477839929884037,40,,,,,,
full,shanxi,M_SR,4,3.0,19,0.813120002845386,49,,,,,,
full,shanxi,M_SR,5,0.1,14,0.965970198047257,12,,,,,,
full,shanxi,M_SR,5,0.5,18,0.9242638886799559,25,,,,,,
full,shanxi,M_SR,5,1.0,1,0.8962943911132956,30,,,,,,
full,shanxi,M_SR,5,1.5,2,0.8753690575539838,37,,,,,,
full,shanxi,M_SR,5,2.0,11,0.8572279065144769,41,,,,,,
full,shanxi,M_SR,5,3.0,2,0.8230765710315321,48,,,,,,
full,shanxi,M_SR,6,0.1,14,0.9618362513290878,10,,,,,,
full,shanxi,M_SR,6,0.5,8,0.9167693556408443,21,,,,,,
full,shanxi,M_SR,6,1.0,15,0.8858477197659486,29,,,,,,
full,shanxi,M_SR,6,1.5,10,0.8648027503001104,36,,,,,,
full,shanxi,M_SR,6,2.0,10,0.8463562016207562,39,,,,,,
full,shanxi,M_SR,6,3.0,4,0.8113418303914134,45,,,,,,
full,shanxi,M_SR,7,0.1,1,0.9678008365934105,11,,,,,,
full,shanxi,M_SR,7,0.5,18,0.9239529237219333,20,,,,,,
full,shanxi,M_SR,7,1.0,18,0.896116812139618,30,,,,,,
full,shanxi,M_SR,7,1.5,10,0.873143235161883,34,,,,,,
full,shanxi,M_SR,7,2.0,4,0.8534196231608024,39,,,,,,
full,shanxi,M_SR,7,3.0,8,0.8191979745815497,47,,,,,,
full,shanxi,M_SR,8,0.1,2,0.965559006333674,10,,,,,,
full,shanxi,M_SR,8,0.5,1,0.9197493435385207,21,,,,,,
full,shanxi,M_SR,8,1.0,19,0.8873411672083384,30,,,,,,
full,shanxi,M_SR,8,1.5,3,0.8636636671560454,39,,,,,,
full,shanxi,M_SR,8,2.0,8,0.8450110191831465,43,,,,,,
full,shanxi,M_SR,8,3.0,9,0.814143655066203,50,,,,,,
full,shanxi,M_SR,9,0.1,14,0.9654503948805534,11,,,,,,
full,shanxi,M_SR,9,0.5,9,0.9208878908985276,20,,,,,,
full,shanxi,M_SR,9,1.0,15,0.8903037268314269,31,,,,,,
full,shanxi,M_SR,9,1.5,15,0.8664121713398605,35,,,,,,
full,shanxi,M_SR,9,2.0,15,0.846266868055331,42,,,,,,
full,shanxi,M_SR,9,3.0,9,0.812961393566301,50,,,,,,
full,shanxi,M_SR,10,0.1,6,0.9657870894633487,10,,,,,,
full,shanxi,M_SR,10,0.5,16,0.9199871827719014,23,,,,,,
full,shanxi,M_SR,10,1.0,2,0.8903902955557615,30,,,,,,
full,shanxi,M_SR,10,1.5,6,0.8686782860166197,39,,,,,,
full,shanxi,M_SR,10,2.0,6,0.8494759216946882,43,,,,,,
full,shanxi,M_SR,10,3.0,16,0.818721882376215,53,,,,,,
full,shanxi,M_SR,11,0.1,2,0.966751448159072,12,,,,,,
full,shanxi,M_SR,11,0.5,5,0.9176580671209981,20,,,,,,
full,shanxi,M_SR,11,1.0,16,0.8843353546919778,28,,,,,,
full,shanxi,M_SR,11,1.5,19,0.861124126371156,38,,,,,,
full,shanxi,M_SR,11,2.0,12345,0.8419548324008622,40,,,,,,
full,shanxi,M_SR,11,3.0,12,0.8107506570634132,47,,,,,,
full,shanxi,M_SR,12,0.1,5,0.9662818910859728,10,,,,,,
full,shanxi,M_SR,12,0.5,17,0.9245619352458808,22,,,,,,
full,shanxi,M_SR,12,1.0,1,0.8961554600283682,32,,,,,,
full,shanxi,M_SR,12,1.5,7,0.8732810995280268,37,,,,,,
full,shanxi,M_SR,12,2.0,9,0.8535481622611032,39,,,,,,
full,shanxi,M_SR,12,3.0,6,0.8186598992405189,51,,,,,,
full,shanxi,M_SR,13,0.1,2,0.9672628127424037,10,,,,,,
full,shanxi,M_SR,13,0.5,18,0.9259123629307725,23,,,,,,
full,shanxi,M_SR,13,1.0,1,0.8953388901034792,29,,,,,,
full,shanxi,M_SR,13,1.5,19,0.873852710980883,36,,,,,,
full,shanxi,M_SR,13,2.0,15,0.8541149062089759,37,,,,,,
full,shanxi,M_SR,13,3.0,12,0.8211360110898307,49,,,,,,
full,shanxi,M_SR,14,0.1,19,0.9650101605410079,12,,,,,,
full,shanxi,M_SR,14,0.5,14,0.9221253333163346,22,,,,,,
full,shanxi,M_SR,14,1.0,18,0.8859833387927597,29,,,,,,
full,shanxi,M_SR,14,1.5,3,0.8628856346684289,34,,,,,,
full,shanxi,M_SR,14,2.0,4,0.843472266579324,38,,,,,,
full,shanxi,M_SR,14,3.0,14,0.8089822585346503,44,,,,,,
full,shanxi,M_SR,15,0.1,12345,0.968183913835848,11,,,,,,
full,shanxi,M_SR,15,0.5,3,0.9270205824847293,24,,,,,,
full,shanxi,M_SR,15,1.0,14,0.8962043120732116,29,,,,,,
full,shanxi,M_SR,15,1.5,19,0.8715545253736776,36,,,,,,
full,shanxi,M_SR,15,2.0,1,0.8516713905950744,40,,,,,,
full,shanxi,M_SR,15,3.0,14,0.8202994511177959,46,,,,,,
full,shanxi,M_SR,16,0.1,6,0.9688763182523235,12,,,,,,
full,shanxi,M_SR,16,0.5,12345,0.9255285213640415,21,,,,,,
full,shanxi,M_SR,16,1.0,3,0.8922837462146362,29,,,,,,
full,shanxi,M_SR,16,1.5,5,0.8656900433685965,33,,,,,,
full,shanxi,M_SR,16,2.0,5,0.8440880671819071,38,,,,,,
full,shanxi,M_SR,16,3.0,16,0.8079740548215049,45,,,,,,
full,shanxi,M_SR,17,0.1,11,0.9677948304162441,11,,,,,,
full,shanxi,M_SR,17,0.5,11,0.9241653971782412,21,,,,,,
full,shanxi,M_SR,17,1.0,14,0.8956028860911228,33,,,,,,
full,shanxi,M_SR,17,1.5,15,0.8737858208728072,38,,,,,,
full,shanxi,M_SR,17,2.0,13,0.8545102136703755,42,,,,,,
full,shanxi,M_SR,17,3.0,17,0.8216005006963969,47,,,,,,
full,shanxi,M_SR,18,0.1,2,0.9646728819073078,8,,,,,,
full,shanxi,M_SR,18,0.5,3,0.920852148344217,21,,,,,,
full,shanxi,M_SR,18,1.0,7,0.8856672369439165,28,,,,,,
full,shanxi,M_SR,18,1.5,18,0.8613756182019386,33,,,,,,
full,shanxi,M_SR,18,2.0,3,0.8402556435078539,38,,,,,,
full,shanxi,M_SR,18,3.0,12,0.8077739700067327,47,,,,,,
full,shanxi,M_SR,19,0.1,14,0.9657277398811912,9,,,,,,
full,shanxi,M_SR,19,0.5,9,0.9179103116811428,19,,,,,,
full,shanxi,M_SR,19,1.0,14,0.8886562516949617,29,,,,,,
full,shanxi,M_SR,19,1.5,9,0.86678925521587,34,,,,,,
full,shanxi,M_SR,19,2.0,13,0.8479067863765818,43,,,,,,
full,shanxi,M_SR,19,3.0,3,0.8155869475468728,48,,,,,,
full,shanxi,M_SR,20,0.1,5,0.9638680350441771,12,,,,,,
full,shanxi,M_SR,20,0.5,11,0.9186068060533011,21,,,,,,
full,shanxi,M_SR,20,1.0,7,0.882889045527394,29,,,,,,
full,shanxi,M_SR,20,1.5,10,0.8576556631467562,37,,,,,,
full,shanxi,M_SR,20,2.0,6,0.8372620800422927,41,,,,,,
full,shanxi,M_SR,20,3.0,19,0.8015937208803752,47,,,,,,
full,shanxi,M_SR,21,0.1,16,0.9655677766021702,11,,,,,,
full,shanxi,M_SR,21,0.5,7,0.9193570887561746,21,,,,,,
full,shanxi,M_SR,21,1.0,8,0.8836532722573129,26,,,,,,
full,shanxi,M_SR,21,1.5,12,0.8592985308193772,35,,,,,,
full,shanxi,M_SR,21,2.0,18,0.838773258718482,40,,,,,,
full,shanxi,M_SR,21,3.0,5,0.806330923762486,52,,,,,,
full,shanxi,M_SR,22,0.1,15,0.9652721190552171,12,,,,,,
full,shanxi,M_SR,22,0.5,13,0.924897804044291,27,,,,,,
full,shanxi,M_SR,22,1.0,12,0.8914912132722038,31,,,,,,
full,shanxi,M_SR,22,1.5,16,0.8676165112849092,42,,,,,,
full,shanxi,M_SR,22,2.0,10,0.8460968551686621,44,,,,,,
full,shanxi,M_SR,22,3.0,11,0.8080911907104559,49,,,,,,
full,shanxi,M_SR,23,0.1,5,0.9651804488718552,11,,,,,,
full,shanxi,M_SR,23,0.5,19,0.9180523363677338,21,,,,,,
full,shanxi,M_SR,23,1.0,3,0.8851889010784423,30,,,,,,
full,shanxi,M_SR,23,1.5,11,0.8618804605877254,35,,,,,,
full,shanxi,M_SR,23,2.0,4,0.8422082035248861,38,,,,,,
full,shanxi,M_SR,23,3.0,12345,0.8082598179041786,47,,,,,,
full,shanxi,M_SR,24,0.1,12345,0.9656402849352811,11,,,,,,
full,shanxi,M_SR,24,0.5,5,0.92243202409938,20,,,,,,
full,shanxi,M_SR,24,1.0,6,0.8863168377367472,27,,,,,,
full,shanxi,M_SR,24,1.5,5,0.8615957907667428,33,,,,,,
full,shanxi,M_SR,24,2.0,9,0.8411115090540425,39,,,,,,
full,shanxi,M_SR,24,3.0,1,0.807496047798654,48,,,,,,
full,shanxi,M_SR,25,0.1,2,0.9673767161499333,9,,,,,,
full,shanxi,M_SR,25,0.5,7,0.9232503564314882,20,,,,,,
full,shanxi,M_SR,25,1.0,10,0.8930425058240089,30,,,,,,
full,shanxi,M_SR,25,1.5,11,0.8686600425132046,36,,,,,,
full,shanxi,M_SR,25,2.0,19,0.8498537195662601,38,,,,,,
full,shanxi,M_SR,25,3.0,11,0.816621858998138,47,,,,,,
full,shanxi,M_SR,26,0.1,10,0.9653816281753265,10,,,,,,
full,shanxi,M_SR,26,0.5,7,0.9183434234662776,21,,,,,,
full,shanxi,M_SR,26,1.0,12,0.8848526880964772,27,,,,,,
full,shanxi,M_SR,26,1.5,10,0.8612650104100977,35,,,,,,
full,shanxi,M_SR,26,2.0,7,0.8432890782514066,40,,,,,,
full,shanxi,M_SR,26,3.0,10,0.8138656989483622,47,,,,,,
full,shanxi,M_SR,27,0.1,5,0.9635699133811811,11,,,,,,
full,shanxi,M_SR,27,0.5,4,0.9219596681860385,25,,,,,,
full,shanxi,M_SR,27,1.0,12,0.8915668034558556,28,,,,,,
full,shanxi,M_SR,27,1.5,4,0.8668695147124802,36,,,,,,
full,shanxi,M_SR,27,2.0,2,0.84711624698368,40,,,,,,
full,shanxi,M_SR,27,3.0,12345,0.8100763608038246,46,,,,,,
full,shanxi,M_SR,28,0.1,5,0.9646359107162418,10,,,,,,
full,shanxi,M_SR,28,0.5,17,0.920975991880854,20,,,,,,
full,shanxi,M_SR,28,1.0,17,0.8911521751244695,27,,,,,,
full,shanxi,M_SR,28,1.5,3,0.867812282991557,33,,,,,,
full,shanxi,M_SR,28,2.0,1,0.8490084023704892,39,,,,,,
full,shanxi,M_SR,28,3.0,9,0.8160448015326214,47,,,,,,
full,shanxi,M_SR,29,0.1,8,0.965686093935776,12,,,,,,
full,shanxi,M_SR,29,0.5,14,0.9217422115472442,21,,,,,,
full,shanxi,M_SR,29,1.0,18,0.8929866525374704,32,,,,,,
full,shanxi,M_SR,29,1.5,6,0.8715060349594482,35,,,,,,
full,shanxi,M_SR,29,2.0,18,0.8527442631229449,39,,,,,,
full,shanxi,M_SR,29,3.0,11,0.8192427110445917,47,,,,,,
full,shanxi,M_SR,30,0.1,7,0.9658948431259103,11,,,,,,
full,shanxi,M_SR,30,0.5,15,0.9263313371848004,22,,,,,,
full,shanxi,M_SR,30,1.0,18,0.8949169367876799,29,,,,,,
full,shanxi,M_SR,30,1.5,1,0.8706080121655002,33,,,,,,
full,shanxi,M_SR,30,2.0,8,0.8497643726999923,38,,,,,,
full,shanxi,M_SR,30,3.0,8,0.8144112448032286,48,,,,,,
full,shanxi,M_SR,31,0.1,6,0.9658642919664185,10,,,,,,
full,shanxi,M_SR,31,0.5,8,0.9210266315404687,23,,,,,,
full,shanxi,M_SR,31,1.0,13,0.8900381399794645,29,,,,,,
full,shanxi,M_SR,31,1.5,8,0.8666502178860421,35,,,,,,
full,shanxi,M_SR,31,2.0,6,0.8470135463673679,38,,,,,,
full,shanxi,M_SR,31,3.0,1,0.8108062524797466,46,,,,,,
full,shanxi,M_SR,32,0.1,13,0.9656321744254145,11,,,,,,
full,shanxi,M_SR,32,0.5,1,0.9202257311022995,23,,,,,,
full,shanxi,M_SR,32,1.0,12345,0.8890157427506827,28,,,,,,
full,shanxi,M_SR,32,1.5,10,0.8643511183030756,36,,,,,,
full,shanxi,M_SR,32,2.0,19,0.8452845050482524,38,,,,,,
full,shanxi,M_SR,32,3.0,19,0.8117479296603541,47,,,,,,
full,shanxi,M_SR,33,0.1,3,0.9660787787061981,9,,,,,,
full,shanxi,M_SR,33,0.5,10,0.9215771550104179,22,,,,,,
full,shanxi,M_SR,33,1.0,7,0.8951299143036632,33,,,,,,
full,shanxi,M_SR,33,1.5,12345,0.8760409296246753,39,,,,,,
full,shanxi,M_SR,33,2.0,19,0.8579547725769975,42,,,,,,
full,shanxi,M_SR,33,3.0,10,0.8243504426476793,47,,,,,,
full,shanxi,M_SR,34,0.1,3,0.9622766431181987,12,,,,,,
full,shanxi,M_SR,34,0.5,19,0.9173797697949733,21,,,,,,
full,shanxi,M_SR,34,1.0,15,0.8836730621862916,30,,,,,,
full,shanxi,M_SR,34,1.5,4,0.8602213055898037,34,,,,,,
full,shanxi,M_SR,34,2.0,3,0.8419507775813893,40,,,,,,
full,shanxi,M_SR,34,3.0,4,0.8101384441943804,46,,,,,,
full,shanxi,M_SR,35,0.1,11,0.9681353540265398,9,,,,,,
full,shanxi,M_SR,35,0.5,2,0.9248321940152895,21,,,,,,
full,shanxi,M_SR,35,1.0,10,0.8930933341653531,30,,,,,,
full,shanxi,M_SR,35,1.5,18,0.869924191321676,33,,,,,,
full,shanxi,M_SR,35,2.0,9,0.849612955914996,37,,,,,,
full,shanxi,M_SR,35,3.0,8,0.8155121349753088,49,,,,,,
full,shanxi,M_SR,36,0.1,3,0.964436478603714,10,,,,,,
full,shanxi,M_SR,36,0.5,1,0.919013221312891,24,,,,,,
full,shanxi,M_SR,36,1.0,18,0.8902106762235379,29,,,,,,
full,shanxi,M_SR,36,1.5,2,0.8657634836238222,33,,,,,,
full,shanxi,M_SR,36,2.0,13,0.8442136307436701,40,,,,,,
full,shanxi,M_SR,36,3.0,18,0.8094151912288449,49,,,,,,
full,shanxi,M_SR,37,0.1,15,0.965188930422415,12,,,,,,
full,shanxi,M_SR,37,0.5,4,0.9213243044285782,19,,,,,,
full,shanxi,M_SR,37,1.0,15,0.8867483197509801,29,,,,,,
full,shanxi,M_SR,37,1.5,4,0.8628226400424039,35,,,,,,
full,shanxi,M_SR,37,2.0,2,0.8422409074096228,38,,,,,,
full,shanxi,M_SR,37,3.0,16,0.8086172388186322,43,,,,,,
full,shanxi,M_SR,38,0.1,12345,0.9688920456668343,12,,,,,,
full,shanxi,M_SR,38,0.5,4,0.925107147984046,22,,,,,,
full,shanxi,M_SR,38,1.0,10,0.8934955742826751,29,,,,,,
full,shanxi,M_SR,38,1.5,3,0.8691158244958072,37,,,,,,
full,shanxi,M_SR,38,2.0,9,0.8509209860491406,40,,,,,,
full,shanxi,M_SR,38,3.0,1,0.8184981109667384,48,,,,,,
full,shanxi,M_SR,39,0.1,12345,0.9689274816856632,10,,,,,,
full,shanxi,M_SR,39,0.5,17,0.9233191250039602,19,,,,,,
full,shanxi,M_SR,39,1.0,4,0.8868151935763415,27,,,,,,
full,shanxi,M_SR,39,1.5,4,0.8596753846567833,34,,,,,,
full,shanxi,M_SR,39,2.0,5,0.8394061426481365,40,,,,,,
full,shanxi,M_SR,39,3.0,12345,0.8063117117628555,48,,,,,,
full,shanxi,M_SR,40,0.1,12345,0.9688409658072651,14,,,,,,
full,shanxi,M_SR,40,0.5,9,0.9302521362137919,23,,,,,,
full,shanxi,M_SR,40,1.0,13,0.8957764083725597,31,,,,,,
full,shanxi,M_SR,40,1.5,15,0.8729973374021298,35,,,,,,
full,shanxi,M_SR,40,2.0,17,0.8524444169553879,37,,,,,,
full,shanxi,M_SR,40,3.0,12345,0.8195508333367664,47,,,,,,
full,shanxi,M_SR,41,0.1,14,0.9640528623863329,10,,,,,,
full,shanxi,M_SR,41,0.5,13,0.9195383959439332,21,,,,,,
full,shanxi,M_SR,41,1.0,1,0.8913866036711496,32,,,,,,
full,shanxi,M_SR,41,1.5,5,0.870530764366996,33,,,,,,
full,shanxi,M_SR,41,2.0,5,0.8512499060280314,38,,,,,,
full,shanxi,M_SR,41,3.0,8,0.8164877490028402,44,,,,,,
full,shanxi,M_SR,42,0.1,12345,0.9679062976317813,12,,,,,,
full,shanxi,M_SR,42,0.5,9,0.9227144314488451,20,,,,,,
full,shanxi,M_SR,42,1.0,3,0.8920726475047407,28,,,,,,
full,shanxi,M_SR,42,1.5,3,0.8705034390675217,39,,,,,,
full,shanxi,M_SR,42,2.0,4,0.8508955216518359,42,,,,,,
full,shanxi,M_SR,42,3.0,2,0.8161177774549625,49,,,,,,
full,shanxi,M_SR,43,0.1,12345,0.9646252738333823,12,,,,,,
full,shanxi,M_SR,43,0.5,2,0.9203303573531812,24,,,,,,
full,shanxi,M_SR,43,1.0,2,0.8884268869485822,31,,,,,,
full,shanxi,M_SR,43,1.5,1,0.8640852541596822,38,,,,,,
full,shanxi,M_SR,43,2.0,19,0.8437536762244803,45,,,,,,
full,shanxi,M_SR,43,3.0,12,0.8115254288557883,47,,,,,,
full,shanxi,M_SR,44,0.1,8,0.9644871716457997,12,,,,,,
full,shanxi,M_SR,44,0.5,18,0.9197297580109758,21,,,,,,
full,shanxi,M_SR,44,1.0,1,0.8903243166127911,31,,,,,,
full,shanxi,M_SR,44,1.5,12,0.8689364243504856,36,,,,,,
full,shanxi,M_SR,44,2.0,12345,0.8499773299361834,38,,,,,,
full,shanxi,M_SR,44,3.0,12345,0.8152344795512383,46,,,,,,
full,shanxi,M_SR,45,0.1,1,0.9641710368221006,11,,,,,,
full,shanxi,M_SR,45,0.5,14,0.9215050465957113,22,,,,,,
full,shanxi,M_SR,45,1.0,15,0.8892938483622268,28,,,,,,
full,shanxi,M_SR,45,1.5,3,0.8664948837656931,34,,,,,,
full,shanxi,M_SR,45,2.0,3,0.8463151397447743,38,,,,,,
full,shanxi,M_SR,45,3.0,10,0.810571856029646,45,,,,,,
full,shanxi,M_SR,46,0.1,18,0.9647352962296902,10,,,,,,
full,shanxi,M_SR,46,0.5,13,0.920647367383454,20,,,,,,
full,shanxi,M_SR,46,1.0,13,0.8877557731851219,29,,,,,,
full,shanxi,M_SR,46,1.5,18,0.8636433155725343,35,,,,,,
full,shanxi,M_SR,46,2.0,19,0.8425728852348977,41,,,,,,
full,shanxi,M_SR,46,3.0,19,0.8080104791405059,43,,,,,,
full,shanxi,M_SR,47,0.1,18,0.9656209262158583,9,,,,,,
full,shanxi,M_SR,47,0.5,3,0.9247803770062363,23,,,,,,
full,shanxi,M_SR,47,1.0,9,0.8924997652140385,26,,,,,,
full,shanxi,M_SR,47,1.5,14,0.8678870747659969,33,,,,,,
full,shanxi,M_SR,47,2.0,14,0.8480604025323607,37,,,,,,
full,shanxi,M_SR,47,3.0,18,0.8124399900187655,46,,,,,,
full,shanxi,M_SR,48,0.1,12,0.9638432862407049,10,,,,,,
full,shanxi,M_SR,48,0.5,7,0.9210449687674979,21,,,,,,
full,shanxi,M_SR,48,1.0,7,0.8890272064515412,28,,,,,,
full,shanxi,M_SR,48,1.5,3,0.8668468351582654,36,,,,,,
full,shanxi,M_SR,48,2.0,3,0.8479221164130064,41,,,,,,
full,shanxi,M_SR,48,3.0,7,0.8152997546529334,44,,,,,,
full,shanxi,M_SR,49,0.1,11,0.9663527447971739,11,,,,,,
full,shanxi,M_SR,49,0.5,7,0.9261979027105312,20,,,,,,
full,shanxi,M_SR,49,1.0,12345,0.8919979435232192,27,,,,,,
full,shanxi,M_SR,49,1.5,6,0.869118880315209,34,,,,,,
full,shanxi,M_SR,49,2.0,12,0.8484939525930968,39,,,,,,
full,shanxi,M_SR,49,3.0,4,0.8151408255393561,47,,,,,,
full,shanxi,M_SR,50,0.1,12345,0.9685350314038536,11,,,,,,
full,shanxi,M_SR,50,0.5,7,0.9251440139433051,20,,,,,,
full,shanxi,M_SR,50,1.0,5,0.8929951855873832,27,,,,,,
full,shanxi,M_SR,50,1.5,3,0.867969352900369,31,,,,,,
full,shanxi,M_SR,50,2.0,4,0.8480299376415766,35,,,,,,
full,shanxi,M_SR,50,3.0,1,0.8132744955631424,45,,,,,,
full,shanxi,M_SR,51,0.1,9,0.9679883199588962,10,,,,,,
full,shanxi,M_SR,51,0.5,7,0.9208384451314703,23,,,,,,
full,shanxi,M_SR,51,1.0,9,0.8852537506135959,29,,,,,,
full,shanxi,M_SR,51,1.5,14,0.8599205136471768,35,,,,,,
full,shanxi,M_SR,51,2.0,6,0.8375939020186148,37,,,,,,
full,shanxi,M_SR,51,3.0,9,0.8014332968089254,46,,,,,,
full,shanxi,M_SR,52,0.1,8,0.9649499049704523,13,,,,,,
full,shanxi,M_SR,52,0.5,1,0.9235162886677828,23,,,,,,
full,shanxi,M_SR,52,1.0,16,0.8891003983226227,30,,,,,,
full,shanxi,M_SR,52,1.5,17,0.8654659348540168,36,,,,,,
full,shanxi,M_SR,52,2.0,19,0.8453694333778129,39,,,,,,
full,shanxi,M_SR,52,3.0,6,0.8112508087914183,48,,,,,,
full,shanxi,M_SR,53,0.1,19,0.9688765091199645,12,,,,,,
full,shanxi,M_SR,53,0.5,12,0.926549479815773,23,,,,,,
full,shanxi,M_SR,53,1.0,10,0.8982035664420013,31,,,,,,
full,shanxi,M_SR,53,1.5,17,0.8771623840008962,37,,,,,,
full,shanxi,M_SR,53,2.0,17,0.8577284299827544,42,,,,,,
full,shanxi,M_SR,53,3.0,9,0.823176343441839,45,,,,,,
full,shanxi,M_SR,54,0.1,4,0.9650492453462001,11,,,,,,
full,shanxi,M_SR,54,0.5,11,0.9235394937543567,22,,,,,,
full,shanxi,M_SR,54,1.0,1,0.8921595934377841,31,,,,,,
full,shanxi,M_SR,54,1.5,4,0.8683665633663623,34,,,,,,
full,shanxi,M_SR,54,2.0,16,0.8485838737730214,41,,,,,,
full,shanxi,M_SR,54,3.0,6,0.8157981467079122,48,,,,,,
full,shanxi,M_SR,55,0.1,2,0.967216192520769,10,,,,,,
full,shanxi,M_SR,55,0.5,7,0.9254298988946408,22,,,,,,
full,shanxi,M_SR,55,1.0,17,0.8933014743676859,28,,,,,,
full,shanxi,M_SR,55,1.5,15,0.8693007150271523,34,,,,,,
full,shanxi,M_SR,55,2.0,12,0.8481638919568271,41,,,,,,
full,shanxi,M_SR,55,3.0,6,0.8138342872066869,47,,,,,,
full,shanxi,M_SR,56,0.1,3,0.96159772592715,11,,,,,,
full,shanxi,M_SR,56,0.5,12,0.9209093583876189,22,,,,,,
full,shanxi,M_SR,56,1.0,12345,0.8893449107519402,27,,,,,,
full,shanxi,M_SR,56,1.5,12345,0.8639072845422207,35,,,,,,
full,shanxi,M_SR,56,2.0,14,0.842153296418139,39,,,,,,
full,shanxi,M_SR,56,3.0,14,0.8030901333091192,48,,,,,,
full,shanxi,M_SR,57,0.1,12345,0.9694830414661442,11,,,,,,
full,shanxi,M_SR,57,0.5,4,0.9217254815543668,22,,,,,,
full,shanxi,M_SR,57,1.0,15,0.8870949947779917,29,,,,,,
full,shanxi,M_SR,57,1.5,18,0.8631387878293794,32,,,,,,
full,shanxi,M_SR,57,2.0,17,0.8416216162614581,37,,,,,,
full,shanxi,M_SR,57,3.0,10,0.8054289221987602,44,,,,,,
full,shanxi,M_SR,58,0.1,1,0.9632970903919154,9,,,,,,
full,shanxi,M_SR,58,0.5,12345,0.9206965844353867,23,,,,,,
full,shanxi,M_SR,58,1.0,16,0.8909857040963862,31,,,,,,
full,shanxi,M_SR,58,1.5,3,0.8675437461801048,37,,,,,,
full,shanxi,M_SR,58,2.0,2,0.8459888263986772,40,,,,,,
full,shanxi,M_SR,58,3.0,14,0.8116785338985721,48,,,,,,
full,shanxi,M_SR,59,0.1,17,0.9670046501156631,12,,,,,,
full,shanxi,M_SR,59,0.5,8,0.9193605435793242,21,,,,,,
full,shanxi,M_SR,59,1.0,18,0.8904269000270391,31,,,,,,
full,shanxi,M_SR,59,1.5,17,0.8686334020701088,37,,,,,,
full,shanxi,M_SR,59,2.0,17,0.849935948218226,40,,,,,,
full,shanxi,M_SR,59,3.0,17,0.8158080417861158,47,,,,,,
full,shanxi,M_SR,60,0.1,14,0.9667541609005993,9,,,,,,
full,shanxi,M_SR,60,0.5,12345,0.9218090649501438,20,,,,,,
full,shanxi,M_SR,60,1.0,1,0.8866089172880637,26,,,,,,
full,shanxi,M_SR,60,1.5,17,0.8605985097816737,29,,,,,,
full,shanxi,M_SR,60,2.0,4,0.838336205903746,36,,,,,,
full,shanxi,M_SR,60,3.0,12345,0.803420964481775,42,,,,,,
full,shanxi,M_SR,61,0.1,12,0.9671056322531849,11,,,,,,
full,shanxi,M_SR,61,0.5,6,0.9219367480991434,20,,,,,,
full,shanxi,M_SR,61,1.0,5,0.8878086668491396,27,,,,,,
full,shanxi,M_SR,61,1.5,14,0.8649638392345113,36,,,,,,
full,shanxi,M_SR,61,2.0,9,0.8462025981694344,41,,,,,,
full,shanxi,M_SR,61,3.0,9,0.8140668625495384,49,,,,,,
full,shanxi,M_SR,62,0.1,10,0.9647531625871049,10,,,,,,
full,shanxi,M_SR,62,0.5,2,0.9224582408258268,22,,,,,,
full,shanxi,M_SR,62,1.0,6,0.8938445498235197,30,,,,,,
full,shanxi,M_SR,62,1.5,12,0.8713511644874015,33,,,,,,
full,shanxi,M_SR,62,2.0,12,0.8517497157164408,37,,,,,,
full,shanxi,M_SR,62,3.0,12,0.8163566655745372,45,,,,,,
full,shanxi,M_SR,63,0.1,17,0.9671737882800459,10,,,,,,
full,shanxi,M_SR,63,0.5,12,0.9226902201320275,23,,,,,,
full,shanxi,M_SR,63,1.0,6,0.8878216938819016,32,,,,,,
full,shanxi,M_SR,63,1.5,5,0.8651038724910769,36,,,,,,
full,shanxi,M_SR,63,2.0,10,0.8463400969618378,39,,,,,,
full,shanxi,M_SR,63,3.0,19,0.8153954696306396,48,,,,,,
full,shanxi,M_SR,64,0.1,12345,0.9646376914042523,11,,,,,,
full,shanxi,M_SR,64,0.5,16,0.9194579232130288,24,,,,,,
full,shanxi,M_SR,64,1.0,2,0.8886752933648178,30,,,,,,
full,shanxi,M_SR,64,1.5,12,0.8641418978811046,34,,,,,,
full,shanxi,M_SR,64,2.0,2,0.842645582525827,39,,,,,,
full,shanxi,M_SR,64,3.0,8,0.8062688501602115,48,,,,,,
full,shanxi,M_SR,65,0.1,19,0.9664491847401505,14,,,,,,
full,shanxi,M_SR,65,0.5,14,0.9244089789934704,21,,,,,,
full,shanxi,M_SR,65,1.0,6,0.8922236520369312,29,,,,,,
full,shanxi,M_SR,65,1.5,4,0.8691186753456472,37,,,,,,
full,shanxi,M_SR,65,2.0,16,0.849375190749241,42,,,,,,
full,shanxi,M_SR,65,3.0,1,0.8150534590680489,48,,,,,,
full,shanxi,M_SR,66,0.1,13,0.9671357030104104,11,,,,,,
full,shanxi,M_SR,66,0.5,4,0.9275907982483647,22,,,,,,
full,shanxi,M_SR,66,1.0,3,0.8995560006209092,28,,,,,,
full,shanxi,M_SR,66,1.5,18,0.8783179098259575,35,,,,,,
full,shanxi,M_SR,66,2.0,18,0.8585679208060727,39,,,,,,
full,shanxi,M_SR,66,3.0,12,0.8223156705728423,43,,,,,,
full,shanxi,M_SR,67,0.1,6,0.9669332116465277,12,,,,,,
full,shanxi,M_SR,67,0.5,3,0.9233753459691841,22,,,,,,
full,shanxi,M_SR,67,1.0,17,0.8929941754441896,30,,,,,,
full,shanxi,M_SR,67,1.5,12345,0.8686564108964706,36,,,,,,
full,shanxi,M_SR,67,2.0,7,0.8492909330474381,41,,,,,,
full,shanxi,M_SR,67,3.0,13,0.8172060077271212,47,,,,,,
full,shanxi,M_SR,68,0.1,19,0.9677520964264525,13,,,,,,
full,shanxi,M_SR,68,0.5,10,0.9223765387504411,23,,,,,,
full,shanxi,M_SR,68,1.0,12,0.8951562137481047,32,,,,,,
full,shanxi,M_SR,68,1.5,12,0.8737823954277408,38,,,,,,
full,shanxi,M_SR,68,2.0,1,0.8546571506680709,41,,,,,,
full,shanxi,M_SR,68,3.0,6,0.8208404519560969,48,,,,,,
full,shanxi,M_SR,69,0.1,5,0.9671042348594718,10,,,,,,
full,shanxi,M_SR,69,0.5,7,0.9258514685127764,21,,,,,,
full,shanxi,M_SR,69,1.0,5,0.8954420701611534,29,,,,,,
full,shanxi,M_SR,69,1.5,8,0.8734078618730238,37,,,,,,
full,shanxi,M_SR,69,2.0,1,0.8541306850523955,39,,,,,,
full,shanxi,M_SR,69,3.0,2,0.8190735013143067,44,,,,,,
full,shanxi,M_SR,70,0.1,5,0.9609363414495197,11,,,,,,
full,shanxi,M_SR,70,0.5,8,0.9098872214708551,22,,,,,,
full,shanxi,M_SR,70,1.0,14,0.8725483226186466,28,,,,,,
full,shanxi,M_SR,70,1.5,6,0.8465062548518831,37,,,,,,
full,shanxi,M_SR,70,2.0,14,0.8267243522880035,44,,,,,,
full,shanxi,M_SR,70,3.0,1,0.7915772167220588,46,,,,,,
full,shanxi,M_SR,71,0.1,2,0.9665070992589532,12,,,,,,
full,shanxi,M_SR,71,0.5,3,0.9237541276968618,22,,,,,,
full,shanxi,M_SR,71,1.0,7,0.8926687634677002,32,,,,,,
full,shanxi,M_SR,71,1.5,12,0.8694500722759406,36,,,,,,
full,shanxi,M_SR,71,2.0,12,0.8495227948811831,41,,,,,,
full,shanxi,M_SR,71,3.0,12,0.8159810861178176,49,,,,,,
full,shanxi,M_SR,72,0.1,13,0.9635518892269697,11,,,,,,
full,shanxi,M_SR,72,0.5,12,0.9198812450657163,21,,,,,,
full,shanxi,M_SR,72,1.0,12345,0.8888984246180536,29,,,,,,
full,shanxi,M_SR,72,1.5,4,0.8650918842468406,35,,,,,,
full,shanxi,M_SR,72,2.0,10,0.8453849808462195,42,,,,,,
full,shanxi,M_SR,72,3.0,1,0.8138023363401375,51,,,,,,
full,shanxi,M_SR,73,0.1,9,0.96942325203257,10,,,,,,
full,shanxi,M_SR,73,0.5,19,0.9219712830855238,20,,,,,,
full,shanxi,M_SR,73,1.0,14,0.8855085625703235,27,,,,,,
full,shanxi,M_SR,73,1.5,14,0.8631334477406061,34,,,,,,
full,shanxi,M_SR,73,2.0,17,0.8433797152479917,38,,,,,,
full,shanxi,M_SR,73,3.0,12345,0.8096618189640047,45,,,,,,
full,shanxi,M_SR,74,0.1,3,0.9659110688887659,11,,,,,,
full,shanxi,M_SR,74,0.5,12,0.9218938093832869,23,,,,,,
full,shanxi,M_SR,74,1.0,13,0.8875804986677195,31,,,,,,
full,shanxi,M_SR,74,1.5,9,0.8656641108382171,36,,,,,,
full,shanxi,M_SR,74,2.0,7,0.8459767291366788,40,,,,,,
full,shanxi,M_SR,74,3.0,7,0.8130865364785982,46,,,,,,
full,shanxi,M_SR,75,0.1,8,0.9678251910310649,11,,,,,,
full,shanxi,M_SR,75,0.5,7,0.9231959970595743,21,,,,,,
full,shanxi,M_SR,75,1.0,6,0.8917729584012994,26,,,,,,
full,shanxi,M_SR,75,1.5,6,0.8674202306771934,31,,,,,,
full,shanxi,M_SR,75,2.0,12345,0.8448839613246089,37,,,,,,
full,shanxi,M_SR,75,3.0,11,0.8086895263837727,44,,,,,,
full,shanxi,M_SR,76,0.1,5,0.9656202127359078,11,,,,,,
full,shanxi,M_SR,76,0.5,6,0.9215851457673777,22,,,,,,
full,shanxi,M_SR,76,1.0,7,0.8912430876948919,33,,,,,,
full,shanxi,M_SR,76,1.5,19,0.8693092074794564,38,,,,,,
full,shanxi,M_SR,76,2.0,7,0.8509947877949209,45,,,,,,
full,shanxi,M_SR,76,3.0,14,0.8178075965124973,50,,,,,,
full,shanxi,M_SR,77,0.1,12345,0.9661706946606575,10,,,,,,
full,shanxi,M_SR,77,0.5,16,0.9204190419584005,19,,,,,,
full,shanxi,M_SR,77,1.0,1,0.887735779634259,31,,,,,,
full,shanxi,M_SR,77,1.5,12345,0.8624958098570976,35,,,,,,
full,shanxi,M_SR,77,2.0,18,0.8418367959982587,43,,,,,,
full,shanxi,M_SR,77,3.0,12,0.8087783649197579,51,,,,,,
full,shanxi,M_SR,78,0.1,15,0.9655349327567585,10,,,,,,
full,shanxi,M_SR,78,0.5,19,0.921165773331076,23,,,,,,
full,shanxi,M_SR,78,1.0,1,0.8889085670526016,32,,,,,,
full,shanxi,M_SR,78,1.5,19,0.8657036885582159,37,,,,,,
full,shanxi,M_SR,78,2.0,1,0.8466589776407795,43,,,,,,
full,shanxi,M_SR,78,3.0,7,0.8138646357641519,50,,,,,,
full,shanxi,M_SR,79,0.1,12345,0.9642927246536419,11,,,,,,
full,shanxi,M_SR,79,0.5,8,0.9185934859690033,22,,,,,,
full,shanxi,M_SR,79,1.0,12345,0.8886814232302507,28,,,,,,
full,shanxi,M_SR,79,1.5,12345,0.8637332422674318,31,,,,,,
full,shanxi,M_SR,79,2.0,19,0.8416330741617294,37,,,,,,
full,shanxi,M_SR,79,3.0,15,0.806138410259956,46,,,,,,
full,shanxi,M_SR,80,0.1,12345,0.9691772428117723,10,,,,,,
full,shanxi,M_SR,80,0.5,14,0.9245579391681856,20,,,,,,
full,shanxi,M_SR,80,1.0,8,0.8905001155896521,33,,,,,,
full,shanxi,M_SR,80,1.5,6,0.8683820500306504,37,,,,,,
full,shanxi,M_SR,80,2.0,16,0.8486399454736819,41,,,,,,
full,shanxi,M_SR,80,3.0,4,0.8156619244361956,48,,,,,,
full,shanxi,M_SR,81,0.1,12,0.9638401073485728,12,,,,,,
full,shanxi,M_SR,81,0.5,4,0.922404080877585,22,,,,,,
full,shanxi,M_SR,81,1.0,15,0.8912557606301793,31,,,,,,
full,shanxi,M_SR,81,1.5,15,0.8693882189926392,37,,,,,,
full,shanxi,M_SR,81,2.0,15,0.8493354806936874,41,,,,,,
full,shanxi,M_SR,81,3.0,7,0.8142867243694385,49,,,,,,
full,shanxi,M_SR,82,0.1,6,0.960143607668748,12,,,,,,
full,shanxi,M_SR,82,0.5,5,0.917152721907947,22,,,,,,
full,shanxi,M_SR,82,1.0,17,0.8858682481488469,32,,,,,,
full,shanxi,M_SR,82,1.5,12,0.8638049140825329,35,,,,,,
full,shanxi,M_SR,82,2.0,9,0.8449306778951827,39,,,,,,
full,shanxi,M_SR,82,3.0,4,0.8112093362954044,45,,,,,,
full,shanxi,M_SR,83,0.1,2,0.9655298306422496,11,,,,,,
full,shanxi,M_SR,83,0.5,16,0.9248851088933938,23,,,,,,
full,shanxi,M_SR,83,1.0,12345,0.8957474615773244,30,,,,,,
full,shanxi,M_SR,83,1.5,3,0.873429008221552,35,,,,,,
full,shanxi,M_SR,83,2.0,1,0.8536838217922821,41,,,,,,
full,shanxi,M_SR,83,3.0,18,0.8181843042520676,46,,,,,,
full,shanxi,M_SR,84,0.1,8,0.9651763136044516,14,,,,,,
full,shanxi,M_SR,84,0.5,10,0.9220822208212065,22,,,,,,
full,shanxi,M_SR,84,1.0,7,0.8878749231694698,29,,,,,,
full,shanxi,M_SR,84,1.5,14,0.8607620259525042,35,,,,,,
full,shanxi,M_SR,84,2.0,12,0.8405354779580138,38,,,,,,
full,shanxi,M_SR,84,3.0,1,0.8072920431720261,43,,,,,,
full,shanxi,M_SR,85,0.1,7,0.9637520421312,11,,,,,,
full,shanxi,M_SR,85,0.5,8,0.9183669961225961,21,,,,,,
full,shanxi,M_SR,85,1.0,19,0.8833779158258164,31,,,,,,
full,shanxi,M_SR,85,1.5,12,0.8598626898946292,37,,,,,,
full,shanxi,M_SR,85,2.0,12345,0.8403294320593487,41,,,,,,
full,shanxi,M_SR,85,3.0,16,0.8071514952557349,47,,,,,,
full,shanxi,M_SR,86,0.1,11,0.9651537071910342,11,,,,,,
full,shanxi,M_SR,86,0.5,4,0.9233311495650236,20,,,,,,
full,shanxi,M_SR,86,1.0,11,0.8928009014419248,29,,,,,,
full,shanxi,M_SR,86,1.5,1,0.8693029478133346,35,,,,,,
full,shanxi,M_SR,86,2.0,17,0.8508472523624367,39,,,,,,
full,shanxi,M_SR,86,3.0,1,0.8163674469620045,48,,,,,,
full,shanxi,M_SR,87,0.1,4,0.9669040688294102,10,,,,,,
full,shanxi,M_SR,87,0.5,1,0.920370859655447,20,,,,,,
full,shanxi,M_SR,87,1.0,4,0.8920160810648885,29,,,,,,
full,shanxi,M_SR,87,1.5,4,0.8683831599987354,32,,,,,,
full,shanxi,M_SR,87,2.0,19,0.8477747131198993,38,,,,,,
full,shanxi,M_SR,87,3.0,6,0.8151473834365611,50,,,,,,
full,shanxi,M_SR,88,0.1,9,0.9672067970722477,11,,,,,,
full,shanxi,M_SR,88,0.5,4,0.9238681927325445,22,,,,,,
full,shanxi,M_SR,88,1.0,10,0.8925989752525276,28,,,,,,
full,shanxi,M_SR,88,1.5,12,0.869884529616417,34,,,,,,
full,shanxi,M_SR,88,2.0,16,0.8495610837141363,38,,,,,,
full,shanxi,M_SR,88,3.0,16,0.8152898580015481,49,,,,,,
full,shanxi,M_SR,89,0.1,7,0.9657439523358172,10,,,,,,
full,shanxi,M_SR,89,0.5,12,0.9225215183407705,22,,,,,,
full,shanxi,M_SR,89,1.0,12,0.8906869122720357,30,,,,,,
full,shanxi,M_SR,89,1.5,16,0.870177309401576,38,,,,,,
full,shanxi,M_SR,89,2.0,16,0.8532034533270517,45,,,,,,
full,shanxi,M_SR,89,3.0,9,0.8215781847861656,50,,,,,,
full,shanxi,M_SR,90,0.1,5,0.9676021969670234,11,,,,,,
full,shanxi,M_SR,90,0.5,8,0.9240374496441546,22,,,,,,
full,shanxi,M_SR,90,1.0,13,0.894272237424408,31,,,,,,
full,shanxi,M_SR,90,1.5,13,0.870329062717614,36,,,,,,
full,shanxi,M_SR,90,2.0,2,0.8507980873445532,41,,,,,,
full,shanxi,M_SR,90,3.0,12345,0.8158719691557262,46,,,,,,
full,shanxi,M_SR,91,0.1,12345,0.9671737951069351,10,,,,,,
full,shanxi,M_SR,91,0.5,7,0.9228834178042028,22,,,,,,
full,shanxi,M_SR,91,1.0,7,0.8921362558694598,33,,,,,,
full,shanxi,M_SR,91,1.5,18,0.869807198451039,40,,,,,,
full,shanxi,M_SR,91,2.0,16,0.8515895664326643,42,,,,,,
full,shanxi,M_SR,91,3.0,7,0.8187540677254808,48,,,,,,
full,shanxi,M_SR,92,0.1,12345,0.9634345061160284,12,,,,,,
full,shanxi,M_SR,92,0.5,2,0.9183723032951975,23,,,,,,
full,shanxi,M_SR,92,1.0,9,0.8839886958256435,28,,,,,,
full,shanxi,M_SR,92,1.5,7,0.8592115206797492,34,,,,,,
full,shanxi,M_SR,92,2.0,5,0.8386673812830285,37,,,,,,
full,shanxi,M_SR,92,3.0,2,0.8014399703445149,47,,,,,,
full,shanxi,M_SR,93,0.1,11,0.9667946242240425,12,,,,,,
full,shanxi,M_SR,93,0.5,3,0.9225346466890305,22,,,,,,
full,shanxi,M_SR,93,1.0,13,0.888350313267062,29,,,,,,
full,shanxi,M_SR,93,1.5,13,0.8633658991343418,35,,,,,,
full,shanxi,M_SR,93,2.0,15,0.8426874072783989,39,,,,,,
full,shanxi,M_SR,93,3.0,5,0.8063082282336527,47,,,,,,
full,shanxi,M_SR,94,0.1,10,0.9662825202603519,11,,,,,,
full,shanxi,M_SR,94,0.5,6,0.924545077944819,22,,,,,,
full,shanxi,M_SR,94,1.0,6,0.8901791479797158,29,,,,,,
full,shanxi,M_SR,94,1.5,16,0.8667556639757362,34,,,,,,
full,shanxi,M_SR,94,2.0,3,0.8480697335642897,41,,,,,,
full,shanxi,M_SR,94,3.0,2,0.8157521442372474,49,,,,,,
full,shanxi,M_SR,95,0.1,2,0.9692575553136397,12,,,,,,
full,shanxi,M_SR,95,0.5,12345,0.926887909864854,21,,,,,,
full,shanxi,M_SR,95,1.0,16,0.8970010929840095,31,,,,,,
full,shanxi,M_SR,95,1.5,6,0.8735959640986326,34,,,,,,
full,shanxi,M_SR,95,2.0,15,0.8537912954387002,39,,,,,,
full,shanxi,M_SR,95,3.0,17,0.8188805210386698,45,,,,,,
full,shanxi,M_SR,96,0.1,12345,0.9639764462841678,9,,,,,,
full,shanxi,M_SR,96,0.5,3,0.9173962153959301,24,,,,,,
full,shanxi,M_SR,96,1.0,6,0.8891898297304554,30,,,,,,
full,shanxi,M_SR,96,1.5,17,0.8658359207572418,34,,,,,,
full,shanxi,M_SR,96,2.0,9,0.8469057166755375,40,,,,,,
full,shanxi,M_SR,96,3.0,7,0.8153226417871743,46,,,,,,
full,shanxi,M_SR,97,0.1,11,0.9657881941489016,11,,,,,,
full,shanxi,M_SR,97,0.5,19,0.9232686240178416,23,,,,,,
full,shanxi,M_SR,97,1.0,14,0.892613714714959,32,,,,,,
full,shanxi,M_SR,97,1.5,14,0.8703672734661315,38,,,,,,
full,shanxi,M_SR,97,2.0,10,0.8520415542648079,43,,,,,,
full,shanxi,M_SR,97,3.0,14,0.819698199641245,46,,,,,,
full,shanxi,M_SR,98,0.1,4,0.968556770361615,10,,,,,,
full,shanxi,M_SR,98,0.5,2,0.924078609400637,19,,,,,,
full,shanxi,M_SR,98,1.0,18,0.8907731358245126,28,,,,,,
full,shanxi,M_SR,98,1.5,9,0.8669616294718137,38,,,,,,
full,shanxi,M_SR,98,2.0,18,0.8493041338562304,44,,,,,,
full,shanxi,M_SR,98,3.0,14,0.8185015529904979,50,,,,,,
full,shanxi,M_SR,99,0.1,12345,0.9682624062850466,11,,,,,,
full,shanxi,M_SR,99,0.5,16,0.9244585283846996,22,,,,,,
full,shanxi,M_SR,99,1.0,12,0.8902544558576146,33,,,,,,
full,shanxi,M_SR,99,1.5,17,0.8690738561144019,38,,,,,,
full,shanxi,M_SR,99,2.0,11,0.850823776177202,41,,,,,,
full,shanxi,M_SR,99,3.0,10,0.8177241177734549,49,,,,,,
full,shanxi,M_SR,100,0.1,6,0.9641982976181407,9,,,,,,
full,shanxi,M_SR,100,0.5,3,0.9229806459946165,24,,,,,,
full,shanxi,M_SR,100,1.0,11,0.8920996885217426,31,,,,,,
full,shanxi,M_SR,100,1.5,19,0.8707614905609766,36,,,,,,
full,shanxi,M_SR,100,2.0,3,0.851136416141152,41,,,,,,
full,shanxi,M_SR,100,3.0,3,0.8195248941808043,49,,,,,,
full,shanxi,M_SR,101,0.1,12,0.9607507825823491,10,,,,,,
full,shanxi,M_SR,101,0.5,12345,0.9199243250045303,22,,,,,,
full,shanxi,M_SR,101,1.0,9,0.8889357008553995,26,,,,,,
full,shanxi,M_SR,101,1.5,7,0.8662379987816113,36,,,,,,
full,shanxi,M_SR,101,2.0,14,0.8476571854647015,40,,,,,,
full,shanxi,M_SR,101,3.0,16,0.8151627873214556,48,,,,,,
full,shanxi,M_SR,102,0.1,2,0.969755487403475,11,,,,,,
full,shanxi,M_SR,102,0.5,15,0.9236203294232038,20,,,,,,
full,shanxi,M_SR,102,1.0,17,0.8921846956737787,28,,,,,,
full,shanxi,M_SR,102,1.5,19,0.8699709482960396,33,,,,,,
full,shanxi,M_SR,102,2.0,12,0.8484360133936423,36,,,,,,
full,shanxi,M_SR,102,3.0,3,0.8128016813724807,48,,,,,,
full,shanxi,M_SR,103,0.1,3,0.9658990081252635,10,,,,,,
full,shanxi,M_SR,103,0.5,2,0.9213777411176103,21,,,,,,
full,shanxi,M_SR,103,1.0,12,0.8883039636487615,28,,,,,,
full,shanxi,M_SR,103,1.5,16,0.864371103335712,36,,,,,,
full,shanxi,M_SR,103,2.0,19,0.847024910993524,41,,,,,,
full,shanxi,M_SR,103,3.0,19,0.8154270833134287,48,,,,,,
full,shanxi,M_SR,104,0.1,8,0.9644084889630733,11,,,,,,
full,shanxi,M_SR,104,0.5,13,0.9216914716337132,22,,,,,,
full,shanxi,M_SR,104,1.0,8,0.8903979962816676,30,,,,,,
full,shanxi,M_SR,104,1.5,13,0.867125053095162,36,,,,,,
full,shanxi,M_SR,104,2.0,14,0.8470356147250275,37,,,,,,
full,shanxi,M_SR,104,3.0,6,0.8121127906782402,48,,,,,,
full,shanxi,M_SR,105,0.1,15,0.9657852578553668,11,,,,,,
full,shanxi,M_SR,105,0.5,1,0.9235316940148955,22,,,,,,
full,shanxi,M_SR,105,1.0,13,0.8942726131751172,25,,,,,,
full,shanxi,M_SR,105,1.5,6,0.8706824861601995,32,,,,,,
full,shanxi,M_SR,105,2.0,19,0.8514683232658936,39,,,,,,
full,shanxi,M_SR,105,3.0,1,0.8187891794180177,43,,,,,,
full,shanxi,M_SR,106,0.1,16,0.9689453229358177,12,,,,,,
full,shanxi,M_SR,106,0.5,14,0.9262652507302654,22,,,,,,
full,shanxi,M_SR,106,1.0,3,0.8969008238790982,30,,,,,,
full,shanxi,M_SR,106,1.5,14,0.8747004787711791,35,,,,,,
full,shanxi,M_SR,106,2.0,3,0.85481377225098,38,,,,,,
full,shanxi,M_SR,106,3.0,9,0.8207343120025601,47,,,,,,
full,shanxi,M_SR,107,0.1,2,0.9663702586354437,9,,,,,,
full,shanxi,M_SR,107,0.5,7,0.9237296244021915,18,,,,,,
full,shanxi,M_SR,107,1.0,19,0.892664926582551,30,,,,,,
full,shanxi,M_SR,107,1.5,2,0.8715537136367001,38,,,,,,
full,shanxi,M_SR,107,2.0,11,0.8523030132620142,41,,,,,,
full,shanxi,M_SR,107,3.0,13,0.8192289679197542,47,,,,,,
full,shanxi,M_SR,108,0.1,13,0.9665126497248704,11,,,,,,
full,shanxi,M_SR,108,0.5,8,0.9172908837081145,22,,,,,,
full,shanxi,M_SR,108,1.0,4,0.8879798176829536,28,,,,,,
full,shanxi,M_SR,108,1.5,14,0.8655090276535978,35,,,,,,
full,shanxi,M_SR,108,2.0,12,0.8446959139791157,40,,,,,,
full,shanxi,M_SR,108,3.0,9,0.8102624234038739,48,,,,,,
full,shanxi,M_SR,109,0.1,12345,0.965190520278947,10,,,,,,
full,shanxi,M_SR,109,0.5,8,0.922098197169657,20,,,,,,
full,shanxi,M_SR,109,1.0,8,0.8899911312098489,30,,,,,,
full,shanxi,M_SR,109,1.5,1,0.8666834636813631,33,,,,,,
full,shanxi,M_SR,109,2.0,6,0.8453962922018222,35,,,,,,
full,shanxi,M_SR,109,3.0,12345,0.8082338139557592,44,,,,,,
full,shanxi,M_SR,110,0.1,4,0.9681467331057804,13,,,,,,
full,shanxi,M_SR,110,0.5,15,0.9267437368797089,23,,,,,,
full,shanxi,M_SR,110,1.0,5,0.8920956919454167,31,,,,,,
full,shanxi,M_SR,110,1.5,15,0.8687267388930261,37,,,,,,
full,shanxi,M_SR,110,2.0,15,0.8487778587533011,42,,,,,,
full,shanxi,M_SR,110,3.0,5,0.8160541380733866,49,,,,,,
full,shanxi,M_SR,111,0.1,13,0.9678917596442291,10,,,,,,
full,shanxi,M_SR,111,0.5,8,0.923782681499033,22,,,,,,
full,shanxi,M_SR,111,1.0,13,0.8899022898166015,31,,,,,,
full,shanxi,M_SR,111,1.5,18,0.8640059783863602,37,,,,,,
full,shanxi,M_SR,111,2.0,13,0.8442662775805936,42,,,,,,
full,shanxi,M_SR,111,3.0,10,0.8111273824124731,48,,,,,,
full,shanxi,M_SR,112,0.1,2,0.9655474175744205,9,,,,,,
full,shanxi,M_SR,112,0.5,19,0.9225081249838942,21,,,,,,
full,shanxi,M_SR,112,1.0,12345,0.892902454989983,32,,,,,,
full,shanxi,M_SR,112,1.5,16,0.8714759536209121,38,,,,,,
full,shanxi,M_SR,112,2.0,14,0.8528713744292113,42,,,,,,
full,shanxi,M_SR,112,3.0,1,0.8188209268752938,48,,,,,,
full,shanxi,M_SR,113,0.1,2,0.9597984741354847,9,,,,,,
full,shanxi,M_SR,113,0.5,12,0.9197816904547444,24,,,,,,
full,shanxi,M_SR,113,1.0,4,0.8915497944437303,30,,,,,,
full,shanxi,M_SR,113,1.5,13,0.8689884745035913,36,,,,,,
full,shanxi,M_SR,113,2.0,4,0.8490359222160062,42,,,,,,
full,shanxi,M_SR,113,3.0,14,0.8144686823790552,49,,,,,,
full,shanxi,M_SR,114,0.1,7,0.9661711085881505,10,,,,,,
full,shanxi,M_SR,114,0.5,10,0.9238168251526714,22,,,,,,
full,shanxi,M_SR,114,1.0,7,0.8910174104511702,29,,,,,,
full,shanxi,M_SR,114,1.5,13,0.869524940065944,38,,,,,,
full,shanxi,M_SR,114,2.0,4,0.8498944038508122,43,,,,,,
full,shanxi,M_SR,114,3.0,7,0.8155054295510797,48,,,,,,
full,shanxi,M_SR,115,0.1,1,0.9643486959378696,11,,,,,,
full,shanxi,M_SR,115,0.5,14,0.9171204242896162,22,,,,,,
full,shanxi,M_SR,115,1.0,8,0.8856224812263814,29,,,,,,
full,shanxi,M_SR,115,1.5,9,0.863496757609467,39,,,,,,
full,shanxi,M_SR,115,2.0,13,0.8459151241162381,44,,,,,,
full,shanxi,M_SR,115,3.0,8,0.8167033941671885,51,,,,,,
full,shanxi,M_SR,116,0.1,12345,0.9685451294708973,9,,,,,,
full,shanxi,M_SR,116,0.5,11,0.9267451054498608,25,,,,,,
full,shanxi,M_SR,116,1.0,12,0.8955352135090741,33,,,,,,
full,shanxi,M_SR,116,1.5,3,0.8723340989568923,39,,,,,,
full,shanxi,M_SR,116,2.0,17,0.8530727730868122,43,,,,,,
full,shanxi,M_SR,116,3.0,8,0.8208671071361087,52,,,,,,
full,shanxi,M_SR,117,0.1,1,0.9631494869426636,8,,,,,,
full,shanxi,M_SR,117,0.5,6,0.9193058445632996,23,,,,,,
full,shanxi,M_SR,117,1.0,6,0.8874076542558405,30,,,,,,
full,shanxi,M_SR,117,1.5,15,0.8665728888421388,35,,,,,,
full,shanxi,M_SR,117,2.0,10,0.8481800713442963,41,,,,,,
full,shanxi,M_SR,117,3.0,9,0.8166091460378224,50,,,,,,
full,shanxi,M_SR,118,0.1,6,0.9666351063636874,10,,,,,,
full,shanxi,M_SR,118,0.5,14,0.9184902300163379,21,,,,,,
full,shanxi,M_SR,118,1.0,4,0.8867785179434017,31,,,,,,
full,shanxi,M_SR,118,1.5,12,0.8646920496336642,37,,,,,,
full,shanxi,M_SR,118,2.0,12,0.8465078835050963,43,,,,,,
full,shanxi,M_SR,118,3.0,10,0.814620163450262,51,,,,,,
full,shanxi,M_SR,119,0.1,2,0.9646926391016875,9,,,,,,
full,shanxi,M_SR,119,0.5,2,0.9212128024755082,22,,,,,,
full,shanxi,M_SR,119,1.0,18,0.8914059673242194,29,,,,,,
full,shanxi,M_SR,119,1.5,11,0.8666007710457011,34,,,,,,
full,shanxi,M_SR,119,2.0,4,0.8470410365666302,38,,,,,,
full,shanxi,M_SR,119,3.0,12345,0.813879677818694,47,,,,,,
full,shanxi,M_SR,120,0.1,15,0.9637468483558176,12,,,,,,
full,shanxi,M_SR,120,0.5,12345,0.9218024474162109,21,,,,,,
full,shanxi,M_SR,120,1.0,5,0.8910470704567797,29,,,,,,
full,shanxi,M_SR,120,1.5,3,0.8692536193983308,38,,,,,,
full,shanxi,M_SR,120,2.0,8,0.8494400532995953,42,,,,,,
full,shanxi,M_SR,120,3.0,14,0.8165301057191781,50,,,,,,
full,shanxi,M_SR,121,0.1,4,0.9644450689323015,9,,,,,,
full,shanxi,M_SR,121,0.5,1,0.9209052837716498,22,,,,,,
full,shanxi,M_SR,121,1.0,13,0.8895779024735502,29,,,,,,
full,shanxi,M_SR,121,1.5,2,0.8672854567772345,37,,,,,,
full,shanxi,M_SR,121,2.0,5,0.8482424273423527,42,,,,,,
full,shanxi,M_SR,121,3.0,16,0.8147545302229573,49,,,,,,
full,shanxi,M_SR,122,0.1,5,0.9687536987170754,11,,,,,,
full,shanxi,M_SR,122,0.5,5,0.9219976999607334,21,,,,,,
full,shanxi,M_SR,122,1.0,19,0.8891787261331234,31,,,,,,
full,shanxi,M_SR,122,1.5,16,0.8651753813407649,38,,,,,,
full,shanxi,M_SR,122,2.0,15,0.8477624141183927,43,,,,,,
full,shanxi,M_SR,122,3.0,4,0.8168893074321892,49,,,,,,
full,shanxi,M_SR,123,0.1,17,0.9649244485492906,11,,,,,,
full,shanxi,M_SR,123,0.5,13,0.9199744805802174,21,,,,,,
full,shanxi,M_SR,123,1.0,8,0.8884220619803982,28,,,,,,
full,shanxi,M_SR,123,1.5,2,0.8636034497334921,36,,,,,,
full,shanxi,M_SR,123,2.0,15,0.8451475238095915,40,,,,,,
full,shanxi,M_SR,123,3.0,16,0.8117546542089134,46,,,,,,
full,shanxi,M_SR,124,0.1,4,0.9655604910768085,12,,,,,,
full,shanxi,M_SR,124,0.5,19,0.9203137697736967,20,,,,,,
full,shanxi,M_SR,124,1.0,18,0.8893629652299656,29,,,,,,
full,shanxi,M_SR,124,1.5,19,0.8652357730883845,41,,,,,,
full,shanxi,M_SR,124,2.0,5,0.8462054074656313,45,,,,,,
full,shanxi,M_SR,124,3.0,8,0.8135737739419904,50,,,,,,
full,shanxi,M_SR,125,0.1,13,0.9643335764150962,10,,,,,,
full,shanxi,M_SR,125,0.5,11,0.9233571191562632,23,,,,,,
full,shanxi,M_SR,125,1.0,4,0.8926626433399821,32,,,,,,
full,shanxi,M_SR,125,1.5,17,0.8715472978316653,37,,,,,,
full,shanxi,M_SR,125,2.0,13,0.8532178796227107,40,,,,,,
full,shanxi,M_SR,125,3.0,11,0.8213159447380208,48,,,,,,
full,shanxi,M_SR,126,0.1,6,0.9676741833568357,11,,,,,,
full,shanxi,M_SR,126,0.5,3,0.9242413444227587,19,,,,,,
full,shanxi,M_SR,126,1.0,9,0.8867160659528013,27,,,,,,
full,shanxi,M_SR,126,1.5,9,0.8611343921904627,31,,,,,,
full,shanxi,M_SR,126,2.0,12345,0.8395310018808582,37,,,,,,
full,shanxi,M_SR,126,3.0,15,0.8068807648283319,44,,,,,,
full,shanxi,M_SR,127,0.1,12345,0.9665297273327355,10,,,,,,
full,shanxi,M_SR,127,0.5,16,0.9245617050551788,23,,,,,,
full,shanxi,M_SR,127,1.0,13,0.8928745693544314,31,,,,,,
full,shanxi,M_SR,127,1.5,13,0.8697890618464376,35,,,,,,
full,shanxi,M_SR,127,2.0,8,0.8504299909140467,40,,,,,,
full,shanxi,M_SR,127,3.0,12345,0.8179896754335014,47,,,,,,
full,shanxi,M_SR,128,0.1,16,0.9695992462650993,11,,,,,,
full,shanxi,M_SR,128,0.5,17,0.9259123665998737,21,,,,,,
full,shanxi,M_SR,128,1.0,6,0.8948004837666669,26,,,,,,
full,shanxi,M_SR,128,1.5,7,0.8706233473337418,33,,,,,,
full,shanxi,M_SR,128,2.0,12,0.8503122199097558,38,,,,,,
full,shanxi,M_SR,128,3.0,5,0.8143848836107509,43,,,,,,
full,shanxi,M_SR,129,0.1,8,0.9676505583819206,10,,,,,,
full,shanxi,M_SR,129,0.5,3,0.9246798915563084,22,,,,,,
full,shanxi,M_SR,129,1.0,16,0.890950947213536,31,,,,,,
full,shanxi,M_SR,129,1.5,10,0.867033599369652,35,,,,,,
full,shanxi,M_SR,129,2.0,5,0.8469333766662333,41,,,,,,
full,shanxi,M_SR,129,3.0,12,0.8133523933504018,46,,,,,,
full,shanxi,M_SR,130,0.1,9,0.9664386962386364,10,,,,,,
full,shanxi,M_SR,130,0.5,5,0.9178968127720569,19,,,,,,
full,shanxi,M_SR,130,1.0,10,0.8812389805970092,28,,,,,,
full,shanxi,M_SR,130,1.5,11,0.8557490305135403,33,,,,,,
full,shanxi,M_SR,130,2.0,9,0.8347260463622975,38,,,,,,
full,shanxi,M_SR,130,3.0,5,0.7974024352990293,43,,,,,,
full,shanxi,M_SR,131,0.1,12345,0.9670799121829587,10,,,,,,
full,shanxi,M_SR,131,0.5,19,0.9234193352662862,24,,,,,,
full,shanxi,M_SR,131,1.0,14,0.8940074641391378,31,,,,,,
full,shanxi,M_SR,131,1.5,10,0.8728751618558955,36,,,,,,
full,shanxi,M_SR,131,2.0,16,0.8542713511815355,39,,,,,,
full,shanxi,M_SR,131,3.0,1,0.8213841948031394,47,,,,,,
full,shanxi,M_SR,132,0.1,2,0.9645367288844235,10,,,,,,
full,shanxi,M_SR,132,0.5,14,0.9232056005477717,21,,,,,,
full,shanxi,M_SR,132,1.0,18,0.8915626342247938,30,,,,,,
full,shanxi,M_SR,132,1.5,12345,0.8675161642803351,40,,,,,,
full,shanxi,M_SR,132,2.0,12345,0.8466512249768359,42,,,,,,
full,shanxi,M_SR,132,3.0,12,0.8141559021589495,51,,,,,,
full,shanxi,M_SR,133,0.1,17,0.9670553858104795,10,,,,,,
full,shanxi,M_SR,133,0.5,7,0.9252699279077247,21,,,,,,
full,shanxi,M_SR,133,1.0,3,0.8930531728581313,28,,,,,,
full,shanxi,M_SR,133,1.5,16,0.8709836900835071,35,,,,,,
full,shanxi,M_SR,133,2.0,2,0.8513657454903236,40,,,,,,
full,shanxi,M_SR,133,3.0,14,0.8176998153258992,47,,,,,,
full,shanxi,M_SR,134,0.1,7,0.9670055722098095,10,,,,,,
full,shanxi,M_SR,134,0.5,8,0.9262023514022076,21,,,,,,
full,shanxi,M_SR,134,1.0,17,0.8925571824607893,30,,,,,,
full,shanxi,M_SR,134,1.5,17,0.8705914657664592,35,,,,,,
full,shanxi,M_SR,134,2.0,17,0.852120544275674,42,,,,,,
full,shanxi,M_SR,134,3.0,7,0.8209870021034966,51,,,,,,
full,shanxi,M_SR,135,0.1,6,0.9679681386761476,10,,,,,,
full,shanxi,M_SR,135,0.5,12,0.9263795251065907,23,,,,,,
full,shanxi,M_SR,135,1.0,2,0.899074799573402,31,,,,,,
full,shanxi,M_SR,135,1.5,13,0.8773584229590684,39,,,,,,
full,shanxi,M_SR,135,2.0,12345,0.8598785986922519,45,,,,,,
full,shanxi,M_SR,135,3.0,11,0.8296949640354621,52,,,,,,
full,shanxi,M_SR,136,0.1,17,0.9661401933350656,11,,,,,,
full,shanxi,M_SR,136,0.5,13,0.920255709911323,24,,,,,,
full,shanxi,M_SR,136,1.0,13,0.8905207240583077,33,,,,,,
full,shanxi,M_SR,136,1.5,2,0.8679491152841853,35,,,,,,
full,shanxi,M_SR,136,2.0,10,0.8480596875036761,38,,,,,,
full,shanxi,M_SR,136,3.0,6,0.8145500023132667,45,,,,,,
full,shanxi,M_SR,137,0.1,9,0.9673821531265904,11,,,,,,
full,shanxi,M_SR,137,0.5,1,0.9257281413272707,22,,,,,,
full,shanxi,M_SR,137,1.0,12345,0.8950880761825094,31,,,,,,
full,shanxi,M_SR,137,1.5,12345,0.8736289622501175,35,,,,,,
full,shanxi,M_SR,137,2.0,17,0.8536731064937864,40,,,,,,
full,shanxi,M_SR,137,3.0,10,0.8204690677526721,49,,,,,,
full,shanxi,M_SR,138,0.1,10,0.9668234230549365,12,,,,,,
full,shanxi,M_SR,138,0.5,8,0.9213900313444814,19,,,,,,
full,shanxi,M_SR,138,1.0,16,0.8892113260247286,29,,,,,,
full,shanxi,M_SR,138,1.5,4,0.8671081416083705,36,,,,,,
full,shanxi,M_SR,138,2.0,17,0.8471900569002211,36,,,,,,
full,shanxi,M_SR,138,3.0,16,0.813249167924169,47,,,,,,
full,shanxi,M_SR,139,0.1,14,0.9665667636139617,11,,,,,,
full,shanxi,M_SR,139,0.5,18,0.9238543068975636,25,,,,,,
full,shanxi,M_SR,139,1.0,17,0.8921413795559306,34,,,,,,
full,shanxi,M_SR,139,1.5,17,0.8718770487576911,42,,,,,,
full,shanxi,M_SR,139,2.0,16,0.8549139855673309,45,,,,,,
full,shanxi,M_SR,139,3.0,8,0.823923830912439,52,,,,,,
full,shanxi,M_SR,140,0.1,10,0.9688443992114995,11,,,,,,
full,shanxi,M_SR,140,0.5,18,0.9274275469453283,22,,,,,,
full,shanxi,M_SR,140,1.0,8,0.8970086420685223,28,,,,,,
full,shanxi,M_SR,140,1.5,1,0.8738724775943449,36,,,,,,
full,shanxi,M_SR,140,2.0,8,0.854919553256369,39,,,,,,
full,shanxi,M_SR,140,3.0,3,0.8238601918226924,49,,,,,,
full,shanxi,M_SR,141,0.1,2,0.9667619258245359,12,,,,,,
full,shanxi,M_SR,141,0.5,11,0.9197296432959546,22,,,,,,
full,shanxi,M_SR,141,1.0,14,0.8885678589790481,31,,,,,,
full,shanxi,M_SR,141,1.5,10,0.8655281702838452,40,,,,,,
full,shanxi,M_SR,141,2.0,6,0.8466148985174666,42,,,,,,
full,shanxi,M_SR,141,3.0,5,0.8128089232276099,49,,,,,,
full,shanxi,M_SR,142,0.1,12345,0.9638226142109879,9,,,,,,
full,shanxi,M_SR,142,0.5,8,0.9205983741663006,23,,,,,,
full,shanxi,M_SR,142,1.0,12345,0.8888293784583295,30,,,,,,
full,shanxi,M_SR,142,1.5,7,0.8636080746304475,36,,,,,,
full,shanxi,M_SR,142,2.0,15,0.843374636746713,41,,,,,,
full,shanxi,M_SR,142,3.0,12345,0.8108369475728513,48,,,,,,
full,shanxi,M_SR,143,0.1,11,0.9628143011927275,10,,,,,,
full,shanxi,M_SR,143,0.5,9,0.9161879524894839,21,,,,,,
full,shanxi,M_SR,143,1.0,6,0.8855584916161978,31,,,,,,
full,shanxi,M_SR,143,1.5,12,0.8640885550271282,34,,,,,,
full,shanxi,M_SR,143,2.0,12,0.8466771192373369,42,,,,,,
full,shanxi,M_SR,143,3.0,6,0.8156756689691911,49,,,,,,
full,shanxi,M_SR,144,0.1,8,0.9666535615738142,11,,,,,,
full,shanxi,M_SR,144,0.5,18,0.923881077880653,23,,,,,,
full,shanxi,M_SR,144,1.0,3,0.892112498383166,29,,,,,,
full,shanxi,M_SR,144,1.5,12,0.871605647527451,36,,,,,,
full,shanxi,M_SR,144,2.0,12,0.8541035458642953,40,,,,,,
full,shanxi,M_SR,144,3.0,12,0.822194344660096,49,,,,,,
full,shanxi,M_SR,145,0.1,7,0.9638787948973202,10,,,,,,
full,shanxi,M_SR,145,0.5,7,0.9197605102029708,20,,,,,,
full,shanxi,M_SR,145,1.0,15,0.883987068672358,29,,,,,,
full,shanxi,M_SR,145,1.5,6,0.8617271382550846,38,,,,,,
full,shanxi,M_SR,145,2.0,6,0.8414707981120679,39,,,,,,
full,shanxi,M_SR,145,3.0,8,0.8064892546581952,45,,,,,,
full,shanxi,M_SR,146,0.1,3,0.966496777581874,11,,,,,,
full,shanxi,M_SR,146,0.5,2,0.9243177322506496,22,,,,,,
full,shanxi,M_SR,146,1.0,15,0.895020212381552,29,,,,,,
full,shanxi,M_SR,146,1.5,4,0.8711015530597734,35,,,,,,
full,shanxi,M_SR,146,2.0,9,0.8508027148743886,38,,,,,,
full,shanxi,M_SR,146,3.0,5,0.8173034197526563,44,,,,,,
full,shanxi,M_SR,147,0.1,11,0.9630153061636262,10,,,,,,
full,shanxi,M_SR,147,0.5,14,0.9165076463144314,22,,,,,,
full,shanxi,M_SR,147,1.0,14,0.8842319628424133,28,,,,,,
full,shanxi,M_SR,147,1.5,17,0.8609753584572685,36,,,,,,
full,shanxi,M_SR,147,2.0,17,0.8426736646006574,39,,,,,,
full,shanxi,M_SR,147,3.0,4,0.8108739590610019,48,,,,,,
full,shanxi,M_SR,148,0.1,12345,0.9662405576560451,9,,,,,,
full,shanxi,M_SR,148,0.5,19,0.9242274809092841,21,,,,,,
full,shanxi,M_SR,148,1.0,6,0.8919748540779174,33,,,,,,
full,shanxi,M_SR,148,1.5,2,0.8705738471478023,41,,,,,,
full,shanxi,M_SR,148,2.0,18,0.8504479862652276,43,,,,,,
full,shanxi,M_SR,148,3.0,15,0.8169380330645056,50,,,,,,
full,shanxi,M_SR,149,0.1,17,0.9662134862117499,10,,,,,,
full,shanxi,M_SR,149,0.5,7,0.9225194950312812,22,,,,,,
full,shanxi,M_SR,149,1.0,9,0.891405745995694,28,,,,,,
full,shanxi,M_SR,149,1.5,15,0.8667805705024101,35,,,,,,
full,shanxi,M_SR,149,2.0,12345,0.8451124705955235,38,,,,,,
full,shanxi,M_SR,149,3.0,7,0.8069208211186878,43,,,,,,
full,shanxi,M_SR,150,0.1,5,0.9660224721871992,11,,,,,,
full,shanxi,M_SR,150,0.5,7,0.9210304975685819,20,,,,,,
full,shanxi,M_SR,150,1.0,11,0.8855331523765537,29,,,,,,
full,shanxi,M_SR,150,1.5,1,0.8618091557415828,34,,,,,,
full,shanxi,M_SR,150,2.0,16,0.8412512459977237,39,,,,,,
full,shanxi,M_SR,150,3.0,11,0.810560254341385,48,,,,,,
full,shanxi,M_SR,151,0.1,8,0.9657650458550374,12,,,,,,
full,shanxi,M_SR,151,0.5,9,0.9230346092993151,22,,,,,,
full,shanxi,M_SR,151,1.0,12,0.8938628154257172,28,,,,,,
full,shanxi,M_SR,151,1.5,10,0.8689806714207874,33,,,,,,
full,shanxi,M_SR,151,2.0,8,0.8488201816029445,39,,,,,,
full,shanxi,M_SR,151,3.0,8,0.8149774211356551,48,,,,,,
full,shanxi,M_SR,152,0.1,3,0.9668471016576174,11,,,,,,
full,shanxi,M_SR,152,0.5,16,0.9203584785596558,18,,,,,,
full,shanxi,M_SR,152,1.0,4,0.8881343947539162,27,,,,,,
full,shanxi,M_SR,152,1.5,3,0.8602939240657513,35,,,,,,
full,shanxi,M_SR,152,2.0,1,0.8408833727349465,42,,,,,,
full,shanxi,M_SR,152,3.0,12345,0.8071660313922318,44,,,,,,
full,shanxi,M_SR,153,0.1,12,0.9654793617487328,11,,,,,,
full,shanxi,M_SR,153,0.5,10,0.9229885974703571,23,,,,,,
full,shanxi,M_SR,153,1.0,12345,0.8920910821715073,32,,,,,,
full,shanxi,M_SR,153,1.5,5,0.865413178988427,37,,,,,,
full,shanxi,M_SR,153,2.0,4,0.8444391228209887,43,,,,,,
full,shanxi,M_SR,153,3.0,12,0.8109009634733467,52,,,,,,
full,shanxi,M_SR,154,0.1,1,0.9674678473005492,11,,,,,,
full,shanxi,M_SR,154,0.5,12,0.9232616922919374,20,,,,,,
full,shanxi,M_SR,154,1.0,13,0.8951166585224857,29,,,,,,
full,shanxi,M_SR,154,1.5,17,0.8720837899212222,35,,,,,,
full,shanxi,M_SR,154,2.0,17,0.8524632692421382,39,,,,,,
full,shanxi,M_SR,154,3.0,16,0.8181700085157599,44,,,,,,
full,shanxi,M_SR,155,0.1,13,0.9638152312202788,10,,,,,,
full,shanxi,M_SR,155,0.5,1,0.9209557038416754,21,,,,,,
full,shanxi,M_SR,155,1.0,11,0.8850607158096503,28,,,,,,
full,shanxi,M_SR,155,1.5,10,0.8609340944120407,35,,,,,,
full,shanxi,M_SR,155,2.0,11,0.8415671607205916,38,,,,,,
full,shanxi,M_SR,155,3.0,14,0.8060183084113743,45,,,,,,
full,shanxi,M_SR,156,0.1,5,0.9690947117559225,11,,,,,,
full,shanxi,M_SR,156,0.5,12345,0.9252046088922868,23,,,,,,
full,shanxi,M_SR,156,1.0,3,0.8970127949347037,31,,,,,,
full,shanxi,M_SR,156,1.5,13,0.8755298913991892,37,,,,,,
full,shanxi,M_SR,156,2.0,1,0.8566907894553006,41,,,,,,
full,shanxi,M_SR,156,3.0,2,0.8240825665163888,51,,,,,,
full,shanxi,M_SR,157,0.1,19,0.9633559964161481,10,,,,,,
full,shanxi,M_SR,157,0.5,18,0.920108852406699,18,,,,,,
full,shanxi,M_SR,157,1.0,12345,0.8895622826069541,29,,,,,,
full,shanxi,M_SR,157,1.5,17,0.8669644938185296,37,,,,,,
full,shanxi,M_SR,157,2.0,12,0.8460545719513956,40,,,,,,
full,shanxi,M_SR,157,3.0,7,0.8123771724164844,44,,,,,,
full,shanxi,M_SR,158,0.1,15,0.9655607782095379,11,,,,,,
full,shanxi,M_SR,158,0.5,11,0.9175858082405526,22,,,,,,
full,shanxi,M_SR,158,1.0,17,0.8846767037712177,32,,,,,,
full,shanxi,M_SR,158,1.5,5,0.8617876778123049,41,,,,,,
full,shanxi,M_SR,158,2.0,15,0.8440947772189342,44,,,,,,
full,shanxi,M_SR,158,3.0,14,0.8141904529559968,50,,,,,,
full,shanxi,M_SR,159,0.1,7,0.969297436847726,12,,,,,,
full,shanxi,M_SR,159,0.5,15,0.926605800825547,19,,,,,,
full,shanxi,M_SR,159,1.0,12345,0.8966109304398561,29,,,,,,
full,shanxi,M_SR,159,1.5,6,0.8746760878399441,36,,,,,,
full,shanxi,M_SR,159,2.0,12,0.8562208412629099,39,,,,,,
full,shanxi,M_SR,159,3.0,16,0.8227007027431817,48,,,,,,
full,shanxi,M_SR,160,0.1,4,0.9670007179500307,11,,,,,,
full,shanxi,M_SR,160,0.5,14,0.9221925818383402,19,,,,,,
full,shanxi,M_SR,160,1.0,6,0.8913941139399915,26,,,,,,
full,shanxi,M_SR,160,1.5,6,0.8679921316619684,32,,,,,,
full,shanxi,M_SR,160,2.0,13,0.8478875767839071,38,,,,,,
full,shanxi,M_SR,160,3.0,11,0.8159652893130945,49,,,,,,
full,shanxi,M_SR,161,0.1,18,0.964107910750824,11,,,,,,
full,shanxi,M_SR,161,0.5,7,0.9225029154349753,23,,,,,,
full,shanxi,M_SR,161,1.0,7,0.896133642843187,31,,,,,,
full,shanxi,M_SR,161,1.5,5,0.8735803693767539,34,,,,,,
full,shanxi,M_SR,161,2.0,5,0.854020764735149,37,,,,,,
full,shanxi,M_SR,161,3.0,1,0.8197478393416967,45,,,,,,
full,shanxi,M_SR,162,0.1,2,0.9670319026127736,9,,,,,,
full,shanxi,M_SR,162,0.5,4,0.9243848462794331,21,,,,,,
full,shanxi,M_SR,162,1.0,4,0.8924672915591538,31,,,,,,
full,shanxi,M_SR,162,1.5,5,0.8695521980358412,34,,,,,,
full,shanxi,M_SR,162,2.0,7,0.8496142457504537,41,,,,,,
full,shanxi,M_SR,162,3.0,2,0.8147816087929776,45,,,,,,
full,shanxi,M_SR,163,0.1,3,0.9665681103449757,11,,,,,,
full,shanxi,M_SR,163,0.5,17,0.9229418937229664,20,,,,,,
full,shanxi,M_SR,163,1.0,14,0.8926494932223096,27,,,,,,
full,shanxi,M_SR,163,1.5,5,0.8687078848335488,33,,,,,,
full,shanxi,M_SR,163,2.0,12,0.8480864144561736,37,,,,,,
full,shanxi,M_SR,163,3.0,1,0.8134836791444257,45,,,,,,
full,shanxi,M_SR,164,0.1,8,0.964611454904275,10,,,,,,
full,shanxi,M_SR,164,0.5,9,0.9210241715163692,19,,,,,,
full,shanxi,M_SR,164,1.0,9,0.8881558990037615,30,,,,,,
full,shanxi,M_SR,164,1.5,5,0.8648410307188966,37,,,,,,
full,shanxi,M_SR,164,2.0,5,0.8461488075421522,38,,,,,,
full,shanxi,M_SR,164,3.0,12345,0.812911589710458,45,,,,,,
full,shanxi,M_SR,165,0.1,16,0.9646624070999091,11,,,,,,
full,shanxi,M_SR,165,0.5,14,0.9208981966188586,21,,,,,,
full,shanxi,M_SR,165,1.0,12,0.8906963644646652,31,,,,,,
full,shanxi,M_SR,165,1.5,12,0.8680270101888179,36,,,,,,
full,shanxi,M_SR,165,2.0,5,0.8471835971638009,40,,,,,,
full,shanxi,M_SR,165,3.0,3,0.8113400838118511,48,,,,,,
full,shanxi,M_SR,166,0.1,3,0.9662620838366721,9,,,,,,
full,shanxi,M_SR,166,0.5,14,0.9199498750859358,22,,,,,,
full,shanxi,M_SR,166,1.0,8,0.8905338030856005,30,,,,,,
full,shanxi,M_SR,166,1.5,8,0.8667373661903846,37,,,,,,
full,shanxi,M_SR,166,2.0,9,0.8480072371417479,41,,,,,,
full,shanxi,M_SR,166,3.0,6,0.8156284936435458,47,,,,,,
full,shanxi,M_SR,167,0.1,14,0.968942062944419,10,,,,,,
full,shanxi,M_SR,167,0.5,10,0.9230803863538646,21,,,,,,
full,shanxi,M_SR,167,1.0,2,0.890175028177016,29,,,,,,
full,shanxi,M_SR,167,1.5,17,0.8677717449587505,34,,,,,,
full,shanxi,M_SR,167,2.0,4,0.8491048068030937,40,,,,,,
full,shanxi,M_SR,167,3.0,12,0.8150542843778199,47,,,,,,
full,shanxi,M_SR,168,0.1,12,0.9639422244541896,8,,,,,,
full,shanxi,M_SR,168,0.5,18,0.9151112773810658,20,,,,,,
full,shanxi,M_SR,168,1.0,2,0.884222138090915,30,,,,,,
full,shanxi,M_SR,168,1.5,2,0.8627661593255948,36,,,,,,
full,shanxi,M_SR,168,2.0,18,0.8415947053022305,38,,,,,,
full,shanxi,M_SR,168,3.0,9,0.8049556071488719,45,,,,,,
full,shanxi,M_SR,169,0.1,4,0.9670757159128356,8,,,,,,
full,shanxi,M_SR,169,0.5,16,0.9234651378645734,21,,,,,,
full,shanxi,M_SR,169,1.0,17,0.8902949378266738,27,,,,,,
full,shanxi,M_SR,169,1.5,15,0.865052205190778,34,,,,,,
full,shanxi,M_SR,169,2.0,9,0.8446830599658662,36,,,,,,
full,shanxi,M_SR,169,3.0,6,0.8093764252661585,42,,,,,,
full,shanxi,M_SR,170,0.1,11,0.9649274596569952,9,,,,,,
full,shanxi,M_SR,170,0.5,14,0.9238329736198362,22,,,,,,
full,shanxi,M_SR,170,1.0,19,0.8930259888819847,27,,,,,,
full,shanxi,M_SR,170,1.5,7,0.8691020451524759,32,,,,,,
full,shanxi,M_SR,170,2.0,12,0.8478771286310426,35,,,,,,
full,shanxi,M_SR,170,3.0,10,0.8116454063600449,45,,,,,,
full,shanxi,M_SR,171,0.1,12345,0.9693302477918262,12,,,,,,
full,shanxi,M_SR,171,0.5,12345,0.9266551823449746,20,,,,,,
full,shanxi,M_SR,171,1.0,6,0.8939538898226289,30,,,,,,
full,shanxi,M_SR,171,1.5,5,0.8699307301710435,36,,,,,,
full,shanxi,M_SR,171,2.0,6,0.8507687843835852,42,,,,,,
full,shanxi,M_SR,171,3.0,15,0.8202941419266221,50,,,,,,
full,shanxi,M_SR,172,0.1,7,0.9670252023036858,11,,,,,,
full,shanxi,M_SR,172,0.5,18,0.9232005413542372,22,,,,,,
full,shanxi,M_SR,172,1.0,11,0.8952621869470837,30,,,,,,
full,shanxi,M_SR,172,1.5,8,0.873437008769431,37,,,,,,
full,shanxi,M_SR,172,2.0,14,0.8537668517244051,41,,,,,,
full,shanxi,M_SR,172,3.0,19,0.8193932694750327,48,,,,,,
full,shanxi,M_SR,173,0.1,11,0.9689731179939086,8,,,,,,
full,shanxi,M_SR,173,0.5,8,0.9231396281318663,21,,,,,,
full,shanxi,M_SR,173,1.0,12345,0.8936318708806111,30,,,,,,
full,shanxi,M_SR,173,1.5,12345,0.8705472732888058,33,,,,,,
full,shanxi,M_SR,173,2.0,3,0.8495515276782063,39,,,,,,
full,shanxi,M_SR,173,3.0,19,0.8188887557850647,48,,,,,,
full,shanxi,M_SR,174,0.1,2,0.9645134053194568,12,,,,,,
full,shanxi,M_SR,174,0.5,5,0.9194580712509581,19,,,,,,
full,shanxi,M_SR,174,1.0,15,0.888541512203106,30,,,,,,
full,shanxi,M_SR,174,1.5,17,0.8670629738020917,36,,,,,,
full,shanxi,M_SR,174,2.0,14,0.8482331412672544,39,,,,,,
full,shanxi,M_SR,174,3.0,16,0.8153263398918282,44,,,,,,
full,shanxi,M_SR,175,0.1,1,0.9658149913327728,10,,,,,,
full,shanxi,M_SR,175,0.5,2,0.9192423827865499,20,,,,,,
full,shanxi,M_SR,175,1.0,18,0.8840466505805475,27,,,,,,
full,shanxi,M_SR,175,1.5,12,0.8597624119091456,31,,,,,,
full,shanxi,M_SR,175,2.0,12,0.8389039101418512,37,,,,,,
full,shanxi,M_SR,175,3.0,8,0.806158327377629,49,,,,,,
full,shanxi,M_SR,176,0.1,6,0.9686859726706745,10,,,,,,
full,shanxi,M_SR,176,0.5,11,0.9295013742778221,22,,,,,,
full,shanxi,M_SR,176,1.0,8,0.8962007327632292,30,,,,,,
full,shanxi,M_SR,176,1.5,16,0.872012772923406,35,,,,,,
full,shanxi,M_SR,176,2.0,2,0.8506040892161105,39,,,,,,
full,shanxi,M_SR,176,3.0,9,0.8161449868929018,49,,,,,,
full,shanxi,M_SR,177,0.1,14,0.9634096782429538,10,,,,,,
full,shanxi,M_SR,177,0.5,7,0.916709894955832,23,,,,,,
full,shanxi,M_SR,177,1.0,13,0.8797405320459455,27,,,,,,
full,shanxi,M_SR,177,1.5,8,0.8535074863547375,33,,,,,,
full,shanxi,M_SR,177,2.0,9,0.8311916455326476,37,,,,,,
full,shanxi,M_SR,177,3.0,19,0.7954673674625596,49,,,,,,
full,shanxi,M_SR,178,0.1,15,0.9657258439705889,13,,,,,,
full,shanxi,M_SR,178,0.5,1,0.9229957014962596,23,,,,,,
full,shanxi,M_SR,178,1.0,13,0.8944247035908387,29,,,,,,
full,shanxi,M_SR,178,1.5,15,0.8708180619149123,35,,,,,,
full,shanxi,M_SR,178,2.0,13,0.8512830318458069,43,,,,,,
full,shanxi,M_SR,178,3.0,9,0.8179004819312001,50,,,,,,
full,shanxi,M_SR,179,0.1,7,0.9676059380463031,9,,,,,,
full,shanxi,M_SR,179,0.5,4,0.9194753583224082,21,,,,,,
full,shanxi,M_SR,179,1.0,16,0.8876666137883692,31,,,,,,
full,shanxi,M_SR,179,1.5,18,0.8667580421277974,38,,,,,,
full,shanxi,M_SR,179,2.0,12345,0.847624976815729,39,,,,,,
full,shanxi,M_SR,179,3.0,16,0.8160190086208631,45,,,,,,
full,shanxi,M_SR,180,0.1,12345,0.9685968007156162,10,,,,,,
full,shanxi,M_SR,180,0.5,12,0.923946963233923,20,,,,,,
full,shanxi,M_SR,180,1.0,14,0.8879072101072644,27,,,,,,
full,shanxi,M_SR,180,1.5,19,0.8647358285321249,34,,,,,,
full,shanxi,M_SR,180,2.0,4,0.8458975498168102,39,,,,,,
full,shanxi,M_SR,180,3.0,6,0.8129452831666575,47,,,,,,
full,shanxi,M_SR,181,0.1,11,0.9673134486125011,12,,,,,,
full,shanxi,M_SR,181,0.5,2,0.9209903733096501,22,,,,,,
full,shanxi,M_SR,181,1.0,15,0.8920997693497774,33,,,,,,
full,shanxi,M_SR,181,1.5,11,0.8731490994528213,36,,,,,,
full,shanxi,M_SR,181,2.0,12,0.8549737489446673,40,,,,,,
full,shanxi,M_SR,181,3.0,11,0.8222325434634339,46,,,,,,
full,shanxi,M_SR,182,0.1,3,0.9666991913497475,10,,,,,,
full,shanxi,M_SR,182,0.5,7,0.9223979820666675,19,,,,,,
full,shanxi,M_SR,182,1.0,9,0.8896306125328055,28,,,,,,
full,shanxi,M_SR,182,1.5,2,0.863849017292736,34,,,,,,
full,shanxi,M_SR,182,2.0,18,0.8419616036604302,39,,,,,,
full,shanxi,M_SR,182,3.0,14,0.8040082220458901,48,,,,,,
full,shanxi,M_SR,183,0.1,16,0.9633664823175505,12,,,,,,
full,shanxi,M_SR,183,0.5,6,0.9222234439988113,22,,,,,,
full,shanxi,M_SR,183,1.0,16,0.8916027231134003,33,,,,,,
full,shanxi,M_SR,183,1.5,6,0.8691877610641551,39,,,,,,
full,shanxi,M_SR,183,2.0,2,0.8501355879778255,42,,,,,,
full,shanxi,M_SR,183,3.0,3,0.8190860850297251,52,,,,,,
full,shanxi,M_SR,184,0.1,6,0.9663055702402369,10,,,,,,
full,shanxi,M_SR,184,0.5,10,0.9226748131553193,21,,,,,,
full,shanxi,M_SR,184,1.0,1,0.8889617606203185,32,,,,,,
full,shanxi,M_SR,184,1.5,10,0.8662710406768797,37,,,,,,
full,shanxi,M_SR,184,2.0,1,0.847144631254455,43,,,,,,
full,shanxi,M_SR,184,3.0,1,0.8137518895794914,50,,,,,,
full,shanxi,M_SR,185,0.1,9,0.9700155512291375,10,,,,,,
full,shanxi,M_SR,185,0.5,14,0.9239780432939164,20,,,,,,
full,shanxi,M_SR,185,1.0,17,0.8941735579107376,30,,,,,,
full,shanxi,M_SR,185,1.5,19,0.8750217632321264,37,,,,,,
full,shanxi,M_SR,185,2.0,7,0.8575860405615333,44,,,,,,
full,shanxi,M_SR,185,3.0,19,0.8249663237074216,49,,,,,,
full,shanxi,M_SR,186,0.1,2,0.9661879096754186,11,,,,,,
full,shanxi,M_SR,186,0.5,3,0.9240549564437929,21,,,,,,
full,shanxi,M_SR,186,1.0,18,0.892137005296518,28,,,,,,
full,shanxi,M_SR,186,1.5,9,0.8687204627204481,35,,,,,,
full,shanxi,M_SR,186,2.0,1,0.8477053921394717,40,,,,,,
full,shanxi,M_SR,186,3.0,10,0.8126945021258289,50,,,,,,
full,shanxi,M_SR,187,0.1,18,0.9649874305561512,12,,,,,,
full,shanxi,M_SR,187,0.5,6,0.9207778360796935,22,,,,,,
full,shanxi,M_SR,187,1.0,12345,0.8891654613570348,30,,,,,,
full,shanxi,M_SR,187,1.5,7,0.8671043158449815,34,,,,,,
full,shanxi,M_SR,187,2.0,15,0.8461979970433098,39,,,,,,
full,shanxi,M_SR,187,3.0,11,0.8107674615391407,48,,,,,,
full,shanxi,M_SR,188,0.1,1,0.9667436129294332,13,,,,,,
full,shanxi,M_SR,188,0.5,5,0.924877443250657,22,,,,,,
full,shanxi,M_SR,188,1.0,3,0.890450461150351,30,,,,,,
full,shanxi,M_SR,188,1.5,8,0.8651846433566462,36,,,,,,
full,shanxi,M_SR,188,2.0,4,0.8470315154917966,39,,,,,,
full,shanxi,M_SR,188,3.0,16,0.8106905106684438,42,,,,,,
full,shanxi,M_SR,189,0.1,13,0.9668096070830815,12,,,,,,
full,shanxi,M_SR,189,0.5,19,0.9231854592787839,22,,,,,,
full,shanxi,M_SR,189,1.0,6,0.8903333381874261,29,,,,,,
full,shanxi,M_SR,189,1.5,15,0.8661178420053746,30,,,,,,
full,shanxi,M_SR,189,2.0,15,0.8445189252298229,40,,,,,,
full,shanxi,M_SR,189,3.0,14,0.8095668618088964,47,,,,,,
full,shanxi,M_SR,190,0.1,4,0.9662578446204848,11,,,,,,
full,shanxi,M_SR,190,0.5,10,0.9233586086143992,21,,,,,,
full,shanxi,M_SR,190,1.0,15,0.8887241236713965,29,,,,,,
full,shanxi,M_SR,190,1.5,10,0.8632749527425939,32,,,,,,
full,shanxi,M_SR,190,2.0,13,0.8434468862416422,39,,,,,,
full,shanxi,M_SR,190,3.0,7,0.8102958530634791,48,,,,,,
full,shanxi,M_SR,191,0.1,16,0.9632758139448522,10,,,,,,
full,shanxi,M_SR,191,0.5,4,0.9146564076230188,20,,,,,,
full,shanxi,M_SR,191,1.0,16,0.8853337216348323,30,,,,,,
full,shanxi,M_SR,191,1.5,16,0.8633309036707583,37,,,,,,
full,shanxi,M_SR,191,2.0,2,0.8437922729930628,44,,,,,,
full,shanxi,M_SR,191,3.0,2,0.8126373262004378,54,,,,,,
full,shanxi,M_SR,192,0.1,12345,0.9641602757256886,11,,,,,,
full,shanxi,M_SR,192,0.5,2,0.9225117696508698,22,,,,,,
full,shanxi,M_SR,192,1.0,9,0.8923330140773985,29,,,,,,
full,shanxi,M_SR,192,1.5,19,0.8672706086902755,32,,,,,,
full,shanxi,M_SR,192,2.0,18,0.8473148671635508,38,,,,,,
full,shanxi,M_SR,192,3.0,7,0.8134302004001243,50,,,,,,
full,shanxi,M_SR,193,0.1,12,0.9686492402189416,9,,,,,,
full,shanxi,M_SR,193,0.5,4,0.9262670734571966,18,,,,,,
full,shanxi,M_SR,193,1.0,13,0.8927741683006434,29,,,,,,
full,shanxi,M_SR,193,1.5,11,0.8701442825112218,34,,,,,,
full,shanxi,M_SR,193,2.0,11,0.853278835607262,43,,,,,,
full,shanxi,M_SR,193,3.0,5,0.8230093003548633,48,,,,,,
full,shanxi,M_SR,194,0.1,5,0.963356542753999,11,,,,,,
full,shanxi,M_SR,194,0.5,1,0.92144730374518,21,,,,,,
full,shanxi,M_SR,194,1.0,1,0.891475540232556,29,,,,,,
full,shanxi,M_SR,194,1.5,6,0.8661929432440774,35,,,,,,
full,shanxi,M_SR,194,2.0,1,0.8456314037430299,38,,,,,,
full,shanxi,M_SR,194,3.0,2,0.8105799263950161,48,,,,,,
full,shanxi,M_SR,195,0.1,14,0.9694817155369506,11,,,,,,
full,shanxi,M_SR,195,0.5,8,0.9265294811456842,24,,,,,,
full,shanxi,M_SR,195,1.0,2,0.8953484595906761,31,,,,,,
full,shanxi,M_SR,195,1.5,9,0.8698574533663311,38,,,,,,
full,shanxi,M_SR,195,2.0,14,0.8512868612611116,43,,,,,,
full,shanxi,M_SR,195,3.0,12345,0.8180016088752855,48,,,,,,
full,shanxi,M_SR,196,0.1,7,0.9653931012135003,12,,,,,,
full,shanxi,M_SR,196,0.5,17,0.9209475191508247,24,,,,,,
full,shanxi,M_SR,196,1.0,17,0.8873498688212084,27,,,,,,
full,shanxi,M_SR,196,1.5,18,0.863493469243366,36,,,,,,
full,shanxi,M_SR,196,2.0,18,0.8437754249928483,43,,,,,,
full,shanxi,M_SR,196,3.0,14,0.81273493682014,48,,,,,,
full,shanxi,M_SR,197,0.1,6,0.9663381311349868,13,,,,,,
full,shanxi,M_SR,197,0.5,14,0.9197783926652706,23,,,,,,
full,shanxi,M_SR,197,1.0,16,0.8872842171244003,31,,,,,,
full,shanxi,M_SR,197,1.5,6,0.8644654089492351,37,,,,,,
full,shanxi,M_SR,197,2.0,6,0.8450130689078507,41,,,,,,
full,shanxi,M_SR,197,3.0,5,0.8106956819225097,52,,,,,,
full,shanxi,M_SR,198,0.1,11,0.9688876064754119,13,,,,,,
full,shanxi,M_SR,198,0.5,2,0.9282167891231612,26,,,,,,
full,shanxi,M_SR,198,1.0,8,0.8969995587097284,33,,,,,,
full,shanxi,M_SR,198,1.5,10,0.8751609979287074,40,,,,,,
full,shanxi,M_SR,198,2.0,12,0.8574450922432547,43,,,,,,
full,shanxi,M_SR,198,3.0,16,0.8251401771840201,49,,,,,,
full,shanxi,M_SR,199,0.1,19,0.9679386543096055,11,,,,,,
full,shanxi,M_SR,199,0.5,4,0.9241536953241641,20,,,,,,
full,shanxi,M_SR,199,1.0,10,0.893527962023422,34,,,,,,
full,shanxi,M_SR,199,1.5,7,0.8726184395679998,39,,,,,,
full,shanxi,M_SR,199,2.0,10,0.8548416171743418,43,,,,,,
full,shanxi,M_SR,199,3.0,10,0.823831521309644,49,,,,,,
full,INGV,observed,-1,0.1,2,0.9952237486498942,95,,,,,,
full,INGV,observed,-1,0.5,18,0.985613221680323,129,,,,,,
full,INGV,observed,-1,1.0,18,0.9759356576737058,145,,,,,,
full,INGV,observed,-1,1.5,11,0.967217999117065,153,,,,,,
full,INGV,observed,-1,2.0,1,0.9591447275203558,159,,,,,,
full,INGV,observed,-1,3.0,14,0.9435160375250644,167,,,,,,
full,INGV,M_SR,0,0.1,1,0.9935423217823479,88,,,,,,
full,INGV,M_SR,0,0.5,12345,0.9815385361849205,122,,,,,,
full,INGV,M_SR,0,1.0,9,0.9699719044634655,138,,,,,,
full,INGV,M_SR,0,1.5,1,0.959442221635349,151,,,,,,
full,INGV,M_SR,0,2.0,1,0.949836569762472,155,,,,,,
full,INGV,M_SR,0,3.0,11,0.9312782429779358,163,,,,,,
full,INGV,M_SR,1,0.1,9,0.9931091430235333,88,,,,,,
full,INGV,M_SR,1,0.5,19,0.9816759037811011,121,,,,,,
full,INGV,M_SR,1,1.0,12,0.970900915506812,137,,,,,,
full,INGV,M_SR,1,1.5,15,0.9610260495537385,148,,,,,,
full,INGV,M_SR,1,2.0,10,0.9512930594388603,154,,,,,,
full,INGV,M_SR,1,3.0,11,0.9324491353982496,166,,,,,,
full,INGV,M_SR,2,0.1,1,0.9934873225037922,91,,,,,,
full,INGV,M_SR,2,0.5,17,0.9810053617390668,123,,,,,,
full,INGV,M_SR,2,1.0,8,0.9687748541812838,140,,,,,,
full,INGV,M_SR,2,1.5,2,0.9583122556692617,146,,,,,,
full,INGV,M_SR,2,2.0,15,0.9481397938299039,150,,,,,,
full,INGV,M_SR,2,3.0,17,0.9284256126742111,162,,,,,,
full,INGV,M_SR,3,0.1,5,0.9934219862529512,86,,,,,,
full,INGV,M_SR,3,0.5,1,0.981155610902803,114,,,,,,
full,INGV,M_SR,3,1.0,10,0.9698891390826241,133,,,,,,
full,INGV,M_SR,3,1.5,4,0.9601247534583454,149,,,,,,
full,INGV,M_SR,3,2.0,4,0.9507676893413609,157,,,,,,
full,INGV,M_SR,3,3.0,13,0.9324038190909294,170,,,,,,
full,INGV,M_SR,4,0.1,9,0.9937611418209357,90,,,,,,
full,INGV,M_SR,4,0.5,1,0.9813784159524702,123,,,,,,
full,INGV,M_SR,4,1.0,1,0.969827899644912,137,,,,,,
full,INGV,M_SR,4,1.5,19,0.9588069398149718,148,,,,,,
full,INGV,M_SR,4,2.0,17,0.9493829362420071,151,,,,,,
full,INGV,M_SR,4,3.0,15,0.9325515488445876,159,,,,,,
full,INGV,M_SR,5,0.1,15,0.9933335953696673,85,,,,,,
full,INGV,M_SR,5,0.5,17,0.98065087545489,119,,,,,,
full,INGV,M_SR,5,1.0,11,0.9683902412587182,138,,,,,,
full,INGV,M_SR,5,1.5,3,0.9577664504072011,144,,,,,,
full,INGV,M_SR,5,2.0,4,0.9474447183155679,150,,,,,,
full,INGV,M_SR,5,3.0,11,0.9297502627324009,164,,,,,,
full,INGV,M_SR,6,0.1,16,0.9930766732809844,85,,,,,,
full,INGV,M_SR,6,0.5,10,0.980507055974238,116,,,,,,
full,INGV,M_SR,6,1.0,3,0.9686022194485683,127,,,,,,
full,INGV,M_SR,6,1.5,15,0.9575923916702561,140,,,,,,
full,INGV,M_SR,6,2.0,3,0.9469858489725844,147,,,,,,
full,INGV,M_SR,6,3.0,14,0.9285355504188032,158,,,,,,
full,INGV,M_SR,7,0.1,16,0.9931669412347475,84,,,,,,
full,INGV,M_SR,7,0.5,13,0.9799228789566669,114,,,,,,
full,INGV,M_SR,7,1.0,7,0.96836048636952,129,,,,,,
full,INGV,M_SR,7,1.5,18,0.9574068610045353,142,,,,,,
full,INGV,M_SR,7,2.0,14,0.9471905355096122,150,,,,,,
full,INGV,M_SR,7,3.0,4,0.9284603454944548,163,,,,,,
full,INGV,M_SR,8,0.1,12,0.9935002375131544,88,,,,,,
full,INGV,M_SR,8,0.5,15,0.9812316650569758,118,,,,,,
full,INGV,M_SR,8,1.0,14,0.968224597649613,132,,,,,,
full,INGV,M_SR,8,1.5,5,0.9567316374143956,139,,,,,,
full,INGV,M_SR,8,2.0,10,0.9460233614487735,149,,,,,,
full,INGV,M_SR,8,3.0,5,0.926654494622147,165,,,,,,
full,INGV,M_SR,9,0.1,12,0.9928392058192989,90,,,,,,
full,INGV,M_SR,9,0.5,19,0.9796711522548053,118,,,,,,
full,INGV,M_SR,9,1.0,6,0.9675583180247737,134,,,,,,
full,INGV,M_SR,9,1.5,8,0.9570151636032811,147,,,,,,
full,INGV,M_SR,9,2.0,1,0.9471781024983372,152,,,,,,
full,INGV,M_SR,9,3.0,2,0.928148685495198,168,,,,,,
full,INGV,M_SR,10,0.1,3,0.9933113240662158,86,,,,,,
full,INGV,M_SR,10,0.5,1,0.9811247254110718,121,,,,,,
full,INGV,M_SR,10,1.0,9,0.9693653831034147,137,,,,,,
full,INGV,M_SR,10,1.5,8,0.9591347721387717,149,,,,,,
full,INGV,M_SR,10,2.0,17,0.9493725759858908,153,,,,,,
full,INGV,M_SR,10,3.0,17,0.93234827245531,167,,,,,,
full,INGV,M_SR,11,0.1,14,0.9934915428687968,91,,,,,,
full,INGV,M_SR,11,0.5,12,0.9808491624241886,115,,,,,,
full,INGV,M_SR,11,1.0,12345,0.9692933584331408,134,,,,,,
full,INGV,M_SR,11,1.5,8,0.9587405517285837,146,,,,,,
full,INGV,M_SR,11,2.0,8,0.9488068383796031,151,,,,,,
full,INGV,M_SR,11,3.0,11,0.9298498610208631,158,,,,,,
full,INGV,M_SR,12,0.1,12345,0.9932806062877518,88,,,,,,
full,INGV,M_SR,12,0.5,17,0.9801954322715454,121,,,,,,
full,INGV,M_SR,12,1.0,10,0.9680225546267296,134,,,,,,
full,INGV,M_SR,12,1.5,4,0.957215788954163,141,,,,,,
full,INGV,M_SR,12,2.0,4,0.9468305005466404,145,,,,,,
full,INGV,M_SR,12,3.0,1,0.9286907871792354,159,,,,,,
full,INGV,M_SR,13,0.1,16,0.9927423227847811,89,,,,,,
full,INGV,M_SR,13,0.5,3,0.9801901345081886,116,,,,,,
full,INGV,M_SR,13,1.0,10,0.9668817875784136,137,,,,,,
full,INGV,M_SR,13,1.5,2,0.9557726360228243,144,,,,,,
full,INGV,M_SR,13,2.0,18,0.9450999260258569,153,,,,,,
full,INGV,M_SR,13,3.0,17,0.9244927227426256,163,,,,,,
full,INGV,M_SR,14,0.1,11,0.9931031602906306,88,,,,,,
full,INGV,M_SR,14,0.5,9,0.9803353449527922,116,,,,,,
full,INGV,M_SR,14,1.0,12345,0.9686381209042357,130,,,,,,
full,INGV,M_SR,14,1.5,12345,0.9577495466108682,142,,,,,,
full,INGV,M_SR,14,2.0,12345,0.9480269967259903,151,,,,,,
full,INGV,M_SR,14,3.0,7,0.9302320993791918,160,,,,,,
full,INGV,M_SR,15,0.1,2,0.993491389625275,90,,,,,,
full,INGV,M_SR,15,0.5,15,0.9818019194821621,120,,,,,,
full,INGV,M_SR,15,1.0,7,0.9698951095636831,135,,,,,,
full,INGV,M_SR,15,1.5,7,0.9599375247236391,149,,,,,,
full,INGV,M_SR,15,2.0,15,0.950307106596241,158,,,,,,
full,INGV,M_SR,15,3.0,3,0.9338126892164329,166,,,,,,
full,INGV,M_SR,16,0.1,2,0.993296507617587,88,,,,,,
full,INGV,M_SR,16,0.5,18,0.9798246131821599,122,,,,,,
full,INGV,M_SR,16,1.0,16,0.9676063112649987,136,,,,,,
full,INGV,M_SR,16,1.5,2,0.9576514898430923,144,,,,,,
full,INGV,M_SR,16,2.0,5,0.9478209028686436,148,,,,,,
full,INGV,M_SR,16,3.0,3,0.9298171078142772,159,,,,,,
full,INGV,M_SR,17,0.1,15,0.9931353225589704,89,,,,,,
full,INGV,M_SR,17,0.5,16,0.9802617878368695,115,,,,,,
full,INGV,M_SR,17,1.0,4,0.9678803140544793,125,,,,,,
full,INGV,M_SR,17,1.5,4,0.9563427276221054,134,,,,,,
full,INGV,M_SR,17,2.0,12,0.9457978156073802,145,,,,,,
full,INGV,M_SR,17,3.0,9,0.9274865160699182,158,,,,,,
full,INGV,M_SR,18,0.1,9,0.9935195998518856,83,,,,,,
full,INGV,M_SR,18,0.5,7,0.9817484431770186,124,,,,,,
full,INGV,M_SR,18,1.0,12345,0.9708345418028426,136,,,,,,
full,INGV,M_SR,18,1.5,9,0.9606497447892937,149,,,,,,
full,INGV,M_SR,18,2.0,14,0.950788829813363,160,,,,,,
full,INGV,M_SR,18,3.0,9,0.931808414573259,168,,,,,,
full,INGV,M_SR,19,0.1,12,0.9932501538701453,90,,,,,,
full,INGV,M_SR,19,0.5,16,0.9823541988521703,120,,,,,,
full,INGV,M_SR,19,1.0,8,0.971685366903675,141,,,,,,
full,INGV,M_SR,19,1.5,19,0.9619470451210916,149,,,,,,
full,INGV,M_SR,19,2.0,19,0.9525411248337473,154,,,,,,
full,INGV,M_SR,19,3.0,8,0.9344822575373559,166,,,,,,
full,INGV,M_SR,20,0.1,14,0.9932063373497781,86,,,,,,
full,INGV,M_SR,20,0.5,1,0.9812562888691171,116,,,,,,
full,INGV,M_SR,20,1.0,2,0.9694570811785478,131,,,,,,
full,INGV,M_SR,20,1.5,4,0.9591851818593452,140,,,,,,
full,INGV,M_SR,20,2.0,15,0.949502098459999,148,,,,,,
full,INGV,M_SR,20,3.0,5,0.9332780931352561,161,,,,,,
full,INGV,M_SR,21,0.1,12,0.993422393287849,87,,,,,,
full,INGV,M_SR,21,0.5,11,0.9807878123801179,123,,,,,,
full,INGV,M_SR,21,1.0,12,0.9696205591290334,138,,,,,,
full,INGV,M_SR,21,1.5,16,0.9593919846855848,149,,,,,,
full,INGV,M_SR,21,2.0,17,0.9498719118230253,160,,,,,,
full,INGV,M_SR,21,3.0,10,0.9331936624626976,168,,,,,,
full,INGV,M_SR,22,0.1,11,0.9932682698499957,88,,,,,,
full,INGV,M_SR,22,0.5,4,0.9811609008110364,119,,,,,,
full,INGV,M_SR,22,1.0,2,0.9692657862519881,130,,,,,,
full,INGV,M_SR,22,1.5,9,0.9584465582885846,134,,,,,,
full,INGV,M_SR,22,2.0,18,0.9485448275457974,143,,,,,,
full,INGV,M_SR,22,3.0,3,0.9291418310685249,160,,,,,,
full,INGV,M_SR,23,0.1,10,0.9935554125947902,89,,,,,,
full,INGV,M_SR,23,0.5,16,0.9812651825648487,117,,,,,,
full,INGV,M_SR,23,1.0,2,0.9707859535510059,136,,,,,,
full,INGV,M_SR,23,1.5,1,0.9612038491805325,147,,,,,,
full,INGV,M_SR,23,2.0,7,0.9526607712520819,160,,,,,,
full,INGV,M_SR,23,3.0,7,0.9372927659829473,165,,,,,,
full,INGV,M_SR,24,0.1,10,0.9932943707847162,94,,,,,,
full,INGV,M_SR,24,0.5,17,0.9806249756230256,123,,,,,,
full,INGV,M_SR,24,1.0,5,0.9690589622532478,137,,,,,,
full,INGV,M_SR,24,1.5,17,0.9588317462761315,147,,,,,,
full,INGV,M_SR,24,2.0,17,0.9490579397038728,154,,,,,,
full,INGV,M_SR,24,3.0,17,0.9306081308039149,169,,,,,,
full,INGV,M_SR,25,0.1,5,0.9921165408589538,85,,,,,,
full,INGV,M_SR,25,0.5,6,0.9788669598732626,120,,,,,,
full,INGV,M_SR,25,1.0,1,0.9660150148132951,133,,,,,,
full,INGV,M_SR,25,1.5,5,0.9557492731688029,147,,,,,,
full,INGV,M_SR,25,2.0,8,0.9468531146976413,152,,,,,,
full,INGV,M_SR,25,3.0,8,0.9294036776254744,161,,,,,,
full,INGV,M_SR,26,0.1,15,0.9937124610811471,89,,,,,,
full,INGV,M_SR,26,0.5,15,0.9817888294218327,118,,,,,,
full,INGV,M_SR,26,1.0,5,0.9695229591040044,135,,,,,,
full,INGV,M_SR,26,1.5,12,0.9589380973563224,144,,,,,,
full,INGV,M_SR,26,2.0,3,0.9485066405220537,149,,,,,,
full,INGV,M_SR,26,3.0,6,0.9295017640574841,161,,,,,,
full,INGV,M_SR,27,0.1,10,0.9936439694090305,89,,,,,,
full,INGV,M_SR,27,0.5,8,0.9822708025965807,123,,,,,,
full,INGV,M_SR,27,1.0,17,0.9709850742115784,134,,,,,,
full,INGV,M_SR,27,1.5,10,0.9614133815673402,145,,,,,,
full,INGV,M_SR,27,2.0,3,0.9522031061180091,151,,,,,,
full,INGV,M_SR,27,3.0,5,0.9358111533801206,162,,,,,,
full,INGV,M_SR,28,0.1,17,0.9929222182918638,91,,,,,,
full,INGV,M_SR,28,0.5,8,0.9810306852385791,121,,,,,,
full,INGV,M_SR,28,1.0,2,0.9697092756677519,136,,,,,,
full,INGV,M_SR,28,1.5,11,0.9598575235747456,146,,,,,,
full,INGV,M_SR,28,2.0,2,0.9509701981049924,156,,,,,,
full,INGV,M_SR,28,3.0,12,0.9340034984677652,166,,,,,,
full,INGV,M_SR,29,0.1,13,0.9937121640176861,87,,,,,,
full,INGV,M_SR,29,0.5,18,0.9820335670327099,120,,,,,,
full,INGV,M_SR,29,1.0,5,0.9701371080385327,133,,,,,,
full,INGV,M_SR,29,1.5,6,0.9602376737420508,146,,,,,,
full,INGV,M_SR,29,2.0,15,0.9511204418001233,154,,,,,,
full,INGV,M_SR,29,3.0,10,0.934503836490058,167,,,,,,
full,INGV,M_SR,30,0.1,3,0.9933314268125066,94,,,,,,
full,INGV,M_SR,30,0.5,15,0.9813801051525062,119,,,,,,
full,INGV,M_SR,30,1.0,18,0.9690943630677904,134,,,,,,
full,INGV,M_SR,30,1.5,10,0.9584273687595365,147,,,,,,
full,INGV,M_SR,30,2.0,14,0.94827624663257,156,,,,,,
full,INGV,M_SR,30,3.0,10,0.9295497698042173,164,,,,,,
full,INGV,M_SR,31,0.1,9,0.9931184118591829,89,,,,,,
full,INGV,M_SR,31,0.5,9,0.9795845330374168,117,,,,,,
full,INGV,M_SR,31,1.0,2,0.9647173506650825,134,,,,,,
full,INGV,M_SR,31,1.5,4,0.9529934416174156,145,,,,,,
full,INGV,M_SR,31,2.0,4,0.942092551268044,153,,,,,,
full,INGV,M_SR,31,3.0,12345,0.9211435603408451,163,,,,,,
full,INGV,M_SR,32,0.1,11,0.9929711302768898,85,,,,,,
full,INGV,M_SR,32,0.5,9,0.9801752829741329,112,,,,,,
full,INGV,M_SR,32,1.0,2,0.9664769012257775,129,,,,,,
full,INGV,M_SR,32,1.5,19,0.9551418038117572,137,,,,,,
full,INGV,M_SR,32,2.0,1,0.9447215365937921,144,,,,,,
full,INGV,M_SR,32,3.0,16,0.9245706842939941,154,,,,,,
full,INGV,M_SR,33,0.1,7,0.993424879149677,92,,,,,,
full,INGV,M_SR,33,0.5,7,0.9812621064750012,119,,,,,,
full,INGV,M_SR,33,1.0,12345,0.9697040715014591,134,,,,,,
full,INGV,M_SR,33,1.5,8,0.9590865376005537,146,,,,,,
full,INGV,M_SR,33,2.0,15,0.9493760107723064,150,,,,,,
full,INGV,M_SR,33,3.0,19,0.9313406285761582,163,,,,,,
full,INGV,M_SR,34,0.1,12,0.9935817890532979,92,,,,,,
full,INGV,M_SR,34,0.5,5,0.9812253169497748,119,,,,,,
full,INGV,M_SR,34,1.0,4,0.9686391899586564,137,,,,,,
full,INGV,M_SR,34,1.5,14,0.9578343318365187,146,,,,,,
full,INGV,M_SR,34,2.0,10,0.9477222851558261,152,,,,,,
full,INGV,M_SR,34,3.0,17,0.9288227314172369,162,,,,,,
full,INGV,M_SR,35,0.1,2,0.9932472076950709,91,,,,,,
full,INGV,M_SR,35,0.5,16,0.9810055666870233,120,,,,,,
full,INGV,M_SR,35,1.0,12345,0.969009768167914,137,,,,,,
full,INGV,M_SR,35,1.5,17,0.9581486600915965,149,,,,,,
full,INGV,M_SR,35,2.0,3,0.9479195882132037,154,,,,,,
full,INGV,M_SR,35,3.0,1,0.9278419629903507,165,,,,,,
full,INGV,M_SR,36,0.1,14,0.9922646245344968,88,,,,,,
full,INGV,M_SR,36,0.5,18,0.9803282210031993,112,,,,,,
full,INGV,M_SR,36,1.0,12,0.9683706062444598,132,,,,,,
full,INGV,M_SR,36,1.5,12345,0.9581823378055458,142,,,,,,
full,INGV,M_SR,36,2.0,2,0.9486088798601552,151,,,,,,
full,INGV,M_SR,36,3.0,14,0.9309753864856968,162,,,,,,
full,INGV,M_SR,37,0.1,8,0.9937418824744657,88,,,,,,
full,INGV,M_SR,37,0.5,16,0.9821072202333818,117,,,,,,
full,INGV,M_SR,37,1.0,9,0.9704803308410952,130,,,,,,
full,INGV,M_SR,37,1.5,18,0.9608460769304871,145,,,,,,
full,INGV,M_SR,37,2.0,12,0.9520688182237802,152,,,,,,
full,INGV,M_SR,37,3.0,12345,0.9360987394065067,167,,,,,,
full,INGV,M_SR,38,0.1,12345,0.9929846946485476,83,,,,,,
full,INGV,M_SR,38,0.5,4,0.9805213539914099,118,,,,,,
full,INGV,M_SR,38,1.0,14,0.9691195776872501,135,,,,,,
full,INGV,M_SR,38,1.5,1,0.9587042929684991,143,,,,,,
full,INGV,M_SR,38,2.0,1,0.9491413374218611,151,,,,,,
full,INGV,M_SR,38,3.0,15,0.9327739491863767,165,,,,,,
full,INGV,M_SR,39,0.1,13,0.993411830810529,85,,,,,,
full,INGV,M_SR,39,0.5,12,0.9815520744997251,112,,,,,,
full,INGV,M_SR,39,1.0,6,0.9687588388395725,135,,,,,,
full,INGV,M_SR,39,1.5,17,0.959127074415657,145,,,,,,
full,INGV,M_SR,39,2.0,4,0.9499203035593937,150,,,,,,
full,INGV,M_SR,39,3.0,17,0.9332725269970757,163,,,,,,
full,INGV,M_SR,40,0.1,4,0.9934703443033299,85,,,,,,
full,INGV,M_SR,40,0.5,17,0.9814529299088242,118,,,,,,
full,INGV,M_SR,40,1.0,3,0.9699204774542257,133,,,,,,
full,INGV,M_SR,40,1.5,8,0.9595911140889364,147,,,,,,
full,INGV,M_SR,40,2.0,17,0.9501118720168193,159,,,,,,
full,INGV,M_SR,40,3.0,7,0.9319135524662426,170,,,,,,
full,INGV,M_SR,41,0.1,3,0.9932103195218105,93,,,,,,
full,INGV,M_SR,41,0.5,1,0.9815444534254154,118,,,,,,
full,INGV,M_SR,41,1.0,11,0.9699472267891072,135,,,,,,
full,INGV,M_SR,41,1.5,17,0.9593100629269119,142,,,,,,
full,INGV,M_SR,41,2.0,6,0.949195678489206,147,,,,,,
full,INGV,M_SR,41,3.0,8,0.9306927713324847,158,,,,,,
full,INGV,M_SR,42,0.1,4,0.9931858545681331,86,,,,,,
full,INGV,M_SR,42,0.5,9,0.9810591233819544,117,,,,,,
full,INGV,M_SR,42,1.0,18,0.9689261038231789,134,,,,,,
full,INGV,M_SR,42,1.5,10,0.9583593184900951,142,,,,,,
full,INGV,M_SR,42,2.0,10,0.9480760598845699,146,,,,,,
full,INGV,M_SR,42,3.0,1,0.9297287370448335,160,,,,,,
full,INGV,M_SR,43,0.1,18,0.9934879741976932,85,,,,,,
full,INGV,M_SR,43,0.5,13,0.9810250318026936,124,,,,,,
full,INGV,M_SR,43,1.0,1,0.9694770355324981,133,,,,,,
full,INGV,M_SR,43,1.5,15,0.9590456978396554,140,,,,,,
full,INGV,M_SR,43,2.0,8,0.9495607233651431,149,,,,,,
full,INGV,M_SR,43,3.0,12,0.9311640328949071,163,,,,,,
full,INGV,M_SR,44,0.1,14,0.9928501006164739,94,,,,,,
full,INGV,M_SR,44,0.5,1,0.9811643474324107,119,,,,,,
full,INGV,M_SR,44,1.0,5,0.9696112854391932,139,,,,,,
full,INGV,M_SR,44,1.5,4,0.9593941479179134,150,,,,,,
full,INGV,M_SR,44,2.0,8,0.949612272265722,156,,,,,,
full,INGV,M_SR,44,3.0,1,0.93173228111007,168,,,,,,
full,INGV,M_SR,45,0.1,17,0.9935811831502606,91,,,,,,
full,INGV,M_SR,45,0.5,14,0.981407670908937,115,,,,,,
full,INGV,M_SR,45,1.0,3,0.9687823445695335,134,,,,,,
full,INGV,M_SR,45,1.5,17,0.9580699074330975,147,,,,,,
full,INGV,M_SR,45,2.0,17,0.9482120400446189,153,,,,,,
full,INGV,M_SR,45,3.0,2,0.9301241379503332,164,,,,,,
full,INGV,M_SR,46,0.1,8,0.9933929559419761,92,,,,,,
full,INGV,M_SR,46,0.5,11,0.9816187533322686,121,,,,,,
full,INGV,M_SR,46,1.0,12,0.9689977642108778,132,,,,,,
full,INGV,M_SR,46,1.5,8,0.9593911451229312,142,,,,,,
full,INGV,M_SR,46,2.0,14,0.9504015872078211,150,,,,,,
full,INGV,M_SR,46,3.0,6,0.9340672743804104,165,,,,,,
full,INGV,M_SR,47,0.1,12345,0.9934806004920903,90,,,,,,
full,INGV,M_SR,47,0.5,1,0.9815595866878429,121,,,,,,
full,INGV,M_SR,47,1.0,2,0.9690871186729302,134,,,,,,
full,INGV,M_SR,47,1.5,17,0.9588689338950348,144,,,,,,
full,INGV,M_SR,47,2.0,9,0.9495258390867383,155,,,,,,
full,INGV,M_SR,47,3.0,14,0.9319608121485923,165,,,,,,
full,INGV,M_SR,48,0.1,13,0.9937349080331552,88,,,,,,
full,INGV,M_SR,48,0.5,12,0.9822665384601921,128,,,,,,
full,INGV,M_SR,48,1.0,15,0.9714521106376914,143,,,,,,
full,INGV,M_SR,48,1.5,14,0.961622098987555,152,,,,,,
full,INGV,M_SR,48,2.0,10,0.952028039167166,157,,,,,,
full,INGV,M_SR,48,3.0,6,0.9333317815098493,167,,,,,,
full,INGV,M_SR,49,0.1,10,0.9928707874710099,89,,,,,,
full,INGV,M_SR,49,0.5,1,0.9798403936566349,115,,,,,,
full,INGV,M_SR,49,1.0,5,0.9674874128664885,129,,,,,,
full,INGV,M_SR,49,1.5,12345,0.957052788141712,142,,,,,,
full,INGV,M_SR,49,2.0,5,0.9470928206020853,153,,,,,,
full,INGV,M_SR,49,3.0,8,0.9281825905074612,162,,,,,,
full,INGV,M_SR,50,0.1,7,0.9930548860148486,91,,,,,,
full,INGV,M_SR,50,0.5,4,0.9809829571850225,119,,,,,,
full,INGV,M_SR,50,1.0,6,0.9699308583389433,140,,,,,,
full,INGV,M_SR,50,1.5,11,0.9600545022852605,148,,,,,,
full,INGV,M_SR,50,2.0,12,0.950253995449673,154,,,,,,
full,INGV,M_SR,50,3.0,6,0.9314962718960405,171,,,,,,
full,INGV,M_SR,51,0.1,1,0.9937925089909788,89,,,,,,
full,INGV,M_SR,51,0.5,10,0.9826170838537736,122,,,,,,
full,INGV,M_SR,51,1.0,2,0.9709276930385837,136,,,,,,
full,INGV,M_SR,51,1.5,18,0.9610342599198175,145,,,,,,
full,INGV,M_SR,51,2.0,3,0.951707984045498,152,,,,,,
full,INGV,M_SR,51,3.0,15,0.934178725424134,163,,,,,,
full,INGV,M_SR,52,0.1,13,0.9938104497592121,92,,,,,,
full,INGV,M_SR,52,0.5,8,0.9821109392737716,125,,,,,,
full,INGV,M_SR,52,1.0,16,0.9700453649007476,136,,,,,,
full,INGV,M_SR,52,1.5,16,0.9605319657086303,148,,,,,,
full,INGV,M_SR,52,2.0,13,0.9512271061549638,156,,,,,,
full,INGV,M_SR,52,3.0,7,0.9330122112989473,165,,,,,,
full,INGV,M_SR,53,0.1,2,0.9938942961075482,89,,,,,,
full,INGV,M_SR,53,0.5,5,0.9808506316259296,119,,,,,,
full,INGV,M_SR,53,1.0,15,0.9683540378553229,141,,,,,,
full,INGV,M_SR,53,1.5,10,0.9571984931265038,151,,,,,,
full,INGV,M_SR,53,2.0,2,0.9477527972216055,157,,,,,,
full,INGV,M_SR,53,3.0,18,0.9300324951882036,172,,,,,,
full,INGV,M_SR,54,0.1,11,0.9930243479990717,88,,,,,,
full,INGV,M_SR,54,0.5,18,0.9786811076781867,119,,,,,,
full,INGV,M_SR,54,1.0,6,0.9655380190540909,135,,,,,,
full,INGV,M_SR,54,1.5,6,0.9548818571015045,141,,,,,,
full,INGV,M_SR,54,2.0,2,0.9446759965825708,148,,,,,,
full,INGV,M_SR,54,3.0,3,0.9258976374429586,160,,,,,,
full,INGV,M_SR,55,0.1,15,0.99348215934149,87,,,,,,
full,INGV,M_SR,55,0.5,12,0.9812613881756119,116,,,,,,
full,INGV,M_SR,55,1.0,3,0.9692801585797534,133,,,,,,
full,INGV,M_SR,55,1.5,8,0.9592430872719543,145,,,,,,
full,INGV,M_SR,55,2.0,13,0.9497288040646643,155,,,,,,
full,INGV,M_SR,55,3.0,13,0.9321617057338448,165,,,,,,
full,INGV,M_SR,56,0.1,10,0.993234423436888,92,,,,,,
full,INGV,M_SR,56,0.5,12,0.9811170633851093,119,,,,,,
full,INGV,M_SR,56,1.0,16,0.9690026790952765,134,,,,,,
full,INGV,M_SR,56,1.5,8,0.9582362292863882,140,,,,,,
full,INGV,M_SR,56,2.0,1,0.9477884219304769,150,,,,,,
full,INGV,M_SR,56,3.0,17,0.9276257253926647,160,,,,,,
full,INGV,M_SR,57,0.1,19,0.9931352575394126,86,,,,,,
full,INGV,M_SR,57,0.5,12345,0.9808654553739555,117,,,,,,
full,INGV,M_SR,57,1.0,19,0.9691898717781011,135,,,,,,
full,INGV,M_SR,57,1.5,14,0.9585625330137572,140,,,,,,
full,INGV,M_SR,57,2.0,6,0.948153993969202,145,,,,,,
full,INGV,M_SR,57,3.0,7,0.9283098429968655,157,,,,,,
full,INGV,M_SR,58,0.1,4,0.9931764980147297,85,,,,,,
full,INGV,M_SR,58,0.5,1,0.9801005803152818,123,,,,,,
full,INGV,M_SR,58,1.0,1,0.9680028872961984,135,,,,,,
full,INGV,M_SR,58,1.5,3,0.9573148694803065,145,,,,,,
full,INGV,M_SR,58,2.0,1,0.946806247735711,153,,,,,,
full,INGV,M_SR,58,3.0,14,0.928266261681894,164,,,,,,
full,INGV,M_SR,59,0.1,2,0.9933695307359469,89,,,,,,
full,INGV,M_SR,59,0.5,2,0.9817222711047322,117,,,,,,
full,INGV,M_SR,59,1.0,10,0.9702414917720426,134,,,,,,
full,INGV,M_SR,59,1.5,13,0.9603705076985636,138,,,,,,
full,INGV,M_SR,59,2.0,17,0.9511734495375592,150,,,,,,
full,INGV,M_SR,59,3.0,10,0.9342561276948618,160,,,,,,
full,INGV,M_SR,60,0.1,18,0.9928626584143965,90,,,,,,
full,INGV,M_SR,60,0.5,12345,0.9807052701147381,120,,,,,,
full,INGV,M_SR,60,1.0,16,0.9691771907901826,133,,,,,,
full,INGV,M_SR,60,1.5,18,0.9589047003517623,141,,,,,,
full,INGV,M_SR,60,2.0,8,0.9493653483613983,149,,,,,,
full,INGV,M_SR,60,3.0,8,0.9317292681426911,161,,,,,,
full,INGV,M_SR,61,0.1,12,0.9936210455178869,87,,,,,,
full,INGV,M_SR,61,0.5,12,0.9802431036264597,112,,,,,,
full,INGV,M_SR,61,1.0,12,0.9672462077075417,126,,,,,,
full,INGV,M_SR,61,1.5,16,0.9553700347205031,137,,,,,,
full,INGV,M_SR,61,2.0,12,0.9453190537618718,145,,,,,,
full,INGV,M_SR,61,3.0,8,0.9260753999671922,157,,,,,,
full,INGV,M_SR,62,0.1,11,0.9938228959908472,96,,,,,,
full,INGV,M_SR,62,0.5,14,0.9814515699906297,122,,,,,,
full,INGV,M_SR,62,1.0,1,0.9692631548352623,135,,,,,,
full,INGV,M_SR,62,1.5,3,0.9591894024011073,144,,,,,,
full,INGV,M_SR,62,2.0,3,0.9494745056499108,149,,,,,,
full,INGV,M_SR,62,3.0,5,0.9319336801783035,162,,,,,,
full,INGV,M_SR,63,0.1,14,0.9927176387921355,89,,,,,,
full,INGV,M_SR,63,0.5,3,0.9799770582167177,117,,,,,,
full,INGV,M_SR,63,1.0,5,0.9680700325170435,133,,,,,,
full,INGV,M_SR,63,1.5,4,0.9575377944079737,142,,,,,,
full,INGV,M_SR,63,2.0,12345,0.9474783275146555,149,,,,,,
full,INGV,M_SR,63,3.0,5,0.9301309859716608,165,,,,,,
full,INGV,M_SR,64,0.1,9,0.9928783639193044,84,,,,,,
full,INGV,M_SR,64,0.5,12345,0.9800559633720802,116,,,,,,
full,INGV,M_SR,64,1.0,8,0.9679171059813357,131,,,,,,
full,INGV,M_SR,64,1.5,8,0.957106175047814,138,,,,,,
full,INGV,M_SR,64,2.0,6,0.9480887729326004,149,,,,,,
full,INGV,M_SR,64,3.0,12345,0.9315038005055875,162,,,,,,
full,INGV,M_SR,65,0.1,4,0.9928321917133737,87,,,,,,
full,INGV,M_SR,65,0.5,12,0.97984781669789,120,,,,,,
full,INGV,M_SR,65,1.0,11,0.9681893958064368,136,,,,,,
full,INGV,M_SR,65,1.5,12,0.9577059728489737,148,,,,,,
full,INGV,M_SR,65,2.0,13,0.9476273345146651,154,,,,,,
full,INGV,M_SR,65,3.0,9,0.928174200311813,167,,,,,,
full,INGV,M_SR,66,0.1,16,0.993597875616626,92,,,,,,
full,INGV,M_SR,66,0.5,4,0.9824928989599596,124,,,,,,
full,INGV,M_SR,66,1.0,2,0.9707914768922231,136,,,,,,
full,INGV,M_SR,66,1.5,5,0.9615130651182583,149,,,,,,
full,INGV,M_SR,66,2.0,18,0.9532398128173853,151,,,,,,
full,INGV,M_SR,66,3.0,7,0.9377516127456221,164,,,,,,
full,INGV,M_SR,67,0.1,4,0.9933897424225924,88,,,,,,
full,INGV,M_SR,67,0.5,12,0.9818880733782686,118,,,,,,
full,INGV,M_SR,67,1.0,14,0.9697719374138365,134,,,,,,
full,INGV,M_SR,67,1.5,3,0.959447269957254,146,,,,,,
full,INGV,M_SR,67,2.0,3,0.9496087159640999,150,,,,,,
full,INGV,M_SR,67,3.0,12345,0.9316428047769604,160,,,,,,
full,INGV,M_SR,68,0.1,19,0.9933848708823082,89,,,,,,
full,INGV,M_SR,68,0.5,13,0.9800965066166162,119,,,,,,
full,INGV,M_SR,68,1.0,2,0.9676480643731862,139,,,,,,
full,INGV,M_SR,68,1.5,12345,0.9570363178367809,145,,,,,,
full,INGV,M_SR,68,2.0,1,0.9474618633961205,150,,,,,,
full,INGV,M_SR,68,3.0,18,0.9293215083772767,161,,,,,,
full,INGV,M_SR,69,0.1,1,0.9936179573267803,87,,,,,,
full,INGV,M_SR,69,0.5,19,0.9820200311877509,118,,,,,,
full,INGV,M_SR,69,1.0,17,0.9702861572155607,133,,,,,,
full,INGV,M_SR,69,1.5,17,0.9601583811166605,138,,,,,,
full,INGV,M_SR,69,2.0,7,0.9512942853460545,147,,,,,,
full,INGV,M_SR,69,3.0,15,0.9345108762635481,157,,,,,,
full,INGV,M_SR,70,0.1,10,0.9934354947559566,82,,,,,,
full,INGV,M_SR,70,0.5,6,0.9798808640310998,115,,,,,,
full,INGV,M_SR,70,1.0,15,0.9679225649974175,135,,,,,,
full,INGV,M_SR,70,1.5,10,0.957235638837027,148,,,,,,
full,INGV,M_SR,70,2.0,12,0.9468699593120127,154,,,,,,
full,INGV,M_SR,70,3.0,11,0.9268257275187946,163,,,,,,
full,INGV,M_SR,71,0.1,15,0.9931769370467263,89,,,,,,
full,INGV,M_SR,71,0.5,15,0.980741949057245,113,,,,,,
full,INGV,M_SR,71,1.0,2,0.9694204215115255,125,,,,,,
full,INGV,M_SR,71,1.5,2,0.9590572469091545,138,,,,,,
full,INGV,M_SR,71,2.0,18,0.9490856792959692,141,,,,,,
full,INGV,M_SR,71,3.0,15,0.9294917868852677,151,,,,,,
full,INGV,M_SR,72,0.1,1,0.9940185324247913,92,,,,,,
full,INGV,M_SR,72,0.5,19,0.9821561021456146,120,,,,,,
full,INGV,M_SR,72,1.0,8,0.9709553178783118,134,,,,,,
full,INGV,M_SR,72,1.5,8,0.9604821278897044,144,,,,,,
full,INGV,M_SR,72,2.0,12,0.9509778803102169,152,,,,,,
full,INGV,M_SR,72,3.0,19,0.932845039855659,162,,,,,,
full,INGV,M_SR,73,0.1,14,0.9932629101648316,90,,,,,,
full,INGV,M_SR,73,0.5,2,0.9814088461583249,116,,,,,,
full,INGV,M_SR,73,1.0,19,0.9695001907073802,132,,,,,,
full,INGV,M_SR,73,1.5,2,0.9585265572409444,143,,,,,,
full,INGV,M_SR,73,2.0,1,0.947901926904961,148,,,,,,
full,INGV,M_SR,73,3.0,12,0.9283990603371249,160,,,,,,
full,INGV,M_SR,74,0.1,1,0.9933479113138357,88,,,,,,
full,INGV,M_SR,74,0.5,6,0.9804084841350861,118,,,,,,
full,INGV,M_SR,74,1.0,14,0.9690398874163857,133,,,,,,
full,INGV,M_SR,74,1.5,2,0.959430210736139,142,,,,,,
full,INGV,M_SR,74,2.0,17,0.9503334484967312,146,,,,,,
full,INGV,M_SR,74,3.0,18,0.9335530137955498,161,,,,,,
full,INGV,M_SR,75,0.1,4,0.9932165131414951,87,,,,,,
full,INGV,M_SR,75,0.5,17,0.9812048751800506,116,,,,,,
full,INGV,M_SR,75,1.0,9,0.9698391115019149,130,,,,,,
full,INGV,M_SR,75,1.5,12,0.9598558583276116,144,,,,,,
full,INGV,M_SR,75,2.0,7,0.9503196665768788,151,,,,,,
full,INGV,M_SR,75,3.0,1,0.9319429196779788,162,,,,,,
full,INGV,M_SR,76,0.1,14,0.9928404226695184,90,,,,,,
full,INGV,M_SR,76,0.5,9,0.9796635828088145,116,,,,,,
full,INGV,M_SR,76,1.0,11,0.9675759213489706,131,,,,,,
full,INGV,M_SR,76,1.5,9,0.9568360293156367,138,,,,,,
full,INGV,M_SR,76,2.0,2,0.9471514212153024,148,,,,,,
full,INGV,M_SR,76,3.0,6,0.9294846641545289,161,,,,,,
full,INGV,M_SR,77,0.1,17,0.9934334789450452,90,,,,,,
full,INGV,M_SR,77,0.5,7,0.9803272624083812,115,,,,,,
full,INGV,M_SR,77,1.0,17,0.9690223731264505,130,,,,,,
full,INGV,M_SR,77,1.5,6,0.9584741952242535,140,,,,,,
full,INGV,M_SR,77,2.0,6,0.9480198042038708,147,,,,,,
full,INGV,M_SR,77,3.0,12,0.9311550834732026,161,,,,,,
full,INGV,M_SR,78,0.1,8,0.9935385831697,94,,,,,,
full,INGV,M_SR,78,0.5,3,0.9817617542582383,121,,,,,,
full,INGV,M_SR,78,1.0,16,0.9703542804698971,135,,,,,,
full,INGV,M_SR,78,1.5,16,0.9605172038286965,145,,,,,,
full,INGV,M_SR,78,2.0,10,0.951509527199261,154,,,,,,
full,INGV,M_SR,78,3.0,12345,0.9339393787721056,165,,,,,,
full,INGV,M_SR,79,0.1,12,0.9931774351695041,90,,,,,,
full,INGV,M_SR,79,0.5,4,0.9810112302020447,123,,,,,,
full,INGV,M_SR,79,1.0,12345,0.9703385488616371,136,,,,,,
full,INGV,M_SR,79,1.5,5,0.9602545596729818,145,,,,,,
full,INGV,M_SR,79,2.0,2,0.9504990504418321,151,,,,,,
full,INGV,M_SR,79,3.0,1,0.9325773540199496,163,,,,,,
full,INGV,M_SR,80,0.1,16,0.9935981268247023,92,,,,,,
full,INGV,M_SR,80,0.5,17,0.9812647221286571,120,,,,,,
full,INGV,M_SR,80,1.0,12,0.9680371097354907,134,,,,,,
full,INGV,M_SR,80,1.5,5,0.9573994246087899,145,,,,,,
full,INGV,M_SR,80,2.0,2,0.9479728863965605,151,,,,,,
full,INGV,M_SR,80,3.0,3,0.929702785370796,164,,,,,,
full,INGV,M_SR,81,0.1,18,0.993422484090465,86,,,,,,
full,INGV,M_SR,81,0.5,10,0.9808384713891588,118,,,,,,
full,INGV,M_SR,81,1.0,4,0.9693874144076106,135,,,,,,
full,INGV,M_SR,81,1.5,18,0.9589474688076266,145,,,,,,
full,INGV,M_SR,81,2.0,13,0.9488507101271925,151,,,,,,
full,INGV,M_SR,81,3.0,2,0.9294216074361581,164,,,,,,
full,INGV,M_SR,82,0.1,6,0.9929786223721202,88,,,,,,
full,INGV,M_SR,82,0.5,11,0.9809263900166357,119,,,,,,
full,INGV,M_SR,82,1.0,6,0.9686740190158698,135,,,,,,
full,INGV,M_SR,82,1.5,8,0.9590026741980407,145,,,,,,
full,INGV,M_SR,82,2.0,10,0.9494227556470437,153,,,,,,
full,INGV,M_SR,82,3.0,6,0.9311857903345317,163,,,,,,
full,INGV,M_SR,83,0.1,14,0.9934350647850461,87,,,,,,
full,INGV,M_SR,83,0.5,19,0.9819716680294254,123,,,,,,
full,INGV,M_SR,83,1.0,12345,0.9708502931872097,136,,,,,,
full,INGV,M_SR,83,1.5,12,0.960177422878784,145,,,,,,
full,INGV,M_SR,83,2.0,6,0.9498495869393576,156,,,,,,
full,INGV,M_SR,83,3.0,8,0.9297683738390773,164,,,,,,
full,INGV,M_SR,84,0.1,16,0.9935516270245937,92,,,,,,
full,INGV,M_SR,84,0.5,2,0.980841173516037,116,,,,,,
full,INGV,M_SR,84,1.0,15,0.9685864952730581,139,,,,,,
full,INGV,M_SR,84,1.5,4,0.9582345540963874,145,,,,,,
full,INGV,M_SR,84,2.0,3,0.9489304074935481,153,,,,,,
full,INGV,M_SR,84,3.0,13,0.9319087411897902,167,,,,,,
full,INGV,M_SR,85,0.1,2,0.9938488344024402,94,,,,,,
full,INGV,M_SR,85,0.5,2,0.9812305349671155,118,,,,,,
full,INGV,M_SR,85,1.0,8,0.9677028959858808,131,,,,,,
full,INGV,M_SR,85,1.5,6,0.9569624748922355,144,,,,,,
full,INGV,M_SR,85,2.0,18,0.9469647337957626,148,,,,,,
full,INGV,M_SR,85,3.0,1,0.9288662378052539,164,,,,,,
full,INGV,M_SR,86,0.1,2,0.9932056375795432,88,,,,,,
full,INGV,M_SR,86,0.5,5,0.9814208487179853,118,,,,,,
full,INGV,M_SR,86,1.0,6,0.970232047135313,134,,,,,,
full,INGV,M_SR,86,1.5,5,0.9599349238025708,143,,,,,,
full,INGV,M_SR,86,2.0,15,0.9501473349856162,148,,,,,,
full,INGV,M_SR,86,3.0,10,0.9324819756406004,164,,,,,,
full,INGV,M_SR,87,0.1,12,0.9934515535840822,92,,,,,,
full,INGV,M_SR,87,0.5,5,0.9818614297219499,120,,,,,,
full,INGV,M_SR,87,1.0,3,0.9688420011308787,129,,,,,,
full,INGV,M_SR,87,1.5,14,0.9576672491240266,139,,,,,,
full,INGV,M_SR,87,2.0,12,0.9467972082845793,146,,,,,,
full,INGV,M_SR,87,3.0,9,0.9276501907764185,157,,,,,,
full,INGV,M_SR,88,0.1,7,0.9938180565731664,88,,,,,,
full,INGV,M_SR,88,0.5,10,0.981003546956614,118,,,,,,
full,INGV,M_SR,88,1.0,2,0.9686960799234215,127,,,,,,
full,INGV,M_SR,88,1.5,4,0.9581728302174544,141,,,,,,
full,INGV,M_SR,88,2.0,18,0.9481570210171274,148,,,,,,
full,INGV,M_SR,88,3.0,12345,0.9299200570511956,163,,,,,,
full,INGV,M_SR,89,0.1,17,0.9934910602676752,87,,,,,,
full,INGV,M_SR,89,0.5,18,0.9808608965605208,115,,,,,,
full,INGV,M_SR,89,1.0,17,0.9690776573367983,132,,,,,,
full,INGV,M_SR,89,1.5,13,0.9586916877271412,142,,,,,,
full,INGV,M_SR,89,2.0,11,0.9492585494298059,153,,,,,,
full,INGV,M_SR,89,3.0,15,0.9317153154789788,161,,,,,,
full,INGV,M_SR,90,0.1,4,0.9932592153320512,94,,,,,,
full,INGV,M_SR,90,0.5,10,0.9820332497981796,126,,,,,,
full,INGV,M_SR,90,1.0,2,0.9696592539295594,135,,,,,,
full,INGV,M_SR,90,1.5,18,0.9589441150020994,141,,,,,,
full,INGV,M_SR,90,2.0,12,0.9485979751530893,152,,,,,,
full,INGV,M_SR,90,3.0,4,0.9306762295923041,164,,,,,,
full,INGV,M_SR,91,0.1,1,0.9927966895197924,88,,,,,,
full,INGV,M_SR,91,0.5,7,0.9805290817337627,117,,,,,,
full,INGV,M_SR,91,1.0,3,0.968082018985762,133,,,,,,
full,INGV,M_SR,91,1.5,7,0.9576716891807706,142,,,,,,
full,INGV,M_SR,91,2.0,5,0.94775812006428,151,,,,,,
full,INGV,M_SR,91,3.0,15,0.9308993016355918,163,,,,,,
full,INGV,M_SR,92,0.1,7,0.9935460953182974,90,,,,,,
full,INGV,M_SR,92,0.5,9,0.98062006567598,121,,,,,,
full,INGV,M_SR,92,1.0,17,0.9671447578536675,132,,,,,,
full,INGV,M_SR,92,1.5,4,0.9552406596547911,139,,,,,,
full,INGV,M_SR,92,2.0,12345,0.9450970542052507,153,,,,,,
full,INGV,M_SR,92,3.0,13,0.9271676827313702,163,,,,,,
full,INGV,M_SR,93,0.1,9,0.9931419188407079,91,,,,,,
full,INGV,M_SR,93,0.5,18,0.9808695293956352,123,,,,,,
full,INGV,M_SR,93,1.0,17,0.9685268629807574,142,,,,,,
full,INGV,M_SR,93,1.5,16,0.9579474709837937,147,,,,,,
full,INGV,M_SR,93,2.0,19,0.9479696638646427,158,,,,,,
full,INGV,M_SR,93,3.0,7,0.930070913117928,171,,,,,,
full,INGV,M_SR,94,0.1,4,0.9931800959313536,89,,,,,,
full,INGV,M_SR,94,0.5,10,0.9807274567654619,114,,,,,,
full,INGV,M_SR,94,1.0,6,0.9693422172309613,134,,,,,,
full,INGV,M_SR,94,1.5,14,0.9591919493410253,145,,,,,,
full,INGV,M_SR,94,2.0,6,0.9498077330850948,158,,,,,,
full,INGV,M_SR,94,3.0,13,0.9331725212682898,166,,,,,,
full,INGV,M_SR,95,0.1,9,0.9934571566918476,93,,,,,,
full,INGV,M_SR,95,0.5,5,0.9808105278082228,121,,,,,,
full,INGV,M_SR,95,1.0,12,0.9683159840825181,144,,,,,,
full,INGV,M_SR,95,1.5,12,0.9573629994291031,154,,,,,,
full,INGV,M_SR,95,2.0,7,0.9476815971242067,159,,,,,,
full,INGV,M_SR,95,3.0,18,0.9291599774304071,169,,,,,,
full,INGV,M_SR,96,0.1,6,0.993633205857356,90,,,,,,
full,INGV,M_SR,96,0.5,15,0.9811461232360674,121,,,,,,
full,INGV,M_SR,96,1.0,1,0.968164686436403,137,,,,,,
full,INGV,M_SR,96,1.5,8,0.9570070618906732,149,,,,,,
full,INGV,M_SR,96,2.0,3,0.9467933931309928,157,,,,,,
full,INGV,M_SR,96,3.0,1,0.9283312976362074,170,,,,,,
full,INGV,M_SR,97,0.1,10,0.9926320039410146,93,,,,,,
full,INGV,M_SR,97,0.5,2,0.9796936187163721,127,,,,,,
full,INGV,M_SR,97,1.0,17,0.967816439336525,139,,,,,,
full,INGV,M_SR,97,1.5,17,0.9575700049778698,156,,,,,,
full,INGV,M_SR,97,2.0,4,0.947882004207676,160,,,,,,
full,INGV,M_SR,97,3.0,10,0.9299464328586481,174,,,,,,
full,INGV,M_SR,98,0.1,13,0.9938715632252006,92,,,,,,
full,INGV,M_SR,98,0.5,19,0.9815578876180829,118,,,,,,
full,INGV,M_SR,98,1.0,12,0.9693665067765661,131,,,,,,
full,INGV,M_SR,98,1.5,19,0.9589151766828132,138,,,,,,
full,INGV,M_SR,98,2.0,2,0.9487346074686148,144,,,,,,
full,INGV,M_SR,98,3.0,16,0.9299207895662871,158,,,,,,
full,INGV,M_SR,99,0.1,13,0.9929491147329346,90,,,,,,
full,INGV,M_SR,99,0.5,17,0.98028345336076,118,,,,,,
full,INGV,M_SR,99,1.0,5,0.9682474671455716,136,,,,,,
full,INGV,M_SR,99,1.5,17,0.9580976696887673,145,,,,,,
full,INGV,M_SR,99,2.0,17,0.948001221976622,152,,,,,,
full,INGV,M_SR,99,3.0,16,0.9293644857158178,163,,,,,,
full,INGV,M_SR,100,0.1,18,0.9933099246515738,92,,,,,,
full,INGV,M_SR,100,0.5,7,0.981434705232365,123,,,,,,
full,INGV,M_SR,100,1.0,18,0.9700246689577556,134,,,,,,
full,INGV,M_SR,100,1.5,5,0.9599412709161629,149,,,,,,
full,INGV,M_SR,100,2.0,12345,0.9506029717127817,157,,,,,,
full,INGV,M_SR,100,3.0,2,0.9323065626524905,166,,,,,,
full,INGV,M_SR,101,0.1,14,0.9933683773129928,80,,,,,,
full,INGV,M_SR,101,0.5,4,0.9796888929697565,113,,,,,,
full,INGV,M_SR,101,1.0,12,0.967970734270499,132,,,,,,
full,INGV,M_SR,101,1.5,4,0.95740522220203,142,,,,,,
full,INGV,M_SR,101,2.0,4,0.9474039151992928,150,,,,,,
full,INGV,M_SR,101,3.0,9,0.9286968835448953,155,,,,,,
full,INGV,M_SR,102,0.1,14,0.9934843275191985,88,,,,,,
full,INGV,M_SR,102,0.5,19,0.981122235538172,121,,,,,,
full,INGV,M_SR,102,1.0,1,0.9701693953532351,133,,,,,,
full,INGV,M_SR,102,1.5,6,0.9595967982976279,141,,,,,,
full,INGV,M_SR,102,2.0,6,0.9498289998262842,152,,,,,,
full,INGV,M_SR,102,3.0,6,0.9314012475762163,162,,,,,,
full,INGV,M_SR,103,0.1,13,0.993019086269318,88,,,,,,
full,INGV,M_SR,103,0.5,15,0.980853782684364,120,,,,,,
full,INGV,M_SR,103,1.0,13,0.9685163199200661,137,,,,,,
full,INGV,M_SR,103,1.5,2,0.9581267602333965,151,,,,,,
full,INGV,M_SR,103,2.0,2,0.9479877679292027,162,,,,,,
full,INGV,M_SR,103,3.0,11,0.9295687193844961,173,,,,,,
full,INGV,M_SR,104,0.1,18,0.9926630862708271,87,,,,,,
full,INGV,M_SR,104,0.5,17,0.980092272582016,118,,,,,,
full,INGV,M_SR,104,1.0,2,0.9680559293723374,133,,,,,,
full,INGV,M_SR,104,1.5,13,0.9578616626763783,148,,,,,,
full,INGV,M_SR,104,2.0,13,0.9479547124470563,153,,,,,,
full,INGV,M_SR,104,3.0,17,0.9287845690411282,165,,,,,,
full,INGV,M_SR,105,0.1,12345,0.9934679580946121,84,,,,,,
full,INGV,M_SR,105,0.5,15,0.9806932706759851,114,,,,,,
full,INGV,M_SR,105,1.0,3,0.9687969405677332,131,,,,,,
full,INGV,M_SR,105,1.5,14,0.9585780721409219,142,,,,,,
full,INGV,M_SR,105,2.0,14,0.9487897062877901,148,,,,,,
full,INGV,M_SR,105,3.0,11,0.930136574912974,160,,,,,,
full,INGV,M_SR,106,0.1,6,0.9934666605481839,95,,,,,,
full,INGV,M_SR,106,0.5,1,0.9810503296266799,123,,,,,,
full,INGV,M_SR,106,1.0,9,0.9693233154675699,134,,,,,,
full,INGV,M_SR,106,1.5,2,0.9590584654696992,144,,,,,,
full,INGV,M_SR,106,2.0,8,0.9491132793409978,153,,,,,,
full,INGV,M_SR,106,3.0,19,0.9304170613906266,161,,,,,,
full,INGV,M_SR,107,0.1,8,0.9934805310476957,91,,,,,,
full,INGV,M_SR,107,0.5,11,0.9815829243324796,122,,,,,,
full,INGV,M_SR,107,1.0,13,0.9697287293528002,132,,,,,,
full,INGV,M_SR,107,1.5,13,0.958892603026475,143,,,,,,
full,INGV,M_SR,107,2.0,3,0.9497514879543633,157,,,,,,
full,INGV,M_SR,107,3.0,16,0.9325668694960133,168,,,,,,
full,INGV,M_SR,108,0.1,19,0.9937803339415031,87,,,,,,
full,INGV,M_SR,108,0.5,3,0.9818198803714565,128,,,,,,
full,INGV,M_SR,108,1.0,14,0.9699893930939935,140,,,,,,
full,INGV,M_SR,108,1.5,2,0.9591652008144621,148,,,,,,
full,INGV,M_SR,108,2.0,1,0.949904573118639,152,,,,,,
full,INGV,M_SR,108,3.0,14,0.9320601096247945,160,,,,,,
full,INGV,M_SR,109,0.1,8,0.9928689141997102,86,,,,,,
full,INGV,M_SR,109,0.5,16,0.9814624784753864,120,,,,,,
full,INGV,M_SR,109,1.0,18,0.9698306674589728,134,,,,,,
full,INGV,M_SR,109,1.5,6,0.9596165621551654,142,,,,,,
full,INGV,M_SR,109,2.0,5,0.9500193995861989,155,,,,,,
full,INGV,M_SR,109,3.0,4,0.9316851410747119,167,,,,,,
full,INGV,M_SR,110,0.1,14,0.9937022327517036,90,,,,,,
full,INGV,M_SR,110,0.5,18,0.9817970629944927,121,,,,,,
full,INGV,M_SR,110,1.0,13,0.9688292760939675,131,,,,,,
full,INGV,M_SR,110,1.5,5,0.9579876989940077,141,,,,,,
full,INGV,M_SR,110,2.0,5,0.9487451901727127,151,,,,,,
full,INGV,M_SR,110,3.0,6,0.931713024788358,161,,,,,,
full,INGV,M_SR,111,0.1,18,0.9933032735462752,91,,,,,,
full,INGV,M_SR,111,0.5,17,0.9821247524223837,121,,,,,,
full,INGV,M_SR,111,1.0,5,0.9707707319657909,129,,,,,,
full,INGV,M_SR,111,1.5,6,0.9603813576419781,138,,,,,,
full,INGV,M_SR,111,2.0,13,0.9502616618769444,143,,,,,,
full,INGV,M_SR,111,3.0,1,0.9302981209170457,156,,,,,,
full,INGV,M_SR,112,0.1,8,0.9931550246390399,88,,,,,,
full,INGV,M_SR,112,0.5,16,0.9816919455912411,122,,,,,,
full,INGV,M_SR,112,1.0,8,0.9702799151125806,138,,,,,,
full,INGV,M_SR,112,1.5,18,0.9602433153304769,149,,,,,,
full,INGV,M_SR,112,2.0,6,0.9510940185128915,157,,,,,,
full,INGV,M_SR,112,3.0,9,0.9338043543455982,164,,,,,,
full,INGV,M_SR,113,0.1,10,0.9924044386791642,84,,,,,,
full,INGV,M_SR,113,0.5,15,0.9798244862073524,118,,,,,,
full,INGV,M_SR,113,1.0,5,0.9683122808337915,133,,,,,,
full,INGV,M_SR,113,1.5,15,0.9577784834320903,142,,,,,,
full,INGV,M_SR,113,2.0,15,0.9473430129821804,151,,,,,,
full,INGV,M_SR,113,3.0,8,0.9278112584095437,161,,,,,,
full,INGV,M_SR,114,0.1,14,0.9929923486305441,85,,,,,,
full,INGV,M_SR,114,0.5,9,0.9809175848882948,112,,,,,,
full,INGV,M_SR,114,1.0,17,0.9695329632568842,129,,,,,,
full,INGV,M_SR,114,1.5,5,0.9593104113601281,139,,,,,,
full,INGV,M_SR,114,2.0,9,0.950118160796873,148,,,,,,
full,INGV,M_SR,114,3.0,4,0.9335458394824308,159,,,,,,
full,INGV,M_SR,115,0.1,9,0.9930894432588344,91,,,,,,
full,INGV,M_SR,115,0.5,6,0.9808997506194205,119,,,,,,
full,INGV,M_SR,115,1.0,15,0.9690858453321493,135,,,,,,
full,INGV,M_SR,115,1.5,5,0.9590401097854062,143,,,,,,
full,INGV,M_SR,115,2.0,16,0.9492266179775298,150,,,,,,
full,INGV,M_SR,115,3.0,10,0.9306511403358978,161,,,,,,
full,INGV,M_SR,116,0.1,10,0.9935888587642091,88,,,,,,
full,INGV,M_SR,116,0.5,6,0.9820021271566468,117,,,,,,
full,INGV,M_SR,116,1.0,10,0.9703522600790643,128,,,,,,
full,INGV,M_SR,116,1.5,1,0.9601546439800912,136,,,,,,
full,INGV,M_SR,116,2.0,6,0.9502894291782393,146,,,,,,
full,INGV,M_SR,116,3.0,1,0.9319612745981286,163,,,,,,
full,INGV,M_SR,117,0.1,14,0.9941301919564388,91,,,,,,
full,INGV,M_SR,117,0.5,3,0.9817500391483076,121,,,,,,
full,INGV,M_SR,117,1.0,5,0.9695179069522888,135,,,,,,
full,INGV,M_SR,117,1.5,10,0.9592785124288645,145,,,,,,
full,INGV,M_SR,117,2.0,3,0.9495140604170413,157,,,,,,
full,INGV,M_SR,117,3.0,16,0.9306444706163812,168,,,,,,
full,INGV,M_SR,118,0.1,13,0.9933261728155147,85,,,,,,
full,INGV,M_SR,118,0.5,13,0.979700347492592,112,,,,,,
full,INGV,M_SR,118,1.0,13,0.9671224810955418,131,,,,,,
full,INGV,M_SR,118,1.5,5,0.9563111951390513,138,,,,,,
full,INGV,M_SR,118,2.0,5,0.9456226467511613,144,,,,,,
full,INGV,M_SR,118,3.0,11,0.9256113726661431,149,,,,,,
full,INGV,M_SR,119,0.1,6,0.9922693982170485,86,,,,,,
full,INGV,M_SR,119,0.5,1,0.9789625742086777,116,,,,,,
full,INGV,M_SR,119,1.0,17,0.9674446288024485,133,,,,,,
full,INGV,M_SR,119,1.5,2,0.9565635077834098,144,,,,,,
full,INGV,M_SR,119,2.0,11,0.9467536183615202,151,,,,,,
full,INGV,M_SR,119,3.0,11,0.9276154136548805,157,,,,,,
full,INGV,M_SR,120,0.1,14,0.993361743201548,90,,,,,,
full,INGV,M_SR,120,0.5,7,0.9796806289749459,120,,,,,,
full,INGV,M_SR,120,1.0,4,0.9662079022936493,138,,,,,,
full,INGV,M_SR,120,1.5,17,0.9552091384189734,142,,,,,,
full,INGV,M_SR,120,2.0,19,0.9442081247120979,150,,,,,,
full,INGV,M_SR,120,3.0,2,0.9249762831471416,163,,,,,,
full,INGV,M_SR,121,0.1,19,0.9928617086811312,85,,,,,,
full,INGV,M_SR,121,0.5,1,0.9807742838195334,116,,,,,,
full,INGV,M_SR,121,1.0,1,0.9690911337058615,135,,,,,,
full,INGV,M_SR,121,1.5,1,0.9590956535743677,148,,,,,,
full,INGV,M_SR,121,2.0,12,0.950441402698521,157,,,,,,
full,INGV,M_SR,121,3.0,12,0.9344107323913311,170,,,,,,
full,INGV,M_SR,122,0.1,9,0.9929706723789136,89,,,,,,
full,INGV,M_SR,122,0.5,13,0.9796085814702045,120,,,,,,
full,INGV,M_SR,122,1.0,17,0.967664596756617,137,,,,,,
full,INGV,M_SR,122,1.5,8,0.9579190908778191,145,,,,,,
full,INGV,M_SR,122,2.0,12345,0.9486273930803638,152,,,,,,
full,INGV,M_SR,122,3.0,16,0.9303002350386829,158,,,,,,
full,INGV,M_SR,123,0.1,14,0.9933385285907922,87,,,,,,
full,INGV,M_SR,123,0.5,12345,0.980421915422262,120,,,,,,
full,INGV,M_SR,123,1.0,16,0.9699117238675591,134,,,,,,
full,INGV,M_SR,123,1.5,6,0.9598781749459973,144,,,,,,
full,INGV,M_SR,123,2.0,8,0.950856400052979,151,,,,,,
full,INGV,M_SR,123,3.0,6,0.9336599049846077,164,,,,,,
full,INGV,M_SR,124,0.1,3,0.9941526883199467,90,,,,,,
full,INGV,M_SR,124,0.5,18,0.9825291505175178,120,,,,,,
full,INGV,M_SR,124,1.0,9,0.9698247662029127,133,,,,,,
full,INGV,M_SR,124,1.5,10,0.9599650999946548,140,,,,,,
full,INGV,M_SR,124,2.0,16,0.9501420243198698,145,,,,,,
full,INGV,M_SR,124,3.0,2,0.932228321490327,160,,,,,,
full,INGV,M_SR,125,0.1,12,0.9939837011633761,87,,,,,,
full,INGV,M_SR,125,0.5,14,0.9831869802734505,121,,,,,,
full,INGV,M_SR,125,1.0,3,0.9715410467814206,132,,,,,,
full,INGV,M_SR,125,1.5,13,0.9614538594900907,150,,,,,,
full,INGV,M_SR,125,2.0,16,0.9526432319199826,157,,,,,,
full,INGV,M_SR,125,3.0,17,0.9366078299588573,168,,,,,,
full,INGV,M_SR,126,0.1,3,0.9933281184577505,84,,,,,,
full,INGV,M_SR,126,0.5,4,0.9810559061879114,119,,,,,,
full,INGV,M_SR,126,1.0,6,0.9687263748430047,134,,,,,,
full,INGV,M_SR,126,1.5,10,0.9580066689311326,141,,,,,,
full,INGV,M_SR,126,2.0,12,0.9481238941983424,149,,,,,,
full,INGV,M_SR,126,3.0,4,0.9292405857389625,163,,,,,,
full,INGV,M_SR,127,0.1,1,0.9935808741101826,90,,,,,,
full,INGV,M_SR,127,0.5,4,0.9813398781894315,121,,,,,,
full,INGV,M_SR,127,1.0,4,0.9699174600859006,136,,,,,,
full,INGV,M_SR,127,1.5,4,0.9596108092993215,147,,,,,,
full,INGV,M_SR,127,2.0,19,0.9502186129504118,154,,,,,,
full,INGV,M_SR,127,3.0,17,0.9322776107093166,164,,,,,,
full,INGV,M_SR,128,0.1,11,0.9932816256425194,88,,,,,,
full,INGV,M_SR,128,0.5,12,0.9798942010755259,115,,,,,,
full,INGV,M_SR,128,1.0,12345,0.9680113126287755,132,,,,,,
full,INGV,M_SR,128,1.5,9,0.9572960181322682,140,,,,,,
full,INGV,M_SR,128,2.0,9,0.9470651802614568,145,,,,,,
full,INGV,M_SR,128,3.0,18,0.9273615179608682,161,,,,,,
full,INGV,M_SR,129,0.1,12,0.9933325637911269,86,,,,,,
full,INGV,M_SR,129,0.5,13,0.9804627187033357,114,,,,,,
full,INGV,M_SR,129,1.0,12,0.9667599590048233,132,,,,,,
full,INGV,M_SR,129,1.5,3,0.9552471718235499,145,,,,,,
full,INGV,M_SR,129,2.0,1,0.9454877126134276,152,,,,,,
full,INGV,M_SR,129,3.0,12345,0.9264639703432573,163,,,,,,
full,INGV,M_SR,130,0.1,16,0.9938310997399136,90,,,,,,
full,INGV,M_SR,130,0.5,3,0.9818659051765781,120,,,,,,
full,INGV,M_SR,130,1.0,5,0.9697098630439009,133,,,,,,
full,INGV,M_SR,130,1.5,8,0.9592761540997359,143,,,,,,
full,INGV,M_SR,130,2.0,9,0.950223148692322,151,,,,,,
full,INGV,M_SR,130,3.0,14,0.9335965495324976,167,,,,,,
full,INGV,M_SR,131,0.1,13,0.9935324415869216,82,,,,,,
full,INGV,M_SR,131,0.5,12,0.9802568066157011,117,,,,,,
full,INGV,M_SR,131,1.0,14,0.966705051893816,134,,,,,,
full,INGV,M_SR,131,1.5,10,0.9553376401855892,143,,,,,,
full,INGV,M_SR,131,2.0,10,0.9453776317396638,148,,,,,,
full,INGV,M_SR,131,3.0,17,0.9267519648441896,155,,,,,,
full,INGV,M_SR,132,0.1,12,0.993006947275032,87,,,,,,
full,INGV,M_SR,132,0.5,6,0.9806686848626145,123,,,,,,
full,INGV,M_SR,132,1.0,14,0.9689169300076096,139,,,,,,
full,INGV,M_SR,132,1.5,12,0.9591371987422519,150,,,,,,
full,INGV,M_SR,132,2.0,12345,0.9500235332412382,154,,,,,,
full,INGV,M_SR,132,3.0,18,0.9325204223031918,165,,,,,,
full,INGV,M_SR,133,0.1,7,0.9932965385805554,87,,,,,,
full,INGV,M_SR,133,0.5,6,0.9798214670366711,112,,,,,,
full,INGV,M_SR,133,1.0,8,0.9675009213362598,128,,,,,,
full,INGV,M_SR,133,1.5,12345,0.956752435061375,139,,,,,,
full,INGV,M_SR,133,2.0,5,0.9464360197708459,146,,,,,,
full,INGV,M_SR,133,3.0,7,0.9266443060498059,157,,,,,,
full,INGV,M_SR,134,0.1,15,0.9935128688488714,88,,,,,,
full,INGV,M_SR,134,0.5,9,0.9821701173141942,122,,,,,,
full,INGV,M_SR,134,1.0,3,0.9705773657349032,138,,,,,,
full,INGV,M_SR,134,1.5,14,0.9602559975870613,150,,,,,,
full,INGV,M_SR,134,2.0,14,0.9511094619308517,157,,,,,,
full,INGV,M_SR,134,3.0,1,0.9336895564615271,169,,,,,,
full,INGV,M_SR,135,0.1,1,0.9930476054956326,91,,,,,,
full,INGV,M_SR,135,0.5,17,0.9808977749819651,124,,,,,,
full,INGV,M_SR,135,1.0,10,0.9682470135876423,141,,,,,,
full,INGV,M_SR,135,1.5,10,0.9578858668914205,151,,,,,,
full,INGV,M_SR,135,2.0,5,0.947973572802597,162,,,,,,
full,INGV,M_SR,135,3.0,10,0.931767753428026,170,,,,,,
full,INGV,M_SR,136,0.1,15,0.9936581051435444,85,,,,,,
full,INGV,M_SR,136,0.5,19,0.9817636817885707,116,,,,,,
full,INGV,M_SR,136,1.0,12,0.9702112507018051,127,,,,,,
full,INGV,M_SR,136,1.5,10,0.959988911493559,138,,,,,,
full,INGV,M_SR,136,2.0,14,0.9508326769005349,149,,,,,,
full,INGV,M_SR,136,3.0,10,0.9325803178560774,161,,,,,,
full,INGV,M_SR,137,0.1,19,0.992838733656583,90,,,,,,
full,INGV,M_SR,137,0.5,11,0.9813224451529384,122,,,,,,
full,INGV,M_SR,137,1.0,12,0.970499254283643,133,,,,,,
full,INGV,M_SR,137,1.5,11,0.9603783186828921,146,,,,,,
full,INGV,M_SR,137,2.0,9,0.9503765238611035,154,,,,,,
full,INGV,M_SR,137,3.0,12345,0.9309512806779706,166,,,,,,
full,INGV,M_SR,138,0.1,10,0.9929749707448648,86,,,,,,
full,INGV,M_SR,138,0.5,17,0.9806756179936256,115,,,,,,
full,INGV,M_SR,138,1.0,9,0.9691519595178754,130,,,,,,
full,INGV,M_SR,138,1.5,15,0.9581929335704132,141,,,,,,
full,INGV,M_SR,138,2.0,5,0.9475623620432754,148,,,,,,
full,INGV,M_SR,138,3.0,8,0.9269036077981331,159,,,,,,
full,INGV,M_SR,139,0.1,1,0.9930826112079011,90,,,,,,
full,INGV,M_SR,139,0.5,3,0.9802769279442302,114,,,,,,
full,INGV,M_SR,139,1.0,1,0.9681629881358385,130,,,,,,
full,INGV,M_SR,139,1.5,7,0.9569948699851606,138,,,,,,
full,INGV,M_SR,139,2.0,5,0.9463873166342393,143,,,,,,
full,INGV,M_SR,139,3.0,16,0.9262846412283899,154,,,,,,
full,INGV,M_SR,140,0.1,17,0.9936823432532946,94,,,,,,
full,INGV,M_SR,140,0.5,12345,0.9811766272168585,127,,,,,,
full,INGV,M_SR,140,1.0,18,0.9695192951122317,141,,,,,,
full,INGV,M_SR,140,1.5,1,0.9584684179122257,147,,,,,,
full,INGV,M_SR,140,2.0,1,0.9479640580125476,150,,,,,,
full,INGV,M_SR,140,3.0,3,0.9293301176559787,168,,,,,,
full,INGV,M_SR,141,0.1,14,0.9931948700116312,86,,,,,,
full,INGV,M_SR,141,0.5,17,0.9809136245449026,117,,,,,,
full,INGV,M_SR,141,1.0,13,0.9691174920178302,131,,,,,,
full,INGV,M_SR,141,1.5,13,0.9589662042953168,141,,,,,,
full,INGV,M_SR,141,2.0,17,0.9496418706256475,147,,,,,,
full,INGV,M_SR,141,3.0,4,0.9334789571413358,163,,,,,,
full,INGV,M_SR,142,0.1,13,0.9938744581576511,90,,,,,,
full,INGV,M_SR,142,0.5,2,0.9812335774899332,120,,,,,,
full,INGV,M_SR,142,1.0,7,0.9704202339628342,139,,,,,,
full,INGV,M_SR,142,1.5,12345,0.9606781816100657,147,,,,,,
full,INGV,M_SR,142,2.0,4,0.951112497302004,155,,,,,,
full,INGV,M_SR,142,3.0,6,0.9322503307167036,168,,,,,,
full,INGV,M_SR,143,0.1,5,0.9932437722136381,88,,,,,,
full,INGV,M_SR,143,0.5,11,0.9800731332069222,112,,,,,,
full,INGV,M_SR,143,1.0,12,0.9685263392825386,132,,,,,,
full,INGV,M_SR,143,1.5,19,0.9581815822069084,145,,,,,,
full,INGV,M_SR,143,2.0,19,0.9481023964151752,149,,,,,,
full,INGV,M_SR,143,3.0,19,0.9285674103985985,162,,,,,,
full,INGV,M_SR,144,0.1,16,0.9932102712899319,91,,,,,,
full,INGV,M_SR,144,0.5,11,0.9812611579977075,111,,,,,,
full,INGV,M_SR,144,1.0,13,0.9690493173590838,128,,,,,,
full,INGV,M_SR,144,1.5,9,0.9585210657810345,138,,,,,,
full,INGV,M_SR,144,2.0,4,0.9491832028833893,146,,,,,,
full,INGV,M_SR,144,3.0,18,0.9324871190278929,155,,,,,,
full,INGV,M_SR,145,0.1,16,0.9936272808291978,92,,,,,,
full,INGV,M_SR,145,0.5,15,0.9819864116780963,125,,,,,,
full,INGV,M_SR,145,1.0,5,0.9697029154731194,138,,,,,,
full,INGV,M_SR,145,1.5,5,0.9594259456049457,144,,,,,,
full,INGV,M_SR,145,2.0,5,0.9503463616868834,152,,,,,,
full,INGV,M_SR,145,3.0,16,0.9333383354682239,166,,,,,,
full,INGV,M_SR,146,0.1,9,0.99304848571826,88,,,,,,
full,INGV,M_SR,146,0.5,7,0.9803136946581948,114,,,,,,
full,INGV,M_SR,146,1.0,4,0.9679452634801513,128,,,,,,
full,INGV,M_SR,146,1.5,10,0.9566736204417667,137,,,,,,
full,INGV,M_SR,146,2.0,4,0.9459293611469035,146,,,,,,
full,INGV,M_SR,146,3.0,18,0.9262243093110958,159,,,,,,
full,INGV,M_SR,147,0.1,2,0.9931241341948995,86,,,,,,
full,INGV,M_SR,147,0.5,10,0.9812612375983162,122,,,,,,
full,INGV,M_SR,147,1.0,15,0.9698819699922092,133,,,,,,
full,INGV,M_SR,147,1.5,1,0.959332645800376,140,,,,,,
full,INGV,M_SR,147,2.0,5,0.9492043301784221,149,,,,,,
full,INGV,M_SR,147,3.0,17,0.9308792965882521,165,,,,,,
full,INGV,M_SR,148,0.1,14,0.9934593476764443,95,,,,,,
full,INGV,M_SR,148,0.5,19,0.9814745719019943,125,,,,,,
full,INGV,M_SR,148,1.0,19,0.970134200279839,139,,,,,,
full,INGV,M_SR,148,1.5,15,0.9598990886784131,152,,,,,,
full,INGV,M_SR,148,2.0,16,0.9505168036172594,156,,,,,,
full,INGV,M_SR,148,3.0,16,0.932225120862273,171,,,,,,
full,INGV,M_SR,149,0.1,13,0.9928536617717733,88,,,,,,
full,INGV,M_SR,149,0.5,9,0.9814630559779415,119,,,,,,
full,INGV,M_SR,149,1.0,12345,0.9698934585994444,135,,,,,,
full,INGV,M_SR,149,1.5,12,0.9600216291639769,144,,,,,,
full,INGV,M_SR,149,2.0,6,0.9502760076730519,148,,,,,,
full,INGV,M_SR,149,3.0,15,0.9331636119284249,161,,,,,,
full,INGV,M_SR,150,0.1,4,0.9928528544402481,91,,,,,,
full,INGV,M_SR,150,0.5,4,0.9809503912576748,121,,,,,,
full,INGV,M_SR,150,1.0,16,0.968469430995025,135,,,,,,
full,INGV,M_SR,150,1.5,6,0.9571938082337618,144,,,,,,
full,INGV,M_SR,150,2.0,6,0.9462083182364258,149,,,,,,
full,INGV,M_SR,150,3.0,9,0.9291655324086435,167,,,,,,
full,INGV,M_SR,151,0.1,5,0.9935225091609624,81,,,,,,
full,INGV,M_SR,151,0.5,1,0.9806613341628998,116,,,,,,
full,INGV,M_SR,151,1.0,2,0.9677531507826581,132,,,,,,
full,INGV,M_SR,151,1.5,17,0.9570302951593757,141,,,,,,
full,INGV,M_SR,151,2.0,11,0.9471580813194087,149,,,,,,
full,INGV,M_SR,151,3.0,5,0.9292037750966595,158,,,,,,
full,INGV,M_SR,152,0.1,15,0.9933535666215257,97,,,,,,
full,INGV,M_SR,152,0.5,12,0.9830070308722368,128,,,,,,
full,INGV,M_SR,152,1.0,2,0.9714959542664722,139,,,,,,
full,INGV,M_SR,152,1.5,6,0.9618446417230178,147,,,,,,
full,INGV,M_SR,152,2.0,6,0.9527749510905359,159,,,,,,
full,INGV,M_SR,152,3.0,10,0.935759683731204,170,,,,,,
full,INGV,M_SR,153,0.1,7,0.9928259134212731,86,,,,,,
full,INGV,M_SR,153,0.5,12345,0.9800432823684784,116,,,,,,
full,INGV,M_SR,153,1.0,13,0.9683894579768892,132,,,,,,
full,INGV,M_SR,153,1.5,14,0.9578539910296767,140,,,,,,
full,INGV,M_SR,153,2.0,14,0.9480400524839415,144,,,,,,
full,INGV,M_SR,153,3.0,7,0.9289461343085519,152,,,,,,
full,INGV,M_SR,154,0.1,8,0.9936363288883288,86,,,,,,
full,INGV,M_SR,154,0.5,8,0.9811622685719334,124,,,,,,
full,INGV,M_SR,154,1.0,16,0.9694359359260195,139,,,,,,
full,INGV,M_SR,154,1.5,15,0.9593464480099141,147,,,,,,
full,INGV,M_SR,154,2.0,12345,0.9496713869170537,152,,,,,,
full,INGV,M_SR,154,3.0,3,0.9317317809349553,169,,,,,,
full,INGV,M_SR,155,0.1,1,0.9933204725066349,88,,,,,,
full,INGV,M_SR,155,0.5,12,0.9800841355794679,116,,,,,,
full,INGV,M_SR,155,1.0,12345,0.9679777146364726,124,,,,,,
full,INGV,M_SR,155,1.5,12345,0.957078967999396,138,,,,,,
full,INGV,M_SR,155,2.0,6,0.9471818457017542,148,,,,,,
full,INGV,M_SR,155,3.0,6,0.9298408363530059,160,,,,,,
full,INGV,M_SR,156,0.1,3,0.9934013511818047,94,,,,,,
full,INGV,M_SR,156,0.5,11,0.9820675013265412,133,,,,,,
full,INGV,M_SR,156,1.0,10,0.9702736419097864,138,,,,,,
full,INGV,M_SR,156,1.5,6,0.9601746056798394,149,,,,,,
full,INGV,M_SR,156,2.0,11,0.9512287740991147,155,,,,,,
full,INGV,M_SR,156,3.0,7,0.9340193925688273,164,,,,,,
full,INGV,M_SR,157,0.1,7,0.9933532433674553,91,,,,,,
full,INGV,M_SR,157,0.5,14,0.9814617324149938,122,,,,,,
full,INGV,M_SR,157,1.0,14,0.9692335454945532,139,,,,,,
full,INGV,M_SR,157,1.5,5,0.9591766101487559,149,,,,,,
full,INGV,M_SR,157,2.0,7,0.9495866928565162,156,,,,,,
full,INGV,M_SR,157,3.0,3,0.9322513630376106,165,,,,,,
full,INGV,M_SR,158,0.1,9,0.9935754945102155,92,,,,,,
full,INGV,M_SR,158,0.5,7,0.9812033307224464,120,,,,,,
full,INGV,M_SR,158,1.0,7,0.9694866100653218,135,,,,,,
full,INGV,M_SR,158,1.5,7,0.9585459809595989,143,,,,,,
full,INGV,M_SR,158,2.0,11,0.9480652917214633,154,,,,,,
full,INGV,M_SR,158,3.0,11,0.9279864279835564,167,,,,,,
full,INGV,M_SR,159,0.1,11,0.9937097234292632,86,,,,,,
full,INGV,M_SR,159,0.5,13,0.9819421639922454,124,,,,,,
full,INGV,M_SR,159,1.0,12,0.9708175694344802,137,,,,,,
full,INGV,M_SR,159,1.5,19,0.9609008880676061,146,,,,,,
full,INGV,M_SR,159,2.0,5,0.9510573583875787,155,,,,,,
full,INGV,M_SR,159,3.0,12,0.9333849502619616,164,,,,,,
full,INGV,M_SR,160,0.1,15,0.9935236391773579,89,,,,,,
full,INGV,M_SR,160,0.5,6,0.9803680935807598,119,,,,,,
full,INGV,M_SR,160,1.0,14,0.9668872627520398,134,,,,,,
full,INGV,M_SR,160,1.5,14,0.9557047633176275,145,,,,,,
full,INGV,M_SR,160,2.0,3,0.9462174408795392,156,,,,,,
full,INGV,M_SR,160,3.0,13,0.9297545254677819,165,,,,,,
full,INGV,M_SR,161,0.1,12345,0.9926314814928775,95,,,,,,
full,INGV,M_SR,161,0.5,12345,0.9802941098592654,124,,,,,,
full,INGV,M_SR,161,1.0,8,0.9678258280858733,139,,,,,,
full,INGV,M_SR,161,1.5,16,0.9577208656420638,146,,,,,,
full,INGV,M_SR,161,2.0,2,0.9482011626706447,159,,,,,,
full,INGV,M_SR,161,3.0,5,0.9293789397519348,168,,,,,,
full,INGV,M_SR,162,0.1,12,0.9934745645287982,91,,,,,,
full,INGV,M_SR,162,0.5,5,0.9817290890938765,125,,,,,,
full,INGV,M_SR,162,1.0,4,0.9691115495921535,135,,,,,,
full,INGV,M_SR,162,1.5,7,0.9573854126655826,142,,,,,,
full,INGV,M_SR,162,2.0,7,0.9474508868443722,146,,,,,,
full,INGV,M_SR,162,3.0,19,0.9284616782406786,161,,,,,,
full,INGV,M_SR,163,0.1,11,0.993085973028632,88,,,,,,
full,INGV,M_SR,163,0.5,14,0.9806741834350547,123,,,,,,
full,INGV,M_SR,163,1.0,13,0.9686553454262692,136,,,,,,
full,INGV,M_SR,163,1.5,8,0.9582626868622781,148,,,,,,
full,INGV,M_SR,163,2.0,9,0.9484233402973536,154,,,,,,
full,INGV,M_SR,163,3.0,4,0.9302300030714526,168,,,,,,
full,INGV,M_SR,164,0.1,6,0.9932264960344604,90,,,,,,
full,INGV,M_SR,164,0.5,17,0.9806020335064851,123,,,,,,
full,INGV,M_SR,164,1.0,18,0.9693105336036322,143,,,,,,
full,INGV,M_SR,164,1.5,19,0.9595441498473413,150,,,,,,
full,INGV,M_SR,164,2.0,16,0.9499290423991787,156,,,,,,
full,INGV,M_SR,164,3.0,18,0.9341874651842355,170,,,,,,
full,INGV,M_SR,165,0.1,4,0.9938067773715549,90,,,,,,
full,INGV,M_SR,165,0.5,15,0.9816659792891864,122,,,,,,
full,INGV,M_SR,165,1.0,8,0.9702975085244306,135,,,,,,
full,INGV,M_SR,165,1.5,14,0.960682355255582,146,,,,,,
full,INGV,M_SR,165,2.0,7,0.9524737316176497,154,,,,,,
full,INGV,M_SR,165,3.0,12,0.9367084110302247,168,,,,,,
full,INGV,M_SR,166,0.1,18,0.9931383169508411,91,,,,,,
full,INGV,M_SR,166,0.5,1,0.9804302060512505,115,,,,,,
full,INGV,M_SR,166,1.0,3,0.9673925079473817,132,,,,,,
full,INGV,M_SR,166,1.5,7,0.9568435463459061,145,,,,,,
full,INGV,M_SR,166,2.0,10,0.9470869536932636,155,,,,,,
full,INGV,M_SR,166,3.0,6,0.9278269101072576,166,,,,,,
full,INGV,M_SR,167,0.1,17,0.9933244142963024,84,,,,,,
full,INGV,M_SR,167,0.5,17,0.9818673789910612,116,,,,,,
full,INGV,M_SR,167,1.0,1,0.9698212998532544,131,,,,,,
full,INGV,M_SR,167,1.5,4,0.9602032171642505,144,,,,,,
full,INGV,M_SR,167,2.0,1,0.9509441910871779,154,,,,,,
full,INGV,M_SR,167,3.0,17,0.9332739424701945,161,,,,,,
full,INGV,M_SR,168,0.1,8,0.9936390225172607,91,,,,,,
full,INGV,M_SR,168,0.5,12,0.9811542283574266,117,,,,,,
full,INGV,M_SR,168,1.0,9,0.9681707301420988,135,,,,,,
full,INGV,M_SR,168,1.5,12,0.9575776514794243,149,,,,,,
full,INGV,M_SR,168,2.0,6,0.9471390727818113,153,,,,,,
full,INGV,M_SR,168,3.0,14,0.9283418421401071,163,,,,,,
full,INGV,M_SR,169,0.1,19,0.993660445188619,86,,,,,,
full,INGV,M_SR,169,0.5,3,0.9809145944208773,116,,,,,,
full,INGV,M_SR,169,1.0,2,0.9693051791601619,132,,,,,,
full,INGV,M_SR,169,1.5,12345,0.9585121005050359,145,,,,,,
full,INGV,M_SR,169,2.0,12345,0.9482785312308343,150,,,,,,
full,INGV,M_SR,169,3.0,12,0.9295132406830254,163,,,,,,
full,INGV,M_SR,170,0.1,1,0.9932695673735955,88,,,,,,
full,INGV,M_SR,170,0.5,10,0.9798847231040301,113,,,,,,
full,INGV,M_SR,170,1.0,10,0.9670617761003285,131,,,,,,
full,INGV,M_SR,170,1.5,12,0.9561919258879562,145,,,,,,
full,INGV,M_SR,170,2.0,8,0.9465155725362216,154,,,,,,
full,INGV,M_SR,170,3.0,10,0.9284268087584279,162,,,,,,
full,INGV,M_SR,171,0.1,7,0.9928872989862603,85,,,,,,
full,INGV,M_SR,171,0.5,5,0.9810418363117176,122,,,,,,
full,INGV,M_SR,171,1.0,14,0.9683391002519007,133,,,,,,
full,INGV,M_SR,171,1.5,17,0.9574514961291926,139,,,,,,
full,INGV,M_SR,171,2.0,17,0.9466420988399746,146,,,,,,
full,INGV,M_SR,171,3.0,11,0.9267904709430588,166,,,,,,
full,INGV,M_SR,172,0.1,19,0.9930277166217399,89,,,,,,
full,INGV,M_SR,172,0.5,11,0.9803184523203465,121,,,,,,
full,INGV,M_SR,172,1.0,8,0.9691543784828782,138,,,,,,
full,INGV,M_SR,172,1.5,17,0.9596874538242925,151,,,,,,
full,INGV,M_SR,172,2.0,7,0.9509508192185331,155,,,,,,
full,INGV,M_SR,172,3.0,7,0.9347019590947702,167,,,,,,
full,INGV,M_SR,173,0.1,7,0.9932559570003014,87,,,,,,
full,INGV,M_SR,173,0.5,13,0.9821318898026573,118,,,,,,
full,INGV,M_SR,173,1.0,13,0.9715570388290223,139,,,,,,
full,INGV,M_SR,173,1.5,5,0.9619420759233674,148,,,,,,
full,INGV,M_SR,173,2.0,13,0.9540493163538696,158,,,,,,
full,INGV,M_SR,173,3.0,9,0.9391368962032014,172,,,,,,
full,INGV,M_SR,174,0.1,14,0.9934851864975046,85,,,,,,
full,INGV,M_SR,174,0.5,1,0.979907384043872,119,,,,,,
full,INGV,M_SR,174,1.0,17,0.967194596908616,125,,,,,,
full,INGV,M_SR,174,1.5,18,0.9571335018798803,140,,,,,,
full,INGV,M_SR,174,2.0,17,0.947553345778872,144,,,,,,
full,INGV,M_SR,174,3.0,8,0.929576811050337,155,,,,,,
full,INGV,M_SR,175,0.1,9,0.9936409357913623,87,,,,,,
full,INGV,M_SR,175,0.5,11,0.9813308397267603,121,,,,,,
full,INGV,M_SR,175,1.0,6,0.9693505972506758,138,,,,,,
full,INGV,M_SR,175,1.5,6,0.9585809730732114,149,,,,,,
full,INGV,M_SR,175,2.0,12,0.9489452274479014,157,,,,,,
full,INGV,M_SR,175,3.0,5,0.9316094703327061,171,,,,,,
full,INGV,M_SR,176,0.1,10,0.9934538116481846,89,,,,,,
full,INGV,M_SR,176,0.5,19,0.9814506975492479,121,,,,,,
full,INGV,M_SR,176,1.0,3,0.9697458178606931,139,,,,,,
full,INGV,M_SR,176,1.5,14,0.9593814079447353,150,,,,,,
full,INGV,M_SR,176,2.0,18,0.9498367580600562,159,,,,,,
full,INGV,M_SR,176,3.0,17,0.9334251715112263,167,,,,,,
full,INGV,M_SR,177,0.1,13,0.9934727380165632,90,,,,,,
full,INGV,M_SR,177,0.5,15,0.9821171837863815,120,,,,,,
full,INGV,M_SR,177,1.0,2,0.9711401503753081,137,,,,,,
full,INGV,M_SR,177,1.5,6,0.9606392026132468,146,,,,,,
full,INGV,M_SR,177,2.0,11,0.9502993825541012,149,,,,,,
full,INGV,M_SR,177,3.0,15,0.9308528766807588,160,,,,,,
full,INGV,M_SR,178,0.1,5,0.9931585178915792,83,,,,,,
full,INGV,M_SR,178,0.5,5,0.980841215749632,117,,,,,,
full,INGV,M_SR,178,1.0,19,0.9690299061839737,135,,,,,,
full,INGV,M_SR,178,1.5,16,0.9593691655320817,143,,,,,,
full,INGV,M_SR,178,2.0,19,0.9498394222347316,147,,,,,,
full,INGV,M_SR,178,3.0,5,0.9321787527997792,163,,,,,,
full,INGV,M_SR,179,0.1,1,0.9925412178657408,88,,,,,,
full,INGV,M_SR,179,0.5,3,0.9798441280309218,119,,,,,,
full,INGV,M_SR,179,1.0,5,0.9672910473717129,135,,,,,,
full,INGV,M_SR,179,1.5,13,0.9569664171289467,148,,,,,,
full,INGV,M_SR,179,2.0,15,0.9472196356622911,155,,,,,,
full,INGV,M_SR,179,3.0,8,0.9287416364203863,156,,,,,,
full,INGV,M_SR,180,0.1,2,0.9935320028816843,87,,,,,,
full,INGV,M_SR,180,0.5,2,0.9814868283448693,113,,,,,,
full,INGV,M_SR,180,1.0,13,0.9701450322361257,127,,,,,,
full,INGV,M_SR,180,1.5,7,0.96019419326121,139,,,,,,
full,INGV,M_SR,180,2.0,1,0.9509387946426613,147,,,,,,
full,INGV,M_SR,180,3.0,15,0.933152137348796,157,,,,,,
full,INGV,M_SR,181,0.1,19,0.99355125148114,86,,,,,,
full,INGV,M_SR,181,0.5,3,0.9820693637434531,121,,,,,,
full,INGV,M_SR,181,1.0,8,0.9709400689122142,135,,,,,,
full,INGV,M_SR,181,1.5,9,0.9609792492651471,147,,,,,,
full,INGV,M_SR,181,2.0,4,0.9519862850881801,154,,,,,,
full,INGV,M_SR,181,3.0,10,0.9352002189356604,166,,,,,,
full,INGV,M_SR,182,0.1,19,0.994019786989613,89,,,,,,
full,INGV,M_SR,182,0.5,10,0.9825904235555404,118,,,,,,
full,INGV,M_SR,182,1.0,2,0.9715016004635801,135,,,,,,
full,INGV,M_SR,182,1.5,1,0.9614106872870771,143,,,,,,
full,INGV,M_SR,182,2.0,18,0.9516686323385294,147,,,,,,
full,INGV,M_SR,182,3.0,14,0.932522590767022,159,,,,,,
full,INGV,M_SR,183,0.1,5,0.9936753959207217,83,,,,,,
full,INGV,M_SR,183,0.5,2,0.9818468184106686,116,,,,,,
full,INGV,M_SR,183,1.0,19,0.9693890889451361,131,,,,,,
full,INGV,M_SR,183,1.5,2,0.9587723826982497,141,,,,,,
full,INGV,M_SR,183,2.0,5,0.9492849265253698,153,,,,,,
full,INGV,M_SR,183,3.0,3,0.9312559696536954,167,,,,,,
full,INGV,M_SR,184,0.1,17,0.9931476468500596,91,,,,,,
full,INGV,M_SR,184,0.5,13,0.9801834955113161,124,,,,,,
full,INGV,M_SR,184,1.0,12,0.9678883320134132,137,,,,,,
full,INGV,M_SR,184,1.5,5,0.9582015915428405,149,,,,,,
full,INGV,M_SR,184,2.0,5,0.9499164625699874,153,,,,,,
full,INGV,M_SR,184,3.0,16,0.933729029347055,159,,,,,,
full,INGV,M_SR,185,0.1,6,0.9929842281233064,89,,,,,,
full,INGV,M_SR,185,0.5,8,0.981051993701096,123,,,,,,
full,INGV,M_SR,185,1.0,17,0.9687582626876083,134,,,,,,
full,INGV,M_SR,185,1.5,8,0.9589927755165594,143,,,,,,
full,INGV,M_SR,185,2.0,6,0.9494965643215638,151,,,,,,
full,INGV,M_SR,185,3.0,1,0.9317400079933709,161,,,,,,
full,INGV,M_SR,186,0.1,10,0.9934464617468899,89,,,,,,
full,INGV,M_SR,186,0.5,12,0.9804121305110208,116,,,,,,
full,INGV,M_SR,186,1.0,4,0.9681634040579095,131,,,,,,
full,INGV,M_SR,186,1.5,11,0.9570954346649907,140,,,,,,
full,INGV,M_SR,186,2.0,5,0.946575449403975,149,,,,,,
full,INGV,M_SR,186,3.0,4,0.927741323472595,163,,,,,,
full,INGV,M_SR,187,0.1,2,0.9933424784253372,90,,,,,,
full,INGV,M_SR,187,0.5,17,0.9812339652689199,118,,,,,,
full,INGV,M_SR,187,1.0,12345,0.9695690494791418,133,,,,,,
full,INGV,M_SR,187,1.5,2,0.9591519193033874,146,,,,,,
full,INGV,M_SR,187,2.0,12,0.9490682317105326,152,,,,,,
full,INGV,M_SR,187,3.0,18,0.9314247898556698,162,,,,,,
full,INGV,M_SR,188,0.1,13,0.9932604986298965,88,,,,,,
full,INGV,M_SR,188,0.5,13,0.9819216010643557,119,,,,,,
full,INGV,M_SR,188,1.0,17,0.9696423538092352,136,,,,,,
full,INGV,M_SR,188,1.5,13,0.9590547838181027,146,,,,,,
full,INGV,M_SR,188,2.0,11,0.9487264059291927,154,,,,,,
full,INGV,M_SR,188,3.0,9,0.9308876855935585,161,,,,,,
full,INGV,M_SR,189,0.1,5,0.9938729728979138,94,,,,,,
full,INGV,M_SR,189,0.5,3,0.9812311382328391,122,,,,,,
full,INGV,M_SR,189,1.0,16,0.9676059906767941,139,,,,,,
full,INGV,M_SR,189,1.5,15,0.9571199237625236,148,,,,,,
full,INGV,M_SR,189,2.0,15,0.9472207542190495,155,,,,,,
full,INGV,M_SR,189,3.0,16,0.9280448204730534,163,,,,,,
full,INGV,M_SR,190,0.1,1,0.9934706930868273,88,,,,,,
full,INGV,M_SR,190,0.5,8,0.9807906026807524,121,,,,,,
full,INGV,M_SR,190,1.0,8,0.9679555921782467,141,,,,,,
full,INGV,M_SR,190,1.5,8,0.9571810729552876,150,,,,,,
full,INGV,M_SR,190,2.0,11,0.9470975901452569,158,,,,,,
full,INGV,M_SR,190,3.0,2,0.9272080926789356,164,,,,,,
full,INGV,M_SR,191,0.1,7,0.9934901413989886,84,,,,,,
full,INGV,M_SR,191,0.5,18,0.980799504372726,128,,,,,,
full,INGV,M_SR,191,1.0,4,0.9699385609915486,144,,,,,,
full,INGV,M_SR,191,1.5,17,0.9607533468862334,152,,,,,,
full,INGV,M_SR,191,2.0,2,0.9519165957118417,158,,,,,,
full,INGV,M_SR,191,3.0,10,0.9361155406317215,166,,,,,,
full,INGV,M_SR,192,0.1,10,0.9928209587498176,94,,,,,,
full,INGV,M_SR,192,0.5,19,0.9803264441475641,121,,,,,,
full,INGV,M_SR,192,1.0,7,0.9682922613322618,141,,,,,,
full,INGV,M_SR,192,1.5,18,0.9584787267540437,151,,,,,,
full,INGV,M_SR,192,2.0,4,0.9501670999570612,160,,,,,,
full,INGV,M_SR,192,3.0,15,0.9345381914387062,167,,,,,,
full,INGV,M_SR,193,0.1,3,0.9934761143673116,91,,,,,,
full,INGV,M_SR,193,0.5,18,0.9819957549371753,121,,,,,,
full,INGV,M_SR,193,1.0,12,0.9712082966270963,138,,,,,,
full,INGV,M_SR,193,1.5,1,0.9614741932912461,145,,,,,,
full,INGV,M_SR,193,2.0,1,0.9521935146204298,152,,,,,,
full,INGV,M_SR,193,3.0,19,0.9361394654956617,162,,,,,,
full,INGV,M_SR,194,0.1,12345,0.9936859122651048,94,,,,,,
full,INGV,M_SR,194,0.5,2,0.9813980418041851,123,,,,,,
full,INGV,M_SR,194,1.0,6,0.9695917552069502,141,,,,,,
full,INGV,M_SR,194,1.5,14,0.9592079212432145,149,,,,,,
full,INGV,M_SR,194,2.0,9,0.9491530801076676,158,,,,,,
full,INGV,M_SR,194,3.0,16,0.9320670621558653,169,,,,,,
full,INGV,M_SR,195,0.1,18,0.9937859091815248,93,,,,,,
full,INGV,M_SR,195,0.5,17,0.9811531438237138,118,,,,,,
full,INGV,M_SR,195,1.0,3,0.9677580388889248,128,,,,,,
full,INGV,M_SR,195,1.5,3,0.9564391127840508,139,,,,,,
full,INGV,M_SR,195,2.0,3,0.9464276721814597,148,,,,,,
full,INGV,M_SR,195,3.0,7,0.9270639071110759,164,,,,,,
full,INGV,M_SR,196,0.1,8,0.9934359042012495,89,,,,,,
full,INGV,M_SR,196,0.5,4,0.981955676361696,121,,,,,,
full,INGV,M_SR,196,1.0,18,0.9712009293056059,138,,,,,,
full,INGV,M_SR,196,1.5,1,0.9611663847021248,143,,,,,,
full,INGV,M_SR,196,2.0,8,0.9514212310337723,154,,,,,,
full,INGV,M_SR,196,3.0,1,0.9327600190552479,163,,,,,,
full,INGV,M_SR,197,0.1,14,0.9933512857018904,84,,,,,,
full,INGV,M_SR,197,0.5,17,0.9816006176815255,124,,,,,,
full,INGV,M_SR,197,1.0,14,0.9695325235509211,139,,,,,,
full,INGV,M_SR,197,1.5,12345,0.9581202074770488,149,,,,,,
full,INGV,M_SR,197,2.0,10,0.9484624545309436,155,,,,,,
full,INGV,M_SR,197,3.0,7,0.9305573929963684,170,,,,,,
full,INGV,M_SR,198,0.1,11,0.9934213926564287,88,,,,,,
full,INGV,M_SR,198,0.5,16,0.9809826885823847,117,,,,,,
full,INGV,M_SR,198,1.0,3,0.969470759063396,134,,,,,,
full,INGV,M_SR,198,1.5,11,0.9594406692226418,145,,,,,,
full,INGV,M_SR,198,2.0,11,0.9494751053979931,152,,,,,,
full,INGV,M_SR,198,3.0,2,0.9310934237070123,160,,,,,,
full,INGV,M_SR,199,0.1,18,0.9935595194849758,86,,,,,,
full,INGV,M_SR,199,0.5,4,0.9822817342368636,117,,,,,,
full,INGV,M_SR,199,1.0,17,0.9711182439722303,137,,,,,,
full,INGV,M_SR,199,1.5,8,0.9618268285108776,150,,,,,,
full,INGV,M_SR,199,2.0,11,0.9532342377725224,152,,,,,,
full,INGV,M_SR,199,3.0,10,0.9368210871704673,169,,,,,,
full,chuandian,observed,-1,0.1,1,0.9960491406062555,78,,,,,,
full,chuandian,observed,-1,0.5,11,0.9878096157059943,113,,,,,,
full,chuandian,observed,-1,1.0,12345,0.9792253926922813,127,,,,,,
full,chuandian,observed,-1,1.5,12345,0.9708701738988373,135,,,,,,
full,chuandian,observed,-1,2.0,16,0.9626138287479722,140,,,,,,
full,chuandian,observed,-1,3.0,7,0.9463014487380519,150,,,,,,
full,chuandian,M_SR,0,0.1,1,0.994244694676203,72,,,,,,
full,chuandian,M_SR,0,0.5,3,0.9845796082041568,101,,,,,,
full,chuandian,M_SR,0,1.0,3,0.9746484277216569,111,,,,,,
full,chuandian,M_SR,0,1.5,11,0.9652463814260129,126,,,,,,
full,chuandian,M_SR,0,2.0,11,0.956669944006613,133,,,,,,
full,chuandian,M_SR,0,3.0,3,0.9400310117315337,141,,,,,,
full,chuandian,M_SR,1,0.1,3,0.9943048480791115,67,,,,,,
full,chuandian,M_SR,1,0.5,4,0.984531813639313,99,,,,,,
full,chuandian,M_SR,1,1.0,1,0.9745284299707295,115,,,,,,
full,chuandian,M_SR,1,1.5,7,0.9650149417477125,123,,,,,,
full,chuandian,M_SR,1,2.0,7,0.9555810141857627,126,,,,,,
full,chuandian,M_SR,1,3.0,1,0.9378578476897766,140,,,,,,
full,chuandian,M_SR,2,0.1,8,0.9940799089404527,74,,,,,,
full,chuandian,M_SR,2,0.5,8,0.9841806104071531,101,,,,,,
full,chuandian,M_SR,2,1.0,8,0.974416921518423,121,,,,,,
full,chuandian,M_SR,2,1.5,19,0.9654065477127237,128,,,,,,
full,chuandian,M_SR,2,2.0,12345,0.956776780677935,138,,,,,,
full,chuandian,M_SR,2,3.0,10,0.9398808298441432,146,,,,,,
full,chuandian,M_SR,3,0.1,9,0.9943653075709655,73,,,,,,
full,chuandian,M_SR,3,0.5,12345,0.9846947863395322,101,,,,,,
full,chuandian,M_SR,3,1.0,12,0.9744709286237101,118,,,,,,
full,chuandian,M_SR,3,1.5,14,0.9649194874283713,125,,,,,,
full,chuandian,M_SR,3,2.0,7,0.9558145361662368,132,,,,,,
full,chuandian,M_SR,3,3.0,7,0.938606198226147,141,,,,,,
full,chuandian,M_SR,4,0.1,16,0.9943319526717651,68,,,,,,
full,chuandian,M_SR,4,0.5,11,0.9839265388523261,100,,,,,,
full,chuandian,M_SR,4,1.0,8,0.9736058920970311,117,,,,,,
full,chuandian,M_SR,4,1.5,3,0.9648024645591897,130,,,,,,
full,chuandian,M_SR,4,2.0,15,0.9563669683151176,137,,,,,,
full,chuandian,M_SR,4,3.0,9,0.9404033493117847,142,,,,,,
full,chuandian,M_SR,5,0.1,2,0.9943313370127237,70,,,,,,
full,chuandian,M_SR,5,0.5,10,0.9845187093156841,103,,,,,,
full,chuandian,M_SR,5,1.0,3,0.9748653698448936,117,,,,,,
full,chuandian,M_SR,5,1.5,3,0.9660274835395998,125,,,,,,
full,chuandian,M_SR,5,2.0,3,0.9574304656217794,132,,,,,,
full,chuandian,M_SR,5,3.0,13,0.9409639181444941,145,,,,,,
full,chuandian,M_SR,6,0.1,18,0.9946068405552271,71,,,,,,
full,chuandian,M_SR,6,0.5,6,0.9848881960862717,98,,,,,,
full,chuandian,M_SR,6,1.0,15,0.9746664714981434,113,,,,,,
full,chuandian,M_SR,6,1.5,3,0.9652169149148881,123,,,,,,
full,chuandian,M_SR,6,2.0,7,0.9559788311198183,130,,,,,,
full,chuandian,M_SR,6,3.0,5,0.9385638478581729,138,,,,,,
full,chuandian,M_SR,7,0.1,2,0.9942451556315984,67,,,,,,
full,chuandian,M_SR,7,0.5,2,0.9842627256187663,100,,,,,,
full,chuandian,M_SR,7,1.0,11,0.974400230525508,115,,,,,,
full,chuandian,M_SR,7,1.5,9,0.9651054978617338,119,,,,,,
full,chuandian,M_SR,7,2.0,11,0.9559796175861424,125,,,,,,
full,chuandian,M_SR,7,3.0,15,0.9388191528268242,139,,,,,,
full,chuandian,M_SR,8,0.1,11,0.9948480357662264,74,,,,,,
full,chuandian,M_SR,8,0.5,15,0.9846971774682836,107,,,,,,
full,chuandian,M_SR,8,1.0,15,0.9752296225939063,114,,,,,,
full,chuandian,M_SR,8,1.5,16,0.9661525494936226,123,,,,,,
full,chuandian,M_SR,8,2.0,15,0.957547406960926,133,,,,,,
full,chuandian,M_SR,8,3.0,3,0.9407517319797518,145,,,,,,
full,chuandian,M_SR,9,0.1,13,0.9942144604472406,72,,,,,,
full,chuandian,M_SR,9,0.5,15,0.983680918370875,98,,,,,,
full,chuandian,M_SR,9,1.0,1,0.9730930848171239,113,,,,,,
full,chuandian,M_SR,9,1.5,8,0.9637335233070242,121,,,,,,
full,chuandian,M_SR,9,2.0,8,0.9548837783490476,126,,,,,,
full,chuandian,M_SR,9,3.0,15,0.9377007662949047,135,,,,,,
full,chuandian,M_SR,10,0.1,17,0.9937343435566923,71,,,,,,
full,chuandian,M_SR,10,0.5,14,0.9827957956013194,99,,,,,,
full,chuandian,M_SR,10,1.0,7,0.9728603374767459,112,,,,,,
full,chuandian,M_SR,10,1.5,17,0.9633580402771214,122,,,,,,
full,chuandian,M_SR,10,2.0,12,0.9540705201786682,130,,,,,,
full,chuandian,M_SR,10,3.0,12345,0.9370127475396773,144,,,,,,
full,chuandian,M_SR,11,0.1,4,0.994114283276128,75,,,,,,
full,chuandian,M_SR,11,0.5,1,0.9833640163785173,102,,,,,,
full,chuandian,M_SR,11,1.0,1,0.9723854435603388,114,,,,,,
full,chuandian,M_SR,11,1.5,9,0.9621556167655556,124,,,,,,
full,chuandian,M_SR,11,2.0,9,0.9525189449458002,131,,,,,,
full,chuandian,M_SR,11,3.0,9,0.9345365316473737,140,,,,,,
full,chuandian,M_SR,12,0.1,8,0.9947026799633696,69,,,,,,
full,chuandian,M_SR,12,0.5,17,0.9846890995392856,103,,,,,,
full,chuandian,M_SR,12,1.0,17,0.9749045975709889,114,,,,,,
full,chuandian,M_SR,12,1.5,4,0.9659265974504189,121,,,,,,
full,chuandian,M_SR,12,2.0,8,0.9572557356546807,128,,,,,,
full,chuandian,M_SR,12,3.0,2,0.9402187181612314,137,,,,,,
full,chuandian,M_SR,13,0.1,8,0.9942877614024451,71,,,,,,
full,chuandian,M_SR,13,0.5,12,0.9843551862961694,99,,,,,,
full,chuandian,M_SR,13,1.0,4,0.974200785971468,115,,,,,,
full,chuandian,M_SR,13,1.5,4,0.9644237058478518,123,,,,,,
full,chuandian,M_SR,13,2.0,15,0.955251908715388,128,,,,,,
full,chuandian,M_SR,13,3.0,6,0.9378072817690869,143,,,,,,
full,chuandian,M_SR,14,0.1,5,0.9945342799100543,70,,,,,,
full,chuandian,M_SR,14,0.5,11,0.9849082914063013,98,,,,,,
full,chuandian,M_SR,14,1.0,8,0.9755519979842192,119,,,,,,
full,chuandian,M_SR,14,1.5,6,0.966840871881929,126,,,,,,
full,chuandian,M_SR,14,2.0,16,0.9584661947588916,135,,,,,,
full,chuandian,M_SR,14,3.0,11,0.9423933031485664,146,,,,,,
full,chuandian,M_SR,15,0.1,1,0.9942907702650722,68,,,,,,
full,chuandian,M_SR,15,0.5,1,0.9841073673095002,98,,,,,,
full,chuandian,M_SR,15,1.0,6,0.9741297840625902,114,,,,,,
full,chuandian,M_SR,15,1.5,19,0.964827459689097,126,,,,,,
full,chuandian,M_SR,15,2.0,13,0.9559948551537802,134,,,,,,
full,chuandian,M_SR,15,3.0,9,0.9393503575539157,139,,,,,,
full,chuandian,M_SR,16,0.1,1,0.9944676376758297,74,,,,,,
full,chuandian,M_SR,16,0.5,9,0.9845603011317475,103,,,,,,
full,chuandian,M_SR,16,1.0,7,0.9748789000946811,117,,,,,,
full,chuandian,M_SR,16,1.5,7,0.9655885889188836,123,,,,,,
full,chuandian,M_SR,16,2.0,7,0.9563748000893358,131,,,,,,
full,chuandian,M_SR,16,3.0,12,0.9384522872675491,142,,,,,,
full,chuandian,M_SR,17,0.1,6,0.9946159949297507,67,,,,,,
full,chuandian,M_SR,17,0.5,10,0.9842085476874933,98,,,,,,
full,chuandian,M_SR,17,1.0,16,0.973669774796026,108,,,,,,
full,chuandian,M_SR,17,1.5,6,0.9636901093457803,118,,,,,,
full,chuandian,M_SR,17,2.0,1,0.9542494894521522,126,,,,,,
full,chuandian,M_SR,17,3.0,12345,0.9370407746965753,136,,,,,,
full,chuandian,M_SR,18,0.1,4,0.9941222056607772,71,,,,,,
full,chuandian,M_SR,18,0.5,16,0.9840023595709156,100,,,,,,
full,chuandian,M_SR,18,1.0,16,0.9735342457601885,108,,,,,,
full,chuandian,M_SR,18,1.5,5,0.9639481703063761,123,,,,,,
full,chuandian,M_SR,18,2.0,3,0.9555237102099142,135,,,,,,
full,chuandian,M_SR,18,3.0,7,0.9392030343144604,143,,,,,,
full,chuandian,M_SR,19,0.1,11,0.9940777588449986,69,,,,,,
full,chuandian,M_SR,19,0.5,11,0.9836599369832436,97,,,,,,
full,chuandian,M_SR,19,1.0,14,0.9730047793223403,114,,,,,,
full,chuandian,M_SR,19,1.5,19,0.9636226424584152,117,,,,,,
full,chuandian,M_SR,19,2.0,14,0.9545541784757613,122,,,,,,
full,chuandian,M_SR,19,3.0,1,0.9373895930546967,135,,,,,,
full,chuandian,M_SR,20,0.1,19,0.9944084590391622,72,,,,,,
full,chuandian,M_SR,20,0.5,10,0.9844441880396635,102,,,,,,
full,chuandian,M_SR,20,1.0,7,0.9745920423449222,116,,,,,,
full,chuandian,M_SR,20,1.5,19,0.9653025829979347,123,,,,,,
full,chuandian,M_SR,20,2.0,19,0.9563147511815979,125,,,,,,
full,chuandian,M_SR,20,3.0,16,0.939078136373372,140,,,,,,
full,chuandian,M_SR,21,0.1,12345,0.9946424669666026,69,,,,,,
full,chuandian,M_SR,21,0.5,2,0.9845450816917408,101,,,,,,
full,chuandian,M_SR,21,1.0,3,0.9742532579827535,118,,,,,,
full,chuandian,M_SR,21,1.5,1,0.9649692443364546,125,,,,,,
full,chuandian,M_SR,21,2.0,7,0.9558191161361645,131,,,,,,
full,chuandian,M_SR,21,3.0,7,0.9384556469827091,139,,,,,,
full,chuandian,M_SR,22,0.1,3,0.9942831839120646,72,,,,,,
full,chuandian,M_SR,22,0.5,9,0.9842285100955181,104,,,,,,
full,chuandian,M_SR,22,1.0,11,0.9741718846844365,115,,,,,,
full,chuandian,M_SR,22,1.5,13,0.9648857615085685,124,,,,,,
full,chuandian,M_SR,22,2.0,10,0.9557724458975291,129,,,,,,
full,chuandian,M_SR,22,3.0,1,0.9382599181532792,138,,,,,,
full,chuandian,M_SR,23,0.1,5,0.993761587617618,68,,,,,,
full,chuandian,M_SR,23,0.5,12,0.982845631237183,97,,,,,,
full,chuandian,M_SR,23,1.0,8,0.972305383898258,117,,,,,,
full,chuandian,M_SR,23,1.5,3,0.9627770671477113,122,,,,,,
full,chuandian,M_SR,23,2.0,8,0.9533537255269408,128,,,,,,
full,chuandian,M_SR,23,3.0,6,0.9352261041155141,139,,,,,,
full,chuandian,M_SR,24,0.1,3,0.9944360181864957,75,,,,,,
full,chuandian,M_SR,24,0.5,17,0.9853874530022327,100,,,,,,
full,chuandian,M_SR,24,1.0,9,0.975971065916134,121,,,,,,
full,chuandian,M_SR,24,1.5,13,0.9671687400019159,127,,,,,,
full,chuandian,M_SR,24,2.0,11,0.9586163180991751,135,,,,,,
full,chuandian,M_SR,24,3.0,5,0.9418283628674217,142,,,,,,
full,chuandian,M_SR,25,0.1,9,0.994130245782864,71,,,,,,
full,chuandian,M_SR,25,0.5,2,0.9839394884315044,99,,,,,,
full,chuandian,M_SR,25,1.0,9,0.9739834943815192,114,,,,,,
full,chuandian,M_SR,25,1.5,5,0.964993441047554,120,,,,,,
full,chuandian,M_SR,25,2.0,8,0.9562658014365633,126,,,,,,
full,chuandian,M_SR,25,3.0,7,0.9392726520773871,138,,,,,,
full,chuandian,M_SR,26,0.1,12,0.9945508329323857,66,,,,,,
full,chuandian,M_SR,26,0.5,1,0.9841715986473913,101,,,,,,
full,chuandian,M_SR,26,1.0,16,0.9739801973907787,113,,,,,,
full,chuandian,M_SR,26,1.5,12,0.9646779645386824,120,,,,,,
full,chuandian,M_SR,26,2.0,8,0.9559822438344161,130,,,,,,
full,chuandian,M_SR,26,3.0,2,0.9391552566275356,139,,,,,,
full,chuandian,M_SR,27,0.1,12345,0.9940733798316798,66,,,,,,
full,chuandian,M_SR,27,0.5,17,0.984777843097498,98,,,,,,
full,chuandian,M_SR,27,1.0,6,0.975059294091575,112,,,,,,
full,chuandian,M_SR,27,1.5,1,0.9660577760343337,120,,,,,,
full,chuandian,M_SR,27,2.0,9,0.9576569121988364,130,,,,,,
full,chuandian,M_SR,27,3.0,5,0.9415712441109833,142,,,,,,
full,chuandian,M_SR,28,0.1,14,0.9947028002065322,72,,,,,,
full,chuandian,M_SR,28,0.5,1,0.9847067121713003,96,,,,,,
full,chuandian,M_SR,28,1.0,1,0.9741250883702302,109,,,,,,
full,chuandian,M_SR,28,1.5,14,0.9648441683659493,121,,,,,,
full,chuandian,M_SR,28,2.0,6,0.9558952880560176,126,,,,,,
full,chuandian,M_SR,28,3.0,13,0.938368391785048,139,,,,,,
full,chuandian,M_SR,29,0.1,5,0.9941159451623415,67,,,,,,
full,chuandian,M_SR,29,0.5,17,0.9842576898708835,99,,,,,,
full,chuandian,M_SR,29,1.0,1,0.9745905222804148,118,,,,,,
full,chuandian,M_SR,29,1.5,1,0.9653876776774527,124,,,,,,
full,chuandian,M_SR,29,2.0,6,0.9565803267566433,132,,,,,,
full,chuandian,M_SR,29,3.0,2,0.9395203322136807,140,,,,,,
full,chuandian,M_SR,30,0.1,3,0.9944061112073943,67,,,,,,
full,chuandian,M_SR,30,0.5,10,0.9849252672573586,95,,,,,,
full,chuandian,M_SR,30,1.0,3,0.9750133730238714,111,,,,,,
full,chuandian,M_SR,30,1.5,15,0.966094214800569,117,,,,,,
full,chuandian,M_SR,30,2.0,16,0.957437450684751,124,,,,,,
full,chuandian,M_SR,30,3.0,12345,0.9404909221459699,137,,,,,,
full,chuandian,M_SR,31,0.1,14,0.9942345978124427,72,,,,,,
full,chuandian,M_SR,31,0.5,9,0.9843096631735067,99,,,,,,
full,chuandian,M_SR,31,1.0,10,0.9740518256661154,112,,,,,,
full,chuandian,M_SR,31,1.5,10,0.9645257028570391,118,,,,,,
full,chuandian,M_SR,31,2.0,1,0.9552967103825184,124,,,,,,
full,chuandian,M_SR,31,3.0,15,0.9374960574760491,135,,,,,,
full,chuandian,M_SR,32,0.1,2,0.9943775605760058,74,,,,,,
full,chuandian,M_SR,32,0.5,5,0.9843749879115029,102,,,,,,
full,chuandian,M_SR,32,1.0,16,0.9741381083753208,111,,,,,,
full,chuandian,M_SR,32,1.5,12345,0.9647182849086802,122,,,,,,
full,chuandian,M_SR,32,2.0,1,0.9558491915903958,128,,,,,,
full,chuandian,M_SR,32,3.0,17,0.938316019273606,139,,,,,,
full,chuandian,M_SR,33,0.1,2,0.9942527837809764,67,,,,,,
full,chuandian,M_SR,33,0.5,2,0.9836740302939846,101,,,,,,
full,chuandian,M_SR,33,1.0,14,0.9729367758817945,110,,,,,,
full,chuandian,M_SR,33,1.5,18,0.9630519880979067,118,,,,,,
full,chuandian,M_SR,33,2.0,13,0.953482214284599,124,,,,,,
full,chuandian,M_SR,33,3.0,14,0.9349270545955533,135,,,,,,
full,chuandian,M_SR,34,0.1,5,0.994543236326636,70,,,,,,
full,chuandian,M_SR,34,0.5,9,0.9847847800146212,101,,,,,,
full,chuandian,M_SR,34,1.0,6,0.9749966970448517,114,,,,,,
full,chuandian,M_SR,34,1.5,13,0.9659097952157454,118,,,,,,
full,chuandian,M_SR,34,2.0,8,0.9569530979931039,126,,,,,,
full,chuandian,M_SR,34,3.0,3,0.9394478573753797,140,,,,,,
full,chuandian,M_SR,35,0.1,11,0.9943167233230465,77,,,,,,
full,chuandian,M_SR,35,0.5,12,0.984114860003923,97,,,,,,
full,chuandian,M_SR,35,1.0,14,0.9736854889893513,110,,,,,,
full,chuandian,M_SR,35,1.5,11,0.9640329074040941,120,,,,,,
full,chuandian,M_SR,35,2.0,19,0.9546332567500005,130,,,,,,
full,chuandian,M_SR,35,3.0,8,0.9368587257080728,140,,,,,,
full,chuandian,M_SR,36,0.1,8,0.9941404093602206,71,,,,,,
full,chuandian,M_SR,36,0.5,5,0.9839523477684685,97,,,,,,
full,chuandian,M_SR,36,1.0,13,0.974016490993532,112,,,,,,
full,chuandian,M_SR,36,1.5,14,0.9646014896253625,118,,,,,,
full,chuandian,M_SR,36,2.0,7,0.9552866586792784,126,,,,,,
full,chuandian,M_SR,36,3.0,14,0.9371510122125826,137,,,,,,
full,chuandian,M_SR,37,0.1,7,0.9945295044816644,72,,,,,,
full,chuandian,M_SR,37,0.5,11,0.9849152310572893,102,,,,,,
full,chuandian,M_SR,37,1.0,15,0.9751754904214848,114,,,,,,
full,chuandian,M_SR,37,1.5,4,0.9660077689920956,123,,,,,,
full,chuandian,M_SR,37,2.0,7,0.9571753282300866,130,,,,,,
full,chuandian,M_SR,37,3.0,19,0.9398349995279007,138,,,,,,
full,chuandian,M_SR,38,0.1,15,0.9942129833120773,69,,,,,,
full,chuandian,M_SR,38,0.5,11,0.9841268503098907,99,,,,,,
full,chuandian,M_SR,38,1.0,16,0.9743370728197344,113,,,,,,
full,chuandian,M_SR,38,1.5,13,0.9654849826520765,125,,,,,,
full,chuandian,M_SR,38,2.0,5,0.9570730101913372,136,,,,,,
full,chuandian,M_SR,38,3.0,11,0.9407980640781113,143,,,,,,
full,chuandian,M_SR,39,0.1,18,0.9943832910345961,70,,,,,,
full,chuandian,M_SR,39,0.5,7,0.9848527474367565,104,,,,,,
full,chuandian,M_SR,39,1.0,7,0.9755114001100937,119,,,,,,
full,chuandian,M_SR,39,1.5,7,0.9667309003857503,124,,,,,,
full,chuandian,M_SR,39,2.0,7,0.958195662734268,132,,,,,,
full,chuandian,M_SR,39,3.0,9,0.9415768007265379,143,,,,,,
full,chuandian,M_SR,40,0.1,5,0.9942899219710453,65,,,,,,
full,chuandian,M_SR,40,0.5,6,0.9840389758018093,98,,,,,,
full,chuandian,M_SR,40,1.0,7,0.9737012438450614,120,,,,,,
full,chuandian,M_SR,40,1.5,13,0.9647215152473163,126,,,,,,
full,chuandian,M_SR,40,2.0,7,0.9560243903819144,130,,,,,,
full,chuandian,M_SR,40,3.0,19,0.9391847358749514,138,,,,,,
full,chuandian,M_SR,41,0.1,10,0.9941090195019615,75,,,,,,
full,chuandian,M_SR,41,0.5,8,0.9840475740269501,98,,,,,,
full,chuandian,M_SR,41,1.0,17,0.9740568692209292,113,,,,,,
full,chuandian,M_SR,41,1.5,8,0.9644335820038591,121,,,,,,
full,chuandian,M_SR,41,2.0,4,0.9553378232462928,130,,,,,,
full,chuandian,M_SR,41,3.0,5,0.9381038635742608,136,,,,,,
full,chuandian,M_SR,42,0.1,10,0.99415518638635,70,,,,,,
full,chuandian,M_SR,42,0.5,4,0.9842177695623627,98,,,,,,
full,chuandian,M_SR,42,1.0,6,0.9742635687789362,114,,,,,,
full,chuandian,M_SR,42,1.5,15,0.9649967597890642,123,,,,,,
full,chuandian,M_SR,42,2.0,19,0.9562831567975087,134,,,,,,
full,chuandian,M_SR,42,3.0,10,0.9394244464819851,145,,,,,,
full,chuandian,M_SR,43,0.1,9,0.994280024291917,68,,,,,,
full,chuandian,M_SR,43,0.5,8,0.9834520141704346,98,,,,,,
full,chuandian,M_SR,43,1.0,9,0.9727833215035946,115,,,,,,
full,chuandian,M_SR,43,1.5,6,0.9630684539755043,121,,,,,,
full,chuandian,M_SR,43,2.0,7,0.9540781150442778,129,,,,,,
full,chuandian,M_SR,43,3.0,19,0.9371837070565895,142,,,,,,
full,chuandian,M_SR,44,0.1,4,0.9944786968586558,74,,,,,,
full,chuandian,M_SR,44,0.5,6,0.9844888170748334,104,,,,,,
full,chuandian,M_SR,44,1.0,14,0.9735771174804145,117,,,,,,
full,chuandian,M_SR,44,1.5,15,0.9637931419139175,122,,,,,,
full,chuandian,M_SR,44,2.0,16,0.9544102682687406,133,,,,,,
full,chuandian,M_SR,44,3.0,8,0.9370972921617501,144,,,,,,
full,chuandian,M_SR,45,0.1,5,0.9940052328868862,71,,,,,,
full,chuandian,M_SR,45,0.5,13,0.9831017533624762,102,,,,,,
full,chuandian,M_SR,45,1.0,12345,0.9727938767694263,115,,,,,,
full,chuandian,M_SR,45,1.5,8,0.9636454514237062,126,,,,,,
full,chuandian,M_SR,45,2.0,5,0.9550041725964846,135,,,,,,
full,chuandian,M_SR,45,3.0,10,0.9385284041344825,147,,,,,,
full,chuandian,M_SR,46,0.1,14,0.9943938855154066,71,,,,,,
full,chuandian,M_SR,46,0.5,9,0.983996378404446,100,,,,,,
full,chuandian,M_SR,46,1.0,17,0.973757829101122,112,,,,,,
full,chuandian,M_SR,46,1.5,17,0.9644508230745105,124,,,,,,
full,chuandian,M_SR,46,2.0,17,0.9554207517324338,135,,,,,,
full,chuandian,M_SR,46,3.0,14,0.9377236379889065,145,,,,,,
full,chuandian,M_SR,47,0.1,2,0.9943151552357117,74,,,,,,
full,chuandian,M_SR,47,0.5,16,0.9846939211651475,100,,,,,,
full,chuandian,M_SR,47,1.0,15,0.974326631488366,113,,,,,,
full,chuandian,M_SR,47,1.5,17,0.9649014410019142,121,,,,,,
full,chuandian,M_SR,47,2.0,1,0.9561064580303276,130,,,,,,
full,chuandian,M_SR,47,3.0,14,0.9394800654923247,143,,,,,,
full,chuandian,M_SR,48,0.1,14,0.9942892280168564,68,,,,,,
full,chuandian,M_SR,48,0.5,16,0.9845424429754518,97,,,,,,
full,chuandian,M_SR,48,1.0,3,0.974899167606259,113,,,,,,
full,chuandian,M_SR,48,1.5,12,0.966009724435989,126,,,,,,
full,chuandian,M_SR,48,2.0,15,0.957463205156708,132,,,,,,
full,chuandian,M_SR,48,3.0,12,0.9408423799601967,141,,,,,,
full,chuandian,M_SR,49,0.1,19,0.9945449668888673,75,,,,,,
full,chuandian,M_SR,49,0.5,9,0.984502478496517,104,,,,,,
full,chuandian,M_SR,49,1.0,5,0.9741727089931066,116,,,,,,
full,chuandian,M_SR,49,1.5,18,0.9653286194173112,125,,,,,,
full,chuandian,M_SR,49,2.0,18,0.9568260213905114,132,,,,,,
full,chuandian,M_SR,49,3.0,17,0.9404733083323739,139,,,,,,
full,chuandian,M_SR,50,0.1,7,0.9942838787726638,68,,,,,,
full,chuandian,M_SR,50,0.5,16,0.9846292745634861,99,,,,,,
full,chuandian,M_SR,50,1.0,17,0.974488454159949,111,,,,,,
full,chuandian,M_SR,50,1.5,16,0.9650783530352457,120,,,,,,
full,chuandian,M_SR,50,2.0,6,0.9562993138417063,128,,,,,,
full,chuandian,M_SR,50,3.0,6,0.9390624812982289,136,,,,,,
full,chuandian,M_SR,51,0.1,15,0.9945286745970549,70,,,,,,
full,chuandian,M_SR,51,0.5,10,0.9850104156754069,98,,,,,,
full,chuandian,M_SR,51,1.0,12345,0.9754954383119709,110,,,,,,
full,chuandian,M_SR,51,1.5,7,0.9669207587545049,124,,,,,,
full,chuandian,M_SR,51,2.0,1,0.9587346895669168,131,,,,,,
full,chuandian,M_SR,51,3.0,1,0.9425328688291237,141,,,,,,
full,chuandian,M_SR,52,0.1,11,0.9944249005532209,74,,,,,,
full,chuandian,M_SR,52,0.5,7,0.9850906159148188,101,,,,,,
full,chuandian,M_SR,52,1.0,1,0.975078594314505,119,,,,,,
full,chuandian,M_SR,52,1.5,7,0.9658611156649894,127,,,,,,
full,chuandian,M_SR,52,2.0,14,0.9567385894902308,131,,,,,,
full,chuandian,M_SR,52,3.0,15,0.9386678210325164,141,,,,,,
full,chuandian,M_SR,53,0.1,16,0.9939640743783732,69,,,,,,
full,chuandian,M_SR,53,0.5,1,0.9840069287446166,95,,,,,,
full,chuandian,M_SR,53,1.0,16,0.9741998579480633,114,,,,,,
full,chuandian,M_SR,53,1.5,7,0.9651953491190228,124,,,,,,
full,chuandian,M_SR,53,2.0,8,0.956464420651863,130,,,,,,
full,chuandian,M_SR,53,3.0,7,0.9396286128351319,141,,,,,,
full,chuandian,M_SR,54,0.1,12345,0.9947137283849705,70,,,,,,
full,chuandian,M_SR,54,0.5,4,0.9846437924799778,96,,,,,,
full,chuandian,M_SR,54,1.0,17,0.9741580400864045,110,,,,,,
full,chuandian,M_SR,54,1.5,16,0.9646045312234481,119,,,,,,
full,chuandian,M_SR,54,2.0,10,0.9553277820791766,127,,,,,,
full,chuandian,M_SR,54,3.0,3,0.9380041090855612,137,,,,,,
full,chuandian,M_SR,55,0.1,15,0.9942912527862191,67,,,,,,
full,chuandian,M_SR,55,0.5,18,0.9841922196696878,97,,,,,,
full,chuandian,M_SR,55,1.0,18,0.9742459063559881,115,,,,,,
full,chuandian,M_SR,55,1.5,3,0.9649178647342889,122,,,,,,
full,chuandian,M_SR,55,2.0,6,0.9559514843545664,129,,,,,,
full,chuandian,M_SR,55,3.0,15,0.9383834255092869,145,,,,,,
full,chuandian,M_SR,56,0.1,19,0.9943300420685903,68,,,,,,
full,chuandian,M_SR,56,0.5,17,0.9843753897849031,95,,,,,,
full,chuandian,M_SR,56,1.0,7,0.9740324970677424,111,,,,,,
full,chuandian,M_SR,56,1.5,1,0.9641700780031298,116,,,,,,
full,chuandian,M_SR,56,2.0,10,0.9545392723944034,121,,,,,,
full,chuandian,M_SR,56,3.0,15,0.9362642502242333,133,,,,,,
full,chuandian,M_SR,57,0.1,16,0.9942848409083531,70,,,,,,
full,chuandian,M_SR,57,0.5,17,0.9836417808997837,96,,,,,,
full,chuandian,M_SR,57,1.0,6,0.9732859200668474,111,,,,,,
full,chuandian,M_SR,57,1.5,6,0.9638404546070672,118,,,,,,
full,chuandian,M_SR,57,2.0,2,0.9549437034989221,124,,,,,,
full,chuandian,M_SR,57,3.0,10,0.9375627850478058,133,,,,,,
full,chuandian,M_SR,58,0.1,13,0.994318307074476,66,,,,,,
full,chuandian,M_SR,58,0.5,10,0.9847112945151139,98,,,,,,
full,chuandian,M_SR,58,1.0,10,0.9751743060759144,112,,,,,,
full,chuandian,M_SR,58,1.5,12,0.9660668002644106,119,,,,,,
full,chuandian,M_SR,58,2.0,12,0.9574822539712697,125,,,,,,
full,chuandian,M_SR,58,3.0,16,0.9406460963474115,133,,,,,,
full,chuandian,M_SR,59,0.1,1,0.9944556339907452,67,,,,,,
full,chuandian,M_SR,59,0.5,11,0.9839670069236657,101,,,,,,
full,chuandian,M_SR,59,1.0,15,0.973703572974968,115,,,,,,
full,chuandian,M_SR,59,1.5,11,0.9644311365733665,122,,,,,,
full,chuandian,M_SR,59,2.0,15,0.9554117411324994,127,,,,,,
full,chuandian,M_SR,59,3.0,19,0.938743487564599,140,,,,,,
full,chuandian,M_SR,60,0.1,5,0.9944820083593359,70,,,,,,
full,chuandian,M_SR,60,0.5,4,0.9845580053829893,100,,,,,,
full,chuandian,M_SR,60,1.0,12,0.9745940646352995,115,,,,,,
full,chuandian,M_SR,60,1.5,10,0.9653739685426317,123,,,,,,
full,chuandian,M_SR,60,2.0,16,0.9565056413777936,130,,,,,,
full,chuandian,M_SR,60,3.0,7,0.9393867881071383,135,,,,,,
full,chuandian,M_SR,61,0.1,3,0.9947361844318737,71,,,,,,
full,chuandian,M_SR,61,0.5,19,0.9851307179471439,98,,,,,,
full,chuandian,M_SR,61,1.0,9,0.9757262919770372,117,,,,,,
full,chuandian,M_SR,61,1.5,11,0.9669913835448389,127,,,,,,
full,chuandian,M_SR,61,2.0,1,0.958576955093668,135,,,,,,
full,chuandian,M_SR,61,3.0,5,0.9431162576243229,141,,,,,,
full,chuandian,M_SR,62,0.1,12,0.9940054282141036,72,,,,,,
full,chuandian,M_SR,62,0.5,15,0.9838341716484068,100,,,,,,
full,chuandian,M_SR,62,1.0,15,0.9733365612645355,113,,,,,,
full,chuandian,M_SR,62,1.5,15,0.964052190387599,121,,,,,,
full,chuandian,M_SR,62,2.0,4,0.9552413470892178,126,,,,,,
full,chuandian,M_SR,62,3.0,8,0.9382030212618502,137,,,,,,
full,chuandian,M_SR,63,0.1,3,0.9947024013205893,72,,,,,,
full,chuandian,M_SR,63,0.5,16,0.9850600599979267,98,,,,,,
full,chuandian,M_SR,63,1.0,13,0.9756522631042444,112,,,,,,
full,chuandian,M_SR,63,1.5,11,0.9668261574222617,119,,,,,,
full,chuandian,M_SR,63,2.0,11,0.9581532899283077,128,,,,,,
full,chuandian,M_SR,63,3.0,5,0.9413222169090989,140,,,,,,
full,chuandian,M_SR,64,0.1,9,0.9943993463571474,71,,,,,,
full,chuandian,M_SR,64,0.5,13,0.9848331830043073,105,,,,,,
full,chuandian,M_SR,64,1.0,10,0.9749418511819412,116,,,,,,
full,chuandian,M_SR,64,1.5,2,0.9654805778904302,125,,,,,,
full,chuandian,M_SR,64,2.0,15,0.956366004709833,130,,,,,,
full,chuandian,M_SR,64,3.0,15,0.939248202389495,138,,,,,,
full,chuandian,M_SR,65,0.1,1,0.9940696475839554,74,,,,,,
full,chuandian,M_SR,65,0.5,18,0.9836494187996223,101,,,,,,
full,chuandian,M_SR,65,1.0,11,0.9726381307037425,117,,,,,,
full,chuandian,M_SR,65,1.5,12,0.9627654798747988,126,,,,,,
full,chuandian,M_SR,65,2.0,6,0.9534282556905685,134,,,,,,
full,chuandian,M_SR,65,3.0,5,0.9359539655787639,142,,,,,,
full,chuandian,M_SR,66,0.1,7,0.9941523755661015,68,,,,,,
full,chuandian,M_SR,66,0.5,4,0.9840497773542781,101,,,,,,
full,chuandian,M_SR,66,1.0,10,0.9741985748476724,117,,,,,,
full,chuandian,M_SR,66,1.5,13,0.9647778331930599,123,,,,,,
full,chuandian,M_SR,66,2.0,3,0.9555288511280335,129,,,,,,
full,chuandian,M_SR,66,3.0,1,0.937643257356154,137,,,,,,
full,chuandian,M_SR,67,0.1,16,0.9939858128455302,74,,,,,,
full,chuandian,M_SR,67,0.5,9,0.9843063816279173,103,,,,,,
full,chuandian,M_SR,67,1.0,4,0.9747074068724407,118,,,,,,
full,chuandian,M_SR,67,1.5,13,0.9657711197214217,128,,,,,,
full,chuandian,M_SR,67,2.0,12345,0.957170838568234,137,,,,,,
full,chuandian,M_SR,67,3.0,12,0.9406008597445201,146,,,,,,
full,chuandian,M_SR,68,0.1,16,0.9947171683292353,72,,,,,,
full,chuandian,M_SR,68,0.5,12345,0.9846014222216141,96,,,,,,
full,chuandian,M_SR,68,1.0,3,0.9742823337775104,115,,,,,,
full,chuandian,M_SR,68,1.5,14,0.9647709208579704,120,,,,,,
full,chuandian,M_SR,68,2.0,15,0.955683886446172,131,,,,,,
full,chuandian,M_SR,68,3.0,14,0.9381741402829228,141,,,,,,
full,chuandian,M_SR,69,0.1,17,0.9932585924990258,64,,,,,,
full,chuandian,M_SR,69,0.5,14,0.982365479772968,99,,,,,,
full,chuandian,M_SR,69,1.0,14,0.9719997367040847,112,,,,,,
full,chuandian,M_SR,69,1.5,1,0.9626475386736716,119,,,,,,
full,chuandian,M_SR,69,2.0,1,0.9536700158364928,127,,,,,,
full,chuandian,M_SR,69,3.0,12,0.936876008565085,137,,,,,,
full,chuandian,M_SR,70,0.1,3,0.9945853161434907,68,,,,,,
full,chuandian,M_SR,70,0.5,8,0.9845114996568345,99,,,,,,
full,chuandian,M_SR,70,1.0,6,0.9745228906668683,114,,,,,,
full,chuandian,M_SR,70,1.5,17,0.9649861452921873,120,,,,,,
full,chuandian,M_SR,70,2.0,3,0.9561991232139305,128,,,,,,
full,chuandian,M_SR,70,3.0,12,0.9388212200864675,136,,,,,,
full,chuandian,M_SR,71,0.1,18,0.9943654596032616,66,,,,,,
full,chuandian,M_SR,71,0.5,10,0.9841446007065945,97,,,,,,
full,chuandian,M_SR,71,1.0,16,0.974216027814699,109,,,,,,
full,chuandian,M_SR,71,1.5,16,0.9648171245781036,118,,,,,,
full,chuandian,M_SR,71,2.0,8,0.9557137910470739,125,,,,,,
full,chuandian,M_SR,71,3.0,14,0.9384135676223451,133,,,,,,
full,chuandian,M_SR,72,0.1,3,0.9942078714779106,74,,,,,,
full,chuandian,M_SR,72,0.5,4,0.9846621118393495,105,,,,,,
full,chuandian,M_SR,72,1.0,1,0.9753614957007595,118,,,,,,
full,chuandian,M_SR,72,1.5,19,0.9665831962925984,123,,,,,,
full,chuandian,M_SR,72,2.0,5,0.9579453635363893,134,,,,,,
full,chuandian,M_SR,72,3.0,11,0.9410169261839617,140,,,,,,
full,chuandian,M_SR,73,0.1,10,0.9941099074625569,72,,,,,,
full,chuandian,M_SR,73,0.5,11,0.9839387420857878,103,,,,,,
full,chuandian,M_SR,73,1.0,2,0.9743081342086835,121,,,,,,
full,chuandian,M_SR,73,1.5,14,0.9656329028170071,129,,,,,,
full,chuandian,M_SR,73,2.0,14,0.957153864301112,134,,,,,,
full,chuandian,M_SR,73,3.0,8,0.9408711658529707,143,,,,,,
full,chuandian,M_SR,74,0.1,17,0.9944231299062868,69,,,,,,
full,chuandian,M_SR,74,0.5,6,0.9838915486168452,101,,,,,,
full,chuandian,M_SR,74,1.0,7,0.9741619889281782,123,,,,,,
full,chuandian,M_SR,74,1.5,12345,0.9652601212110176,126,,,,,,
full,chuandian,M_SR,74,2.0,16,0.9565173782292982,132,,,,,,
full,chuandian,M_SR,74,3.0,4,0.9396997737450322,137,,,,,,
full,chuandian,M_SR,75,0.1,1,0.9936435637574429,69,,,,,,
full,chuandian,M_SR,75,0.5,12345,0.9829245353058821,99,,,,,,
full,chuandian,M_SR,75,1.0,3,0.9722284278405194,111,,,,,,
full,chuandian,M_SR,75,1.5,11,0.9624895913575701,122,,,,,,
full,chuandian,M_SR,75,2.0,7,0.9536451794401251,131,,,,,,
full,chuandian,M_SR,75,3.0,16,0.9367983452307747,140,,,,,,
full,chuandian,M_SR,76,0.1,4,0.9939622749213586,69,,,,,,
full,chuandian,M_SR,76,0.5,14,0.983311859044869,97,,,,,,
full,chuandian,M_SR,76,1.0,6,0.9732154635192024,110,,,,,,
full,chuandian,M_SR,76,1.5,13,0.9639676935446932,120,,,,,,
full,chuandian,M_SR,76,2.0,13,0.9549882690715078,127,,,,,,
full,chuandian,M_SR,76,3.0,19,0.9380211592695141,139,,,,,,
full,chuandian,M_SR,77,0.1,12,0.9947960245137007,81,,,,,,
full,chuandian,M_SR,77,0.5,3,0.9850867078993766,103,,,,,,
full,chuandian,M_SR,77,1.0,8,0.9750151979615285,119,,,,,,
full,chuandian,M_SR,77,1.5,8,0.9657570986179482,127,,,,,,
full,chuandian,M_SR,77,2.0,5,0.9567849579677618,135,,,,,,
full,chuandian,M_SR,77,3.0,9,0.9401634687399085,150,,,,,,
full,chuandian,M_SR,78,0.1,12345,0.9944256634179809,68,,,,,,
full,chuandian,M_SR,78,0.5,17,0.9840959629142753,98,,,,,,
full,chuandian,M_SR,78,1.0,9,0.9745534658190061,116,,,,,,
full,chuandian,M_SR,78,1.5,17,0.965915296608401,121,,,,,,
full,chuandian,M_SR,78,2.0,2,0.9574422502814877,131,,,,,,
full,chuandian,M_SR,78,3.0,3,0.9406548993684242,140,,,,,,
full,chuandian,M_SR,79,0.1,15,0.9945171897612668,73,,,,,,
full,chuandian,M_SR,79,0.5,4,0.9845495863715026,101,,,,,,
full,chuandian,M_SR,79,1.0,15,0.9742261992891814,120,,,,,,
full,chuandian,M_SR,79,1.5,14,0.9649969021673483,127,,,,,,
full,chuandian,M_SR,79,2.0,18,0.956213205878933,132,,,,,,
full,chuandian,M_SR,79,3.0,1,0.9395642681835672,142,,,,,,
full,chuandian,M_SR,80,0.1,17,0.9947851977646621,73,,,,,,
full,chuandian,M_SR,80,0.5,12,0.9847136484333484,100,,,,,,
full,chuandian,M_SR,80,1.0,5,0.9744932558258881,116,,,,,,
full,chuandian,M_SR,80,1.5,12,0.9648151234293683,128,,,,,,
full,chuandian,M_SR,80,2.0,12,0.9555035647094287,133,,,,,,
full,chuandian,M_SR,80,3.0,14,0.9374629141710126,141,,,,,,
full,chuandian,M_SR,81,0.1,1,0.9941508258318555,70,,,,,,
full,chuandian,M_SR,81,0.5,4,0.9844670168131443,104,,,,,,
full,chuandian,M_SR,81,1.0,13,0.9751740980376736,116,,,,,,
full,chuandian,M_SR,81,1.5,13,0.966321834887277,122,,,,,,
full,chuandian,M_SR,81,2.0,13,0.9576633674870437,129,,,,,,
full,chuandian,M_SR,81,3.0,6,0.9409982866634403,140,,,,,,
full,chuandian,M_SR,82,0.1,15,0.9938149171855775,70,,,,,,
full,chuandian,M_SR,82,0.5,6,0.983471135064556,97,,,,,,
full,chuandian,M_SR,82,1.0,4,0.9734157548045378,112,,,,,,
full,chuandian,M_SR,82,1.5,3,0.9644126779202205,124,,,,,,
full,chuandian,M_SR,82,2.0,17,0.9557928471946486,131,,,,,,
full,chuandian,M_SR,82,3.0,14,0.9389383055647254,141,,,,,,
full,chuandian,M_SR,83,0.1,3,0.9940511006324947,69,,,,,,
full,chuandian,M_SR,83,0.5,9,0.9840303463278713,103,,,,,,
full,chuandian,M_SR,83,1.0,19,0.9744174455307261,118,,,,,,
full,chuandian,M_SR,83,1.5,14,0.965826199273937,129,,,,,,
full,chuandian,M_SR,83,2.0,12,0.9573539335048422,136,,,,,,
full,chuandian,M_SR,83,3.0,7,0.9408606049718459,144,,,,,,
full,chuandian,M_SR,84,0.1,8,0.9943416623146608,73,,,,,,
full,chuandian,M_SR,84,0.5,3,0.9831297345120826,96,,,,,,
full,chuandian,M_SR,84,1.0,15,0.9722568815869344,109,,,,,,
full,chuandian,M_SR,84,1.5,16,0.962212101797543,115,,,,,,
full,chuandian,M_SR,84,2.0,2,0.9530317758888012,123,,,,,,
full,chuandian,M_SR,84,3.0,12345,0.9362643686734144,134,,,,,,
full,chuandian,M_SR,85,0.1,1,0.9939366123622144,68,,,,,,
full,chuandian,M_SR,85,0.5,15,0.9834152829489945,98,,,,,,
full,chuandian,M_SR,85,1.0,12,0.9725813967455421,112,,,,,,
full,chuandian,M_SR,85,1.5,18,0.9624867780262767,121,,,,,,
full,chuandian,M_SR,85,2.0,8,0.9528483079993924,131,,,,,,
full,chuandian,M_SR,85,3.0,13,0.9351304810521209,139,,,,,,
full,chuandian,M_SR,86,0.1,16,0.9942943408895123,69,,,,,,
full,chuandian,M_SR,86,0.5,6,0.9841349939824398,98,,,,,,
full,chuandian,M_SR,86,1.0,5,0.9739354783373626,113,,,,,,
full,chuandian,M_SR,86,1.5,9,0.9645808199248505,121,,,,,,
full,chuandian,M_SR,86,2.0,17,0.9555730213652306,129,,,,,,
full,chuandian,M_SR,86,3.0,1,0.9381329875739802,139,,,,,,
full,chuandian,M_SR,87,0.1,12345,0.9943423819638212,70,,,,,,
full,chuandian,M_SR,87,0.5,1,0.9841634838742973,97,,,,,,
full,chuandian,M_SR,87,1.0,12,0.9735263190630417,114,,,,,,
full,chuandian,M_SR,87,1.5,11,0.9637992095832794,122,,,,,,
full,chuandian,M_SR,87,2.0,17,0.954431761865151,133,,,,,,
full,chuandian,M_SR,87,3.0,15,0.9364031735591007,144,,,,,,
full,chuandian,M_SR,88,0.1,1,0.994379182031171,75,,,,,,
full,chuandian,M_SR,88,0.5,13,0.9846441204352187,104,,,,,,
full,chuandian,M_SR,88,1.0,13,0.9748313490930947,115,,,,,,
full,chuandian,M_SR,88,1.5,16,0.9655192029895876,126,,,,,,
full,chuandian,M_SR,88,2.0,5,0.9565425184485582,131,,,,,,
full,chuandian,M_SR,88,3.0,6,0.9389778459013488,145,,,,,,
full,chuandian,M_SR,89,0.1,14,0.9944555816325229,73,,,,,,
full,chuandian,M_SR,89,0.5,17,0.9848197406091068,97,,,,,,
full,chuandian,M_SR,89,1.0,14,0.9749954492923817,111,,,,,,
full,chuandian,M_SR,89,1.5,1,0.9658260660832937,122,,,,,,
full,chuandian,M_SR,89,2.0,11,0.9571997648112406,128,,,,,,
full,chuandian,M_SR,89,3.0,16,0.9403947709837476,137,,,,,,
full,chuandian,M_SR,90,0.1,1,0.9945797643719595,71,,,,,,
full,chuandian,M_SR,90,0.5,6,0.9852301372308542,103,,,,,,
full,chuandian,M_SR,90,1.0,15,0.9757905903288007,111,,,,,,
full,chuandian,M_SR,90,1.5,6,0.9666212255506416,121,,,,,,
full,chuandian,M_SR,90,2.0,3,0.9577845807138201,127,,,,,,
full,chuandian,M_SR,90,3.0,6,0.9404366864015765,133,,,,,,
full,chuandian,M_SR,91,0.1,13,0.9944284744289219,73,,,,,,
full,chuandian,M_SR,91,0.5,18,0.9842699213183166,99,,,,,,
full,chuandian,M_SR,91,1.0,12345,0.9737050009709396,107,,,,,,
full,chuandian,M_SR,91,1.5,9,0.9640427044042237,118,,,,,,
full,chuandian,M_SR,91,2.0,17,0.9547932144409012,128,,,,,,
full,chuandian,M_SR,91,3.0,15,0.9368614184515126,139,,,,,,
full,chuandian,M_SR,92,0.1,16,0.9943293322732099,70,,,,,,
full,chuandian,M_SR,92,0.5,9,0.9831240720102675,103,,,,,,
full,chuandian,M_SR,92,1.0,4,0.9727232753882707,113,,,,,,
full,chuandian,M_SR,92,1.5,12,0.9631099683719799,122,,,,,,
full,chuandian,M_SR,92,2.0,8,0.9540493698218138,129,,,,,,
full,chuandian,M_SR,92,3.0,18,0.9372724110310692,144,,,,,,
full,chuandian,M_SR,93,0.1,15,0.9942363841921643,67,,,,,,
full,chuandian,M_SR,93,0.5,1,0.9845917646287985,97,,,,,,
full,chuandian,M_SR,93,1.0,11,0.9749562681942442,116,,,,,,
full,chuandian,M_SR,93,1.5,19,0.9660110393302432,125,,,,,,
full,chuandian,M_SR,93,2.0,2,0.9573406409959314,134,,,,,,
full,chuandian,M_SR,93,3.0,5,0.9403649116924622,139,,,,,,
full,chuandian,M_SR,94,0.1,12,0.9937909451710009,72,,,,,,
full,chuandian,M_SR,94,0.5,12345,0.9831140240536066,100,,,,,,
full,chuandian,M_SR,94,1.0,15,0.9730876257726696,113,,,,,,
full,chuandian,M_SR,94,1.5,12345,0.9640295564032759,124,,,,,,
full,chuandian,M_SR,94,2.0,12345,0.9552749456666612,130,,,,,,
full,chuandian,M_SR,94,3.0,14,0.9381004255973453,140,,,,,,
full,chuandian,M_SR,95,0.1,2,0.9943280886875356,70,,,,,,
full,chuandian,M_SR,95,0.5,17,0.9841781388928076,95,,,,,,
full,chuandian,M_SR,95,1.0,10,0.9736108401259137,113,,,,,,
full,chuandian,M_SR,95,1.5,12345,0.9635925142688198,121,,,,,,
full,chuandian,M_SR,95,2.0,5,0.9538645019319858,127,,,,,,
full,chuandian,M_SR,95,3.0,9,0.934988023427513,141,,,,,,
full,chuandian,M_SR,96,0.1,12,0.9940417849708427,64,,,,,,
full,chuandian,M_SR,96,0.5,14,0.9844620868692527,99,,,,,,
full,chuandian,M_SR,96,1.0,2,0.9752638085677013,115,,,,,,
full,chuandian,M_SR,96,1.5,19,0.9663170886421263,122,,,,,,
full,chuandian,M_SR,96,2.0,9,0.9576172373215391,129,,,,,,
full,chuandian,M_SR,96,3.0,12,0.9404564502354408,140,,,,,,
full,chuandian,M_SR,97,0.1,10,0.994000456916381,71,,,,,,
full,chuandian,M_SR,97,0.5,2,0.9843804817798529,100,,,,,,
full,chuandian,M_SR,97,1.0,14,0.9748568575361543,115,,,,,,
full,chuandian,M_SR,97,1.5,7,0.9658672061056615,123,,,,,,
full,chuandian,M_SR,97,2.0,5,0.957110077450515,129,,,,,,
full,chuandian,M_SR,97,3.0,1,0.9400820277294772,143,,,,,,
full,chuandian,M_SR,98,0.1,7,0.9947359947354011,69,,,,,,
full,chuandian,M_SR,98,0.5,13,0.9850400498882318,102,,,,,,
full,chuandian,M_SR,98,1.0,6,0.9755966019393353,117,,,,,,
full,chuandian,M_SR,98,1.5,2,0.9668609653634089,124,,,,,,
full,chuandian,M_SR,98,2.0,12345,0.9582990816978311,128,,,,,,
full,chuandian,M_SR,98,3.0,7,0.9417436380309654,141,,,,,,
full,chuandian,M_SR,99,0.1,5,0.9943408348948336,71,,,,,,
full,chuandian,M_SR,99,0.5,19,0.9839917851048477,101,,,,,,
full,chuandian,M_SR,99,1.0,5,0.9736716134554482,114,,,,,,
full,chuandian,M_SR,99,1.5,19,0.9641913531555625,124,,,,,,
full,chuandian,M_SR,99,2.0,19,0.9550028616976207,133,,,,,,
full,chuandian,M_SR,99,3.0,11,0.9371600335361805,141,,,,,,
full,chuandian,M_SR,100,0.1,16,0.994250989927807,68,,,,,,
full,chuandian,M_SR,100,0.5,4,0.983667781788366,98,,,,,,
full,chuandian,M_SR,100,1.0,12,0.973412695785063,114,,,,,,
full,chuandian,M_SR,100,1.5,12,0.9633030566828675,119,,,,,,
full,chuandian,M_SR,100,2.0,16,0.9534265484710688,125,,,,,,
full,chuandian,M_SR,100,3.0,1,0.9355952234429595,138,,,,,,
full,chuandian,M_SR,101,0.1,8,0.9945865748756475,69,,,,,,
full,chuandian,M_SR,101,0.5,2,0.9835947018090271,95,,,,,,
full,chuandian,M_SR,101,1.0,1,0.9728492962405535,115,,,,,,
full,chuandian,M_SR,101,1.5,16,0.9633577032497204,125,,,,,,
full,chuandian,M_SR,101,2.0,16,0.9542322807494465,127,,,,,,
full,chuandian,M_SR,101,3.0,5,0.9363943917899521,140,,,,,,
full,chuandian,M_SR,102,0.1,15,0.994273927758409,69,,,,,,
full,chuandian,M_SR,102,0.5,1,0.9836661099740555,93,,,,,,
full,chuandian,M_SR,102,1.0,2,0.9726084173012387,114,,,,,,
full,chuandian,M_SR,102,1.5,15,0.9623144445596292,117,,,,,,
full,chuandian,M_SR,102,2.0,15,0.9527844069037347,129,,,,,,
full,chuandian,M_SR,102,3.0,3,0.9349109893136192,141,,,,,,
full,chuandian,M_SR,103,0.1,18,0.9943499412117383,74,,,,,,
full,chuandian,M_SR,103,0.5,1,0.98438016374052,100,,,,,,
full,chuandian,M_SR,103,1.0,11,0.9741166521761271,116,,,,,,
full,chuandian,M_SR,103,1.5,7,0.9651575144809664,128,,,,,,
full,chuandian,M_SR,103,2.0,4,0.9566354453566035,132,,,,,,
full,chuandian,M_SR,103,3.0,13,0.940717737688324,144,,,,,,
full,chuandian,M_SR,104,0.1,19,0.9946749126002054,73,,,,,,
full,chuandian,M_SR,104,0.5,17,0.984243363227939,98,,,,,,
full,chuandian,M_SR,104,1.0,14,0.9732691128478959,116,,,,,,
full,chuandian,M_SR,104,1.5,15,0.9633090179712438,121,,,,,,
full,chuandian,M_SR,104,2.0,10,0.9536339075012107,127,,,,,,
full,chuandian,M_SR,104,3.0,8,0.9357849159511313,142,,,,,,
full,chuandian,M_SR,105,0.1,9,0.9946576174084386,69,,,,,,
full,chuandian,M_SR,105,0.5,8,0.9854310498626112,97,,,,,,
full,chuandian,M_SR,105,1.0,17,0.9756769736300317,108,,,,,,
full,chuandian,M_SR,105,1.5,11,0.9665655429666916,121,,,,,,
full,chuandian,M_SR,105,2.0,12,0.9579621321109555,128,,,,,,
full,chuandian,M_SR,105,3.0,8,0.9410921264687475,138,,,,,,
full,chuandian,M_SR,106,0.1,13,0.9940278000323803,71,,,,,,
full,chuandian,M_SR,106,0.5,15,0.9839900986729646,100,,,,,,
full,chuandian,M_SR,106,1.0,3,0.9737870557976896,112,,,,,,
full,chuandian,M_SR,106,1.5,2,0.9643562080233896,119,,,,,,
full,chuandian,M_SR,106,2.0,17,0.9554616257012704,129,,,,,,
full,chuandian,M_SR,106,3.0,17,0.9387431361796096,143,,,,,,
full,chuandian,M_SR,107,0.1,18,0.993835853472699,67,,,,,,
full,chuandian,M_SR,107,0.5,11,0.9834699858068219,97,,,,,,
full,chuandian,M_SR,107,1.0,9,0.9738126797431521,117,,,,,,
full,chuandian,M_SR,107,1.5,8,0.9649337100530198,125,,,,,,
full,chuandian,M_SR,107,2.0,8,0.956120196017359,129,,,,,,
full,chuandian,M_SR,107,3.0,11,0.9390519546271403,139,,,,,,
full,chuandian,M_SR,108,0.1,3,0.9940872674684604,71,,,,,,
full,chuandian,M_SR,108,0.5,4,0.983821772246201,97,,,,,,
full,chuandian,M_SR,108,1.0,11,0.9734322286017272,110,,,,,,
full,chuandian,M_SR,108,1.5,10,0.9638957019728219,118,,,,,,
full,chuandian,M_SR,108,2.0,1,0.9549166065981497,123,,,,,,
full,chuandian,M_SR,108,3.0,12,0.937478172918794,134,,,,,,
full,chuandian,M_SR,109,0.1,10,0.9941039434832692,67,,,,,,
full,chuandian,M_SR,109,0.5,1,0.9839832124540888,94,,,,,,
full,chuandian,M_SR,109,1.0,1,0.9737821572565929,110,,,,,,
full,chuandian,M_SR,109,1.5,14,0.9641920788089389,117,,,,,,
full,chuandian,M_SR,109,2.0,19,0.9551296252307123,126,,,,,,
full,chuandian,M_SR,109,3.0,9,0.9377420101908127,139,,,,,,
full,chuandian,M_SR,110,0.1,5,0.9946652815964139,77,,,,,,
full,chuandian,M_SR,110,0.5,13,0.9850981966983022,103,,,,,,
full,chuandian,M_SR,110,1.0,9,0.9750189804033569,117,,,,,,
full,chuandian,M_SR,110,1.5,9,0.9660973067099844,127,,,,,,
full,chuandian,M_SR,110,2.0,8,0.9574346036878383,134,,,,,,
full,chuandian,M_SR,110,3.0,4,0.9410638587292206,143,,,,,,
full,chuandian,M_SR,111,0.1,3,0.9937652869777244,66,,,,,,
full,chuandian,M_SR,111,0.5,14,0.9838653459675695,96,,,,,,
full,chuandian,M_SR,111,1.0,7,0.9734744449185969,110,,,,,,
full,chuandian,M_SR,111,1.5,1,0.9640726141666571,121,,,,,,
full,chuandian,M_SR,111,2.0,11,0.9547847548011434,123,,,,,,
full,chuandian,M_SR,111,3.0,11,0.9363468402304926,133,,,,,,
full,chuandian,M_SR,112,0.1,17,0.9943519908445115,67,,,,,,
full,chuandian,M_SR,112,0.5,19,0.9847133116183663,103,,,,,,
full,chuandian,M_SR,112,1.0,10,0.9749856889251476,114,,,,,,
full,chuandian,M_SR,112,1.5,9,0.9658646544085474,127,,,,,,
full,chuandian,M_SR,112,2.0,7,0.9570850799452819,133,,,,,,
full,chuandian,M_SR,112,3.0,11,0.9403326719586019,139,,,,,,
full,chuandian,M_SR,113,0.1,3,0.9945832169485787,68,,,,,,
full,chuandian,M_SR,113,0.5,17,0.9850285317674953,96,,,,,,
full,chuandian,M_SR,113,1.0,18,0.9751217782314671,112,,,,,,
full,chuandian,M_SR,113,1.5,9,0.9661787180773088,123,,,,,,
full,chuandian,M_SR,113,2.0,18,0.9575903824317392,130,,,,,,
full,chuandian,M_SR,113,3.0,9,0.9406465199442027,137,,,,,,
full,chuandian,M_SR,114,0.1,18,0.9932526230485593,75,,,,,,
full,chuandian,M_SR,114,0.5,18,0.9828516309592703,103,,,,,,
full,chuandian,M_SR,114,1.0,13,0.9728273378745546,116,,,,,,
full,chuandian,M_SR,114,1.5,10,0.9633882034327487,123,,,,,,
full,chuandian,M_SR,114,2.0,5,0.9540636677184665,126,,,,,,
full,chuandian,M_SR,114,3.0,17,0.9362370595882555,139,,,,,,
full,chuandian,M_SR,115,0.1,14,0.9942512355616935,70,,,,,,
full,chuandian,M_SR,115,0.5,13,0.984331503193795,103,,,,,,
full,chuandian,M_SR,115,1.0,12345,0.9749525519630208,120,,,,,,
full,chuandian,M_SR,115,1.5,7,0.966230199423679,126,,,,,,
full,chuandian,M_SR,115,2.0,11,0.9573987639232923,131,,,,,,
full,chuandian,M_SR,115,3.0,19,0.9400713754773312,140,,,,,,
full,chuandian,M_SR,116,0.1,10,0.9940672717354772,68,,,,,,
full,chuandian,M_SR,116,0.5,13,0.9838189939930055,105,,,,,,
full,chuandian,M_SR,116,1.0,14,0.9735593794435314,113,,,,,,
full,chuandian,M_SR,116,1.5,13,0.9637490588587988,120,,,,,,
full,chuandian,M_SR,116,2.0,4,0.9541418089965907,131,,,,,,
full,chuandian,M_SR,116,3.0,3,0.9356632251527384,144,,,,,,
full,chuandian,M_SR,117,0.1,15,0.9943835861177108,68,,,,,,
full,chuandian,M_SR,117,0.5,2,0.9837944399562095,93,,,,,,
full,chuandian,M_SR,117,1.0,3,0.9735608133125803,112,,,,,,
full,chuandian,M_SR,117,1.5,17,0.9647162319553808,116,,,,,,
full,chuandian,M_SR,117,2.0,9,0.956128241388459,127,,,,,,
full,chuandian,M_SR,117,3.0,17,0.9390758077806338,134,,,,,,
full,chuandian,M_SR,118,0.1,12345,0.9946860743573557,70,,,,,,
full,chuandian,M_SR,118,0.5,17,0.9846571767187332,100,,,,,,
full,chuandian,M_SR,118,1.0,14,0.9746387279775969,116,,,,,,
full,chuandian,M_SR,118,1.5,14,0.9649773155921705,122,,,,,,
full,chuandian,M_SR,118,2.0,8,0.9560372945062289,132,,,,,,
full,chuandian,M_SR,118,3.0,3,0.9392569110787365,142,,,,,,
full,chuandian,M_SR,119,0.1,1,0.9946601297075779,71,,,,,,
full,chuandian,M_SR,119,0.5,11,0.9852183023308716,99,,,,,,
full,chuandian,M_SR,119,1.0,12,0.9754670805645681,114,,,,,,
full,chuandian,M_SR,119,1.5,2,0.966518219548955,126,,,,,,
full,chuandian,M_SR,119,2.0,10,0.957873411794522,130,,,,,,
full,chuandian,M_SR,119,3.0,15,0.94090336684238,138,,,,,,
full,chuandian,M_SR,120,0.1,10,0.9947556902158825,71,,,,,,
full,chuandian,M_SR,120,0.5,12,0.9849704308499748,102,,,,,,
full,chuandian,M_SR,120,1.0,12345,0.9755478366692932,118,,,,,,
full,chuandian,M_SR,120,1.5,16,0.9664782966501861,126,,,,,,
full,chuandian,M_SR,120,2.0,13,0.9576622353676455,130,,,,,,
full,chuandian,M_SR,120,3.0,11,0.9404701317653513,136,,,,,,
full,chuandian,M_SR,121,0.1,11,0.9942660174765747,75,,,,,,
full,chuandian,M_SR,121,0.5,6,0.9843722680556648,106,,,,,,
full,chuandian,M_SR,121,1.0,8,0.9743858003970743,117,,,,,,
full,chuandian,M_SR,121,1.5,5,0.9654298535022925,132,,,,,,
full,chuandian,M_SR,121,2.0,5,0.9566729242933776,135,,,,,,
full,chuandian,M_SR,121,3.0,5,0.9395126764549994,144,,,,,,
full,chuandian,M_SR,122,0.1,4,0.9943504702290196,75,,,,,,
full,chuandian,M_SR,122,0.5,2,0.9840767184115056,103,,,,,,
full,chuandian,M_SR,122,1.0,7,0.9740560464473078,120,,,,,,
full,chuandian,M_SR,122,1.5,7,0.9648181446302905,129,,,,,,
full,chuandian,M_SR,122,2.0,17,0.9562964232732651,137,,,,,,
full,chuandian,M_SR,122,3.0,15,0.9403570938516691,144,,,,,,
full,chuandian,M_SR,123,0.1,18,0.9943630033362277,71,,,,,,
full,chuandian,M_SR,123,0.5,2,0.9846425638784826,101,,,,,,
full,chuandian,M_SR,123,1.0,7,0.974939203162058,118,,,,,,
full,chuandian,M_SR,123,1.5,14,0.9658354273841547,129,,,,,,
full,chuandian,M_SR,123,2.0,1,0.9571038813686928,135,,,,,,
full,chuandian,M_SR,123,3.0,12345,0.9403286318348522,144,,,,,,
full,chuandian,M_SR,124,0.1,6,0.9945095196719738,73,,,,,,
full,chuandian,M_SR,124,0.5,5,0.9849664968745845,101,,,,,,
full,chuandian,M_SR,124,1.0,6,0.9753780507005342,110,,,,,,
full,chuandian,M_SR,124,1.5,3,0.9661889427180432,118,,,,,,
full,chuandian,M_SR,124,2.0,14,0.9574856732963158,124,,,,,,
full,chuandian,M_SR,124,3.0,7,0.9411853727790718,141,,,,,,
full,chuandian,M_SR,125,0.1,19,0.9935633991197894,68,,,,,,
full,chuandian,M_SR,125,0.5,15,0.9832494730437787,94,,,,,,
full,chuandian,M_SR,125,1.0,11,0.9730179439625566,113,,,,,,
full,chuandian,M_SR,125,1.5,14,0.9638700237923787,120,,,,,,
full,chuandian,M_SR,125,2.0,11,0.9553271812468928,126,,,,,,
full,chuandian,M_SR,125,3.0,2,0.9387528322079614,137,,,,,,
full,chuandian,M_SR,126,0.1,4,0.9947973309438829,68,,,,,,
full,chuandian,M_SR,126,0.5,4,0.9847153604900805,95,,,,,,
full,chuandian,M_SR,126,1.0,15,0.9744942543697713,114,,,,,,
full,chuandian,M_SR,126,1.5,6,0.9653682863643841,122,,,,,,
full,chuandian,M_SR,126,2.0,10,0.9567276700826481,126,,,,,,
full,chuandian,M_SR,126,3.0,2,0.9398379927671949,142,,,,,,
full,chuandian,M_SR,127,0.1,12,0.9935552823249265,71,,,,,,
full,chuandian,M_SR,127,0.5,10,0.9841583764625103,105,,,,,,
full,chuandian,M_SR,127,1.0,5,0.9745255191626534,115,,,,,,
full,chuandian,M_SR,127,1.5,17,0.96516807915487,120,,,,,,
full,chuandian,M_SR,127,2.0,8,0.9560863065425778,134,,,,,,
full,chuandian,M_SR,127,3.0,18,0.9384275185785326,142,,,,,,
full,chuandian,M_SR,128,0.1,16,0.9942248205047817,65,,,,,,
full,chuandian,M_SR,128,0.5,5,0.9836297688548585,98,,,,,,
full,chuandian,M_SR,128,1.0,19,0.9740263069940563,114,,,,,,
full,chuandian,M_SR,128,1.5,9,0.9652067406724106,121,,,,,,
full,chuandian,M_SR,128,2.0,3,0.9566294272614166,130,,,,,,
full,chuandian,M_SR,128,3.0,3,0.9402698354585275,139,,,,,,
full,chuandian,M_SR,129,0.1,17,0.9935448486533858,73,,,,,,
full,chuandian,M_SR,129,0.5,18,0.9826480662377217,106,,,,,,
full,chuandian,M_SR,129,1.0,7,0.9722513585054423,113,,,,,,
full,chuandian,M_SR,129,1.5,12,0.9625247825697629,122,,,,,,
full,chuandian,M_SR,129,2.0,12,0.9540866823216986,133,,,,,,
full,chuandian,M_SR,129,3.0,14,0.9368325155089036,139,,,,,,
full,chuandian,M_SR,130,0.1,3,0.9943344118545259,70,,,,,,
full,chuandian,M_SR,130,0.5,19,0.9843237520947413,99,,,,,,
full,chuandian,M_SR,130,1.0,8,0.9736744636823342,110,,,,,,
full,chuandian,M_SR,130,1.5,4,0.9639001275645648,122,,,,,,
full,chuandian,M_SR,130,2.0,14,0.9550321810959008,131,,,,,,
full,chuandian,M_SR,130,3.0,3,0.9377223863373134,139,,,,,,
full,chuandian,M_SR,131,0.1,1,0.9949848701521972,73,,,,,,
full,chuandian,M_SR,131,0.5,4,0.9855304232810982,104,,,,,,
full,chuandian,M_SR,131,1.0,5,0.9757089515579788,116,,,,,,
full,chuandian,M_SR,131,1.5,12345,0.9670462955118981,126,,,,,,
full,chuandian,M_SR,131,2.0,15,0.958399821749196,132,,,,,,
full,chuandian,M_SR,131,3.0,9,0.9419611751728046,143,,,,,,
full,chuandian,M_SR,132,0.1,10,0.9938488593775204,68,,,,,,
full,chuandian,M_SR,132,0.5,2,0.9843545497561574,104,,,,,,
full,chuandian,M_SR,132,1.0,10,0.9749170329472194,118,,,,,,
full,chuandian,M_SR,132,1.5,10,0.9661280413067039,128,,,,,,
full,chuandian,M_SR,132,2.0,19,0.9578584874074592,140,,,,,,
full,chuandian,M_SR,132,3.0,7,0.9420856426434759,145,,,,,,
full,chuandian,M_SR,133,0.1,13,0.9938326716078913,69,,,,,,
full,chuandian,M_SR,133,0.5,11,0.9829549884860211,97,,,,,,
full,chuandian,M_SR,133,1.0,10,0.9724618714985568,106,,,,,,
full,chuandian,M_SR,133,1.5,9,0.9632365823690537,120,,,,,,
full,chuandian,M_SR,133,2.0,15,0.9542165052064348,126,,,,,,
full,chuandian,M_SR,133,3.0,8,0.9364408493591919,137,,,,,,
full,chuandian,M_SR,134,0.1,8,0.9937774040599167,70,,,,,,
full,chuandian,M_SR,134,0.5,8,0.9838004849847245,98,,,,,,
full,chuandian,M_SR,134,1.0,2,0.9738073821986248,111,,,,,,
full,chuandian,M_SR,134,1.5,18,0.9647284120130334,120,,,,,,
full,chuandian,M_SR,134,2.0,10,0.9562473328978616,132,,,,,,
full,chuandian,M_SR,134,3.0,2,0.9402425751749037,136,,,,,,
full,chuandian,M_SR,135,0.1,6,0.9943315175753645,73,,,,,,
full,chuandian,M_SR,135,0.5,18,0.983453122143105,102,,,,,,
full,chuandian,M_SR,135,1.0,11,0.9733572289669091,119,,,,,,
full,chuandian,M_SR,135,1.5,3,0.9639053830864084,127,,,,,,
full,chuandian,M_SR,135,2.0,12345,0.9546267911348425,133,,,,,,
full,chuandian,M_SR,135,3.0,8,0.9364812774851932,141,,,,,,
full,chuandian,M_SR,136,0.1,9,0.9937512239220576,68,,,,,,
full,chuandian,M_SR,136,0.5,19,0.9833960859433987,98,,,,,,
full,chuandian,M_SR,136,1.0,10,0.9733816841315749,115,,,,,,
full,chuandian,M_SR,136,1.5,2,0.9640362225796305,120,,,,,,
full,chuandian,M_SR,136,2.0,2,0.9548568424914633,128,,,,,,
full,chuandian,M_SR,136,3.0,9,0.9375386482471352,141,,,,,,
full,chuandian,M_SR,137,0.1,10,0.9944312228827774,72,,,,,,
full,chuandian,M_SR,137,0.5,11,0.9833724991621519,95,,,,,,
full,chuandian,M_SR,137,1.0,8,0.9729617814468497,115,,,,,,
full,chuandian,M_SR,137,1.5,17,0.9630626859551545,120,,,,,,
full,chuandian,M_SR,137,2.0,14,0.9537251659253697,125,,,,,,
full,chuandian,M_SR,137,3.0,4,0.9361394350909562,139,,,,,,
full,chuandian,M_SR,138,0.1,2,0.9946056358706886,68,,,,,,
full,chuandian,M_SR,138,0.5,11,0.9842488195728274,100,,,,,,
full,chuandian,M_SR,138,1.0,4,0.9739804523730201,115,,,,,,
full,chuandian,M_SR,138,1.5,11,0.9647167851037466,122,,,,,,
full,chuandian,M_SR,138,2.0,16,0.9555356701142845,126,,,,,,
full,chuandian,M_SR,138,3.0,8,0.9376827075203481,134,,,,,,
full,chuandian,M_SR,139,0.1,5,0.994328974621713,76,,,,,,
full,chuandian,M_SR,139,0.5,19,0.984563649379663,98,,,,,,
full,chuandian,M_SR,139,1.0,3,0.9748626520712107,113,,,,,,
full,chuandian,M_SR,139,1.5,7,0.9660708189550348,123,,,,,,
full,chuandian,M_SR,139,2.0,7,0.9574572595183511,127,,,,,,
full,chuandian,M_SR,139,3.0,11,0.9404138183452296,135,,,,,,
full,chuandian,M_SR,140,0.1,19,0.9942720091020469,67,,,,,,
full,chuandian,M_SR,140,0.5,1,0.9841693625332807,98,,,,,,
full,chuandian,M_SR,140,1.0,4,0.9739350266542972,114,,,,,,
full,chuandian,M_SR,140,1.5,2,0.9647004649303057,119,,,,,,
full,chuandian,M_SR,140,2.0,15,0.9561294533447274,129,,,,,,
full,chuandian,M_SR,140,3.0,14,0.9396910194036379,140,,,,,,
full,chuandian,M_SR,141,0.1,11,0.9944950642758043,70,,,,,,
full,chuandian,M_SR,141,0.5,17,0.9845200452328012,100,,,,,,
full,chuandian,M_SR,141,1.0,8,0.9741932435992773,112,,,,,,
full,chuandian,M_SR,141,1.5,13,0.9647449632957009,119,,,,,,
full,chuandian,M_SR,141,2.0,15,0.9555158680892023,124,,,,,,
full,chuandian,M_SR,141,3.0,15,0.9375014872569438,136,,,,,,
full,chuandian,M_SR,142,0.1,12345,0.9940194314777062,70,,,,,,
full,chuandian,M_SR,142,0.5,3,0.9842030878757828,102,,,,,,
full,chuandian,M_SR,142,1.0,12345,0.9745874539940323,116,,,,,,
full,chuandian,M_SR,142,1.5,13,0.965554043683977,125,,,,,,
full,chuandian,M_SR,142,2.0,1,0.9568527677236338,134,,,,,,
full,chuandian,M_SR,142,3.0,12,0.9402053951123854,140,,,,,,
full,chuandian,M_SR,143,0.1,11,0.9942709673729355,71,,,,,,
full,chuandian,M_SR,143,0.5,9,0.9843517581087429,99,,,,,,
full,chuandian,M_SR,143,1.0,18,0.9743909389997194,115,,,,,,
full,chuandian,M_SR,143,1.5,10,0.9654653438692813,128,,,,,,
full,chuandian,M_SR,143,2.0,4,0.9566323830866991,137,,,,,,
full,chuandian,M_SR,143,3.0,12345,0.9395403195737018,143,,,,,,
full,chuandian,M_SR,144,0.1,1,0.9938732403415592,67,,,,,,
full,chuandian,M_SR,144,0.5,11,0.9832132964277119,99,,,,,,
full,chuandian,M_SR,144,1.0,5,0.973295236970337,113,,,,,,
full,chuandian,M_SR,144,1.5,12345,0.9642049132864743,118,,,,,,
full,chuandian,M_SR,144,2.0,10,0.9553015730678734,128,,,,,,
full,chuandian,M_SR,144,3.0,10,0.9380450345628844,142,,,,,,
full,chuandian,M_SR,145,0.1,12345,0.9944397807591471,66,,,,,,
full,chuandian,M_SR,145,0.5,11,0.9844840495059867,95,,,,,,
full,chuandian,M_SR,145,1.0,5,0.9735486521661938,109,,,,,,
full,chuandian,M_SR,145,1.5,3,0.963570143672695,118,,,,,,
full,chuandian,M_SR,145,2.0,3,0.9541004418420158,126,,,,,,
full,chuandian,M_SR,145,3.0,10,0.9358465745258691,137,,,,,,
full,chuandian,M_SR,146,0.1,19,0.9942332502485339,70,,,,,,
full,chuandian,M_SR,146,0.5,12,0.9837086175363811,95,,,,,,
full,chuandian,M_SR,146,1.0,5,0.9731505860336502,113,,,,,,
full,chuandian,M_SR,146,1.5,8,0.9635801520770721,128,,,,,,
full,chuandian,M_SR,146,2.0,5,0.9545367906840917,135,,,,,,
full,chuandian,M_SR,146,3.0,13,0.9371409024195024,147,,,,,,
full,chuandian,M_SR,147,0.1,12,0.9944017266103489,69,,,,,,
full,chuandian,M_SR,147,0.5,12345,0.9846138529008777,99,,,,,,
full,chuandian,M_SR,147,1.0,6,0.97423164389342,107,,,,,,
full,chuandian,M_SR,147,1.5,13,0.9647412645757486,120,,,,,,
full,chuandian,M_SR,147,2.0,13,0.9557008810927341,128,,,,,,
full,chuandian,M_SR,147,3.0,7,0.9384253561361093,146,,,,,,
full,chuandian,M_SR,148,0.1,2,0.9944770043588446,74,,,,,,
full,chuandian,M_SR,148,0.5,8,0.9847954937255673,104,,,,,,
full,chuandian,M_SR,148,1.0,3,0.9748534816517967,119,,,,,,
full,chuandian,M_SR,148,1.5,4,0.965648947507782,128,,,,,,
full,chuandian,M_SR,148,2.0,1,0.9571517573578154,135,,,,,,
full,chuandian,M_SR,148,3.0,16,0.9410072443571103,146,,,,,,
full,chuandian,M_SR,149,0.1,2,0.9945803479034652,70,,,,,,
full,chuandian,M_SR,149,0.5,18,0.9841578129424652,101,,,,,,
full,chuandian,M_SR,149,1.0,4,0.973776806994865,115,,,,,,
full,chuandian,M_SR,149,1.5,14,0.9645624286431738,123,,,,,,
full,chuandian,M_SR,149,2.0,6,0.9556380494559291,130,,,,,,
full,chuandian,M_SR,149,3.0,6,0.9387090169206257,141,,,,,,
full,chuandian,M_SR,150,0.1,14,0.994410540380628,70,,,,,,
full,chuandian,M_SR,150,0.5,15,0.9842419008291533,99,,,,,,
full,chuandian,M_SR,150,1.0,11,0.9734858263056516,115,,,,,,
full,chuandian,M_SR,150,1.5,14,0.9638772323227459,126,,,,,,
full,chuandian,M_SR,150,2.0,16,0.9546394809551608,131,,,,,,
full,chuandian,M_SR,150,3.0,9,0.9371732295610928,141,,,,,,
full,chuandian,M_SR,151,0.1,7,0.9943396241540295,73,,,,,,
full,chuandian,M_SR,151,0.5,1,0.9839949977572785,100,,,,,,
full,chuandian,M_SR,151,1.0,3,0.974248973032622,117,,,,,,
full,chuandian,M_SR,151,1.5,11,0.9652599885626784,126,,,,,,
full,chuandian,M_SR,151,2.0,14,0.9566177590543147,130,,,,,,
full,chuandian,M_SR,151,3.0,14,0.939584802997482,137,,,,,,
full,chuandian,M_SR,152,0.1,18,0.9942962721348163,70,,,,,,
full,chuandian,M_SR,152,0.5,17,0.9843987832476454,105,,,,,,
full,chuandian,M_SR,152,1.0,17,0.9745990235149665,119,,,,,,
full,chuandian,M_SR,152,1.5,18,0.9652271864394741,126,,,,,,
full,chuandian,M_SR,152,2.0,4,0.9561508297575728,132,,,,,,
full,chuandian,M_SR,152,3.0,10,0.9386799268328209,142,,,,,,
full,chuandian,M_SR,153,0.1,15,0.9945754913719038,71,,,,,,
full,chuandian,M_SR,153,0.5,11,0.9848800416627463,96,,,,,,
full,chuandian,M_SR,153,1.0,8,0.9747135713166403,116,,,,,,
full,chuandian,M_SR,153,1.5,17,0.965087039869428,127,,,,,,
full,chuandian,M_SR,153,2.0,14,0.9563926729517189,135,,,,,,
full,chuandian,M_SR,153,3.0,7,0.9392746536312799,143,,,,,,
full,chuandian,M_SR,154,0.1,2,0.99436074122624,76,,,,,,
full,chuandian,M_SR,154,0.5,14,0.9833568258439455,104,,,,,,
full,chuandian,M_SR,154,1.0,1,0.97346456494349,116,,,,,,
full,chuandian,M_SR,154,1.5,3,0.9646344468730607,127,,,,,,
full,chuandian,M_SR,154,2.0,12,0.9564692996759872,139,,,,,,
full,chuandian,M_SR,154,3.0,18,0.9407521401082651,146,,,,,,
full,chuandian,M_SR,155,0.1,10,0.9945716181103523,66,,,,,,
full,chuandian,M_SR,155,0.5,14,0.9847482883922285,98,,,,,,
full,chuandian,M_SR,155,1.0,7,0.974947914362374,117,,,,,,
full,chuandian,M_SR,155,1.5,7,0.965770210304329,118,,,,,,
full,chuandian,M_SR,155,2.0,4,0.9569991571051361,131,,,,,,
full,chuandian,M_SR,155,3.0,10,0.9400127295403798,140,,,,,,
full,chuandian,M_SR,156,0.1,1,0.9946614301758749,69,,,,,,
full,chuandian,M_SR,156,0.5,17,0.9840928437235064,100,,,,,,
full,chuandian,M_SR,156,1.0,6,0.9744915880380713,117,,,,,,
full,chuandian,M_SR,156,1.5,15,0.9653035840359453,122,,,,,,
full,chuandian,M_SR,156,2.0,7,0.9566250214635498,128,,,,,,
full,chuandian,M_SR,156,3.0,12,0.9397371204938504,141,,,,,,
full,chuandian,M_SR,157,0.1,15,0.9940483039697237,69,,,,,,
full,chuandian,M_SR,157,0.5,18,0.9838108587523703,99,,,,,,
full,chuandian,M_SR,157,1.0,18,0.9743452899374165,112,,,,,,
full,chuandian,M_SR,157,1.5,3,0.9657246304598343,122,,,,,,
full,chuandian,M_SR,157,2.0,1,0.9574860046371386,131,,,,,,
full,chuandian,M_SR,157,3.0,12345,0.9416694946121712,141,,,,,,
full,chuandian,M_SR,158,0.1,2,0.9944734466360963,77,,,,,,
full,chuandian,M_SR,158,0.5,8,0.9846011254255939,105,,,,,,
full,chuandian,M_SR,158,1.0,9,0.974510021485319,115,,,,,,
full,chuandian,M_SR,158,1.5,16,0.9651659861353545,129,,,,,,
full,chuandian,M_SR,158,2.0,8,0.956510287793684,136,,,,,,
full,chuandian,M_SR,158,3.0,8,0.9397479144337821,144,,,,,,
full,chuandian,M_SR,159,0.1,8,0.9939341496030064,69,,,,,,
full,chuandian,M_SR,159,0.5,11,0.9833703291030559,102,,,,,,
full,chuandian,M_SR,159,1.0,14,0.9732285279174961,115,,,,,,
full,chuandian,M_SR,159,1.5,16,0.9646467274744714,128,,,,,,
full,chuandian,M_SR,159,2.0,16,0.9565000971709102,133,,,,,,
full,chuandian,M_SR,159,3.0,16,0.940736391158874,146,,,,,,
full,chuandian,M_SR,160,0.1,6,0.9943867778246139,67,,,,,,
full,chuandian,M_SR,160,0.5,19,0.9845041153019375,98,,,,,,
full,chuandian,M_SR,160,1.0,17,0.9744507286414658,114,,,,,,
full,chuandian,M_SR,160,1.5,13,0.965071606475699,123,,,,,,
full,chuandian,M_SR,160,2.0,13,0.9558259303599529,131,,,,,,
full,chuandian,M_SR,160,3.0,3,0.9386544465020285,143,,,,,,
full,chuandian,M_SR,161,0.1,17,0.9943003849567416,71,,,,,,
full,chuandian,M_SR,161,0.5,1,0.9846803413379398,103,,,,,,
full,chuandian,M_SR,161,1.0,16,0.9749501039912801,114,,,,,,
full,chuandian,M_SR,161,1.5,10,0.9661313367204205,122,,,,,,
full,chuandian,M_SR,161,2.0,11,0.957384223938247,128,,,,,,
full,chuandian,M_SR,161,3.0,15,0.9401022806122631,136,,,,,,
full,chuandian,M_SR,162,0.1,2,0.9942704863209038,70,,,,,,
full,chuandian,M_SR,162,0.5,2,0.9845790126895019,99,,,,,,
full,chuandian,M_SR,162,1.0,12345,0.9748480328226931,111,,,,,,
full,chuandian,M_SR,162,1.5,16,0.9659799572126208,122,,,,,,
full,chuandian,M_SR,162,2.0,13,0.9573780453134383,125,,,,,,
full,chuandian,M_SR,162,3.0,3,0.9406153702233778,135,,,,,,
full,chuandian,M_SR,163,0.1,1,0.9944720778192169,69,,,,,,
full,chuandian,M_SR,163,0.5,11,0.9846119023257093,96,,,,,,
full,chuandian,M_SR,163,1.0,9,0.974742036702861,113,,,,,,
full,chuandian,M_SR,163,1.5,5,0.9656233800809382,125,,,,,,
full,chuandian,M_SR,163,2.0,2,0.9569775230119236,130,,,,,,
full,chuandian,M_SR,163,3.0,18,0.9406255378072659,142,,,,,,
full,chuandian,M_SR,164,0.1,19,0.9945652530614354,69,,,,,,
full,chuandian,M_SR,164,0.5,16,0.9846997434426915,97,,,,,,
full,chuandian,M_SR,164,1.0,9,0.9744540797833691,113,,,,,,
full,chuandian,M_SR,164,1.5,12345,0.9647359746473707,121,,,,,,
full,chuandian,M_SR,164,2.0,19,0.955375601646689,127,,,,,,
full,chuandian,M_SR,164,3.0,16,0.9371963471333326,136,,,,,,
full,chuandian,M_SR,165,0.1,4,0.9944355975572876,75,,,,,,
full,chuandian,M_SR,165,0.5,13,0.9851303686710441,104,,,,,,
full,chuandian,M_SR,165,1.0,18,0.9755601721377979,118,,,,,,
full,chuandian,M_SR,165,1.5,2,0.96660455208784,123,,,,,,
full,chuandian,M_SR,165,2.0,13,0.9577986970243256,134,,,,,,
full,chuandian,M_SR,165,3.0,13,0.9405221584500221,142,,,,,,
full,chuandian,M_SR,166,0.1,11,0.9944266709820022,70,,,,,,
full,chuandian,M_SR,166,0.5,16,0.98449980588526,97,,,,,,
full,chuandian,M_SR,166,1.0,15,0.97478608080206,109,,,,,,
full,chuandian,M_SR,166,1.5,12345,0.9655957124346128,121,,,,,,
full,chuandian,M_SR,166,2.0,15,0.9567486385460402,131,,,,,,
full,chuandian,M_SR,166,3.0,12,0.9394579634230524,141,,,,,,
full,chuandian,M_SR,167,0.1,8,0.9947595382141673,68,,,,,,
full,chuandian,M_SR,167,0.5,15,0.9848314055395426,102,,,,,,
full,chuandian,M_SR,167,1.0,15,0.9745862230074702,113,,,,,,
full,chuandian,M_SR,167,1.5,3,0.9651116555724379,119,,,,,,
full,chuandian,M_SR,167,2.0,3,0.9565321575895914,127,,,,,,
full,chuandian,M_SR,167,3.0,15,0.939875259802225,134,,,,,,
full,chuandian,M_SR,168,0.1,8,0.9946564103184511,72,,,,,,
full,chuandian,M_SR,168,0.5,12345,0.9851456928807113,93,,,,,,
full,chuandian,M_SR,168,1.0,2,0.975361108292266,115,,,,,,
full,chuandian,M_SR,168,1.5,2,0.9663827746400085,121,,,,,,
full,chuandian,M_SR,168,2.0,8,0.9575540074265871,126,,,,,,
full,chuandian,M_SR,168,3.0,16,0.9401826104085498,135,,,,,,
full,chuandian,M_SR,169,0.1,4,0.9942991996160656,73,,,,,,
full,chuandian,M_SR,169,0.5,8,0.9845556004115169,103,,,,,,
full,chuandian,M_SR,169,1.0,19,0.9745827793177597,112,,,,,,
full,chuandian,M_SR,169,1.5,11,0.9654565295891003,121,,,,,,
full,chuandian,M_SR,169,2.0,11,0.9570762790603896,128,,,,,,
full,chuandian,M_SR,169,3.0,6,0.9409462779076386,141,,,,,,
full,chuandian,M_SR,170,0.1,15,0.9944140420959605,71,,,,,,
full,chuandian,M_SR,170,0.5,5,0.9846251616546287,102,,,,,,
full,chuandian,M_SR,170,1.0,6,0.9748585589164139,115,,,,,,
full,chuandian,M_SR,170,1.5,7,0.9657919687656823,123,,,,,,
full,chuandian,M_SR,170,2.0,7,0.9570764219405637,130,,,,,,
full,chuandian,M_SR,170,3.0,17,0.9400320737469013,139,,,,,,
full,chuandian,M_SR,171,0.1,9,0.9939110741039288,66,,,,,,
full,chuandian,M_SR,171,0.5,1,0.9839952625631038,100,,,,,,
full,chuandian,M_SR,171,1.0,1,0.9737418629105624,113,,,,,,
full,chuandian,M_SR,171,1.5,2,0.9637774470230048,122,,,,,,
full,chuandian,M_SR,171,2.0,2,0.9540258116967699,128,,,,,,
full,chuandian,M_SR,171,3.0,16,0.9354624933827711,139,,,,,,
full,chuandian,M_SR,172,0.1,17,0.9938403571145423,74,,,,,,
full,chuandian,M_SR,172,0.5,7,0.9839595636402064,102,,,,,,
full,chuandian,M_SR,172,1.0,7,0.9742245253256294,117,,,,,,
full,chuandian,M_SR,172,1.5,10,0.9647321338565322,124,,,,,,
full,chuandian,M_SR,172,2.0,5,0.9557285475798389,130,,,,,,
full,chuandian,M_SR,172,3.0,12,0.9385425587909438,136,,,,,,
full,chuandian,M_SR,173,0.1,16,0.9942399253917658,71,,,,,,
full,chuandian,M_SR,173,0.5,9,0.9837744169659354,99,,,,,,
full,chuandian,M_SR,173,1.0,13,0.9740240514386963,112,,,,,,
full,chuandian,M_SR,173,1.5,19,0.9653534409868055,122,,,,,,
full,chuandian,M_SR,173,2.0,18,0.9570849035855118,128,,,,,,
full,chuandian,M_SR,173,3.0,7,0.940897518547925,140,,,,,,
full,chuandian,M_SR,174,0.1,14,0.9943827647604917,71,,,,,,
full,chuandian,M_SR,174,0.5,8,0.9841593599560267,103,,,,,,
full,chuandian,M_SR,174,1.0,17,0.9746937456787389,117,,,,,,
full,chuandian,M_SR,174,1.5,13,0.965795974246873,129,,,,,,
full,chuandian,M_SR,174,2.0,12345,0.957236787810598,135,,,,,,
full,chuandian,M_SR,174,3.0,15,0.9412851581106649,142,,,,,,
full,chuandian,M_SR,175,0.1,8,0.9943809528341891,74,,,,,,
full,chuandian,M_SR,175,0.5,9,0.9849981975789346,101,,,,,,
full,chuandian,M_SR,175,1.0,11,0.9748916000418884,117,,,,,,
full,chuandian,M_SR,175,1.5,4,0.9655193264987812,128,,,,,,
full,chuandian,M_SR,175,2.0,1,0.9564460330799894,132,,,,,,
full,chuandian,M_SR,175,3.0,12,0.9390020285780976,141,,,,,,
full,chuandian,M_SR,176,0.1,8,0.9940551719672575,69,,,,,,
full,chuandian,M_SR,176,0.5,17,0.9837376657316805,99,,,,,,
full,chuandian,M_SR,176,1.0,19,0.9738993300529073,115,,,,,,
full,chuandian,M_SR,176,1.5,11,0.9645190705294298,124,,,,,,
full,chuandian,M_SR,176,2.0,2,0.9554425815266246,130,,,,,,
full,chuandian,M_SR,176,3.0,8,0.9389078273794177,146,,,,,,
full,chuandian,M_SR,177,0.1,1,0.9944982538032563,70,,,,,,
full,chuandian,M_SR,177,0.5,8,0.9844965964173416,96,,,,,,
full,chuandian,M_SR,177,1.0,19,0.9747230097304941,113,,,,,,
full,chuandian,M_SR,177,1.5,6,0.9659025319315448,126,,,,,,
full,chuandian,M_SR,177,2.0,12345,0.9572855063991862,134,,,,,,
full,chuandian,M_SR,177,3.0,19,0.9409766404262521,145,,,,,,
full,chuandian,M_SR,178,0.1,19,0.9944548339072321,68,,,,,,
full,chuandian,M_SR,178,0.5,16,0.985419317779998,100,,,,,,
full,chuandian,M_SR,178,1.0,3,0.9756360144144655,113,,,,,,
full,chuandian,M_SR,178,1.5,17,0.9667183460528378,128,,,,,,
full,chuandian,M_SR,178,2.0,12,0.9584376783485883,133,,,,,,
full,chuandian,M_SR,178,3.0,13,0.9419635698680043,138,,,,,,
full,chuandian,M_SR,179,0.1,1,0.9943084837787347,63,,,,,,
full,chuandian,M_SR,179,0.5,9,0.983865430957141,92,,,,,,
full,chuandian,M_SR,179,1.0,9,0.9733223176049031,109,,,,,,
full,chuandian,M_SR,179,1.5,14,0.9641249677074119,119,,,,,,
full,chuandian,M_SR,179,2.0,14,0.9551659570279554,120,,,,,,
full,chuandian,M_SR,179,3.0,5,0.9381677838631537,134,,,,,,
full,chuandian,M_SR,180,0.1,9,0.9945257701333938,75,,,,,,
full,chuandian,M_SR,180,0.5,12,0.9851219803726794,105,,,,,,
full,chuandian,M_SR,180,1.0,9,0.9757462351237067,115,,,,,,
full,chuandian,M_SR,180,1.5,11,0.9672594713934782,125,,,,,,
full,chuandian,M_SR,180,2.0,7,0.9590579315597632,131,,,,,,
full,chuandian,M_SR,180,3.0,1,0.9429846244909406,142,,,,,,
full,chuandian,M_SR,181,0.1,12345,0.9942726538172856,68,,,,,,
full,chuandian,M_SR,181,0.5,6,0.9842001275110851,95,,,,,,
full,chuandian,M_SR,181,1.0,19,0.9737880970708342,117,,,,,,
full,chuandian,M_SR,181,1.5,1,0.9645824600394671,124,,,,,,
full,chuandian,M_SR,181,2.0,9,0.9556814895685314,131,,,,,,
full,chuandian,M_SR,181,3.0,12345,0.9383437800553703,137,,,,,,
full,chuandian,M_SR,182,0.1,12345,0.9943875198722507,75,,,,,,
full,chuandian,M_SR,182,0.5,10,0.9839270197644022,103,,,,,,
full,chuandian,M_SR,182,1.0,11,0.9733187123914887,115,,,,,,
full,chuandian,M_SR,182,1.5,14,0.9634562484549307,122,,,,,,
full,chuandian,M_SR,182,2.0,12345,0.953813660703052,124,,,,,,
full,chuandian,M_SR,182,3.0,4,0.9352947711349011,135,,,,,,
full,chuandian,M_SR,183,0.1,17,0.9942900517026865,69,,,,,,
full,chuandian,M_SR,183,0.5,6,0.983940951165587,98,,,,,,
full,chuandian,M_SR,183,1.0,2,0.9725267402307659,109,,,,,,
full,chuandian,M_SR,183,1.5,14,0.9624474479098128,119,,,,,,
full,chuandian,M_SR,183,2.0,17,0.9525974824966367,124,,,,,,
full,chuandian,M_SR,183,3.0,12345,0.9332446266968052,136,,,,,,
full,chuandian,M_SR,184,0.1,6,0.9939268022551864,64,,,,,,
full,chuandian,M_SR,184,0.5,16,0.9839793425052792,103,,,,,,
full,chuandian,M_SR,184,1.0,6,0.9732437476790624,116,,,,,,
full,chuandian,M_SR,184,1.5,6,0.9636748017164734,128,,,,,,
full,chuandian,M_SR,184,2.0,6,0.9545267755808828,129,,,,,,
full,chuandian,M_SR,184,3.0,14,0.9371977724295874,140,,,,,,
full,chuandian,M_SR,185,0.1,11,0.9935142234921678,66,,,,,,
full,chuandian,M_SR,185,0.5,15,0.9832117702096841,99,,,,,,
full,chuandian,M_SR,185,1.0,13,0.9734226147362522,115,,,,,,
full,chuandian,M_SR,185,1.5,13,0.9641244034038835,120,,,,,,
full,chuandian,M_SR,185,2.0,13,0.9551548573210289,125,,,,,,
full,chuandian,M_SR,185,3.0,17,0.9374865382981145,137,,,,,,
full,chuandian,M_SR,186,0.1,1,0.9941778655403527,68,,,,,,
full,chuandian,M_SR,186,0.5,9,0.984256824875202,99,,,,,,
full,chuandian,M_SR,186,1.0,7,0.9747948455691139,119,,,,,,
full,chuandian,M_SR,186,1.5,11,0.9661274407824664,128,,,,,,
full,chuandian,M_SR,186,2.0,9,0.9577346304991504,134,,,,,,
full,chuandian,M_SR,186,3.0,17,0.9412380064117808,147,,,,,,
full,chuandian,M_SR,187,0.1,13,0.9943970250653587,72,,,,,,
full,chuandian,M_SR,187,0.5,1,0.9850595103736951,99,,,,,,
full,chuandian,M_SR,187,1.0,12345,0.9754688981776132,108,,,,,,
full,chuandian,M_SR,187,1.5,16,0.9661035934348509,118,,,,,,
full,chuandian,M_SR,187,2.0,4,0.956977161000782,122,,,,,,
full,chuandian,M_SR,187,3.0,1,0.9392183833153827,135,,,,,,
full,chuandian,M_SR,188,0.1,12,0.993659220041649,70,,,,,,
full,chuandian,M_SR,188,0.5,10,0.9836533219544864,105,,,,,,
full,chuandian,M_SR,188,1.0,7,0.9735269457174625,111,,,,,,
full,chuandian,M_SR,188,1.5,6,0.9642852661422678,120,,,,,,
full,chuandian,M_SR,188,2.0,16,0.955275499424678,126,,,,,,
full,chuandian,M_SR,188,3.0,7,0.9376103596766089,134,,,,,,
full,chuandian,M_SR,189,0.1,19,0.9937922055813218,64,,,,,,
full,chuandian,M_SR,189,0.5,13,0.9825791837975528,101,,,,,,
full,chuandian,M_SR,189,1.0,12,0.9720369567862672,113,,,,,,
full,chuandian,M_SR,189,1.5,12,0.962301722569183,120,,,,,,
full,chuandian,M_SR,189,2.0,1,0.9529527800011806,126,,,,,,
full,chuandian,M_SR,189,3.0,12,0.935557345201916,139,,,,,,
full,chuandian,M_SR,190,0.1,16,0.9936584405176274,67,,,,,,
full,chuandian,M_SR,190,0.5,1,0.9836160798798215,96,,,,,,
full,chuandian,M_SR,190,1.0,12345,0.9731557580785881,111,,,,,,
full,chuandian,M_SR,190,1.5,16,0.9636845388687945,119,,,,,,
full,chuandian,M_SR,190,2.0,16,0.954551129960967,124,,,,,,
full,chuandian,M_SR,190,3.0,6,0.936854127346792,140,,,,,,
full,chuandian,M_SR,191,0.1,2,0.9944147551917988,73,,,,,,
full,chuandian,M_SR,191,0.5,4,0.9841543997004772,97,,,,,,
full,chuandian,M_SR,191,1.0,2,0.9735755479028795,112,,,,,,
full,chuandian,M_SR,191,1.5,6,0.9638204933082225,124,,,,,,
full,chuandian,M_SR,191,2.0,11,0.9543685932198055,129,,,,,,
full,chuandian,M_SR,191,3.0,11,0.9365395257768148,139,,,,,,
full,chuandian,M_SR,192,0.1,14,0.9941844948388406,70,,,,,,
full,chuandian,M_SR,192,0.5,9,0.9847352300015014,99,,,,,,
full,chuandian,M_SR,192,1.0,14,0.9747443997397364,115,,,,,,
full,chuandian,M_SR,192,1.5,12,0.9651321303221053,120,,,,,,
full,chuandian,M_SR,192,2.0,14,0.9556946319949277,127,,,,,,
full,chuandian,M_SR,192,3.0,2,0.9373509097464987,137,,,,,,
full,chuandian,M_SR,193,0.1,10,0.9944194788549588,69,,,,,,
full,chuandian,M_SR,193,0.5,11,0.9843257425138877,105,,,,,,
full,chuandian,M_SR,193,1.0,11,0.974360281233238,118,,,,,,
full,chuandian,M_SR,193,1.5,17,0.9651372890068753,124,,,,,,
full,chuandian,M_SR,193,2.0,10,0.9564574443543592,130,,,,,,
full,chuandian,M_SR,193,3.0,16,0.9395983634107833,141,,,,,,
full,chuandian,M_SR,194,0.1,4,0.9939001730017698,66,,,,,,
full,chuandian,M_SR,194,0.5,10,0.9836707788356497,96,,,,,,
full,chuandian,M_SR,194,1.0,18,0.9731460716079887,112,,,,,,
full,chuandian,M_SR,194,1.5,19,0.9638163332379902,120,,,,,,
full,chuandian,M_SR,194,2.0,13,0.9547351020238688,130,,,,,,
full,chuandian,M_SR,194,3.0,11,0.9370546465325114,143,,,,,,
full,chuandian,M_SR,195,0.1,12345,0.9945038860063364,72,,,,,,
full,chuandian,M_SR,195,0.5,14,0.9854100870630697,107,,,,,,
full,chuandian,M_SR,195,1.0,10,0.9762621504830973,121,,,,,,
full,chuandian,M_SR,195,1.5,4,0.9674364333810189,129,,,,,,
full,chuandian,M_SR,195,2.0,12345,0.9588382421769777,135,,,,,,
full,chuandian,M_SR,195,3.0,8,0.9417459606662811,138,,,,,,
full,chuandian,M_SR,196,0.1,1,0.9944777690508606,69,,,,,,
full,chuandian,M_SR,196,0.5,19,0.9843439649802526,100,,,,,,
full,chuandian,M_SR,196,1.0,15,0.9743862817125116,117,,,,,,
full,chuandian,M_SR,196,1.5,12,0.9653286486678646,124,,,,,,
full,chuandian,M_SR,196,2.0,16,0.9565591151615338,128,,,,,,
full,chuandian,M_SR,196,3.0,2,0.939480389738031,140,,,,,,
full,chuandian,M_SR,197,0.1,5,0.9945774238463277,72,,,,,,
full,chuandian,M_SR,197,0.5,7,0.9849051862040428,100,,,,,,
full,chuandian,M_SR,197,1.0,9,0.9756304863688035,120,,,,,,
full,chuandian,M_SR,197,1.5,7,0.9666558062991361,125,,,,,,
full,chuandian,M_SR,197,2.0,7,0.958079722794991,131,,,,,,
full,chuandian,M_SR,197,3.0,7,0.9415153303221433,143,,,,,,
full,chuandian,M_SR,198,0.1,2,0.9945091658209837,65,,,,,,
full,chuandian,M_SR,198,0.5,12345,0.9848052251797634,100,,,,,,
full,chuandian,M_SR,198,1.0,9,0.9753320126172322,115,,,,,,
full,chuandian,M_SR,198,1.5,13,0.9662706429275806,124,,,,,,
full,chuandian,M_SR,198,2.0,8,0.9575442030414802,134,,,,,,
full,chuandian,M_SR,198,3.0,18,0.9405695239614501,143,,,,,,
full,chuandian,M_SR,199,0.1,15,0.9946365651456492,72,,,,,,
full,chuandian,M_SR,199,0.5,3,0.9853895069825229,101,,,,,,
full,chuandian,M_SR,199,1.0,7,0.9757681761340528,114,,,,,,
full,chuandian,M_SR,199,1.5,5,0.9665850651088785,124,,,,,,
full,chuandian,M_SR,199,2.0,1,0.9574668713050675,128,,,,,,
full,chuandian,M_SR,199,3.0,16,0.9400348410462509,139,,,,,,
full,southern_california,observed,-1,0.1,4,0.9878748102258419,36,,,,,,
full,southern_california,observed,-1,0.5,15,0.9676602307506407,58,,,,,,
full,southern_california,observed,-1,1.0,11,0.9510427751228325,73,,,,,,
full,southern_california,observed,-1,1.5,14,0.9369335292026898,91,,,,,,
full,southern_california,observed,-1,2.0,5,0.9256860116145339,103,,,,,,
full,southern_california,observed,-1,3.0,18,0.9064677219322873,112,,,,,,
full,southern_california,M_SR,0,0.1,3,0.986477048132881,34,,,,,,
full,southern_california,M_SR,0,0.5,10,0.964095185071464,59,,,,,,
full,southern_california,M_SR,0,1.0,15,0.9444919902274509,69,,,,,,
full,southern_california,M_SR,0,1.5,5,0.9305252538860781,76,,,,,,
full,southern_california,M_SR,0,2.0,14,0.9185452874056185,93,,,,,,
full,southern_california,M_SR,0,3.0,8,0.8972881349042382,104,,,,,,
full,southern_california,M_SR,1,0.1,15,0.9858713162292241,35,,,,,,
full,southern_california,M_SR,1,0.5,11,0.964640876533387,55,,,,,,
full,southern_california,M_SR,1,1.0,8,0.9469895192996939,74,,,,,,
full,southern_california,M_SR,1,1.5,4,0.9321738838957023,87,,,,,,
full,southern_california,M_SR,1,2.0,4,0.9203981506625414,96,,,,,,
full,southern_california,M_SR,1,3.0,18,0.8997622417060551,111,,,,,,
full,southern_california,M_SR,2,0.1,16,0.986270330836107,34,,,,,,
full,southern_california,M_SR,2,0.5,12,0.9638533863901302,63,,,,,,
full,southern_california,M_SR,2,1.0,8,0.9460443731324081,78,,,,,,
full,southern_california,M_SR,2,1.5,2,0.9324933573928087,90,,,,,,
full,southern_california,M_SR,2,2.0,17,0.9207869815284954,100,,,,,,
full,southern_california,M_SR,2,3.0,10,0.8990967862998859,110,,,,,,
full,southern_california,M_SR,3,0.1,1,0.9858630005492498,30,,,,,,
full,southern_california,M_SR,3,0.5,12345,0.9654680602876455,61,,,,,,
full,southern_california,M_SR,3,1.0,2,0.9478335585513399,72,,,,,,
full,southern_california,M_SR,3,1.5,1,0.932706302334478,86,,,,,,
full,southern_california,M_SR,3,2.0,2,0.9207471710981165,92,,,,,,
full,southern_california,M_SR,3,3.0,2,0.9004072404251794,105,,,,,,
full,southern_california,M_SR,4,0.1,4,0.9859100366411903,35,,,,,,
full,southern_california,M_SR,4,0.5,6,0.9635306119018088,57,,,,,,
full,southern_california,M_SR,4,1.0,17,0.9461023773095647,70,,,,,,
full,southern_california,M_SR,4,1.5,19,0.9303465022445359,83,,,,,,
full,southern_california,M_SR,4,2.0,17,0.9183078073669292,93,,,,,,
full,southern_california,M_SR,4,3.0,18,0.8980743781203238,109,,,,,,
full,southern_california,M_SR,5,0.1,13,0.9851555284687671,34,,,,,,
full,southern_california,M_SR,5,0.5,18,0.9650474828484935,61,,,,,,
full,southern_california,M_SR,5,1.0,6,0.9474219838450664,78,,,,,,
full,southern_california,M_SR,5,1.5,13,0.9333580119966395,86,,,,,,
full,southern_california,M_SR,5,2.0,6,0.921386038472906,93,,,,,,
full,southern_california,M_SR,5,3.0,14,0.9010889761534764,105,,,,,,
full,southern_california,M_SR,6,0.1,8,0.9859606425975365,36,,,,,,
full,southern_california,M_SR,6,0.5,8,0.9646082984739999,59,,,,,,
full,southern_california,M_SR,6,1.0,18,0.9452368676426891,71,,,,,,
full,southern_california,M_SR,6,1.5,9,0.9289070731480858,84,,,,,,
full,southern_california,M_SR,6,2.0,12,0.9173468652943157,97,,,,,,
full,southern_california,M_SR,6,3.0,13,0.8959639575317349,111,,,,,,
full,southern_california,M_SR,7,0.1,15,0.9866821570682185,36,,,,,,
full,southern_california,M_SR,7,0.5,6,0.9653189191319401,55,,,,,,
full,southern_california,M_SR,7,1.0,17,0.9465793072537096,68,,,,,,
full,southern_california,M_SR,7,1.5,17,0.9319122628887088,79,,,,,,
full,southern_california,M_SR,7,2.0,17,0.920614234265984,94,,,,,,
full,southern_california,M_SR,7,3.0,6,0.9008623526148419,111,,,,,,
full,southern_california,M_SR,8,0.1,13,0.9871704676828138,32,,,,,,
full,southern_california,M_SR,8,0.5,12,0.9665641517713767,59,,,,,,
full,southern_california,M_SR,8,1.0,12,0.9486693128956988,75,,,,,,
full,southern_california,M_SR,8,1.5,12,0.9337984072651576,86,,,,,,
full,southern_california,M_SR,8,2.0,5,0.9211293892635466,95,,,,,,
full,southern_california,M_SR,8,3.0,12,0.8996713455405162,106,,,,,,
full,southern_california,M_SR,9,0.1,7,0.9860433685716439,34,,,,,,
full,southern_california,M_SR,9,0.5,12345,0.9649483582089965,59,,,,,,
full,southern_california,M_SR,9,1.0,7,0.946879101981366,74,,,,,,
full,southern_california,M_SR,9,1.5,7,0.932139449110257,88,,,,,,
full,southern_california,M_SR,9,2.0,3,0.9208274566306978,97,,,,,,
full,southern_california,M_SR,9,3.0,1,0.8996518908532928,110,,,,,,
full,southern_california,M_SR,10,0.1,10,0.9854422290778951,34,,,,,,
full,southern_california,M_SR,10,0.5,12,0.9648777703369519,60,,,,,,
full,southern_california,M_SR,10,1.0,5,0.9475341974388894,74,,,,,,
full,southern_california,M_SR,10,1.5,12345,0.9324733396430552,83,,,,,,
full,southern_california,M_SR,10,2.0,5,0.9201587432425854,90,,,,,,
full,southern_california,M_SR,10,3.0,6,0.89843734219648,105,,,,,,
full,southern_california,M_SR,11,0.1,12345,0.9864142689944723,33,,,,,,
full,southern_california,M_SR,11,0.5,5,0.9648761163999149,55,,,,,,
full,southern_california,M_SR,11,1.0,15,0.9465576955417283,71,,,,,,
full,southern_california,M_SR,11,1.5,15,0.9331501499706711,81,,,,,,
full,southern_california,M_SR,11,2.0,5,0.9215919260162102,89,,,,,,
full,southern_california,M_SR,11,3.0,15,0.9006396959444668,98,,,,,,
full,southern_california,M_SR,12,0.1,3,0.9859149965352619,33,,,,,,
full,southern_california,M_SR,12,0.5,1,0.964635581074596,59,,,,,,
full,southern_california,M_SR,12,1.0,15,0.9464761791515669,77,,,,,,
full,southern_california,M_SR,12,1.5,1,0.9308226403173387,85,,,,,,
full,southern_california,M_SR,12,2.0,10,0.9177150038958506,94,,,,,,
full,southern_california,M_SR,12,3.0,12,0.89750854521268,109,,,,,,
full,southern_california,M_SR,13,0.1,7,0.9865446467415181,34,,,,,,
full,southern_california,M_SR,13,0.5,5,0.9658105015362852,61,,,,,,
full,southern_california,M_SR,13,1.0,16,0.9483367884221767,81,,,,,,
full,southern_california,M_SR,13,1.5,16,0.9353958914679634,93,,,,,,
full,southern_california,M_SR,13,2.0,7,0.9236338352114386,97,,,,,,
full,southern_california,M_SR,13,3.0,5,0.9037179503551527,111,,,,,,
full,southern_california,M_SR,14,0.1,13,0.9861176221600375,31,,,,,,
full,southern_california,M_SR,14,0.5,13,0.9654247521520312,58,,,,,,
full,southern_california,M_SR,14,1.0,4,0.9473296538782305,77,,,,,,
full,southern_california,M_SR,14,1.5,4,0.9323822095922366,87,,,,,,
full,southern_california,M_SR,14,2.0,6,0.9202036166303883,93,,,,,,
full,southern_california,M_SR,14,3.0,10,0.8988475307755407,105,,,,,,
full,southern_california,M_SR,15,0.1,15,0.9861526076590327,35,,,,,,
full,southern_california,M_SR,15,0.5,17,0.9654927134738716,62,,,,,,
full,southern_california,M_SR,15,1.0,3,0.947561885654624,71,,,,,,
full,southern_california,M_SR,15,1.5,1,0.9331332951301736,88,,,,,,
full,southern_california,M_SR,15,2.0,17,0.9216997435653946,92,,,,,,
full,southern_california,M_SR,15,3.0,4,0.9010085984561691,106,,,,,,
full,southern_california,M_SR,16,0.1,2,0.9869124152384546,34,,,,,,
full,southern_california,M_SR,16,0.5,9,0.9646114754395455,62,,,,,,
full,southern_california,M_SR,16,1.0,2,0.9479743083130135,80,,,,,,
full,southern_california,M_SR,16,1.5,7,0.9338953131532469,89,,,,,,
full,southern_california,M_SR,16,2.0,9,0.9231900137862779,96,,,,,,
full,southern_california,M_SR,16,3.0,15,0.9025470776327014,112,,,,,,
full,southern_california,M_SR,17,0.1,15,0.9866678294547331,34,,,,,,
full,southern_california,M_SR,17,0.5,15,0.9654610859605992,61,,,,,,
full,southern_california,M_SR,17,1.0,4,0.9481723800563105,74,,,,,,
full,southern_california,M_SR,17,1.5,14,0.9340747227280698,85,,,,,,
full,southern_california,M_SR,17,2.0,4,0.9213124300702167,92,,,,,,
full,southern_california,M_SR,17,3.0,15,0.9008836092306901,109,,,,,,
full,southern_california,M_SR,18,0.1,1,0.9858192011099939,32,,,,,,
full,southern_california,M_SR,18,0.5,14,0.9641673203605244,57,,,,,,
full,southern_california,M_SR,18,1.0,9,0.9460305055620125,69,,,,,,
full,southern_california,M_SR,18,1.5,7,0.9314450757088386,86,,,,,,
full,southern_california,M_SR,18,2.0,12345,0.9193165368580708,94,,,,,,
full,southern_california,M_SR,18,3.0,7,0.8979734626975329,106,,,,,,
full,southern_california,M_SR,19,0.1,5,0.9864629469958587,34,,,,,,
full,southern_california,M_SR,19,0.5,11,0.9647828041376716,64,,,,,,
full,southern_california,M_SR,19,1.0,5,0.9465341895829144,73,,,,,,
full,southern_california,M_SR,19,1.5,17,0.9308390252807957,85,,,,,,
full,southern_california,M_SR,19,2.0,14,0.9188936774926956,93,,,,,,
full,southern_california,M_SR,19,3.0,18,0.8980521660994957,112,,,,,,
full,southern_california,M_SR,20,0.1,12345,0.9861643911107626,36,,,,,,
full,southern_california,M_SR,20,0.5,17,0.9650173187819292,59,,,,,,
full,southern_california,M_SR,20,1.0,12,0.9465478951827608,73,,,,,,
full,southern_california,M_SR,20,1.5,17,0.9315667184674825,85,,,,,,
full,southern_california,M_SR,20,2.0,17,0.9196803748490063,95,,,,,,
full,southern_california,M_SR,20,3.0,15,0.8987000130293218,106,,,,,,
full,southern_california,M_SR,21,0.1,16,0.98631374497301,31,,,,,,
full,southern_california,M_SR,21,0.5,11,0.9645230655513357,60,,,,,,
full,southern_california,M_SR,21,1.0,11,0.946241381213412,73,,,,,,
full,southern_california,M_SR,21,1.5,1,0.9316997268022712,81,,,,,,
full,southern_california,M_SR,21,2.0,5,0.919070721796171,95,,,,,,
full,southern_california,M_SR,21,3.0,12345,0.8986803680280504,108,,,,,,
full,southern_california,M_SR,22,0.1,12345,0.9857309988605075,33,,,,,,
full,southern_california,M_SR,22,0.5,2,0.9647172098334335,56,,,,,,
full,southern_california,M_SR,22,1.0,12,0.9458921173645458,71,,,,,,
full,southern_california,M_SR,22,1.5,16,0.9312656008037072,83,,,,,,
full,southern_california,M_SR,22,2.0,19,0.919219691673408,91,,,,,,
full,southern_california,M_SR,22,3.0,19,0.8995605637408695,102,,,,,,
full,southern_california,M_SR,23,0.1,5,0.9866774513802372,33,,,,,,
full,southern_california,M_SR,23,0.5,18,0.964992649062549,61,,,,,,
full,southern_california,M_SR,23,1.0,10,0.9462183922749458,80,,,,,,
full,southern_california,M_SR,23,1.5,9,0.9313845318499352,96,,,,,,
full,southern_california,M_SR,23,2.0,2,0.9195544912983273,103,,,,,,
full,southern_california,M_SR,23,3.0,16,0.8998084357260104,113,,,,,,
full,southern_california,M_SR,24,0.1,8,0.9866257462072379,34,,,,,,
full,southern_california,M_SR,24,0.5,9,0.9648934140668415,55,,,,,,
full,southern_california,M_SR,24,1.0,15,0.9473429478589028,71,,,,,,
full,southern_california,M_SR,24,1.5,12345,0.9324979340298027,84,,,,,,
full,southern_california,M_SR,24,2.0,9,0.9206243581510725,94,,,,,,
full,southern_california,M_SR,24,3.0,9,0.900211448816313,106,,,,,,
full,southern_california,M_SR,25,0.1,13,0.9857434643189862,35,,,,,,
full,southern_california,M_SR,25,0.5,18,0.9651980504057628,61,,,,,,
full,southern_california,M_SR,25,1.0,5,0.9468615009298711,78,,,,,,
full,southern_california,M_SR,25,1.5,7,0.9329144305733809,90,,,,,,
full,southern_california,M_SR,25,2.0,7,0.9211661302059868,97,,,,,,
full,southern_california,M_SR,25,3.0,15,0.9008258848183104,111,,,,,,
full,southern_california,M_SR,26,0.1,4,0.9869593506606503,35,,,,,,
full,southern_california,M_SR,26,0.5,5,0.9638776475454885,58,,,,,,
full,southern_california,M_SR,26,1.0,9,0.9453288198459908,74,,,,,,
full,southern_california,M_SR,26,1.5,5,0.930892359498129,85,,,,,,
full,southern_california,M_SR,26,2.0,5,0.9188854654289608,96,,,,,,
full,southern_california,M_SR,26,3.0,11,0.8979301239699173,114,,,,,,
full,southern_california,M_SR,27,0.1,12345,0.9858811386050434,36,,,,,,
full,southern_california,M_SR,27,0.5,13,0.9636018272703709,56,,,,,,
full,southern_california,M_SR,27,1.0,12,0.9450152052458497,69,,,,,,
full,southern_california,M_SR,27,1.5,18,0.9290077828554161,79,,,,,,
full,southern_california,M_SR,27,2.0,5,0.9159217247524046,89,,,,,,
full,southern_california,M_SR,27,3.0,8,0.8954275866049549,103,,,,,,
full,southern_california,M_SR,28,0.1,15,0.9854963868559357,35,,,,,,
full,southern_california,M_SR,28,0.5,5,0.9653325046506405,58,,,,,,
full,southern_california,M_SR,28,1.0,5,0.9474794514466618,75,,,,,,
full,southern_california,M_SR,28,1.5,16,0.9324724249967183,86,,,,,,
full,southern_california,M_SR,28,2.0,18,0.9209276846503849,98,,,,,,
full,southern_california,M_SR,28,3.0,6,0.8989077583222327,110,,,,,,
full,southern_california,M_SR,29,0.1,15,0.9859397904618372,34,,,,,,
full,southern_california,M_SR,29,0.5,12,0.9642937602762405,59,,,,,,
full,southern_california,M_SR,29,1.0,18,0.9466340860171881,74,,,,,,
full,southern_california,M_SR,29,1.5,11,0.9325327447683206,87,,,,,,
full,southern_california,M_SR,29,2.0,18,0.9216962738003636,97,,,,,,
full,southern_california,M_SR,29,3.0,17,0.9014557233782363,110,,,,,,
full,southern_california,M_SR,30,0.1,3,0.98659051048082,35,,,,,,
full,southern_california,M_SR,30,0.5,15,0.9642753755300317,63,,,,,,
full,southern_california,M_SR,30,1.0,15,0.9454294452164956,71,,,,,,
full,southern_california,M_SR,30,1.5,10,0.9301723690342943,85,,,,,,
full,southern_california,M_SR,30,2.0,10,0.918067226170131,98,,,,,,
full,southern_california,M_SR,30,3.0,15,0.8978444836423524,108,,,,,,
full,southern_california,M_SR,31,0.1,1,0.9862024411410534,34,,,,,,
full,southern_california,M_SR,31,0.5,5,0.9651412205805253,61,,,,,,
full,southern_california,M_SR,31,1.0,17,0.9471113117907919,73,,,,,,
full,southern_california,M_SR,31,1.5,17,0.9313516381301831,83,,,,,,
full,southern_california,M_SR,31,2.0,17,0.9192763606613246,93,,,,,,
full,southern_california,M_SR,31,3.0,10,0.8986578824480681,107,,,,,,
full,southern_california,M_SR,32,0.1,18,0.9856755783823811,31,,,,,,
full,southern_california,M_SR,32,0.5,10,0.9650645655293616,56,,,,,,
full,southern_california,M_SR,32,1.0,7,0.9469361530861721,70,,,,,,
full,southern_california,M_SR,32,1.5,6,0.9324534133134131,79,,,,,,
full,southern_california,M_SR,32,2.0,15,0.9209076394267783,93,,,,,,
full,southern_california,M_SR,32,3.0,6,0.9012709486461511,106,,,,,,
full,southern_california,M_SR,33,0.1,2,0.9857356057904214,35,,,,,,
full,southern_california,M_SR,33,0.5,13,0.9627819753068788,58,,,,,,
full,southern_california,M_SR,33,1.0,9,0.9436077512190267,76,,,,,,
full,southern_california,M_SR,33,1.5,15,0.9309157663969078,89,,,,,,
full,southern_california,M_SR,33,2.0,15,0.9192136048083444,99,,,,,,
full,southern_california,M_SR,33,3.0,15,0.8991239935343289,108,,,,,,
full,southern_california,M_SR,34,0.1,13,0.9869452168942741,36,,,,,,
full,southern_california,M_SR,34,0.5,6,0.9646608274192199,56,,,,,,
full,southern_california,M_SR,34,1.0,5,0.9459430364591481,70,,,,,,
full,southern_california,M_SR,34,1.5,5,0.930497900141849,83,,,,,,
full,southern_california,M_SR,34,2.0,19,0.9184455837188878,94,,,,,,
full,southern_california,M_SR,34,3.0,4,0.8982028040709104,112,,,,,,
full,southern_california,M_SR,35,0.1,17,0.9866764813916076,35,,,,,,
full,southern_california,M_SR,35,0.5,5,0.965317129760802,59,,,,,,
full,southern_california,M_SR,35,1.0,11,0.947211060762375,75,,,,,,
full,southern_california,M_SR,35,1.5,6,0.9330600125982164,84,,,,,,
full,southern_california,M_SR,35,2.0,11,0.9214717978621534,92,,,,,,
full,southern_california,M_SR,35,3.0,8,0.9012210846168001,107,,,,,,
full,southern_california,M_SR,36,0.1,3,0.9867852489442458,31,,,,,,
full,southern_california,M_SR,36,0.5,18,0.9667400945712867,58,,,,,,
full,southern_california,M_SR,36,1.0,12345,0.9486000969789806,70,,,,,,
full,southern_california,M_SR,36,1.5,8,0.9335632256335467,82,,,,,,
full,southern_california,M_SR,36,2.0,3,0.9217231089149873,93,,,,,,
full,southern_california,M_SR,36,3.0,13,0.9011030396373202,102,,,,,,
full,southern_california,M_SR,37,0.1,14,0.9867529582091072,32,,,,,,
full,southern_california,M_SR,37,0.5,14,0.9638919596235428,58,,,,,,
full,southern_california,M_SR,37,1.0,1,0.9458782494797179,74,,,,,,
full,southern_california,M_SR,37,1.5,5,0.9313950773943807,83,,,,,,
full,southern_california,M_SR,37,2.0,5,0.9201804759838533,92,,,,,,
full,southern_california,M_SR,37,3.0,5,0.8995416511894271,104,,,,,,
full,southern_california,M_SR,38,0.1,12345,0.9868718425249774,32,,,,,,
full,southern_california,M_SR,38,0.5,13,0.9648961008683012,58,,,,,,
full,southern_california,M_SR,38,1.0,8,0.9479669174727494,77,,,,,,
full,southern_california,M_SR,38,1.5,9,0.9326363152272293,88,,,,,,
full,southern_california,M_SR,38,2.0,18,0.9208800554725594,96,,,,,,
full,southern_california,M_SR,38,3.0,12,0.9007007923797091,112,,,,,,
full,southern_california,M_SR,39,0.1,17,0.9866868041623056,34,,,,,,
full,southern_california,M_SR,39,0.5,16,0.9647552601249874,58,,,,,,
full,southern_california,M_SR,39,1.0,8,0.9460611546909043,75,,,,,,
full,southern_california,M_SR,39,1.5,19,0.9313159286665078,88,,,,,,
full,southern_california,M_SR,39,2.0,12,0.9205496139914733,99,,,,,,
full,southern_california,M_SR,39,3.0,16,0.9007633919737255,113,,,,,,
full,southern_california,M_SR,40,0.1,16,0.9871988112510214,34,,,,,,
full,southern_california,M_SR,40,0.5,19,0.9667715014215257,59,,,,,,
full,southern_california,M_SR,40,1.0,10,0.9485218284726074,72,,,,,,
full,southern_california,M_SR,40,1.5,5,0.9333540714100467,84,,,,,,
full,southern_california,M_SR,40,2.0,11,0.9212943999832385,97,,,,,,
full,southern_california,M_SR,40,3.0,11,0.9007560513435586,106,,,,,,
full,southern_california,M_SR,41,0.1,12345,0.9862022906401927,36,,,,,,
full,southern_california,M_SR,41,0.5,14,0.9656683329345463,60,,,,,,
full,southern_california,M_SR,41,1.0,12345,0.9478298532272774,80,,,,,,
full,southern_california,M_SR,41,1.5,16,0.9336883055408167,93,,,,,,
full,southern_california,M_SR,41,2.0,17,0.9224824519191253,99,,,,,,
full,southern_california,M_SR,41,3.0,13,0.9022611819788667,112,,,,,,
full,southern_california,M_SR,42,0.1,15,0.986746689033225,35,,,,,,
full,southern_california,M_SR,42,0.5,10,0.9656268036504018,62,,,,,,
full,southern_california,M_SR,42,1.0,15,0.9478547028253648,72,,,,,,
full,southern_california,M_SR,42,1.5,13,0.9328251199848014,81,,,,,,
full,southern_california,M_SR,42,2.0,6,0.9206946170622037,92,,,,,,
full,southern_california,M_SR,42,3.0,12345,0.9004421631247346,102,,,,,,
full,southern_california,M_SR,43,0.1,4,0.9862762203635161,33,,,,,,
full,southern_california,M_SR,43,0.5,4,0.964981296862877,62,,,,,,
full,southern_california,M_SR,43,1.0,5,0.9474291103261224,78,,,,,,
full,southern_california,M_SR,43,1.5,4,0.9337707942840064,89,,,,,,
full,southern_california,M_SR,43,2.0,13,0.9222968968737852,96,,,,,,
full,southern_california,M_SR,43,3.0,13,0.9021765437119756,110,,,,,,
full,southern_california,M_SR,44,0.1,11,0.9864977223750059,34,,,,,,
full,southern_california,M_SR,44,0.5,15,0.96513193492197,56,,,,,,
full,southern_california,M_SR,44,1.0,11,0.9472821560908653,79,,,,,,
full,southern_california,M_SR,44,1.5,5,0.9319410287638765,87,,,,,,
full,southern_california,M_SR,44,2.0,5,0.9210089190827727,94,,,,,,
full,southern_california,M_SR,44,3.0,10,0.9015058159185861,113,,,,,,
full,southern_california,M_SR,45,0.1,13,0.9870327779762217,34,,,,,,
full,southern_california,M_SR,45,0.5,7,0.9660541939694075,60,,,,,,
full,southern_california,M_SR,45,1.0,7,0.9488107375113186,77,,,,,,
full,southern_california,M_SR,45,1.5,2,0.933657787016649,87,,,,,,
full,southern_california,M_SR,45,2.0,2,0.92159986945037,95,,,,,,
full,southern_california,M_SR,45,3.0,14,0.9003195583852133,111,,,,,,
full,southern_california,M_SR,46,0.1,19,0.9858146688147883,33,,,,,,
full,southern_california,M_SR,46,0.5,19,0.96524800359063,53,,,,,,
full,southern_california,M_SR,46,1.0,4,0.9468917563639917,70,,,,,,
full,southern_california,M_SR,46,1.5,10,0.9314259933706074,84,,,,,,
full,southern_california,M_SR,46,2.0,12345,0.9190891687283093,94,,,,,,
full,southern_california,M_SR,46,3.0,17,0.8981849965581661,108,,,,,,
full,southern_california,M_SR,47,0.1,9,0.9858495599796324,33,,,,,,
full,southern_california,M_SR,47,0.5,1,0.964483177323022,57,,,,,,
full,southern_california,M_SR,47,1.0,1,0.946462717919181,67,,,,,,
full,southern_california,M_SR,47,1.5,15,0.931167175488777,80,,,,,,
full,southern_california,M_SR,47,2.0,4,0.9197809453907916,93,,,,,,
full,southern_california,M_SR,47,3.0,15,0.8989549114139866,106,,,,,,
full,southern_california,M_SR,48,0.1,5,0.9863740717995727,36,,,,,,
full,southern_california,M_SR,48,0.5,7,0.9640251418261929,60,,,,,,
full,southern_california,M_SR,48,1.0,8,0.9461732137488801,78,,,,,,
full,southern_california,M_SR,48,1.5,12,0.9310763069098946,85,,,,,,
full,southern_california,M_SR,48,2.0,6,0.9197032577331803,92,,,,,,
full,southern_california,M_SR,48,3.0,2,0.9004643392808971,113,,,,,,
full,southern_california,M_SR,49,0.1,3,0.986225874799398,32,,,,,,
full,southern_california,M_SR,49,0.5,15,0.9652750420289763,56,,,,,,
full,southern_california,M_SR,49,1.0,18,0.9470427887926547,76,,,,,,
full,southern_california,M_SR,49,1.5,14,0.9336261299011518,86,,,,,,
full,southern_california,M_SR,49,2.0,14,0.9211048405829392,91,,,,,,
full,southern_california,M_SR,49,3.0,17,0.8995830397139708,106,,,,,,
full,southern_california,M_SR,50,0.1,18,0.985531417636962,35,,,,,,
full,southern_california,M_SR,50,0.5,7,0.9632042251869553,61,,,,,,
full,southern_california,M_SR,50,1.0,1,0.9453165966318711,74,,,,,,
full,southern_california,M_SR,50,1.5,11,0.930672083416525,85,,,,,,
full,southern_california,M_SR,50,2.0,19,0.9185766738626319,93,,,,,,
full,southern_california,M_SR,50,3.0,12,0.897184109540783,104,,,,,,
full,southern_california,M_SR,51,0.1,3,0.9852251187806917,36,,,,,,
full,southern_california,M_SR,51,0.5,15,0.963942401500154,59,,,,,,
full,southern_california,M_SR,51,1.0,12345,0.9459757568334762,74,,,,,,
full,southern_california,M_SR,51,1.5,12345,0.9308247536837865,82,,,,,,
full,southern_california,M_SR,51,2.0,12345,0.918339795443206,92,,,,,,
full,southern_california,M_SR,51,3.0,4,0.898063806788737,106,,,,,,
full,southern_california,M_SR,52,0.1,17,0.9868944609034533,35,,,,,,
full,southern_california,M_SR,52,0.5,15,0.9648937709390943,57,,,,,,
full,southern_california,M_SR,52,1.0,14,0.9472549608154215,70,,,,,,
full,southern_california,M_SR,52,1.5,15,0.931181218049869,85,,,,,,
full,southern_california,M_SR,52,2.0,17,0.919379605267133,93,,,,,,
full,southern_california,M_SR,52,3.0,12345,0.8984669690882854,106,,,,,,
full,southern_california,M_SR,53,0.1,12,0.9869789650962928,32,,,,,,
full,southern_california,M_SR,53,0.5,11,0.9646185209621602,54,,,,,,
full,southern_california,M_SR,53,1.0,8,0.945960089210547,75,,,,,,
full,southern_california,M_SR,53,1.5,8,0.9316291426740133,86,,,,,,
full,southern_california,M_SR,53,2.0,10,0.9191624167275408,91,,,,,,
full,southern_california,M_SR,53,3.0,14,0.8990688968483287,108,,,,,,
full,southern_california,M_SR,54,0.1,12,0.9854472265661588,34,,,,,,
full,southern_california,M_SR,54,0.5,1,0.9645256312694891,60,,,,,,
full,southern_california,M_SR,54,1.0,13,0.94699819434425,73,,,,,,
full,southern_california,M_SR,54,1.5,9,0.9323546329489291,85,,,,,,
full,southern_california,M_SR,54,2.0,9,0.920531102342813,93,,,,,,
full,southern_california,M_SR,54,3.0,13,0.9003341164919926,108,,,,,,
full,southern_california,M_SR,55,0.1,2,0.9852235617786929,35,,,,,,
full,southern_california,M_SR,55,0.5,5,0.9629280759902035,57,,,,,,
full,southern_california,M_SR,55,1.0,14,0.9444686206459926,73,,,,,,
full,southern_california,M_SR,55,1.5,12,0.9287745406093293,84,,,,,,
full,southern_california,M_SR,55,2.0,16,0.9171321082778865,91,,,,,,
full,southern_california,M_SR,55,3.0,9,0.8965885583032901,106,,,,,,
full,southern_california,M_SR,56,0.1,12345,0.9862190630785515,35,,,,,,
full,southern_california,M_SR,56,0.5,13,0.9650273193002179,54,,,,,,
full,southern_california,M_SR,56,1.0,14,0.9469278426945158,74,,,,,,
full,southern_california,M_SR,56,1.5,19,0.9322237403307854,83,,,,,,
full,southern_california,M_SR,56,2.0,5,0.9193695801551776,95,,,,,,
full,southern_california,M_SR,56,3.0,4,0.8991964739560742,110,,,,,,
full,southern_california,M_SR,57,0.1,9,0.9865162324340688,32,,,,,,
full,southern_california,M_SR,57,0.5,19,0.9640843806275371,57,,,,,,
full,southern_california,M_SR,57,1.0,8,0.9463607607883889,73,,,,,,
full,southern_california,M_SR,57,1.5,15,0.93281944653616,88,,,,,,
full,southern_california,M_SR,57,2.0,1,0.921434236886599,97,,,,,,
full,southern_california,M_SR,57,3.0,1,0.9004128801713138,111,,,,,,
full,southern_california,M_SR,58,0.1,19,0.9859897550582133,33,,,,,,
full,southern_california,M_SR,58,0.5,19,0.9642371887586261,58,,,,,,
full,southern_california,M_SR,58,1.0,15,0.9463043370093591,73,,,,,,
full,southern_california,M_SR,58,1.5,15,0.9327545944106383,88,,,,,,
full,southern_california,M_SR,58,2.0,5,0.9204813277705155,94,,,,,,
full,southern_california,M_SR,58,3.0,12345,0.9007826078996202,108,,,,,,
full,southern_california,M_SR,59,0.1,8,0.9861264943271736,34,,,,,,
full,southern_california,M_SR,59,0.5,13,0.9646187154432412,62,,,,,,
full,southern_california,M_SR,59,1.0,16,0.9458756031402004,77,,,,,,
full,southern_california,M_SR,59,1.5,2,0.9292923312368546,90,,,,,,
full,southern_california,M_SR,59,2.0,18,0.9164188414048948,96,,,,,,
full,southern_california,M_SR,59,3.0,8,0.895290559642174,110,,,,,,
full,southern_california,M_SR,60,0.1,19,0.986889106510762,37,,,,,,
full,southern_california,M_SR,60,0.5,15,0.9659297992204033,58,,,,,,
full,southern_california,M_SR,60,1.0,9,0.9480634409959591,68,,,,,,
full,southern_california,M_SR,60,1.5,14,0.932550737130434,80,,,,,,
full,southern_california,M_SR,60,2.0,4,0.9204675450430132,89,,,,,,
full,southern_california,M_SR,60,3.0,7,0.8992970653248288,102,,,,,,
full,southern_california,M_SR,61,0.1,15,0.9870974125014768,33,,,,,,
full,southern_california,M_SR,61,0.5,7,0.9646190249818003,56,,,,,,
full,southern_california,M_SR,61,1.0,7,0.946546625548295,69,,,,,,
full,southern_california,M_SR,61,1.5,19,0.9322805674202516,85,,,,,,
full,southern_california,M_SR,61,2.0,7,0.9208534208070432,94,,,,,,
full,southern_california,M_SR,61,3.0,12,0.8998606604244538,113,,,,,,
full,southern_california,M_SR,62,0.1,8,0.9864893485162577,33,,,,,,
full,southern_california,M_SR,62,0.5,15,0.9647062965290477,57,,,,,,
full,southern_california,M_SR,62,1.0,4,0.945902991835185,71,,,,,,
full,southern_california,M_SR,62,1.5,3,0.9297810767085347,83,,,,,,
full,southern_california,M_SR,62,2.0,12,0.9175235660989953,94,,,,,,
full,southern_california,M_SR,62,3.0,16,0.8982797408321224,109,,,,,,
full,southern_california,M_SR,63,0.1,7,0.9861391247080339,32,,,,,,
full,southern_california,M_SR,63,0.5,12,0.9633816091777984,58,,,,,,
full,southern_california,M_SR,63,1.0,18,0.9449084956538415,70,,,,,,
full,southern_california,M_SR,63,1.5,10,0.9316702007942692,84,,,,,,
full,southern_california,M_SR,63,2.0,12,0.9198430944962057,95,,,,,,
full,southern_california,M_SR,63,3.0,12345,0.8986521976642502,107,,,,,,
full,southern_california,M_SR,64,0.1,5,0.9851277529101532,33,,,,,,
full,southern_california,M_SR,64,0.5,7,0.9638437957614602,56,,,,,,
full,southern_california,M_SR,64,1.0,16,0.9459125308893869,69,,,,,,
full,southern_california,M_SR,64,1.5,11,0.9315277106896988,82,,,,,,
full,southern_california,M_SR,64,2.0,12,0.9190492271631665,88,,,,,,
full,southern_california,M_SR,64,3.0,11,0.8976818692797595,103,,,,,,
full,southern_california,M_SR,65,0.1,15,0.9853143375854738,34,,,,,,
full,southern_california,M_SR,65,0.5,12,0.9626558545818601,57,,,,,,
full,southern_california,M_SR,65,1.0,5,0.944333397879716,73,,,,,,
full,southern_california,M_SR,65,1.5,8,0.9309943297005923,85,,,,,,
full,southern_california,M_SR,65,2.0,4,0.9199621556623423,93,,,,,,
full,southern_california,M_SR,65,3.0,11,0.9004175321155523,108,,,,,,
full,southern_california,M_SR,66,0.1,4,0.9867206617067904,30,,,,,,
full,southern_california,M_SR,66,0.5,1,0.9655913064887354,60,,,,,,
full,southern_california,M_SR,66,1.0,1,0.9475369053483526,76,,,,,,
full,southern_california,M_SR,66,1.5,12,0.9330068205485403,93,,,,,,
full,southern_california,M_SR,66,2.0,4,0.9206778167247257,103,,,,,,
full,southern_california,M_SR,66,3.0,5,0.8997056054408447,113,,,,,,
full,southern_california,M_SR,67,0.1,6,0.9858766437334128,34,,,,,,
full,southern_california,M_SR,67,0.5,7,0.9636832286314193,53,,,,,,
full,southern_california,M_SR,67,1.0,8,0.945384345506438,69,,,,,,
full,southern_california,M_SR,67,1.5,12345,0.9307136286892003,84,,,,,,
full,southern_california,M_SR,67,2.0,17,0.9193208384417279,91,,,,,,
full,southern_california,M_SR,67,3.0,9,0.8999857787542535,110,,,,,,
full,southern_california,M_SR,68,0.1,3,0.9863892312093975,34,,,,,,
full,southern_california,M_SR,68,0.5,6,0.9648390406231064,57,,,,,,
full,southern_california,M_SR,68,1.0,15,0.9471820961790661,75,,,,,,
full,southern_california,M_SR,68,1.5,15,0.9333190841725221,84,,,,,,
full,southern_california,M_SR,68,2.0,15,0.9220368429012584,93,,,,,,
full,southern_california,M_SR,68,3.0,2,0.9024045742946726,108,,,,,,
full,southern_california,M_SR,69,0.1,1,0.9868754676165413,33,,,,,,
full,southern_california,M_SR,69,0.5,4,0.9645310178836066,61,,,,,,
full,southern_california,M_SR,69,1.0,7,0.9459028676613741,74,,,,,,
full,southern_california,M_SR,69,1.5,8,0.9305927755709589,86,,,,,,
full,southern_california,M_SR,69,2.0,1,0.91772895883873,92,,,,,,
full,southern_california,M_SR,69,3.0,12,0.8959975339075386,109,,,,,,
full,southern_california,M_SR,70,0.1,19,0.9861198820108785,36,,,,,,
full,southern_california,M_SR,70,0.5,17,0.9631373299184349,59,,,,,,
full,southern_california,M_SR,70,1.0,15,0.9445515293333063,73,,,,,,
full,southern_california,M_SR,70,1.5,14,0.9306657849976284,84,,,,,,
full,southern_california,M_SR,70,2.0,4,0.9186290891636754,95,,,,,,
full,southern_california,M_SR,70,3.0,17,0.897647791681309,110,,,,,,
full,southern_california,M_SR,71,0.1,3,0.9869069436317678,38,,,,,,
full,southern_california,M_SR,71,0.5,13,0.9661638523975912,62,,,,,,
full,southern_california,M_SR,71,1.0,5,0.9481561880980514,78,,,,,,
full,southern_california,M_SR,71,1.5,18,0.9344221260229505,87,,,,,,
full,southern_california,M_SR,71,2.0,5,0.9217491561111322,93,,,,,,
full,southern_california,M_SR,71,3.0,5,0.9017772779393561,108,,,,,,
full,southern_california,M_SR,72,0.1,5,0.9867178603760952,33,,,,,,
full,southern_california,M_SR,72,0.5,11,0.9647536736735983,62,,,,,,
full,southern_california,M_SR,72,1.0,17,0.9469828885845704,75,,,,,,
full,southern_california,M_SR,72,1.5,17,0.933349059722237,86,,,,,,
full,southern_california,M_SR,72,2.0,10,0.9209876596239287,92,,,,,,
full,southern_california,M_SR,72,3.0,12345,0.8987596469194065,109,,,,,,
full,southern_california,M_SR,73,0.1,3,0.9863625295095285,34,,,,,,
full,southern_california,M_SR,73,0.5,8,0.9665048388078677,60,,,,,,
full,southern_california,M_SR,73,1.0,6,0.9478606919494408,70,,,,,,
full,southern_california,M_SR,73,1.5,9,0.9338199870338687,84,,,,,,
full,southern_california,M_SR,73,2.0,17,0.9211476171633692,93,,,,,,
full,southern_california,M_SR,73,3.0,5,0.9004053370937373,110,,,,,,
full,southern_california,M_SR,74,0.1,12345,0.9856234402084586,36,,,,,,
full,southern_california,M_SR,74,0.5,5,0.9645303842150511,63,,,,,,
full,southern_california,M_SR,74,1.0,13,0.9461937693155608,74,,,,,,
full,southern_california,M_SR,74,1.5,10,0.9312178995724596,82,,,,,,
full,southern_california,M_SR,74,2.0,5,0.918242236997594,93,,,,,,
full,southern_california,M_SR,74,3.0,11,0.8978551146950766,109,,,,,,
full,southern_california,M_SR,75,0.1,1,0.9862520581627904,35,,,,,,
full,southern_california,M_SR,75,0.5,12345,0.9636485537116819,57,,,,,,
full,southern_california,M_SR,75,1.0,2,0.9453445135988668,74,,,,,,
full,southern_california,M_SR,75,1.5,7,0.9313903369613167,85,,,,,,
full,southern_california,M_SR,75,2.0,7,0.919435705389462,92,,,,,,
full,southern_california,M_SR,75,3.0,18,0.8988030313349057,106,,,,,,
full,southern_california,M_SR,76,0.1,9,0.9849431505726104,33,,,,,,
full,southern_california,M_SR,76,0.5,12,0.9636274431261508,55,,,,,,
full,southern_california,M_SR,76,1.0,12345,0.9451619571311508,74,,,,,,
full,southern_california,M_SR,76,1.5,10,0.930137776586719,84,,,,,,
full,southern_california,M_SR,76,2.0,13,0.9188002534419598,96,,,,,,
full,southern_california,M_SR,76,3.0,9,0.898543770886296,108,,,,,,
full,southern_california,M_SR,77,0.1,17,0.9868695835574385,33,,,,,,
full,southern_california,M_SR,77,0.5,1,0.9649513471120713,56,,,,,,
full,southern_california,M_SR,77,1.0,6,0.9465907074121571,70,,,,,,
full,southern_california,M_SR,77,1.5,7,0.9326292705669443,89,,,,,,
full,southern_california,M_SR,77,2.0,7,0.9208200531237672,97,,,,,,
full,southern_california,M_SR,77,3.0,7,0.9010174230255694,109,,,,,,
full,southern_california,M_SR,78,0.1,10,0.9854790694848143,33,,,,,,
full,southern_california,M_SR,78,0.5,3,0.9654611107032631,54,,,,,,
full,southern_california,M_SR,78,1.0,19,0.9467303623175429,71,,,,,,
full,southern_california,M_SR,78,1.5,10,0.9315206909013326,81,,,,,,
full,southern_california,M_SR,78,2.0,8,0.9187142767686799,87,,,,,,
full,southern_california,M_SR,78,3.0,6,0.8970860876503801,106,,,,,,
full,southern_california,M_SR,79,0.1,14,0.9860835759154722,34,,,,,,
full,southern_california,M_SR,79,0.5,17,0.9649940866620516,57,,,,,,
full,southern_california,M_SR,79,1.0,10,0.9464041345935776,71,,,,,,
full,southern_california,M_SR,79,1.5,17,0.932888901662472,89,,,,,,
full,southern_california,M_SR,79,2.0,17,0.9215018327688265,96,,,,,,
full,southern_california,M_SR,79,3.0,6,0.9012402138951869,109,,,,,,
full,southern_california,M_SR,80,0.1,8,0.9867252722822789,31,,,,,,
full,southern_california,M_SR,80,0.5,19,0.9638401574898847,52,,,,,,
full,southern_california,M_SR,80,1.0,2,0.9441959860303796,68,,,,,,
full,southern_california,M_SR,80,1.5,2,0.9298094251174784,82,,,,,,
full,southern_california,M_SR,80,2.0,9,0.918305210140575,93,,,,,,
full,southern_california,M_SR,80,3.0,3,0.8994284318675586,104,,,,,,
full,southern_california,M_SR,81,0.1,14,0.986734363817622,33,,,,,,
full,southern_california,M_SR,81,0.5,16,0.9656228770683024,58,,,,,,
full,southern_california,M_SR,81,1.0,1,0.9475416047460227,75,,,,,,
full,southern_california,M_SR,81,1.5,5,0.9339000874818026,87,,,,,,
full,southern_california,M_SR,81,2.0,3,0.9225537950775082,100,,,,,,
full,southern_california,M_SR,81,3.0,13,0.9029232481374456,111,,,,,,
full,southern_california,M_SR,82,0.1,10,0.9874136610886067,35,,,,,,
full,southern_california,M_SR,82,0.5,15,0.9666854172990575,62,,,,,,
full,southern_california,M_SR,82,1.0,15,0.9489421398725804,72,,,,,,
full,southern_california,M_SR,82,1.5,15,0.9352754427051237,88,,,,,,
full,southern_california,M_SR,82,2.0,12345,0.9221415871832992,92,,,,,,
full,southern_california,M_SR,82,3.0,10,0.8992444798856644,107,,,,,,
full,southern_california,M_SR,83,0.1,19,0.9871351577367774,34,,,,,,
full,southern_california,M_SR,83,0.5,19,0.9654657506401242,60,,,,,,
full,southern_california,M_SR,83,1.0,6,0.9474440015263879,75,,,,,,
full,southern_california,M_SR,83,1.5,19,0.9319135354483837,86,,,,,,
full,southern_california,M_SR,83,2.0,12345,0.9202784614132732,93,,,,,,
full,southern_california,M_SR,83,3.0,14,0.8992608591633598,106,,,,,,
full,southern_california,M_SR,84,0.1,2,0.986590031944987,35,,,,,,
full,southern_california,M_SR,84,0.5,12,0.9652368557410229,60,,,,,,
full,southern_california,M_SR,84,1.0,12,0.9470175281806342,74,,,,,,
full,southern_california,M_SR,84,1.5,18,0.9324917319791305,82,,,,,,
full,southern_california,M_SR,84,2.0,18,0.9199409855542743,91,,,,,,
full,southern_california,M_SR,84,3.0,17,0.8985924755965409,112,,,,,,
full,southern_california,M_SR,85,0.1,3,0.9864777135083462,32,,,,,,
full,southern_california,M_SR,85,0.5,18,0.9662599833886578,62,,,,,,
full,southern_california,M_SR,85,1.0,18,0.9483744555408095,75,,,,,,
full,southern_california,M_SR,85,1.5,13,0.9350796923995067,86,,,,,,
full,southern_california,M_SR,85,2.0,3,0.9231744574584081,93,,,,,,
full,southern_california,M_SR,85,3.0,13,0.903325302379425,113,,,,,,
full,southern_california,M_SR,86,0.1,8,0.9873371244897972,34,,,,,,
full,southern_california,M_SR,86,0.5,18,0.9658201520039056,60,,,,,,
full,southern_california,M_SR,86,1.0,13,0.9471725924588332,74,,,,,,
full,southern_california,M_SR,86,1.5,8,0.9325867770565696,84,,,,,,
full,southern_california,M_SR,86,2.0,12,0.9209198298256931,90,,,,,,
full,southern_california,M_SR,86,3.0,7,0.8994064687450711,105,,,,,,
full,southern_california,M_SR,87,0.1,12345,0.9862007811572586,35,,,,,,
full,southern_california,M_SR,87,0.5,11,0.9660483622025867,63,,,,,,
full,southern_california,M_SR,87,1.0,11,0.9484036486275085,76,,,,,,
full,southern_california,M_SR,87,1.5,7,0.933186230724115,88,,,,,,
full,southern_california,M_SR,87,2.0,1,0.9206927460084233,93,,,,,,
full,southern_california,M_SR,87,3.0,14,0.8992363854897991,106,,,,,,
full,southern_california,M_SR,88,0.1,12,0.9853453070925419,36,,,,,,
full,southern_california,M_SR,88,0.5,8,0.9642632335734282,59,,,,,,
full,southern_california,M_SR,88,1.0,17,0.9467340727032787,78,,,,,,
full,southern_california,M_SR,88,1.5,14,0.9311985640657805,88,,,,,,
full,southern_california,M_SR,88,2.0,1,0.9185108075714576,95,,,,,,
full,southern_california,M_SR,88,3.0,14,0.8975462374241713,109,,,,,,
full,southern_california,M_SR,89,0.1,16,0.9866880948669295,35,,,,,,
full,southern_california,M_SR,89,0.5,14,0.9666582617895433,58,,,,,,
full,southern_california,M_SR,89,1.0,17,0.9484925952565899,75,,,,,,
full,southern_california,M_SR,89,1.5,15,0.9332722628127074,88,,,,,,
full,southern_california,M_SR,89,2.0,2,0.9212694469881211,93,,,,,,
full,southern_california,M_SR,89,3.0,16,0.8997978715222263,102,,,,,,
full,southern_california,M_SR,90,0.1,4,0.9858812194814222,31,,,,,,
full,southern_california,M_SR,90,0.5,14,0.9656324943627446,61,,,,,,
full,southern_california,M_SR,90,1.0,15,0.9479625133045858,74,,,,,,
full,southern_california,M_SR,90,1.5,8,0.9326620568931145,80,,,,,,
full,southern_california,M_SR,90,2.0,11,0.9202553168240745,97,,,,,,
full,southern_california,M_SR,90,3.0,5,0.8996782921477237,102,,,,,,
full,southern_california,M_SR,91,0.1,16,0.9872920932532806,36,,,,,,
full,southern_california,M_SR,91,0.5,11,0.9644299229415029,58,,,,,,
full,southern_california,M_SR,91,1.0,11,0.9463991761888513,72,,,,,,
full,southern_california,M_SR,91,1.5,6,0.9314504425255639,84,,,,,,
full,southern_california,M_SR,91,2.0,17,0.919319871247597,91,,,,,,
full,southern_california,M_SR,91,3.0,19,0.8979199136459103,104,,,,,,
full,southern_california,M_SR,92,0.1,17,0.9861952871718915,35,,,,,,
full,southern_california,M_SR,92,0.5,8,0.963802733140401,58,,,,,,
full,southern_california,M_SR,92,1.0,12,0.9458918383083376,72,,,,,,
full,southern_california,M_SR,92,1.5,5,0.930917627757276,82,,,,,,
full,southern_california,M_SR,92,2.0,17,0.9183424699668518,92,,,,,,
full,southern_california,M_SR,92,3.0,5,0.8978127161550007,106,,,,,,
full,southern_california,M_SR,93,0.1,3,0.9864940396751503,37,,,,,,
full,southern_california,M_SR,93,0.5,5,0.964421158543737,61,,,,,,
full,southern_california,M_SR,93,1.0,6,0.9462334860403646,75,,,,,,
full,southern_california,M_SR,93,1.5,15,0.9320507146443467,90,,,,,,
full,southern_california,M_SR,93,2.0,8,0.9213242754623684,100,,,,,,
full,southern_california,M_SR,93,3.0,5,0.9011923166623932,113,,,,,,
full,southern_california,M_SR,94,0.1,2,0.9868429238819416,34,,,,,,
full,southern_california,M_SR,94,0.5,15,0.9661041109084094,61,,,,,,
full,southern_california,M_SR,94,1.0,5,0.9483237022338022,75,,,,,,
full,southern_california,M_SR,94,1.5,17,0.9319475932266185,82,,,,,,
full,southern_california,M_SR,94,2.0,9,0.919110350873063,93,,,,,,
full,southern_california,M_SR,94,3.0,15,0.8988657850294189,107,,,,,,
full,southern_california,M_SR,95,0.1,1,0.9859113030666514,35,,,,,,
full,southern_california,M_SR,95,0.5,19,0.9643609442705605,56,,,,,,
full,southern_california,M_SR,95,1.0,10,0.9457059820479816,71,,,,,,
full,southern_california,M_SR,95,1.5,3,0.9310248487604703,83,,,,,,
full,southern_california,M_SR,95,2.0,12345,0.9190238642789957,97,,,,,,
full,southern_california,M_SR,95,3.0,12345,0.8989577154488355,110,,,,,,
full,southern_california,M_SR,96,0.1,14,0.9868270426352971,38,,,,,,
full,southern_california,M_SR,96,0.5,5,0.9655969602684835,57,,,,,,
full,southern_california,M_SR,96,1.0,12345,0.9471820869577773,74,,,,,,
full,southern_california,M_SR,96,1.5,18,0.9333373183121153,85,,,,,,
full,southern_california,M_SR,96,2.0,5,0.9219980168364905,91,,,,,,
full,southern_california,M_SR,96,3.0,12345,0.9003914175416577,101,,,,,,
full,southern_california,M_SR,97,0.1,1,0.9868669782929707,35,,,,,,
full,southern_california,M_SR,97,0.5,17,0.9645061687858226,60,,,,,,
full,southern_california,M_SR,97,1.0,14,0.9464436177099295,80,,,,,,
full,southern_california,M_SR,97,1.5,17,0.9323866803795847,88,,,,,,
full,southern_california,M_SR,97,2.0,7,0.9193298050530914,101,,,,,,
full,southern_california,M_SR,97,3.0,10,0.8992891073149242,111,,,,,,
full,southern_california,M_SR,98,0.1,4,0.9870133359291533,34,,,,,,
full,southern_california,M_SR,98,0.5,16,0.9647908259213067,58,,,,,,
full,southern_california,M_SR,98,1.0,9,0.9471764945015723,70,,,,,,
full,southern_california,M_SR,98,1.5,5,0.9326127519647054,86,,,,,,
full,southern_california,M_SR,98,2.0,13,0.921560938787729,95,,,,,,
full,southern_california,M_SR,98,3.0,13,0.9007866834469233,104,,,,,,
full,southern_california,M_SR,99,0.1,2,0.9852111429341492,38,,,,,,
full,southern_california,M_SR,99,0.5,12345,0.9651403301521496,64,,,,,,
full,southern_california,M_SR,99,1.0,19,0.9468741999148181,80,,,,,,
full,southern_california,M_SR,99,1.5,7,0.9327157787149657,86,,,,,,
full,southern_california,M_SR,99,2.0,3,0.9209475556136142,97,,,,,,
full,southern_california,M_SR,99,3.0,3,0.898664938135539,108,,,,,,
full,southern_california,M_SR,100,0.1,14,0.9863687858284491,33,,,,,,
full,southern_california,M_SR,100,0.5,8,0.9643272572491702,57,,,,,,
full,southern_california,M_SR,100,1.0,13,0.9457239997888529,73,,,,,,
full,southern_california,M_SR,100,1.5,7,0.9315753570518426,88,,,,,,
full,southern_california,M_SR,100,2.0,7,0.9186648954337232,93,,,,,,
full,southern_california,M_SR,100,3.0,5,0.8971580364779539,106,,,,,,
full,southern_california,M_SR,101,0.1,11,0.9857578963040137,34,,,,,,
full,southern_california,M_SR,101,0.5,8,0.9643627570797919,62,,,,,,
full,southern_california,M_SR,101,1.0,4,0.9463214557283919,78,,,,,,
full,southern_california,M_SR,101,1.5,13,0.9307564251485024,85,,,,,,
full,southern_california,M_SR,101,2.0,12345,0.9186674100006798,96,,,,,,
full,southern_california,M_SR,101,3.0,8,0.8977200241774524,106,,,,,,
full,southern_california,M_SR,102,0.1,4,0.986686192100813,32,,,,,,
full,southern_california,M_SR,102,0.5,17,0.9662788101877898,55,,,,,,
full,southern_california,M_SR,102,1.0,17,0.9480577477224961,70,,,,,,
full,southern_california,M_SR,102,1.5,13,0.9335100073681589,81,,,,,,
full,southern_california,M_SR,102,2.0,19,0.9210915292960187,88,,,,,,
full,southern_california,M_SR,102,3.0,12,0.9011301834061384,107,,,,,,
full,southern_california,M_SR,103,0.1,12345,0.987090824654217,36,,,,,,
full,southern_california,M_SR,103,0.5,2,0.9644225017450246,56,,,,,,
full,southern_california,M_SR,103,1.0,8,0.9466969016961462,75,,,,,,
full,southern_california,M_SR,103,1.5,14,0.9330776649657304,87,,,,,,
full,southern_california,M_SR,103,2.0,19,0.9219858220998078,95,,,,,,
full,southern_california,M_SR,103,3.0,12,0.9023004990043854,107,,,,,,
full,southern_california,M_SR,104,0.1,12345,0.9870081342236354,35,,,,,,
full,southern_california,M_SR,104,0.5,14,0.9634827199034998,61,,,,,,
full,southern_california,M_SR,104,1.0,17,0.9454793608252923,73,,,,,,
full,southern_california,M_SR,104,1.5,18,0.9302157581595608,79,,,,,,
full,southern_california,M_SR,104,2.0,16,0.9179837750957481,91,,,,,,
full,southern_california,M_SR,104,3.0,17,0.8981011163210053,110,,,,,,
full,southern_california,M_SR,105,0.1,8,0.9863409109840697,33,,,,,,
full,southern_california,M_SR,105,0.5,1,0.9653829630949046,60,,,,,,
full,southern_california,M_SR,105,1.0,8,0.9476046328322285,74,,,,,,
full,southern_california,M_SR,105,1.5,7,0.9338578493948873,87,,,,,,
full,southern_california,M_SR,105,2.0,7,0.9225785209964299,96,,,,,,
full,southern_california,M_SR,105,3.0,2,0.90260841489226,112,,,,,,
full,southern_california,M_SR,106,0.1,5,0.9857363844209746,33,,,,,,
full,southern_california,M_SR,106,0.5,15,0.9632017692247808,59,,,,,,
full,southern_california,M_SR,106,1.0,6,0.9447768603648894,73,,,,,,
full,southern_california,M_SR,106,1.5,6,0.9304083109631875,83,,,,,,
full,southern_california,M_SR,106,2.0,8,0.9186484608508828,94,,,,,,
full,southern_california,M_SR,106,3.0,1,0.8978325116571786,110,,,,,,
full,southern_california,M_SR,107,0.1,17,0.9858522259668095,32,,,,,,
full,southern_california,M_SR,107,0.5,7,0.9634892154122967,59,,,,,,
full,southern_california,M_SR,107,1.0,17,0.9450137907228684,71,,,,,,
full,southern_california,M_SR,107,1.5,17,0.9303325055684247,82,,,,,,
full,southern_california,M_SR,107,2.0,17,0.917645872204003,93,,,,,,
full,southern_california,M_SR,107,3.0,1,0.8987049716695897,108,,,,,,
full,southern_california,M_SR,108,0.1,5,0.9857462542859702,34,,,,,,
full,southern_california,M_SR,108,0.5,18,0.9656427880782177,56,,,,,,
full,southern_california,M_SR,108,1.0,12,0.9475829797726073,71,,,,,,
full,southern_california,M_SR,108,1.5,16,0.9322125021907668,87,,,,,,
full,southern_california,M_SR,108,2.0,16,0.9205718605318467,94,,,,,,
full,southern_california,M_SR,108,3.0,18,0.9002648849607029,108,,,,,,
full,southern_california,M_SR,109,0.1,6,0.985727782610838,30,,,,,,
full,southern_california,M_SR,109,0.5,17,0.964031402466334,59,,,,,,
full,southern_california,M_SR,109,1.0,17,0.9466229962596606,77,,,,,,
full,southern_california,M_SR,109,1.5,6,0.9319889763392001,87,,,,,,
full,southern_california,M_SR,109,2.0,18,0.9198633548030842,92,,,,,,
full,southern_california,M_SR,109,3.0,3,0.8992695013175761,106,,,,,,
full,southern_california,M_SR,110,0.1,13,0.9865584515318105,34,,,,,,
full,southern_california,M_SR,110,0.5,6,0.9644733642003722,60,,,,,,
full,southern_california,M_SR,110,1.0,11,0.9457812446717714,72,,,,,,
full,southern_california,M_SR,110,1.5,17,0.9303015198770667,83,,,,,,
full,southern_california,M_SR,110,2.0,17,0.9182752673425078,89,,,,,,
full,southern_california,M_SR,110,3.0,15,0.8975076001501733,106,,,,,,
full,southern_california,M_SR,111,0.1,3,0.9862125572888084,32,,,,,,
full,southern_california,M_SR,111,0.5,17,0.9644097103371296,60,,,,,,
full,southern_california,M_SR,111,1.0,18,0.9463703783504713,74,,,,,,
full,southern_california,M_SR,111,1.5,14,0.9321968148916506,86,,,,,,
full,southern_california,M_SR,111,2.0,7,0.9200287682151431,94,,,,,,
full,southern_california,M_SR,111,3.0,16,0.8993714232372233,109,,,,,,
full,southern_california,M_SR,112,0.1,6,0.9863003251447605,32,,,,,,
full,southern_california,M_SR,112,0.5,14,0.9646883566475669,58,,,,,,
full,southern_california,M_SR,112,1.0,6,0.9471909856578442,75,,,,,,
full,southern_california,M_SR,112,1.5,9,0.9319678067712313,80,,,,,,
full,southern_california,M_SR,112,2.0,12345,0.9200013519993702,91,,,,,,
full,southern_california,M_SR,112,3.0,5,0.9002061705739282,108,,,,,,
full,southern_california,M_SR,113,0.1,13,0.987121071238795,34,,,,,,
full,southern_california,M_SR,113,0.5,8,0.9649610301776705,60,,,,,,
full,southern_california,M_SR,113,1.0,18,0.9469056504467258,74,,,,,,
full,southern_california,M_SR,113,1.5,16,0.9334139080481866,88,,,,,,
full,southern_california,M_SR,113,2.0,14,0.9222599974320738,98,,,,,,
full,southern_california,M_SR,113,3.0,12345,0.9020017942136042,112,,,,,,
full,southern_california,M_SR,114,0.1,4,0.987179145134281,33,,,,,,
full,southern_california,M_SR,114,0.5,12345,0.9664862036573326,60,,,,,,
full,southern_california,M_SR,114,1.0,14,0.9489489821390027,77,,,,,,
full,southern_california,M_SR,114,1.5,5,0.9338706586539267,89,,,,,,
full,southern_california,M_SR,114,2.0,8,0.922317042892796,96,,,,,,
full,southern_california,M_SR,114,3.0,5,0.9023081456823725,106,,,,,,
full,southern_california,M_SR,115,0.1,14,0.985229631522544,33,,,,,,
full,southern_california,M_SR,115,0.5,18,0.9651989366188105,55,,,,,,
full,southern_california,M_SR,115,1.0,12345,0.94680112429711,72,,,,,,
full,southern_california,M_SR,115,1.5,12345,0.9318385791512933,87,,,,,,
full,southern_california,M_SR,115,2.0,2,0.9196962428326185,96,,,,,,
full,southern_california,M_SR,115,3.0,18,0.8997404172476954,110,,,,,,
full,southern_california,M_SR,116,0.1,1,0.9868218209640843,33,,,,,,
full,southern_california,M_SR,116,0.5,17,0.9660952627765177,58,,,,,,
full,southern_california,M_SR,116,1.0,17,0.9478082223956726,72,,,,,,
full,southern_california,M_SR,116,1.5,5,0.9309117927879973,84,,,,,,
full,southern_california,M_SR,116,2.0,12345,0.9180553613542781,95,,,,,,
full,southern_california,M_SR,116,3.0,12345,0.8976595847329937,110,,,,,,
full,southern_california,M_SR,117,0.1,19,0.9859078968578349,31,,,,,,
full,southern_california,M_SR,117,0.5,8,0.9636322928480766,63,,,,,,
full,southern_california,M_SR,117,1.0,8,0.9455075386931342,79,,,,,,
full,southern_california,M_SR,117,1.5,2,0.9319507023139819,90,,,,,,
full,southern_california,M_SR,117,2.0,15,0.9194861140594661,100,,,,,,
full,southern_california,M_SR,117,3.0,13,0.8992947571223929,113,,,,,,
full,southern_california,M_SR,118,0.1,11,0.986059189608088,31,,,,,,
full,southern_california,M_SR,118,0.5,11,0.9661219634988539,60,,,,,,
full,southern_california,M_SR,118,1.0,7,0.9482685906224843,77,,,,,,
full,southern_california,M_SR,118,1.5,12,0.9345602681426973,87,,,,,,
full,southern_california,M_SR,118,2.0,4,0.9228998292339303,95,,,,,,
full,southern_california,M_SR,118,3.0,13,0.9039334970127144,107,,,,,,
full,southern_california,M_SR,119,0.1,8,0.9871421430981724,37,,,,,,
full,southern_california,M_SR,119,0.5,2,0.966095744527967,61,,,,,,
full,southern_california,M_SR,119,1.0,1,0.9473532307931173,75,,,,,,
full,southern_california,M_SR,119,1.5,15,0.9313835293982694,90,,,,,,
full,southern_california,M_SR,119,2.0,18,0.9187459466415991,95,,,,,,
full,southern_california,M_SR,119,3.0,12345,0.8987164646529001,108,,,,,,
full,southern_california,M_SR,120,0.1,3,0.986878328469032,32,,,,,,
full,southern_california,M_SR,120,0.5,15,0.9648681617386554,58,,,,,,
full,southern_california,M_SR,120,1.0,5,0.9467362917419351,73,,,,,,
full,southern_california,M_SR,120,1.5,14,0.9321701199055015,87,,,,,,
full,southern_california,M_SR,120,2.0,5,0.9199857878263136,99,,,,,,
full,southern_california,M_SR,120,3.0,12345,0.898959487909783,113,,,,,,
full,southern_california,M_SR,121,0.1,12,0.985663387389176,31,,,,,,
full,southern_california,M_SR,121,0.5,7,0.9648109920323822,55,,,,,,
full,southern_california,M_SR,121,1.0,17,0.9461101438982233,75,,,,,,
full,southern_california,M_SR,121,1.5,12345,0.9316907242070241,92,,,,,,
full,southern_california,M_SR,121,2.0,12345,0.9195351563825122,97,,,,,,
full,southern_california,M_SR,121,3.0,3,0.8985012385597968,110,,,,,,
full,southern_california,M_SR,122,0.1,4,0.9859369848315442,32,,,,,,
full,southern_california,M_SR,122,0.5,5,0.9654843394232869,62,,,,,,
full,southern_california,M_SR,122,1.0,1,0.9478577694276606,77,,,,,,
full,southern_california,M_SR,122,1.5,14,0.9340173621539137,85,,,,,,
full,southern_california,M_SR,122,2.0,17,0.9210271458901618,89,,,,,,
full,southern_california,M_SR,122,3.0,2,0.8992903165090812,109,,,,,,
full,southern_california,M_SR,123,0.1,4,0.9856510221940045,33,,,,,,
full,southern_california,M_SR,123,0.5,8,0.9638963727066929,58,,,,,,
full,southern_california,M_SR,123,1.0,4,0.9452854364259856,72,,,,,,
full,southern_california,M_SR,123,1.5,15,0.9321769711027517,80,,,,,,
full,southern_california,M_SR,123,2.0,5,0.920933183383298,92,,,,,,
full,southern_california,M_SR,123,3.0,13,0.9000309360421276,105,,,,,,
full,southern_california,M_SR,124,0.1,8,0.9865811690408604,35,,,,,,
full,southern_california,M_SR,124,0.5,1,0.9649612373164999,59,,,,,,
full,southern_california,M_SR,124,1.0,13,0.9471038254337077,71,,,,,,
full,southern_california,M_SR,124,1.5,4,0.9329671207523136,81,,,,,,
full,southern_california,M_SR,124,2.0,4,0.92084387691176,86,,,,,,
full,southern_california,M_SR,124,3.0,1,0.9000419096794808,103,,,,,,
full,southern_california,M_SR,125,0.1,2,0.9861201395891156,33,,,,,,
full,southern_california,M_SR,125,0.5,11,0.9641998238596439,54,,,,,,
full,southern_california,M_SR,125,1.0,11,0.9461914306251554,73,,,,,,
full,southern_california,M_SR,125,1.5,15,0.9307999152957614,90,,,,,,
full,southern_california,M_SR,125,2.0,6,0.9188063555276093,97,,,,,,
full,southern_california,M_SR,125,3.0,4,0.897418246766398,108,,,,,,
full,southern_california,M_SR,126,0.1,2,0.9856420152193871,31,,,,,,
full,southern_california,M_SR,126,0.5,17,0.9646885961780847,60,,,,,,
full,southern_california,M_SR,126,1.0,3,0.9461241163408854,71,,,,,,
full,southern_california,M_SR,126,1.5,3,0.9315593676590043,83,,,,,,
full,southern_california,M_SR,126,2.0,2,0.9189996868945478,90,,,,,,
full,southern_california,M_SR,126,3.0,7,0.8985705744952224,104,,,,,,
full,southern_california,M_SR,127,0.1,3,0.9854931756084567,36,,,,,,
full,southern_california,M_SR,127,0.5,3,0.9644128256295614,58,,,,,,
full,southern_california,M_SR,127,1.0,18,0.9462577258679868,73,,,,,,
full,southern_california,M_SR,127,1.5,12,0.9310669013730786,87,,,,,,
full,southern_california,M_SR,127,2.0,11,0.9175773057027911,91,,,,,,
full,southern_california,M_SR,127,3.0,3,0.8960934113158463,108,,,,,,
full,southern_california,M_SR,128,0.1,4,0.9857678692380781,35,,,,,,
full,southern_california,M_SR,128,0.5,19,0.9655181172807006,62,,,,,,
full,southern_california,M_SR,128,1.0,12,0.9475020359691286,74,,,,,,
full,southern_california,M_SR,128,1.5,14,0.9324192354417292,84,,,,,,
full,southern_california,M_SR,128,2.0,17,0.9200935195039128,94,,,,,,
full,southern_california,M_SR,128,3.0,15,0.9004124840939499,106,,,,,,
full,southern_california,M_SR,129,0.1,10,0.9866467968107473,33,,,,,,
full,southern_california,M_SR,129,0.5,5,0.965923714958979,56,,,,,,
full,southern_california,M_SR,129,1.0,15,0.9476027329323831,70,,,,,,
full,southern_california,M_SR,129,1.5,17,0.9333080514621349,85,,,,,,
full,southern_california,M_SR,129,2.0,17,0.9215518674287565,96,,,,,,
full,southern_california,M_SR,129,3.0,6,0.9019386019683008,111,,,,,,
full,southern_california,M_SR,130,0.1,16,0.9863432589913254,34,,,,,,
full,southern_california,M_SR,130,0.5,6,0.9665803121728815,57,,,,,,
full,southern_california,M_SR,130,1.0,12345,0.9485364220654678,72,,,,,,
full,southern_california,M_SR,130,1.5,19,0.9342711774590564,82,,,,,,
full,southern_california,M_SR,130,2.0,8,0.9222568019996216,89,,,,,,
full,southern_california,M_SR,130,3.0,8,0.9009754786080438,109,,,,,,
full,southern_california,M_SR,131,0.1,12,0.9855638563253847,34,,,,,,
full,southern_california,M_SR,131,0.5,5,0.9649446170729975,59,,,,,,
full,southern_california,M_SR,131,1.0,14,0.9474321565301138,78,,,,,,
full,southern_california,M_SR,131,1.5,5,0.9324442767455422,85,,,,,,
full,southern_california,M_SR,131,2.0,18,0.9213999592832995,95,,,,,,
full,southern_california,M_SR,131,3.0,18,0.9012533581505703,113,,,,,,
full,southern_california,M_SR,132,0.1,5,0.9870255188435743,33,,,,,,
full,southern_california,M_SR,132,0.5,4,0.9644043078117277,60,,,,,,
full,southern_california,M_SR,132,1.0,3,0.9456714125704191,73,,,,,,
full,southern_california,M_SR,132,1.5,1,0.9305072202029824,83,,,,,,
full,southern_california,M_SR,132,2.0,14,0.9171722402827006,93,,,,,,
full,southern_california,M_SR,132,3.0,9,0.8956726405309957,106,,,,,,
full,southern_california,M_SR,133,0.1,10,0.9860848145018382,32,,,,,,
full,southern_california,M_SR,133,0.5,17,0.9640484628335636,58,,,,,,
full,southern_california,M_SR,133,1.0,15,0.9459433910105606,71,,,,,,
full,southern_california,M_SR,133,1.5,15,0.9307819366099658,81,,,,,,
full,southern_california,M_SR,133,2.0,17,0.9176917340040155,91,,,,,,
full,southern_california,M_SR,133,3.0,19,0.8975791821957582,105,,,,,,
full,southern_california,M_SR,134,0.1,15,0.9864376637434105,32,,,,,,
full,southern_california,M_SR,134,0.5,12,0.964771024356873,58,,,,,,
full,southern_california,M_SR,134,1.0,13,0.9464389744414986,76,,,,,,
full,southern_california,M_SR,134,1.5,18,0.9311033122661646,86,,,,,,
full,southern_california,M_SR,134,2.0,14,0.9195220609856664,99,,,,,,
full,southern_california,M_SR,134,3.0,14,0.8984469056713581,109,,,,,,
full,southern_california,M_SR,135,0.1,19,0.9863844393777392,36,,,,,,
full,southern_california,M_SR,135,0.5,19,0.9646130547018006,59,,,,,,
full,southern_california,M_SR,135,1.0,19,0.9469451788866818,74,,,,,,
full,southern_california,M_SR,135,1.5,14,0.932008722600855,86,,,,,,
full,southern_california,M_SR,135,2.0,17,0.9202813424268962,98,,,,,,
full,southern_california,M_SR,135,3.0,18,0.9000544106300602,111,,,,,,
full,southern_california,M_SR,136,0.1,12,0.9853724410669106,32,,,,,,
full,southern_california,M_SR,136,0.5,6,0.9633100337446727,59,,,,,,
full,southern_california,M_SR,136,1.0,5,0.9453532044057955,75,,,,,,
full,southern_california,M_SR,136,1.5,14,0.9292979555632321,84,,,,,,
full,southern_california,M_SR,136,2.0,13,0.9166355314830871,95,,,,,,
full,southern_california,M_SR,136,3.0,10,0.8960254015485964,103,,,,,,
full,southern_california,M_SR,137,0.1,9,0.9853506913546436,33,,,,,,
full,southern_california,M_SR,137,0.5,10,0.9635397206461488,62,,,,,,
full,southern_california,M_SR,137,1.0,5,0.9452283470449742,69,,,,,,
full,southern_california,M_SR,137,1.5,9,0.9300801510746167,84,,,,,,
full,southern_california,M_SR,137,2.0,9,0.9179971093340586,94,,,,,,
full,southern_california,M_SR,137,3.0,4,0.8967842001980305,108,,,,,,
full,southern_california,M_SR,138,0.1,14,0.9865234616920562,36,,,,,,
full,southern_california,M_SR,138,0.5,12,0.9646918836007432,57,,,,,,
full,southern_california,M_SR,138,1.0,16,0.9466515225679701,72,,,,,,
full,southern_california,M_SR,138,1.5,3,0.9330237892110698,87,,,,,,
full,southern_california,M_SR,138,2.0,3,0.9219466918819599,95,,,,,,
full,southern_california,M_SR,138,3.0,5,0.9022448233898472,112,,,,,,
full,southern_california,M_SR,139,0.1,1,0.9848421089075684,35,,,,,,
full,southern_california,M_SR,139,0.5,11,0.9638736029102565,59,,,,,,
full,southern_california,M_SR,139,1.0,17,0.9455867257064223,74,,,,,,
full,southern_california,M_SR,139,1.5,17,0.9299154210286927,89,,,,,,
full,southern_california,M_SR,139,2.0,8,0.9178022701428361,97,,,,,,
full,southern_california,M_SR,139,3.0,19,0.896987263019296,114,,,,,,
full,southern_california,M_SR,140,0.1,12345,0.986412515923535,35,,,,,,
full,southern_california,M_SR,140,0.5,4,0.966619439935515,60,,,,,,
full,southern_california,M_SR,140,1.0,14,0.948673570303934,74,,,,,,
full,southern_california,M_SR,140,1.5,17,0.9343587529575309,83,,,,,,
full,southern_california,M_SR,140,2.0,6,0.9219599088404001,94,,,,,,
full,southern_california,M_SR,140,3.0,9,0.9011881387547894,106,,,,,,
full,southern_california,M_SR,141,0.1,19,0.9861045142779017,35,,,,,,
full,southern_california,M_SR,141,0.5,17,0.9646750438230552,59,,,,,,
full,southern_california,M_SR,141,1.0,12345,0.9467402107848438,78,,,,,,
full,southern_california,M_SR,141,1.5,10,0.9325721819264622,91,,,,,,
full,southern_california,M_SR,141,2.0,15,0.9204874040096487,101,,,,,,
full,southern_california,M_SR,141,3.0,11,0.9016282620787394,114,,,,,,
full,southern_california,M_SR,142,0.1,17,0.9847993700506802,30,,,,,,
full,southern_california,M_SR,142,0.5,8,0.9626575511321003,54,,,,,,
full,southern_california,M_SR,142,1.0,16,0.945072425489187,70,,,,,,
full,southern_california,M_SR,142,1.5,16,0.9300611715412878,83,,,,,,
full,southern_california,M_SR,142,2.0,6,0.9182503932023961,94,,,,,,
full,southern_california,M_SR,142,3.0,10,0.897161352426633,104,,,,,,
full,southern_california,M_SR,143,0.1,7,0.9863209059117148,33,,,,,,
full,southern_california,M_SR,143,0.5,4,0.9638855603809792,56,,,,,,
full,southern_california,M_SR,143,1.0,11,0.9458842258525453,74,,,,,,
full,southern_california,M_SR,143,1.5,11,0.9325176046068336,86,,,,,,
full,southern_california,M_SR,143,2.0,2,0.9199125473030537,93,,,,,,
full,southern_california,M_SR,143,3.0,4,0.8992498289780608,111,,,,,,
full,southern_california,M_SR,144,0.1,5,0.9861882488385234,33,,,,,,
full,southern_california,M_SR,144,0.5,11,0.9641352994674919,59,,,,,,
full,southern_california,M_SR,144,1.0,15,0.9460753877093327,76,,,,,,
full,southern_california,M_SR,144,1.5,15,0.9317167442391783,84,,,,,,
full,southern_california,M_SR,144,2.0,12345,0.9200045711080822,95,,,,,,
full,southern_california,M_SR,144,3.0,2,0.8994368115317766,103,,,,,,
full,southern_california,M_SR,145,0.1,1,0.9862896744126574,33,,,,,,
full,southern_california,M_SR,145,0.5,10,0.9659523767617951,58,,,,,,
full,southern_california,M_SR,145,1.0,8,0.9480033394245365,73,,,,,,
full,southern_california,M_SR,145,1.5,18,0.9333930169484912,86,,,,,,
full,southern_california,M_SR,145,2.0,12345,0.9214447943260518,91,,,,,,
full,southern_california,M_SR,145,3.0,12345,0.9010248726626422,104,,,,,,
full,southern_california,M_SR,146,0.1,6,0.9866550702295769,35,,,,,,
full,southern_california,M_SR,146,0.5,10,0.9659147095876383,57,,,,,,
full,southern_california,M_SR,146,1.0,6,0.9476194898886032,74,,,,,,
full,southern_california,M_SR,146,1.5,15,0.9334761318501542,83,,,,,,
full,southern_california,M_SR,146,2.0,11,0.9213720960154194,90,,,,,,
full,southern_california,M_SR,146,3.0,19,0.899605487244339,107,,,,,,
full,southern_california,M_SR,147,0.1,14,0.9853016901215996,32,,,,,,
full,southern_california,M_SR,147,0.5,11,0.9622877344990084,58,,,,,,
full,southern_california,M_SR,147,1.0,14,0.945450596345322,69,,,,,,
full,southern_california,M_SR,147,1.5,11,0.9309272539790383,81,,,,,,
full,southern_california,M_SR,147,2.0,2,0.9181375059999859,92,,,,,,
full,southern_california,M_SR,147,3.0,8,0.8984701255618893,102,,,,,,
full,southern_california,M_SR,148,0.1,9,0.9868559824297952,37,,,,,,
full,southern_california,M_SR,148,0.5,1,0.9650318957748671,61,,,,,,
full,southern_california,M_SR,148,1.0,12,0.9466376913674985,75,,,,,,
full,southern_california,M_SR,148,1.5,12,0.9319750014514606,88,,,,,,
full,southern_california,M_SR,148,2.0,12,0.9190659852640717,95,,,,,,
full,southern_california,M_SR,148,3.0,1,0.8969277588334578,105,,,,,,
full,southern_california,M_SR,149,0.1,3,0.9859242613094932,34,,,,,,
full,southern_california,M_SR,149,0.5,16,0.9652550746716376,61,,,,,,
full,southern_california,M_SR,149,1.0,2,0.9474103743670034,74,,,,,,
full,southern_california,M_SR,149,1.5,15,0.9333096193205472,85,,,,,,
full,southern_california,M_SR,149,2.0,17,0.9221389256538254,93,,,,,,
full,southern_california,M_SR,149,3.0,18,0.9020216109068665,110,,,,,,
full,southern_california,M_SR,150,0.1,7,0.986353876308176,37,,,,,,
full,southern_california,M_SR,150,0.5,11,0.9642690529666863,58,,,,,,
full,southern_california,M_SR,150,1.0,2,0.9457308425996402,66,,,,,,
full,southern_california,M_SR,150,1.5,9,0.9307011373622377,84,,,,,,
full,southern_california,M_SR,150,2.0,12,0.919470208033014,91,,,,,,
full,southern_california,M_SR,150,3.0,12,0.8999041527722451,108,,,,,,
full,southern_california,M_SR,151,0.1,13,0.985769112947841,34,,,,,,
full,southern_california,M_SR,151,0.5,16,0.9638044105107656,57,,,,,,
full,southern_california,M_SR,151,1.0,2,0.9457487642842753,77,,,,,,
full,southern_california,M_SR,151,1.5,17,0.9310347458415585,87,,,,,,
full,southern_california,M_SR,151,2.0,17,0.9184560112855233,95,,,,,,
full,southern_california,M_SR,151,3.0,9,0.8979621462356872,105,,,,,,
full,southern_california,M_SR,152,0.1,10,0.9865554747645662,33,,,,,,
full,southern_california,M_SR,152,0.5,13,0.9663703694512131,58,,,,,,
full,southern_california,M_SR,152,1.0,10,0.9482062159622643,73,,,,,,
full,southern_california,M_SR,152,1.5,6,0.9334023025889111,84,,,,,,
full,southern_california,M_SR,152,2.0,1,0.9203673009636691,90,,,,,,
full,southern_california,M_SR,152,3.0,2,0.8979869621938181,106,,,,,,
full,southern_california,M_SR,153,0.1,4,0.9862099932123753,34,,,,,,
full,southern_california,M_SR,153,0.5,15,0.9657071823341521,57,,,,,,
full,southern_california,M_SR,153,1.0,10,0.9474073543395586,73,,,,,,
full,southern_california,M_SR,153,1.5,9,0.9334862406205353,87,,,,,,
full,southern_california,M_SR,153,2.0,18,0.9202402146798434,92,,,,,,
full,southern_california,M_SR,153,3.0,6,0.8984657822893506,105,,,,,,
full,southern_california,M_SR,154,0.1,16,0.985991743668231,32,,,,,,
full,southern_california,M_SR,154,0.5,15,0.9635004546031724,57,,,,,,
full,southern_california,M_SR,154,1.0,1,0.9448682249342125,74,,,,,,
full,southern_california,M_SR,154,1.5,11,0.9302971899907707,87,,,,,,
full,southern_california,M_SR,154,2.0,1,0.9176439643408287,97,,,,,,
full,southern_california,M_SR,154,3.0,15,0.896408236790901,110,,,,,,
full,southern_california,M_SR,155,0.1,8,0.9859838386290464,37,,,,,,
full,southern_california,M_SR,155,0.5,12,0.9639557284910321,59,,,,,,
full,southern_california,M_SR,155,1.0,11,0.946531736002996,73,,,,,,
full,southern_california,M_SR,155,1.5,4,0.9327905060576861,83,,,,,,
full,southern_california,M_SR,155,2.0,7,0.9199123079946757,91,,,,,,
full,southern_california,M_SR,155,3.0,7,0.8996266189598036,109,,,,,,
full,southern_california,M_SR,156,0.1,2,0.9864540179948366,35,,,,,,
full,southern_california,M_SR,156,0.5,11,0.9645471035986567,61,,,,,,
full,southern_california,M_SR,156,1.0,17,0.9461736525847022,75,,,,,,
full,southern_california,M_SR,156,1.5,13,0.9324048884118711,86,,,,,,
full,southern_california,M_SR,156,2.0,19,0.920079210981886,94,,,,,,
full,southern_california,M_SR,156,3.0,14,0.8986884252802736,107,,,,,,
full,southern_california,M_SR,157,0.1,12345,0.9873110822112083,35,,,,,,
full,southern_california,M_SR,157,0.5,8,0.9661699619711136,57,,,,,,
full,southern_california,M_SR,157,1.0,11,0.948450212636162,72,,,,,,
full,southern_california,M_SR,157,1.5,4,0.9337353326168792,88,,,,,,
full,southern_california,M_SR,157,2.0,11,0.9217889453508002,93,,,,,,
full,southern_california,M_SR,157,3.0,5,0.9019039083166024,107,,,,,,
full,southern_california,M_SR,158,0.1,3,0.986633334874632,34,,,,,,
full,southern_california,M_SR,158,0.5,13,0.965684246393609,61,,,,,,
full,southern_california,M_SR,158,1.0,15,0.9467345411154668,73,,,,,,
full,southern_california,M_SR,158,1.5,15,0.9310755056108373,86,,,,,,
full,southern_california,M_SR,158,2.0,15,0.9189606863278599,95,,,,,,
full,southern_california,M_SR,158,3.0,12345,0.8993366239474749,107,,,,,,
full,southern_california,M_SR,159,0.1,3,0.9864909682817676,37,,,,,,
full,southern_california,M_SR,159,0.5,16,0.9640913424169282,61,,,,,,
full,southern_california,M_SR,159,1.0,3,0.9453022857451888,76,,,,,,
full,southern_california,M_SR,159,1.5,14,0.9322541647890904,86,,,,,,
full,southern_california,M_SR,159,2.0,7,0.9206788263382605,93,,,,,,
full,southern_california,M_SR,159,3.0,8,0.899765184592353,112,,,,,,
full,southern_california,M_SR,160,0.1,6,0.9861078766626439,34,,,,,,
full,southern_california,M_SR,160,0.5,9,0.9656050361621074,56,,,,,,
full,southern_california,M_SR,160,1.0,9,0.9471967111286348,72,,,,,,
full,southern_california,M_SR,160,1.5,11,0.9320795822222114,82,,,,,,
full,southern_california,M_SR,160,2.0,11,0.9202134636537395,94,,,,,,
full,southern_california,M_SR,160,3.0,8,0.8997668944498869,110,,,,,,
full,southern_california,M_SR,161,0.1,8,0.9862572297110362,32,,,,,,
full,southern_california,M_SR,161,0.5,8,0.9648771159683944,56,,,,,,
full,southern_california,M_SR,161,1.0,11,0.9460317495855137,68,,,,,,
full,southern_california,M_SR,161,1.5,7,0.9302800335272801,78,,,,,,
full,southern_california,M_SR,161,2.0,19,0.9177970859089307,87,,,,,,
full,southern_california,M_SR,161,3.0,19,0.8974167114463399,104,,,,,,
full,southern_california,M_SR,162,0.1,6,0.9875695457895921,38,,,,,,
full,southern_california,M_SR,162,0.5,12,0.966997200460423,61,,,,,,
full,southern_california,M_SR,162,1.0,16,0.9489276716822918,73,,,,,,
full,southern_california,M_SR,162,1.5,13,0.9334125477388294,83,,,,,,
full,southern_california,M_SR,162,2.0,9,0.9207165241981653,100,,,,,,
full,southern_california,M_SR,162,3.0,17,0.8994621005538367,107,,,,,,
full,southern_california,M_SR,163,0.1,2,0.9863428944397291,32,,,,,,
full,southern_california,M_SR,163,0.5,7,0.9638676082051904,61,,,,,,
full,southern_california,M_SR,163,1.0,17,0.9444961553690187,76,,,,,,
full,southern_california,M_SR,163,1.5,7,0.9298744375202656,89,,,,,,
full,southern_california,M_SR,163,2.0,7,0.9183233221775234,92,,,,,,
full,southern_california,M_SR,163,3.0,19,0.8975446536164406,109,,,,,,
full,southern_california,M_SR,164,0.1,17,0.9859137444511108,35,,,,,,
full,southern_california,M_SR,164,0.5,12345,0.964724504253489,58,,,,,,
full,southern_california,M_SR,164,1.0,5,0.9458944659463268,74,,,,,,
full,southern_california,M_SR,164,1.5,12,0.9308286391144405,84,,,,,,
full,southern_california,M_SR,164,2.0,18,0.9185956392392096,89,,,,,,
full,southern_california,M_SR,164,3.0,18,0.8976015659244467,106,,,,,,
full,southern_california,M_SR,165,0.1,5,0.9867514511097486,37,,,,,,
full,southern_california,M_SR,165,0.5,14,0.9659980662498624,56,,,,,,
full,southern_california,M_SR,165,1.0,6,0.9475183153961142,75,,,,,,
full,southern_california,M_SR,165,1.5,5,0.9327696289973201,85,,,,,,
full,southern_california,M_SR,165,2.0,10,0.9206344594185986,94,,,,,,
full,southern_california,M_SR,165,3.0,7,0.8996482215792252,106,,,,,,
full,southern_california,M_SR,166,0.1,19,0.987347458571191,34,,,,,,
full,southern_california,M_SR,166,0.5,12345,0.9654536052697995,57,,,,,,
full,southern_california,M_SR,166,1.0,16,0.9476493009582042,75,,,,,,
full,southern_california,M_SR,166,1.5,16,0.9334354409810571,86,,,,,,
full,southern_california,M_SR,166,2.0,4,0.9211389141622413,93,,,,,,
full,southern_california,M_SR,166,3.0,2,0.9011592126647212,111,,,,,,
full,southern_california,M_SR,167,0.1,17,0.9860625509568663,33,,,,,,
full,southern_california,M_SR,167,0.5,6,0.9644235892200651,58,,,,,,
full,southern_california,M_SR,167,1.0,10,0.9465457247124817,76,,,,,,
full,southern_california,M_SR,167,1.5,12,0.9311379142011683,84,,,,,,
full,southern_california,M_SR,167,2.0,4,0.919143616433324,93,,,,,,
full,southern_california,M_SR,167,3.0,1,0.8999355038721062,104,,,,,,
full,southern_california,M_SR,168,0.1,10,0.986325294824578,35,,,,,,
full,southern_california,M_SR,168,0.5,12345,0.9648760983499827,61,,,,,,
full,southern_california,M_SR,168,1.0,4,0.9471700237233776,71,,,,,,
full,southern_california,M_SR,168,1.5,13,0.9318758816415337,86,,,,,,
full,southern_california,M_SR,168,2.0,13,0.9202539601273855,91,,,,,,
full,southern_california,M_SR,168,3.0,12345,0.8990873260586231,108,,,,,,
full,southern_california,M_SR,169,0.1,3,0.9870707492520474,38,,,,,,
full,southern_california,M_SR,169,0.5,8,0.966144203170902,59,,,,,,
full,southern_california,M_SR,169,1.0,6,0.9470553941394632,73,,,,,,
full,southern_california,M_SR,169,1.5,7,0.9314765452780972,88,,,,,,
full,southern_california,M_SR,169,2.0,10,0.9200269076069807,92,,,,,,
full,southern_california,M_SR,169,3.0,11,0.9006158925524731,105,,,,,,
full,southern_california,M_SR,170,0.1,13,0.9868490753920242,36,,,,,,
full,southern_california,M_SR,170,0.5,6,0.9660897987493987,61,,,,,,
full,southern_california,M_SR,170,1.0,17,0.9489556642103235,75,,,,,,
full,southern_california,M_SR,170,1.5,12345,0.9346227932494453,88,,,,,,
full,southern_california,M_SR,170,2.0,12345,0.9237857819544596,97,,,,,,
full,southern_california,M_SR,170,3.0,12345,0.9038044244906485,109,,,,,,
full,southern_california,M_SR,171,0.1,1,0.9864689738409276,33,,,,,,
full,southern_california,M_SR,171,0.5,1,0.9642265329854681,56,,,,,,
full,southern_california,M_SR,171,1.0,2,0.945167491729901,78,,,,,,
full,southern_california,M_SR,171,1.5,7,0.9306413772204934,87,,,,,,
full,southern_california,M_SR,171,2.0,2,0.9193448804857967,96,,,,,,
full,southern_california,M_SR,171,3.0,10,0.8988162593033958,114,,,,,,
full,southern_california,M_SR,172,0.1,19,0.9861408556649299,36,,,,,,
full,southern_california,M_SR,172,0.5,13,0.9659366104796896,59,,,,,,
full,southern_california,M_SR,172,1.0,12345,0.9479002545625929,76,,,,,,
full,southern_california,M_SR,172,1.5,6,0.9323917433035909,85,,,,,,
full,southern_california,M_SR,172,2.0,7,0.9200911608152601,93,,,,,,
full,southern_california,M_SR,172,3.0,7,0.9000158983963747,111,,,,,,
full,southern_california,M_SR,173,0.1,19,0.9873807376658967,38,,,,,,
full,southern_california,M_SR,173,0.5,5,0.9658941746505241,56,,,,,,
full,southern_california,M_SR,173,1.0,5,0.9475303167455822,72,,,,,,
full,southern_california,M_SR,173,1.5,17,0.9339184363633827,83,,,,,,
full,southern_california,M_SR,173,2.0,15,0.922711438019247,92,,,,,,
full,southern_california,M_SR,173,3.0,7,0.9019364323276414,107,,,,,,
full,southern_california,M_SR,174,0.1,2,0.9861055177115159,29,,,,,,
full,southern_california,M_SR,174,0.5,10,0.9641239221921096,58,,,,,,
full,southern_california,M_SR,174,1.0,5,0.9460036643720616,74,,,,,,
full,southern_california,M_SR,174,1.5,16,0.9307834382379169,83,,,,,,
full,southern_california,M_SR,174,2.0,10,0.9183561186851035,96,,,,,,
full,southern_california,M_SR,174,3.0,6,0.8993638719787941,115,,,,,,
full,southern_california,M_SR,175,0.1,4,0.9852303422390579,36,,,,,,
full,southern_california,M_SR,175,0.5,17,0.9644726860166601,58,,,,,,
full,southern_california,M_SR,175,1.0,13,0.9463279351776491,75,,,,,,
full,southern_california,M_SR,175,1.5,13,0.9313651734098615,89,,,,,,
full,southern_california,M_SR,175,2.0,3,0.9179302969749878,94,,,,,,
full,southern_california,M_SR,175,3.0,19,0.8969037230355296,111,,,,,,
full,southern_california,M_SR,176,0.1,2,0.9863505219898752,38,,,,,,
full,southern_california,M_SR,176,0.5,5,0.9654180086048815,61,,,,,,
full,southern_california,M_SR,176,1.0,15,0.9478327918493277,78,,,,,,
full,southern_california,M_SR,176,1.5,18,0.9335036847915631,90,,,,,,
full,southern_california,M_SR,176,2.0,15,0.9223912455746035,95,,,,,,
full,southern_california,M_SR,176,3.0,17,0.9025128924955756,112,,,,,,
full,southern_california,M_SR,177,0.1,12,0.9871658832808224,34,,,,,,
full,southern_california,M_SR,177,0.5,18,0.9650869961844333,62,,,,,,
full,southern_california,M_SR,177,1.0,13,0.9469665169572306,79,,,,,,
full,southern_california,M_SR,177,1.5,4,0.9335513580147689,88,,,,,,
full,southern_california,M_SR,177,2.0,1,0.9203776245660984,97,,,,,,
full,southern_california,M_SR,177,3.0,12,0.9012059797545281,116,,,,,,
full,southern_california,M_SR,178,0.1,2,0.9868633727968386,36,,,,,,
full,southern_california,M_SR,178,0.5,5,0.9662827914957524,60,,,,,,
full,southern_california,M_SR,178,1.0,6,0.9483638875900915,73,,,,,,
full,southern_california,M_SR,178,1.5,11,0.9324192504867296,86,,,,,,
full,southern_california,M_SR,178,2.0,3,0.9209170109448068,97,,,,,,
full,southern_california,M_SR,178,3.0,14,0.9009896258282839,112,,,,,,
full,southern_california,M_SR,179,0.1,12345,0.9864931812753533,31,,,,,,
full,southern_california,M_SR,179,0.5,1,0.9660884232995435,58,,,,,,
full,southern_california,M_SR,179,1.0,9,0.9476851093346463,75,,,,,,
full,southern_california,M_SR,179,1.5,15,0.9333217549678559,89,,,,,,
full,southern_california,M_SR,179,2.0,10,0.9211630528325571,96,,,,,,
full,southern_california,M_SR,179,3.0,12,0.8998265766074095,110,,,,,,
full,southern_california,M_SR,180,0.1,5,0.9856811918796338,32,,,,,,
full,southern_california,M_SR,180,0.5,8,0.9656048176936151,61,,,,,,
full,southern_california,M_SR,180,1.0,7,0.9482283494520632,76,,,,,,
full,southern_california,M_SR,180,1.5,13,0.9344881166417163,88,,,,,,
full,southern_california,M_SR,180,2.0,18,0.9222901530756933,97,,,,,,
full,southern_california,M_SR,180,3.0,6,0.9020624557716108,105,,,,,,
full,southern_california,M_SR,181,0.1,13,0.9861145097140879,33,,,,,,
full,southern_california,M_SR,181,0.5,10,0.965062855368931,61,,,,,,
full,southern_california,M_SR,181,1.0,12345,0.9461299783939155,75,,,,,,
full,southern_california,M_SR,181,1.5,17,0.9314986617242015,87,,,,,,
full,southern_california,M_SR,181,2.0,17,0.9193293204860508,93,,,,,,
full,southern_california,M_SR,181,3.0,14,0.8977732321779298,107,,,,,,
full,southern_california,M_SR,182,0.1,3,0.9871580027822429,34,,,,,,
full,southern_california,M_SR,182,0.5,12,0.965130495252313,61,,,,,,
full,southern_california,M_SR,182,1.0,18,0.9465080463529525,75,,,,,,
full,southern_california,M_SR,182,1.5,7,0.931716784645416,85,,,,,,
full,southern_california,M_SR,182,2.0,12,0.9199545467651352,95,,,,,,
full,southern_california,M_SR,182,3.0,16,0.8998594241792975,105,,,,,,
full,southern_california,M_SR,183,0.1,17,0.9860244705396417,36,,,,,,
full,southern_california,M_SR,183,0.5,5,0.9654108840953333,57,,,,,,
full,southern_california,M_SR,183,1.0,17,0.9463773329653598,68,,,,,,
full,southern_california,M_SR,183,1.5,11,0.9315935062184617,82,,,,,,
full,southern_california,M_SR,183,2.0,17,0.9196309525620427,96,,,,,,
full,southern_california,M_SR,183,3.0,10,0.9002241987467104,113,,,,,,
full,southern_california,M_SR,184,0.1,12345,0.9871188785174182,32,,,,,,
full,southern_california,M_SR,184,0.5,12,0.9661845914028238,58,,,,,,
full,southern_california,M_SR,184,1.0,12,0.9473342149501355,72,,,,,,
full,southern_california,M_SR,184,1.5,10,0.932811609891374,81,,,,,,
full,southern_california,M_SR,184,2.0,18,0.9198622260753455,91,,,,,,
full,southern_california,M_SR,184,3.0,12345,0.898527891877925,108,,,,,,
full,southern_california,M_SR,185,0.1,3,0.9872142737293242,34,,,,,,
full,southern_california,M_SR,185,0.5,10,0.9659630656718083,59,,,,,,
full,southern_california,M_SR,185,1.0,17,0.9477545478780117,75,,,,,,
full,southern_california,M_SR,185,1.5,17,0.9323416335821003,82,,,,,,
full,southern_california,M_SR,185,2.0,17,0.9205282993706669,93,,,,,,
full,southern_california,M_SR,185,3.0,17,0.900007663907909,109,,,,,,
full,southern_california,M_SR,186,0.1,10,0.9868181063992638,35,,,,,,
full,southern_california,M_SR,186,0.5,5,0.9649436104817917,56,,,,,,
full,southern_california,M_SR,186,1.0,9,0.9459380106010827,65,,,,,,
full,southern_california,M_SR,186,1.5,12,0.9307190783773478,79,,,,,,
full,southern_california,M_SR,186,2.0,3,0.9183564992219251,90,,,,,,
full,southern_california,M_SR,186,3.0,3,0.8974297905576738,102,,,,,,
full,southern_california,M_SR,187,0.1,4,0.9859535206492761,32,,,,,,
full,southern_california,M_SR,187,0.5,14,0.9651476700773065,56,,,,,,
full,southern_california,M_SR,187,1.0,5,0.9469638166618849,70,,,,,,
full,southern_california,M_SR,187,1.5,7,0.9321494232858808,83,,,,,,
full,southern_california,M_SR,187,2.0,11,0.9199342575316213,92,,,,,,
full,southern_california,M_SR,187,3.0,19,0.8985189110328676,109,,,,,,
full,southern_california,M_SR,188,0.1,5,0.9863773216149788,37,,,,,,
full,southern_california,M_SR,188,0.5,8,0.9630389914570733,53,,,,,,
full,southern_california,M_SR,188,1.0,19,0.9434114769654719,74,,,,,,
full,southern_california,M_SR,188,1.5,18,0.9293422080043093,84,,,,,,
full,southern_california,M_SR,188,2.0,19,0.9172500298520111,93,,,,,,
full,southern_california,M_SR,188,3.0,6,0.8957063729679524,103,,,,,,
full,southern_california,M_SR,189,0.1,1,0.9854863141441851,37,,,,,,
full,southern_california,M_SR,189,0.5,1,0.9661291805706461,55,,,,,,
full,southern_california,M_SR,189,1.0,12345,0.9473523656431115,67,,,,,,
full,southern_california,M_SR,189,1.5,4,0.9320087374102426,82,,,,,,
full,southern_california,M_SR,189,2.0,3,0.9201746122815917,86,,,,,,
full,southern_california,M_SR,189,3.0,6,0.8994378572708676,102,,,,,,
full,southern_california,M_SR,190,0.1,15,0.9860060842682717,34,,,,,,
full,southern_california,M_SR,190,0.5,17,0.9652385252171162,57,,,,,,
full,southern_california,M_SR,190,1.0,16,0.9480347145994847,74,,,,,,
full,southern_california,M_SR,190,1.5,11,0.9337113844129978,86,,,,,,
full,southern_california,M_SR,190,2.0,7,0.9218078124102099,95,,,,,,
full,southern_california,M_SR,190,3.0,2,0.9015445288918833,108,,,,,,
full,southern_california,M_SR,191,0.1,12,0.9861294195681327,32,,,,,,
full,southern_california,M_SR,191,0.5,12,0.9656388721889712,55,,,,,,
full,southern_california,M_SR,191,1.0,12,0.9473671257995243,69,,,,,,
full,southern_california,M_SR,191,1.5,7,0.9317810724742027,85,,,,,,
full,southern_california,M_SR,191,2.0,8,0.9191057801820932,92,,,,,,
full,southern_california,M_SR,191,3.0,2,0.8976795168828612,102,,,,,,
full,southern_california,M_SR,192,0.1,13,0.9861382002537435,34,,,,,,
full,southern_california,M_SR,192,0.5,5,0.9651914881281947,58,,,,,,
full,southern_california,M_SR,192,1.0,13,0.9466135989698766,74,,,,,,
full,southern_california,M_SR,192,1.5,17,0.9340748607628628,87,,,,,,
full,southern_california,M_SR,192,2.0,17,0.921814385463715,94,,,,,,
full,southern_california,M_SR,192,3.0,13,0.8993864281555413,103,,,,,,
full,southern_california,M_SR,193,0.1,13,0.9857746737588788,35,,,,,,
full,southern_california,M_SR,193,0.5,7,0.9644632834772995,62,,,,,,
full,southern_california,M_SR,193,1.0,13,0.9478351903929865,77,,,,,,
full,southern_california,M_SR,193,1.5,12345,0.9345325589818376,87,,,,,,
full,southern_california,M_SR,193,2.0,13,0.9221336848429785,97,,,,,,
full,southern_california,M_SR,193,3.0,15,0.9009334022217574,108,,,,,,
full,southern_california,M_SR,194,0.1,13,0.9864886599219498,36,,,,,,
full,southern_california,M_SR,194,0.5,17,0.9635445813558162,60,,,,,,
full,southern_california,M_SR,194,1.0,4,0.9451627041076041,82,,,,,,
full,southern_california,M_SR,194,1.5,10,0.9319318952612171,90,,,,,,
full,southern_california,M_SR,194,2.0,13,0.9198659586822782,91,,,,,,
full,southern_california,M_SR,194,3.0,15,0.898663525216154,109,,,,,,
full,southern_california,M_SR,195,0.1,4,0.9862658981596627,34,,,,,,
full,southern_california,M_SR,195,0.5,19,0.9635675731312044,60,,,,,,
full,southern_california,M_SR,195,1.0,6,0.9453248649011516,75,,,,,,
full,southern_california,M_SR,195,1.5,3,0.9304599470052429,89,,,,,,
full,southern_california,M_SR,195,2.0,18,0.9187988510911953,98,,,,,,
full,southern_california,M_SR,195,3.0,11,0.8993616158556659,111,,,,,,
full,southern_california,M_SR,196,0.1,7,0.9875638693363261,31,,,,,,
full,southern_california,M_SR,196,0.5,11,0.9659378728285002,59,,,,,,
full,southern_california,M_SR,196,1.0,2,0.9478921902929869,77,,,,,,
full,southern_california,M_SR,196,1.5,5,0.9326168308813915,84,,,,,,
full,southern_california,M_SR,196,2.0,5,0.9207132664822691,88,,,,,,
full,southern_california,M_SR,196,3.0,11,0.8999181353702734,103,,,,,,
full,southern_california,M_SR,197,0.1,9,0.9867891228930356,35,,,,,,
full,southern_california,M_SR,197,0.5,9,0.9652559654349553,56,,,,,,
full,southern_california,M_SR,197,1.0,9,0.9471420795138051,73,,,,,,
full,southern_california,M_SR,197,1.5,16,0.9311127803068355,86,,,,,,
full,southern_california,M_SR,197,2.0,19,0.9173108105765863,91,,,,,,
full,southern_california,M_SR,197,3.0,10,0.896375476675039,101,,,,,,
full,southern_california,M_SR,198,0.1,7,0.9861210932579125,33,,,,,,
full,southern_california,M_SR,198,0.5,15,0.9656990561995841,60,,,,,,
full,southern_california,M_SR,198,1.0,10,0.947540719131449,70,,,,,,
full,southern_california,M_SR,198,1.5,10,0.9324405740047452,83,,,,,,
full,southern_california,M_SR,198,2.0,10,0.9207074651176763,94,,,,,,
full,southern_california,M_SR,198,3.0,6,0.9011015780607062,107,,,,,,
full,southern_california,M_SR,199,0.1,12345,0.9874182706200914,32,,,,,,
full,southern_california,M_SR,199,0.5,12345,0.9667624061751098,57,,,,,,
full,southern_california,M_SR,199,1.0,8,0.9489952589957394,72,,,,,,
full,southern_california,M_SR,199,1.5,9,0.9350416303290915,81,,,,,,
full,southern_california,M_SR,199,2.0,3,0.9223315349710947,89,,,,,,
full,southern_california,M_SR,199,3.0,8,0.9011124870125884,109,,,,,,
holdout,shanxi,observed,-1,0.1,15,0.9637580649950594,8,0.8611111111111112,0.8387096774193549,36.0,31.0,31.0,26.0
holdout,shanxi,observed,-1,0.5,10,0.9280360310226557,19,0.8055555555555556,0.7741935483870968,36.0,31.0,29.0,24.0
holdout,shanxi,observed,-1,1.0,8,0.8965776926066259,27,0.8055555555555556,0.7741935483870968,36.0,31.0,29.0,24.0
holdout,shanxi,observed,-1,1.5,12345,0.8710579699712224,33,0.8055555555555556,0.7741935483870968,36.0,31.0,29.0,24.0
holdout,shanxi,observed,-1,2.0,12345,0.8476654501137951,35,0.8055555555555556,0.7741935483870968,36.0,31.0,29.0,24.0
holdout,shanxi,observed,-1,3.0,19,0.8102716722187027,42,0.8055555555555556,0.7741935483870968,36.0,31.0,29.0,24.0
holdout,shanxi,M_SR,0,0.1,4,0.9585683619177605,7,0.8611111111111112,0.8387096774193549,36.0,31.0,31.0,26.0
holdout,shanxi,M_SR,0,0.5,2,0.9055778181661411,17,0.8611111111111112,0.8387096774193549,36.0,31.0,31.0,26.0
holdout,shanxi,M_SR,0,1.0,12,0.8678760287112196,22,0.8611111111111112,0.8387096774193549,36.0,31.0,31.0,26.0
holdout,shanxi,M_SR,0,1.5,8,0.8389157262037374,27,0.8333333333333334,0.8064516129032258,36.0,31.0,30.0,25.0
holdout,shanxi,M_SR,0,2.0,6,0.8145392548283366,32,0.8333333333333334,0.8064516129032258,36.0,31.0,30.0,25.0
holdout,shanxi,M_SR,0,3.0,6,0.7754046388218614,40,0.8055555555555556,0.7741935483870968,36.0,31.0,29.0,24.0
holdout,shanxi,M_SR,1,0.1,7,0.9601612120455305,7,0.8611111111111112,0.8387096774193549,36.0,31.0,31.0,26.0
holdout,shanxi,M_SR,1,0.5,7,0.9158228412429761,21,0.8055555555555556,0.7741935483870968,36.0,31.0,29.0,24.0
holdout,shanxi,M_SR,1,1.0,5,0.8810699174602905,27,0.8055555555555556,0.7741935483870968,36.0,31.0,29.0,24.0
holdout,shanxi,M_SR,1,1.5,7,0.8527651029871677,31,0.8611111111111112,0.8387096774193549,36.0,31.0,31.0,26.0
holdout,shanxi,M_SR,1,2.0,18,0.8274474455671331,36,0.8333333333333334,0.8064516129032258,36.0,31.0,30.0,25.0
holdout,shanxi,M_SR,1,3.0,3,0.7894023920214149,45,0.8333333333333334,0.8064516129032258,36.0,31.0,30.0,25.0
holdout,shanxi,M_SR,2,0.1,18,0.9580252910418635,7,1.0,1.0,36.0,31.0,36.0,31.0
holdout,shanxi,M_SR,2,0.5,3,0.912163156072496,19,0.8333333333333334,0.8064516129032258,36.0,31.0,30.0,25.0
holdout,shanxi,M_SR,2,1.0,10,0.8733853268514405,25,0.75,0.7096774193548387,36.0,31.0,27.0,22.0
holdout,shanxi,M_SR,2,1.5,10,0.8441816663331135,30,0.75,0.7096774193548387,36.0,31.0,27.0,22.0
holdout,shanxi,M_SR,2,2.0,10,0.8204146063314988,35,0.7222222222222222,0.6774193548387096,36.0,31.0,26.0,21.0
holdout,shanxi,M_SR,2,3.0,10,0.7803555897473902,45,0.7222222222222222,0.6774193548387096,36.0,31.0,26.0,21.0
holdout,shanxi,M_SR,3,0.1,12345,0.9571860022244788,7,0.9722222222222222,0.967741935483871,36.0,31.0,35.0,30.0
holdout,shanxi,M_SR,3,0.5,2,0.9070549050151582,18,0.8333333333333334,0.8064516129032258,36.0,31.0,30.0,25.0
holdout,shanxi,M_SR,3,1.0,10,0.8716227111368063,25,0.7777777777777778,0.7419354838709677,36.0,31.0,28.0,23.0
holdout,shanxi,M_SR,3,1.5,12,0.8452494395137956,34,0.8333333333333334,0.8064516129032258,36.0,31.0,30.0,25.0
holdout,shanxi,M_SR,3,2.0,14,0.826324364844105,37,0.8333333333333334,0.8064516129032258,36.0,31.0,30.0,25.0
holdout,shanxi,M_SR,3,3.0,14,0.7906218557120474,44,0.8333333333333334,0.8064516129032258,36.0,31.0,30.0,25.0
holdout,shanxi,M_SR,4,0.1,1,0.956633942209055,8,1.0,1.0,36.0,31.0,36.0,31.0
holdout,shanxi,M_SR,4,0.5,3,0.9089388125234065,16,0.8611111111111112,0.8387096774193549,36.0,31.0,31.0,26.0
holdout,shanxi,M_SR,4,1.0,2,0.8760115317246938,23,0.8333333333333334,0.8064516129032258,36.0,31.0,30.0,25.0
holdout,shanxi,M_SR,4,1.5,1,0.850541146543014,30,0.8333333333333334,0.8064516129032258,36.0,31.0,30.0,25.0
holdout,shanxi,M_SR,4,2.0,7,0.8285917355487147,35,0.8333333333333334,0.8064516129032258,36.0,31.0,30.0,25.0
holdout,shanxi,M_SR,4,3.0,4,0.7879782158926811,39,0.8333333333333334,0.8064516129032258,36.0,31.0,30.0,25.0
holdout,shanxi,M_SR,5,0.1,9,0.9547822688219694,7,0.8055555555555556,0.7741935483870968,36.0,31.0,29.0,24.0
holdout,shanxi,M_SR,5,0.5,14,0.908426384320269,18,0.8055555555555556,0.7741935483870968,36.0,31.0,29.0,24.0
holdout,shanxi,M_SR,5,1.0,4,0.8686425336173553,25,0.7777777777777778,0.7419354838709677,36.0,31.0,28.0,23.0
holdout,shanxi,M_SR,5,1.5,14,0.8399974611494827,31,0.7777777777777778,0.7419354838709677,36.0,31.0,28.0,23.0
holdout,shanxi,M_SR,5,2.0,19,0.8163900459212706,36,0.7777777777777778,0.7419354838709677,36.0,31.0,28.0,23.0
holdout,shanxi,M_SR,5,3.0,17,0.7799525063169768,43,0.7777777777777778,0.7419354838709677,36.0,31.0,28.0,23.0
holdout,shanxi,M_SR,6,0.1,7,0.9578573292623883,8,0.8611111111111112,0.8387096774193549,36.0,31.0,31.0,26.0
holdout,shanxi,M_SR,6,0.5,8,0.9100380795735077,19,0.8333333333333334,0.8064516129032258,36.0,31.0,30.0,25.0
holdout,shanxi,M_SR,6,1.0,5,0.8753683226874982,27,0.8333333333333334,0.8064516129032258,36.0,31.0,30.0,25.0
holdout,shanxi,M_SR,6,1.5,8,0.8472055916118151,31,0.8055555555555556,0.7741935483870968,36.0,31.0,29.0,24.0
holdout,shanxi,M_SR,6,2.0,5,0.8224513929494081,34,0.8055555555555556,0.7741935483870968,36.0,31.0,29.0,24.0
holdout,shanxi,M_SR,6,3.0,2,0.7805479501247187,45,0.8055555555555556,0.7741935483870968,36.0,31.0,29.0,24.0
holdout,shanxi,M_SR,7,0.1,14,0.9585549581185804,7,0.8333333333333334,0.8064516129032258,36.0,31.0,30.0,25.0
holdout,shanxi,M_SR,7,0.5,5,0.9107338855220221,17,0.8333333333333334,0.8064516129032258,36.0,31.0,30.0,25.0
holdout,shanxi,M_SR,7,1.0,11,0.8710732283697286,26,0.8333333333333334,0.8064516129032258,36.0,31.0,30.0,25.0
holdout,shanxi,M_SR,7,1.5,11,0.8455775819846517,32,0.8333333333333334,0.8064516129032258,36.0,31.0,30.0,25.0
holdout,shanxi,M_SR,7,2.0,11,0.8234227273056505,35,0.8333333333333334,0.8064516129032258,36.0,31.0,30.0,25.0
holdout,shanxi,M_SR,7,3.0,19,0.7864208206810503,43,0.8333333333333334,0.8064516129032258,36.0,31.0,30.0,25.0
holdout,shanxi,M_SR,8,0.1,2,0.9562870409102076,7,1.0,1.0,36.0,31.0,36.0,31.0
holdout,shanxi,M_SR,8,0.5,1,0.9060945798494804,19,0.8611111111111112,0.8387096774193549,36.0,31.0,31.0,26.0
holdout,shanxi,M_SR,8,1.0,17,0.8693136211878544,25,0.8611111111111112,0.8387096774193549,36.0,31.0,31.0,26.0
holdout,shanxi,M_SR,8,1.5,8,0.8431171173047525,30,0.8611111111111112,0.8387096774193549,36.0,31.0,31.0,26.0
holdout,shanxi,M_SR,8,2.0,12345,0.8201925160508198,37,0.8611111111111112,0.8387096774193549,36.0,31.0,31.0,26.0
holdout,shanxi,M_SR,8,3.0,12345,0.7842466836741742,45,0.8333333333333334,0.8064516129032258,36.0,31.0,30.0,25.0
holdout,shanxi,M_SR,9,0.1,6,0.9568885810142946,7,1.0,1.0,36.0,31.0,36.0,31.0
holdout,shanxi,M_SR,9,0.5,11,0.9111692186130762,15,0.8611111111111112,0.8387096774193549,36.0,31.0,31.0,26.0
holdout,shanxi,M_SR,9,1.0,4,0.8741542724892819,25,0.8055555555555556,0.7741935483870968,36.0,31.0,29.0,24.0
holdout,shanxi,M_SR,9,1.5,17,0.8451674746522039,34,0.8055555555555556,0.7741935483870968,36.0,31.0,29.0,24.0
holdout,shanxi,M_SR,9,2.0,3,0.8216559134294008,35,0.8055555555555556,0.7741935483870968,36.0,31.0,29.0,24.0
holdout,shanxi,M_SR,9,3.0,12345,0.7774924767686968,42,0.8055555555555556,0.7741935483870968,36.0,31.0,29.0,24.0
holdout,shanxi,M_SR,10,0.1,16,0.9579799827992088,7,0.8611111111111112,0.8387096774193549,36.0,31.0,31.0,26.0
holdout,shanxi,M_SR,10,0.5,8,0.9095418223812826,17,0.8611111111111112,0.8387096774193549,36.0,31.0,31.0,26.0
holdout,shanxi,M_SR,10,1.0,17,0.8733778797347813,26,0.8055555555555556,0.7741935483870968,36.0,31.0,29.0,24.0
holdout,shanxi,M_SR,10,1.5,7,0.8473188204199996,33,0.8055555555555556,0.7741935483870968,36.0,31.0,29.0,24.0
holdout,shanxi,M_SR,10,2.0,17,0.8239399641105842,36,0.8055555555555556,0.7741935483870968,36.0,31.0,29.0,24.0
holdout,shanxi,M_SR,10,3.0,12,0.7854026530699105,43,0.8055555555555556,0.7741935483870968,36.0,31.0,29.0,24.0
holdout,shanxi,M_SR,11,0.1,18,0.9554743637226614,8,1.0,1.0,36.0,31.0,36.0,31.0
holdout,shanxi,M_SR,11,0.5,2,0.899538786471335,20,0.8611111111111112,0.8387096774193549,36.0,31.0,31.0,26.0
holdout,shanxi,M_SR,11,1.0,2,0.86116736930261,24,0.8611111111111112,0.8387096774193549,36.0,31.0,31.0,26.0
holdout,shanxi,M_SR,11,1.5,19,0.8324188367928255,30,0.8333333333333334,0.8064516129032258,36.0,31.0,30.0,25.0
holdout,shanxi,M_SR,11,2.0,12,0.8084689729710173,36,0.8333333333333334,0.8064516129032258,36.0,31.0,30.0,25.0
holdout,shanxi,M_SR,11,3.0,18,0.7687060272703454,43,0.8333333333333334,0.8064516129032258,36.0,31.0,30.0,25.0
holdout,shanxi,M_SR,12,0.1,19,0.9552218406412012,7,1.0,1.0,36.0,31.0,36.0,31.0
holdout,shanxi,M_SR,12,0.5,5,0.9079999186992833,18,0.8611111111111112,0.8387096774193549,36.0,31.0,31.0,26.0
holdout,shanxi,M_SR,12,1.0,3,0.8721178043908787,25,0.8055555555555556,0.7741935483870968,36.0,31.0,29.0,24.0
holdout,shanxi,M_SR,12,1.5,3,0.8462292291674439,33,0.7777777777777778,0.7419354838709677,36.0,31.0,28.0,23.0
holdout,shanxi,M_SR,12,2.0,10,0.822729279133741,37,0.7777777777777778,0.7419354838709677,36.0,31.0,28.0,23.0
holdout,shanxi,M_SR,12,3.0,10,0.7877280875153405,47,0.7777777777777778,0.7419354838709677,36.0,31.0,28.0,23.0
holdout,shanxi,M_SR,13,0.1,10,0.9595130038575523,9,0.8333333333333334,0.8064516129032258,36.0,31.0,30.0,25.0
holdout,shanxi,M_SR,13,0.5,17,0.9069407319495946,17,0.8055555555555556,0.7741935483870968,36.0,31.0,29.0,24.0
holdout,shanxi,M_SR,13,1.0,10,0.865002416617497,24,0.8055555555555556,0.7741935483870968,36.0,31.0,29.0,24.0
holdout,shanxi,M_SR,13,1.5,9,0.8378053943424252,30,0.7777777777777778,0.7419354838709677,36.0,31.0,28.0,23.0
holdout,shanxi,M_SR,13,2.0,9,0.8168285140161087,33,0.8055555555555556,0.7741935483870968,36.0,31.0,29.0,24.0
holdout,shanxi,M_SR,13,3.0,8,0.7814889867308908,42,0.8055555555555556,0.7741935483870968,36.0,31.0,29.0,24.0
holdout,shanxi,M_SR,14,0.1,5,0.9585632391417056,9,1.0,1.0,36.0,31.0,36.0,31.0
holdout,shanxi,M_SR,14,0.5,9,0.9140685329022751,19,0.8611111111111112,0.8387096774193549,36.0,31.0,31.0,26.0
holdout,shanxi,M_SR,14,1.0,15,0.8773562997279829,24,0.8611111111111112,0.8387096774193549,36.0,31.0,31.0,26.0
holdout,shanxi,M_SR,14,1.5,14,0.8473928701114396,28,0.8333333333333334,0.8064516129032258,36.0,31.0,30.0,25.0
holdout,shanxi,M_SR,14,2.0,1,0.8233915816811435,36,0.8333333333333334,0.8064516129032258,36.0,31.0,30.0,25.0
holdout,shanxi,M_SR,14,3.0,19,0.7813530115474596,41,0.8333333333333334,0.8064516129032258,36.0,31.0,30.0,25.0
holdout,shanxi,M_SR,15,0.1,4,0.9578191483133858,6,0.8333333333333334,0.8064516129032258,36.0,31.0,30.0,25.0
holdout,shanxi,M_SR,15,0.5,2,0.9083302655093656,15,0.8333333333333334,0.8064516129032258,36.0,31.0,30.0,25.0
holdout,shanxi,M_SR,15,1.0,13,0.8689951597349364,24,0.8333333333333334,0.8064516129032258,36.0,31.0,30.0,25.0
holdout,shanxi,M_SR,15,1.5,2,0.838158662702071,27,0.8055555555555556,0.7741935483870968,36.0,31.0,29.0,24.0
holdout,shanxi,M_SR,15,2.0,10,0.8111417342078807,35,0.8333333333333334,0.8064516129032258,36.0,31.0,30.0,25.0
holdout,shanxi,M_SR,15,3.0,6,0.7691176729326962,38,0.8333333333333334,0.8064516129032258,36.0,31.0,30.0,25.0
holdout,shanxi,M_SR,16,0.1,2,0.9549125683839832,6,1.0,1.0,36.0,31.0,36.0,31.0
holdout,shanxi,M_SR,16,0.5,6,0.9038948858737685,18,0.8611111111111112,0.8387096774193549,36.0,31.0,31.0,26.0
holdout,shanxi,M_SR,16,1.0,17,0.867792624800669,24,0.8333333333333334,0.8064516129032258,36.0,31.0,30.0,25.0
holdout,shanxi,M_SR,16,1.5,1,0.8392287540920671,32,0.8333333333333334,0.8064516129032258,36.0,31.0,30.0,25.0
holdout,shanxi,M_SR,16,2.0,12,0.8166903817162922,35,0.8333333333333334,0.8064516129032258,36.0,31.0,30.0,25.0
holdout,shanxi,M_SR,16,3.0,4,0.7791629756924774,37,0.8333333333333334,0.8064516129032258,36.0,31.0,30.0,25.0
holdout,shanxi,M_SR,17,0.1,13,0.957876198605798,7,1.0,1.0,36.0,31.0,36.0,31.0
holdout,shanxi,M_SR,17,0.5,7,0.9131716605069767,20,0.8611111111111112,0.8387096774193549,36.0,31.0,31.0,26.0
holdout,shanxi,M_SR,17,1.0,12345,0.8778061157278599,25,0.8333333333333334,0.8064516129032258,36.0,31.0,30.0,25.0
holdout,shanxi,M_SR,17,1.5,18,0.8483989219500799,30,0.8055555555555556,0.7741935483870968,36.0,31.0,29.0,24.0
holdout,shanxi,M_SR,17,2.0,18,0.8230883207532872,37,0.8055555555555556,0.7741935483870968,36.0,31.0,29.0,24.0
holdout,shanxi,M_SR,17,3.0,1,0.78020969750958,41,0.8055555555555556,0.7741935483870968,36.0,31.0,29.0,24.0
holdout,shanxi,M_SR,18,0.1,14,0.9570833125364588,8,0.8611111111111112,0.8387096774193549,36.0,31.0,31.0,26.0
holdout,shanxi,M_SR,18,0.5,8,0.9106228733607624,18,0.8611111111111112,0.8387096774193549,36.0,31.0,31.0,26.0
holdout,shanxi,M_SR,18,1.0,18,0.8688117549371879,24,0.8611111111111112,0.8387096774193549,36.0,31.0,31.0,26.0
holdout,shanxi,M_SR,18,1.5,14,0.8379950432146231,30,0.8611111111111112,0.8387096774193549,36.0,31.0,31.0,26.0
holdout,shanxi,M_SR,18,2.0,1,0.8146779327258151,37,0.8611111111111112,0.8387096774193549,36.0,31.0,31.0,26.0
holdout,shanxi,M_SR,18,3.0,17,0.7741607637619032,42,0.8611111111111112,0.8387096774193549,36.0,31.0,31.0,26.0
holdout,shanxi,M_SR,19,0.1,12345,0.9562714169332256,7,1.0,1.0,36.0,31.0,36.0,31.0
holdout,shanxi,M_SR,19,0.5,9,0.9048879434223891,19,0.8611111111111112,0.8387096774193549,36.0,31.0,31.0,26.0
holdout,shanxi,M_SR,19,1.0,7,0.870554423332736,23,0.8611111111111112,0.8387096774193549,36.0,31.0,31.0,26.0
holdout,shanxi,M_SR,19,1.5,8,0.8446732886582284,30,0.8333333333333334,0.8064516129032258,36.0,31.0,30.0,25.0
holdout,shanxi,M_SR,19,2.0,7,0.8209727236368193,37,0.7777777777777778,0.7419354838709677,36.0,31.0,28.0,23.0
holdout,shanxi,M_SR,19,3.0,4,0.7821763067832458,45,0.8333333333333334,0.8064516129032258,36.0,31.0,30.0,25.0
holdout,shanxi,M_SR,20,0.1,7,0.9538018970857677,6,0.8611111111111112,0.8387096774193549,36.0,31.0,31.0,26.0
holdout,shanxi,M_SR,20,0.5,8,0.9077545379325089,18,0.8611111111111112,0.8387096774193549,36.0,31.0,31.0,26.0
holdout,shanxi,M_SR,20,1.0,15,0.8732464299040839,25,0.8611111111111112,0.8387096774193549,36.0,31.0,31.0,26.0
holdout,shanxi,M_SR,20,1.5,18,0.8468696934444664,33,0.8333333333333334,0.8064516129032258,36.0,31.0,30.0,25.0
holdout,shanxi,M_SR,20,2.0,15,0.8235805854959092,38,0.8333333333333334,0.8064516129032258,36.0,31.0,30.0,25.0
holdout,shanxi,M_SR,20,3.0,3,0.7838601169666835,46,0.75,0.7096774193548387,36.0,31.0,27.0,22.0
holdout,shanxi,M_SR,21,0.1,6,0.951730993304784,6,1.0,1.0,36.0,31.0,36.0,31.0
holdout,shanxi,M_SR,21,0.5,5,0.9030588840443255,18,0.8333333333333334,0.8064516129032258,36.0,31.0,30.0,25.0
holdout,shanxi,M_SR,21,1.0,2,0.8654502046926478,25,0.8611111111111112,0.8387096774193549,36.0,31.0,31.0,26.0
holdout,shanxi,M_SR,21,1.5,6,0.8402873893816606,31,0.8333333333333334,0.8064516129032258,36.0,31.0,30.0,25.0
holdout,shanxi,M_SR,21,2.0,6,0.8164082864141234,35,0.8333333333333334,0.8064516129032258,36.0,31.0,30.0,25.0
holdout,shanxi,M_SR,21,3.0,9,0.7715616697735288,39,0.8333333333333334,0.8064516129032258,36.0,31.0,30.0,25.0
holdout,shanxi,M_SR,22,0.1,7,0.9605695181854571,9,0.8611111111111112,0.8387096774193549,36.0,31.0,31.0,26.0
holdout,shanxi,M_SR,22,0.5,6,0.9102995451741122,15,0.8333333333333334,0.8064516129032258,36.0,31.0,30.0,25.0
holdout,shanxi,M_SR,22,1.0,6,0.8716151328453646,25,0.8333333333333334,0.8064516129032258,36.0,31.0,30.0,25.0
holdout,shanxi,M_SR,22,1.5,12345,0.8420428860590901,31,0.8333333333333334,0.8064516129032258,36.0,31.0,30.0,25.0
holdout,shanxi,M_SR,22,2.0,19,0.8183685617512562,34,0.8333333333333334,0.8064516129032258,36.0,31.0,30.0,25.0
holdout,shanxi,M_SR,22,3.0,5,0.7789924082485223,45,0.8333333333333334,0.8064516129032258,36.0,31.0,30.0,25.0
holdout,shanxi,M_SR,23,0.1,18,0.9547155417444548,8,0.8611111111111112,0.8387096774193549,36.0,31.0,31.0,26.0
holdout,shanxi,M_SR,23,0.5,17,0.9047110799342247,18,0.8611111111111112,0.8387096774193549,36.0,31.0,31.0,26.0
holdout,shanxi,M_SR,23,1.0,2,0.8689012363794906,25,0.8333333333333334,0.8064516129032258,36.0,31.0,30.0,25.0
holdout,shanxi,M_SR,23,1.5,17,0.8423243591276592,30,0.8611111111111112,0.8387096774193549,36.0,31.0,31.0,26.0
holdout,shanxi,M_SR,23,2.0,7,0.818493528166645,36,0.8611111111111112,0.8387096774193549,36.0,31.0,31.0,26.0
holdout,shanxi,M_SR,23,3.0,3,0.782544913573763,42,0.8055555555555556,0.7741935483870968,36.0,31.0,29.0,24.0
holdout,shanxi,M_SR,24,0.1,12345,0.9599271740487915,7,0.8611111111111112,0.8387096774193549,36.0,31.0,31.0,26.0
holdout,shanxi,M_SR,24,0.5,10,0.9051355175362116,16,0.8611111111111112,0.8387096774193549,36.0,31.0,31.0,26.0
holdout,shanxi,M_SR,24,1.0,8,0.869277543315809,26,0.8055555555555556,0.7741935483870968,36.0,31.0,29.0,24.0
holdout,shanxi,M_SR,24,1.5,9,0.8401595720442279,28,0.8055555555555556,0.7741935483870968,36.0,31.0,29.0,24.0
holdout,shanxi,M_SR,24,2.0,14,0.8136850484703843,33,0.8055555555555556,0.7741935483870968,36.0,31.0,29.0,24.0
holdout,shanxi,M_SR,24,3.0,15,0.7742474580890597,41,0.75,0.7096774193548387,36.0,31.0,27.0,22.0
holdout,shanxi,M_SR,25,0.1,12345,0.9573887481836478,7,1.0,1.0,36.0,31.0,36.0,31.0
holdout,shanxi,M_SR,25,0.5,13,0.9086959476262404,22,0.8611111111111112,0.8387096774193549,36.0,31.0,31.0,26.0
holdout,shanxi,M_SR,25,1.0,3,0.8723103970981149,27,0.8611111111111112,0.8387096774193549,36.0,31.0,31.0,26.0
holdout,shanxi,M_SR,25,1.5,1,0.8462083655720224,31,0.8611111111111112,0.8387096774193549,36.0,31.0,31.0,26.0
holdout,shanxi,M_SR,25,2.0,1,0.8220895822094949,34,0.8611111111111112,0.8387096774193549,36.0,31.0,31.0,26.0
holdout,shanxi,M_SR,25,3.0,18,0.7793982039981731,44,0.8055555555555556,0.7741935483870968,36.0,31.0,29.0,24.0
holdout,shanxi,M_SR,26,0.1,11,0.9517978596759239,7,0.8611111111111112,0.8387096774193549,36.0,31.0,31.0,26.0
holdout,shanxi,M_SR,26,0.5,3,0.8994589364492691,19,0.8611111111111112,0.8387096774193549,36.0,31.0,31.0,26.0
holdout,shanxi,M_SR,26,1.0,12345,0.8596386118156394,23,0.8333333333333334,0.8064516129032258,36.0,31.0,30.0,25.0
holdout,shanxi,M_SR,26,1.5,7,0.8319113271798692,30,0.8611111111111112,0.8387096774193549,36.0,31.0,31.0,26.0
holdout,shanxi,M_SR,26,2.0,3,0.8094344270439912,31,0.8611111111111112,0.8387096774193549,36.0,31.0,31.0,26.0
holdout,shanxi,M_SR,26,3.0,5,0.768072412347956,39,0.8333333333333334,0.8064516129032258,36.0,31.0,30.0,25.0
holdout,shanxi,M_SR,27,0.1,6,0.958374416512711,7,0.8611111111111112,0.8387096774193549,36.0,31.0,31.0,26.0
holdout,shanxi,M_SR,27,0.5,19,0.9073450211136698,15,0.8611111111111112,0.8387096774193549,36.0,31.0,31.0,26.0
holdout,shanxi,M_SR,27,1.0,12,0.8685405317264789,22,0.8611111111111112,0.8387096774193549,36.0,31.0,31.0,26.0
holdout,shanxi,M_SR,27,1.5,12,0.8411498280371914,29,0.8611111111111112,0.8387096774193549,36.0,31.0,31.0,26.0
holdout,shanxi,M_SR,27,2.0,10,0.8176216629902525,34,0.8611111111111112,0.8387096774193549,36.0,31.0,31.0,26.0
holdout,shanxi,M_SR,27,3.0,12345,0.7780974873717664,38,0.8611111111111112,0.8387096774193549,36.0,31.0,31.0,26.0
holdout,shanxi,M_SR,28,0.1,5,0.9583633510415933,7,1.0,1.0,36.0,31.0,36.0,31.0
holdout,shanxi,M_SR,28,0.5,4,0.9148757552271409,19,0.8611111111111112,0.8387096774193549,36.0,31.0,31.0,26.0
holdout,shanxi,M_SR,28,1.0,18,0.8766769396393477,24,0.8055555555555556,0.7741935483870968,36.0,31.0,29.0,24.0
holdout,shanxi,M_SR,28,1.5,12,0.8480626157567882,30,0.8055555555555556,0.7741935483870968,36.0,31.0,29.0,24.0
holdout,shanxi,M_SR,28,2.0,19,0.8239327049845472,35,0.8055555555555556,0.7741935483870968,36.0,31.0,29.0,24.0
holdout,shanxi,M_SR,28,3.0,5,0.7843293167951549,43,0.8055555555555556,0.7741935483870968,36.0,31.0,29.0,24.0
holdout,shanxi,M_SR,29,0.1,12345,0.9568947770530642,6,0.8611111111111112,0.8387096774193549,36.0,31.0,31.0,26.0
holdout,shanxi,M_SR,29,0.5,12345,0.9042085437841354,17,0.8611111111111112,0.8387096774193549,36.0,31.0,31.0,26.0
holdout,shanxi,M_SR,29,1.0,4,0.8662274157804781,25,0.8611111111111112,0.8387096774193549,36.0,31.0,31.0,26.0
holdout,shanxi,M_SR,29,1.5,5,0.8409533064434815,34,0.8055555555555556,0.7741935483870968,36.0,31.0,29.0,24.0
holdout,shanxi,M_SR,29,2.0,17,0.8182159527303114,39,0.7777777777777778,0.7419354838709677,36.0,31.0,28.0,23.0
holdout,shanxi,M_SR,29,3.0,15,0.7829046259471516,43,0.7777777777777778,0.7419354838709677,36.0,31.0,28.0,23.0
holdout,shanxi,M_SR,30,0.1,5,0.9578988650745053,8,1.0,1.0,36.0,31.0,36.0,31.0
holdout,shanxi,M_SR,30,0.5,3,0.9100772404033619,20,0.8333333333333334,0.8064516129032258,36.0,31.0,30.0,25.0
holdout,shanxi,M_SR,30,1.0,4,0.8763298957792395,26,0.8333333333333334,0.8064516129032258,36.0,31.0,30.0,25.0
holdout,shanxi,M_SR,30,1.5,4,0.8481084914012066,30,0.8333333333333334,0.8064516129032258,36.0,31.0,30.0,25.0
holdout,shanxi,M_SR,30,2.0,17,0.8221319603579104,35,0.8055555555555556,0.7741935483870968,36.0,31.0,29.0,24.0
holdout,shanxi,M_SR,30,3.0,11,0.7809406188675468,42,0.8055555555555556,0.7741935483870968,36.0,31.0,29.0,24.0
holdout,shanxi,M_SR,31,0.1,7,0.9568351393357337,6,1.0,1.0,36.0,31.0,36.0,31.0
holdout,shanxi,M_SR,31,0.5,1,0.9059463903869008,17,0.8611111111111112,0.8387096774193549,36.0,31.0,31.0,26.0
holdout,shanxi,M_SR,31,1.0,1,0.8636673292673952,24,0.7777777777777778,0.7419354838709677,36.0,31.0,28.0,23.0
holdout,shanxi,M_SR,31,1.5,14,0.8324441921391537,30,0.7777777777777778,0.7419354838709677,36.0,31.0,28.0,23.0
holdout,shanxi,M_SR,31,2.0,1,0.8095399119841671,34,0.7777777777777778,0.7419354838709677,36.0,31.0,28.0,23.0
holdout,shanxi,M_SR,31,3.0,3,0.7714043051836026,40,0.8055555555555556,0.7741935483870968,36.0,31.0,29.0,24.0
holdout,shanxi,M_SR,32,0.1,7,0.9616005239353733,9,0.8611111111111112,0.8387096774193549,36.0,31.0,31.0,26.0
holdout,shanxi,M_SR,32,0.5,9,0.9151339615599706,17,0.8611111111111112,0.8387096774193549,36.0,31.0,31.0,26.0
holdout,shanxi,M_SR,32,1.0,11,0.8762362796339607,27,0.8055555555555556,0.7741935483870968,36.0,31.0,29.0,24.0
holdout,shanxi,M_SR,32,1.5,12345,0.8506665257759994,33,0.8055555555555556,0.7741935483870968,36.0,31.0,29.0,24.0
holdout,shanxi,M_SR,32,2.0,1,0.8267560436713299,33,0.8055555555555556,0.7741935483870968,36.0,31.0,29.0,24.0
holdout,shanxi,M_SR,32,3.0,7,0.7881037459991185,43,0.8055555555555556,0.7741935483870968,36.0,31.0,29.0,24.0
holdout,shanxi,M_SR,33,0.1,13,0.9581184549875097,8,1.0,1.0,36.0,31.0,36.0,31.0
holdout,shanxi,M_SR,33,0.5,15,0.9085780165079858,18,0.8611111111111112,0.8387096774193549,36.0,31.0,31.0,26.0
holdout,shanxi,M_SR,33,1.0,9,0.8673271750065659,26,0.8611111111111112,0.8387096774193549,36.0,31.0,31.0,26.0
holdout,shanxi,M_SR,33,1.5,9,0.8396658326945088,32,0.8333333333333334,0.8064516129032258,36.0,31.0,30.0,25.0
holdout,shanxi,M_SR,33,2.0,8,0.8173602956598863,36,0.8333333333333334,0.8064516129032258,36.0,31.0,30.0,25.0
holdout,shanxi,M_SR,33,3.0,15,0.7797561504870909,44,0.8333333333333334,0.8064516129032258,36.0,31.0,30.0,25.0
holdout,shanxi,M_SR,34,0.1,1,0.9510126601571421,9,0.8611111111111112,0.8387096774193549,36.0,31.0,31.0,26.0
holdout,shanxi,M_SR,34,0.5,12345,0.9009698749064889,17,0.8611111111111112,0.8387096774193549,36.0,31.0,31.0,26.0
holdout,shanxi,M_SR,34,1.0,15,0.8590526801065699,22,0.8055555555555556,0.7741935483870968,36.0,31.0,29.0,24.0
holdout,shanxi,M_SR,34,1.5,12345,0.8293284417975266,30,0.8055555555555556,0.7741935483870968,36.0,31.0,29.0,24.0
holdout,shanxi,M_SR,34,2.0,13,0.8044101050920621,34,0.8055555555555556,0.7741935483870968,36.0,31.0,29.0,24.0
holdout,shanxi,M_SR,34,3.0,8,0.7608797512671001,42,0.75,0.7096774193548387,36.0,31.0,27.0,22.0
holdout,shanxi,M_SR,35,0.1,15,0.9580807182615917,7,0.8611111111111112,0.8387096774193549,36.0,31.0,31.0,26.0
holdout,shanxi,M_SR,35,0.5,3,0.913553548827307,18,0.8611111111111112,0.8387096774193549,36.0,31.0,31.0,26.0
holdout,shanxi,M_SR,35,1.0,18,0.8720183087147442,27,0.8611111111111112,0.8387096774193549,36.0,31.0,31.0,26.0
holdout,shanxi,M_SR,35,1.5,19,0.8418425420893759,30,0.8611111111111112,0.8387096774193549,36.0,31.0,31.0,26.0
holdout,shanxi,M_SR,35,2.0,18,0.8183474052999827,39,0.8333333333333334,0.8064516129032258,36.0,31.0,30.0,25.0
holdout,shanxi,M_SR,35,3.0,19,0.7794368210319973,40,0.8333333333333334,0.8064516129032258,36.0,31.0,30.0,25.0
holdout,shanxi,M_SR,36,0.1,2,0.9600439208775254,8,1.0,1.0,36.0,31.0,36.0,31.0
holdout,shanxi,M_SR,36,0.5,18,0.91348915591606,15,0.8611111111111112,0.8387096774193549,36.0,31.0,31.0,26.0
holdout,shanxi,M_SR,36,1.0,17,0.8725488516507525,24,0.8611111111111112,0.8387096774193549,36.0,31.0,31.0,26.0
holdout,shanxi,M_SR,36,1.5,15,0.845402261026057,31,0.8611111111111112,0.8387096774193549,36.0,31.0,31.0,26.0
holdout,shanxi,M_SR,36,2.0,4,0.8244615025554423,37,0.8333333333333334,0.8064516129032258,36.0,31.0,30.0,25.0
holdout,shanxi,M_SR,36,3.0,4,0.7865087415327604,43,0.8333333333333334,0.8064516129032258,36.0,31.0,30.0,25.0
holdout,shanxi,M_SR,37,0.1,10,0.9595151790433053,8,0.8611111111111112,0.8387096774193549,36.0,31.0,31.0,26.0
holdout,shanxi,M_SR,37,0.5,18,0.9100283624003584,17,0.8611111111111112,0.8387096774193549,36.0,31.0,31.0,26.0
holdout,shanxi,M_SR,37,1.0,14,0.8754056705391977,24,0.8611111111111112,0.8387096774193549,36.0,31.0,31.0,26.0
holdout,shanxi,M_SR,37,1.5,3,0.84792167723215,28,0.8611111111111112,0.8387096774193549,36.0,31.0,31.0,26.0
holdout,shanxi,M_SR,37,2.0,6,0.8231958706379644,32,0.8611111111111112,0.8387096774193549,36.0,31.0,31.0,26.0
holdout,shanxi,M_SR,37,3.0,2,0.7805106383943256,40,0.8333333333333334,0.8064516129032258,36.0,31.0,30.0,25.0
holdout,shanxi,M_SR,38,0.1,2,0.9581872635736504,9,0.8611111111111112,0.8387096774193549,36.0,31.0,31.0,26.0
holdout,shanxi,M_SR,38,0.5,11,0.9116207835870127,20,0.8611111111111112,0.8387096774193549,36.0,31.0,31.0,26.0
holdout,shanxi,M_SR,38,1.0,13,0.8734061698948125,28,0.8611111111111112,0.8387096774193549,36.0,31.0,31.0,26.0
holdout,shanxi,M_SR,38,1.5,13,0.8467166575878624,33,0.8055555555555556,0.7741935483870968,36.0,31.0,29.0,24.0
holdout,shanxi,M_SR,38,2.0,11,0.8236399228123709,38,0.8055555555555556,0.7741935483870968,36.0,31.0,29.0,24.0
holdout,shanxi,M_SR,38,3.0,9,0.7839637956314527,44,0.8055555555555556,0.7741935483870968,36.0,31.0,29.0,24.0
holdout,shanxi,M_SR,39,0.1,12345,0.9572273064850967,7,1.0,1.0,36.0,31.0,36.0,31.0
holdout,shanxi,M_SR,39,0.5,8,0.9068428628441144,15,0.8611111111111112,0.8387096774193549,36.0,31.0,31.0,26.0
holdout,shanxi,M_SR,39,1.0,5,0.8670999576879369,24,0.8333333333333334,0.8064516129032258,36.0,31.0,30.0,25.0
holdout,shanxi,M_SR,39,1.5,6,0.8384277990973709,31,0.8611111111111112,0.8387096774193549,36.0,31.0,31.0,26.0
holdout,shanxi,M_SR,39,2.0,2,0.8113947560710912,34,0.8611111111111112,0.8387096774193549,36.0,31.0,31.0,26.0
holdout,shanxi,M_SR,39,3.0,15,0.7696242728672097,45,0.8333333333333334,0.8064516129032258,36.0,31.0,30.0,25.0
holdout,shanxi,M_SR,40,0.1,4,0.9584234092853323,7,1.0,1.0,36.0,31.0,36.0,31.0
holdout,shanxi,M_SR,40,0.5,3,0.9080603656133859,15,0.8333333333333334,0.8064516129032258,36.0,31.0,30.0,25.0
holdout,shanxi,M_SR,40,1.0,11,0.8651470097416804,23,0.8333333333333334,0.8064516129032258,36.0,31.0,30.0,25.0
holdout,shanxi,M_SR,40,1.5,2,0.8324179835194879,27,0.8333333333333334,0.8064516129032258,36.0,31.0,30.0,25.0
holdout,shanxi,M_SR,40,2.0,8,0.8057809886550343,32,0.8333333333333334,0.8064516129032258,36.0,31.0,30.0,25.0
holdout,shanxi,M_SR,40,3.0,11,0.763111491738939,41,0.8333333333333334,0.8064516129032258,36.0,31.0,30.0,25.0
holdout,shanxi,M_SR,41,0.1,2,0.9575406459522241,7,1.0,1.0,36.0,31.0,36.0,31.0
holdout,shanxi,M_SR,41,0.5,2,0.9083739367290226,17,0.8611111111111112,0.8387096774193549,36.0,31.0,31.0,26.0
holdout,shanxi,M_SR,41,1.0,16,0.8735945972373941,23,0.8611111111111112,0.8387096774193549,36.0,31.0,31.0,26.0
holdout,shanxi,M_SR,41,1.5,2,0.8469769129967154,29,0.8611111111111112,0.8387096774193549,36.0,31.0,31.0,26.0
holdout,shanxi,M_SR,41,2.0,14,0.826644148976719,36,0.8611111111111112,0.8387096774193549,36.0,31.0,31.0,26.0
holdout,shanxi,M_SR,41,3.0,12345,0.7917347752326861,41,0.8333333333333334,0.8064516129032258,36.0,31.0,30.0,25.0
holdout,shanxi,M_SR,42,0.1,9,0.9612797073792183,8,0.8611111111111112,0.8387096774193549,36.0,31.0,31.0,26.0
holdout,shanxi,M_SR,42,0.5,18,0.9156024112008752,19,0.8611111111111112,0.8387096774193549,36.0,31.0,31.0,26.0
holdout,shanxi,M_SR,42,1.0,3,0.8787036533574906,25,0.8333333333333334,0.8064516129032258,36.0,31.0,30.0,25.0
holdout,shanxi,M_SR,42,1.5,19,0.8516606810077948,32,0.8333333333333334,0.8064516129032258,36.0,31.0,30.0,25.0
holdout,shanxi,M_SR,42,2.0,19,0.8300658282888634,36,0.7777777777777778,0.7419354838709677,36.0,31.0,28.0,23.0
holdout,shanxi,M_SR,42,3.0,18,0.7975531901523419,44,0.7777777777777778,0.7419354838709677,36.0,31.0,28.0,23.0
holdout,shanxi,M_SR,43,0.1,7,0.9561427772510769,6,1.0,1.0,36.0,31.0,36.0,31.0
holdout,shanxi,M_SR,43,0.5,1,0.9085821699431275,19,0.8055555555555556,0.7741935483870968,36.0,31.0,29.0,24.0
holdout,shanxi,M_SR,43,1.0,4,0.8752818613048508,29,0.8055555555555556,0.7741935483870968,36.0,31.0,29.0,24.0
holdout,shanxi,M_SR,43,1.5,1,0.8505384085023482,32,0.8055555555555556,0.7741935483870968,36.0,31.0,29.0,24.0
holdout,shanxi,M_SR,43,2.0,13,0.8277533401052951,36,0.8055555555555556,0.7741935483870968,36.0,31.0,29.0,24.0
holdout,shanxi,M_SR,43,3.0,7,0.7871498373041306,44,0.8055555555555556,0.7741935483870968,36.0,31.0,29.0,24.0
holdout,shanxi,M_SR,44,0.1,5,0.9586833775860526,7,0.8611111111111112,0.8387096774193549,36.0,31.0,31.0,26.0
holdout,shanxi,M_SR,44,0.5,1,0.912688773220901,18,0.8611111111111112,0.8387096774193549,36.0,31.0,31.0,26.0
holdout,shanxi,M_SR,44,1.0,2,0.880469689362855,25,0.8333333333333334,0.8064516129032258,36.0,31.0,30.0,25.0
holdout,shanxi,M_SR,44,1.5,15,0.8523413845796429,27,0.8333333333333334,0.8064516129032258,36.0,31.0,30.0,25.0
holdout,shanxi,M_SR,44,2.0,6,0.8291227837799214,34,0.8333333333333334,0.8064516129032258,36.0,31.0,30.0,25.0
holdout,shanxi,M_SR,44,3.0,6,0.7861864440839239,41,0.8333333333333334,0.8064516129032258,36.0,31.0,30.0,25.0
holdout,shanxi,M_SR,45,0.1,12,0.9593961259022985,8,1.0,1.0,36.0,31.0,36.0,31.0
holdout,shanxi,M_SR,45,0.5,10,0.9126230463120437,19,0.8611111111111112,0.8387096774193549,36.0,31.0,31.0,26.0
holdout,shanxi,M_SR,45,1.0,15,0.8743929478743033,26,0.8611111111111112,0.8387096774193549,36.0,31.0,31.0,26.0
holdout,shanxi,M_SR,45,1.5,17,0.8446179872265244,31,0.8055555555555556,0.7741935483870968,36.0,31.0,29.0,24.0
holdout,shanxi,M_SR,45,2.0,11,0.8192312160621844,34,0.8333333333333334,0.8064516129032258,36.0,31.0,30.0,25.0
holdout,shanxi,M_SR,45,3.0,16,0.7807855618138395,41,0.8333333333333334,0.8064516129032258,36.0,31.0,30.0,25.0
holdout,shanxi,M_SR,46,0.1,1,0.9599624298652618,7,1.0,1.0,36.0,31.0,36.0,31.0
holdout,shanxi,M_SR,46,0.5,1,0.9124442870341498,18,0.8333333333333334,0.8064516129032258,36.0,31.0,30.0,25.0
holdout,shanxi,M_SR,46,1.0,17,0.8741078483113223,27,0.8333333333333334,0.8064516129032258,36.0,31.0,30.0,25.0
holdout,shanxi,M_SR,46,1.5,3,0.8434566752730334,28,0.8333333333333334,0.8064516129032258,36.0,31.0,30.0,25.0
holdout,shanxi,M_SR,46,2.0,8,0.8203738102089438,34,0.8333333333333334,0.8064516129032258,36.0,31.0,30.0,25.0
holdout,shanxi,M_SR,46,3.0,14,0.7796205901481654,41,0.8333333333333334,0.8064516129032258,36.0,31.0,30.0,25.0
holdout,shanxi,M_SR,47,0.1,3,0.9588772410283671,8,0.8333333333333334,0.8064516129032258,36.0,31.0,30.0,25.0
holdout,shanxi,M_SR,47,0.5,7,0.9096426247653259,18,0.8333333333333334,0.8064516129032258,36.0,31.0,30.0,25.0
holdout,shanxi,M_SR,47,1.0,7,0.8676301847053416,27,0.8055555555555556,0.7741935483870968,36.0,31.0,29.0,24.0
holdout,shanxi,M_SR,47,1.5,11,0.8392688305097051,33,0.8055555555555556,0.7741935483870968,36.0,31.0,29.0,24.0
holdout,shanxi,M_SR,47,2.0,13,0.8136732701858493,35,0.8055555555555556,0.7741935483870968,36.0,31.0,29.0,24.0
holdout,shanxi,M_SR,47,3.0,15,0.7702713454470967,40,0.75,0.7096774193548387,36.0,31.0,27.0,22.0
holdout,shanxi,M_SR,48,0.1,2,0.9567790628106357,7,1.0,1.0,36.0,31.0,36.0,31.0
holdout,shanxi,M_SR,48,0.5,13,0.9078285727306861,19,0.8611111111111112,0.8387096774193549,36.0,31.0,31.0,26.0
holdout,shanxi,M_SR,48,1.0,10,0.874446692832135,25,0.8333333333333334,0.8064516129032258,36.0,31.0,30.0,25.0
holdout,shanxi,M_SR,48,1.5,9,0.8473099394943403,31,0.8055555555555556,0.7741935483870968,36.0,31.0,29.0,24.0
holdout,shanxi,M_SR,48,2.0,1,0.8231537049292394,34,0.8055555555555556,0.7741935483870968,36.0,31.0,29.0,24.0
holdout,shanxi,M_SR,48,3.0,12,0.7858746592983016,43,0.8055555555555556,0.7741935483870968,36.0,31.0,29.0,24.0
holdout,shanxi,M_SR,49,0.1,2,0.9601219207433297,8,1.0,1.0,36.0,31.0,36.0,31.0
holdout,shanxi,M_SR,49,0.5,19,0.9127543364242705,21,0.8055555555555556,0.7741935483870968,36.0,31.0,29.0,24.0
holdout,shanxi,M_SR,49,1.0,12,0.8779690386471745,25,0.8333333333333334,0.8064516129032258,36.0,31.0,30.0,25.0
holdout,shanxi,M_SR,49,1.5,12,0.8517455480016788,34,0.8333333333333334,0.8064516129032258,36.0,31.0,30.0,25.0
holdout,shanxi,M_SR,49,2.0,12345,0.8301052827948774,36,0.7777777777777778,0.7419354838709677,36.0,31.0,28.0,23.0
holdout,shanxi,M_SR,49,3.0,12345,0.7921709260041178,47,0.7777777777777778,0.7419354838709677,36.0,31.0,28.0,23.0
holdout,shanxi,M_SR,50,0.1,12345,0.9570297363868974,7,0.9722222222222222,0.967741935483871,36.0,31.0,35.0,30.0
holdout,shanxi,M_SR,50,0.5,17,0.9091963135266617,16,0.8333333333333334,0.8064516129032258,36.0,31.0,30.0,25.0
holdout,shanxi,M_SR,50,1.0,7,0.8712127173751488,23,0.8333333333333334,0.8064516129032258,36.0,31.0,30.0,25.0
holdout,shanxi,M_SR,50,1.5,17,0.841822815218713,29,0.8611111111111112,0.8387096774193549,36.0,31.0,31.0,26.0
holdout,shanxi,M_SR,50,2.0,3,0.816409899277408,32,0.8055555555555556,0.7741935483870968,36.0,31.0,29.0,24.0
holdout,shanxi,M_SR,50,3.0,19,0.7753818209201185,40,0.8333333333333334,0.8064516129032258,36.0,31.0,30.0,25.0
holdout,shanxi,M_SR,51,0.1,3,0.9575580942605167,6,1.0,1.0,36.0,31.0,36.0,31.0
holdout,shanxi,M_SR,51,0.5,18,0.9087007672912922,17,0.7777777777777778,0.7419354838709677,36.0,31.0,28.0,23.0
holdout,shanxi,M_SR,51,1.0,8,0.8687487096975266,21,0.75,0.7096774193548387,36.0,31.0,27.0,22.0
holdout,shanxi,M_SR,51,1.5,2,0.8413351605875805,28,0.7222222222222222,0.6774193548387096,36.0,31.0,26.0,21.0
holdout,shanxi,M_SR,51,2.0,10,0.8181434577727278,33,0.75,0.7096774193548387,36.0,31.0,27.0,22.0
holdout,shanxi,M_SR,51,3.0,6,0.7787993512773316,42,0.7777777777777778,0.7419354838709677,36.0,31.0,28.0,23.0
holdout,shanxi,M_SR,52,0.1,3,0.9565249029504748,6,0.8611111111111112,0.8387096774193549,36.0,31.0,31.0,26.0
holdout,shanxi,M_SR,52,0.5,2,0.9058631404964449,20,0.8611111111111112,0.8387096774193549,36.0,31.0,31.0,26.0
holdout,shanxi,M_SR,52,1.0,14,0.873412514827388,27,0.8333333333333334,0.8064516129032258,36.0,31.0,30.0,25.0
holdout,shanxi,M_SR,52,1.5,11,0.8457909786506974,33,0.8611111111111112,0.8387096774193549,36.0,31.0,31.0,26.0
holdout,shanxi,M_SR,52,2.0,12345,0.8222190103625134,36,0.8055555555555556,0.7741935483870968,36.0,31.0,29.0,24.0
holdout,shanxi,M_SR,52,3.0,12345,0.7790348323158783,41,0.8055555555555556,0.7741935483870968,36.0,31.0,29.0,24.0
holdout,shanxi,M_SR,53,0.1,4,0.9598305489063801,7,0.8611111111111112,0.8387096774193549,36.0,31.0,31.0,26.0
holdout,shanxi,M_SR,53,0.5,9,0.9130802761843535,18,0.8333333333333334,0.8064516129032258,36.0,31.0,30.0,25.0
holdout,shanxi,M_SR,53,1.0,15,0.879717674306489,28,0.8333333333333334,0.8064516129032258,36.0,31.0,30.0,25.0
holdout,shanxi,M_SR,53,1.5,4,0.8524338483908153,31,0.8333333333333334,0.8064516129032258,36.0,31.0,30.0,25.0
holdout,shanxi,M_SR,53,2.0,19,0.8318707449670978,36,0.8333333333333334,0.8064516129032258,36.0,31.0,30.0,25.0
holdout,shanxi,M_SR,53,3.0,13,0.7935872109256943,44,0.8333333333333334,0.8064516129032258,36.0,31.0,30.0,25.0
holdout,shanxi,M_SR,54,0.1,12345,0.9570168197901638,8,0.8611111111111112,0.8387096774193549,36.0,31.0,31.0,26.0
holdout,shanxi,M_SR,54,0.5,6,0.90880399170512,18,0.8611111111111112,0.8387096774193549,36.0,31.0,31.0,26.0
holdout,shanxi,M_SR,54,1.0,12345,0.871621506587323,29,0.8611111111111112,0.8387096774193549,36.0,31.0,31.0,26.0
holdout,shanxi,M_SR,54,1.5,13,0.8469042164809267,32,0.8611111111111112,0.8387096774193549,36.0,31.0,31.0,26.0
holdout,shanxi,M_SR,54,2.0,12,0.8243609853990698,36,0.8333333333333334,0.8064516129032258,36.0,31.0,30.0,25.0
holdout,shanxi,M_SR,54,3.0,12345,0.7847213408368205,43,0.8333333333333334,0.8064516129032258,36.0,31.0,30.0,25.0
holdout,shanxi,M_SR,55,0.1,19,0.9576947427545799,7,0.8611111111111112,0.8387096774193549,36.0,31.0,31.0,26.0
holdout,shanxi,M_SR,55,0.5,12,0.9087908472390447,19,0.8055555555555556,0.7741935483870968,36.0,31.0,29.0,24.0
holdout,shanxi,M_SR,55,1.0,19,0.8713042352464305,25,0.8055555555555556,0.7741935483870968,36.0,31.0,29.0,24.0
holdout,shanxi,M_SR,55,1.5,12345,0.8424108758554384,31,0.8333333333333334,0.8064516129032258,36.0,31.0,30.0,25.0
holdout,shanxi,M_SR,55,2.0,1,0.8181777691477263,34,0.7777777777777778,0.7419354838709677,36.0,31.0,28.0,23.0
holdout,shanxi,M_SR,55,3.0,13,0.7813748850757514,43,0.7222222222222222,0.6774193548387096,36.0,31.0,26.0,21.0
holdout,shanxi,M_SR,56,0.1,3,0.9539543267288919,7,1.0,1.0,36.0,31.0,36.0,31.0
holdout,shanxi,M_SR,56,0.5,8,0.9073604502608679,18,0.8611111111111112,0.8387096774193549,36.0,31.0,31.0,26.0
holdout,shanxi,M_SR,56,1.0,7,0.8721453810666845,25,0.8611111111111112,0.8387096774193549,36.0,31.0,31.0,26.0
holdout,shanxi,M_SR,56,1.5,6,0.8441013008024942,31,0.8055555555555556,0.7741935483870968,36.0,31.0,29.0,24.0
holdout,shanxi,M_SR,56,2.0,6,0.8190830982355264,36,0.8055555555555556,0.7741935483870968,36.0,31.0,29.0,24.0
holdout,shanxi,M_SR,56,3.0,12,0.7753126655518866,43,0.8055555555555556,0.7741935483870968,36.0,31.0,29.0,24.0
holdout,shanxi,M_SR,57,0.1,14,0.9557565525195926,8,0.8611111111111112,0.8387096774193549,36.0,31.0,31.0,26.0
holdout,shanxi,M_SR,57,0.5,6,0.9053277129734704,17,0.8611111111111112,0.8387096774193549,36.0,31.0,31.0,26.0
holdout,shanxi,M_SR,57,1.0,2,0.8669191894663525,28,0.8611111111111112,0.8387096774193549,36.0,31.0,31.0,26.0
holdout,shanxi,M_SR,57,1.5,7,0.8420721644048504,35,0.7777777777777778,0.7419354838709677,36.0,31.0,28.0,23.0
holdout,shanxi,M_SR,57,2.0,12,0.8227246490911405,40,0.7777777777777778,0.7419354838709677,36.0,31.0,28.0,23.0
holdout,shanxi,M_SR,57,3.0,17,0.788271032942126,46,0.7777777777777778,0.7419354838709677,36.0,31.0,28.0,23.0
holdout,shanxi,M_SR,58,0.1,4,0.9571492025298043,7,0.8611111111111112,0.8387096774193549,36.0,31.0,31.0,26.0
holdout,shanxi,M_SR,58,0.5,4,0.9146598916420916,20,0.8611111111111112,0.8387096774193549,36.0,31.0,31.0,26.0
holdout,shanxi,M_SR,58,1.0,17,0.8800978508010858,28,0.8611111111111112,0.8387096774193549,36.0,31.0,31.0,26.0
holdout,shanxi,M_SR,58,1.5,3,0.8559334120830091,33,0.8611111111111112,0.8387096774193549,36.0,31.0,31.0,26.0
holdout,shanxi,M_SR,58,2.0,3,0.8348669994792953,38,0.8611111111111112,0.8387096774193549,36.0,31.0,31.0,26.0
holdout,shanxi,M_SR,58,3.0,5,0.7997109556728679,44,0.8333333333333334,0.8064516129032258,36.0,31.0,30.0,25.0
holdout,shanxi,M_SR,59,0.1,1,0.9546659639315462,8,0.8333333333333334,0.8064516129032258,36.0,31.0,30.0,25.0
holdout,shanxi,M_SR,59,0.5,10,0.9048040199752436,15,0.8333333333333334,0.8064516129032258,36.0,31.0,30.0,25.0
holdout,shanxi,M_SR,59,1.0,12,0.8621436290229891,24,0.8055555555555556,0.7741935483870968,36.0,31.0,29.0,24.0
holdout,shanxi,M_SR,59,1.5,5,0.831755153975983,28,0.8055555555555556,0.7741935483870968,36.0,31.0,29.0,24.0
holdout,shanxi,M_SR,59,2.0,9,0.8051664862566055,33,0.8055555555555556,0.7741935483870968,36.0,31.0,29.0,24.0
holdout,shanxi,M_SR,59,3.0,5,0.7631691444317772,42,0.8055555555555556,0.7741935483870968,36.0,31.0,29.0,24.0
holdout,shanxi,M_SR,60,0.1,17,0.9557413652852886,7,0.8611111111111112,0.8387096774193549,36.0,31.0,31.0,26.0
holdout,shanxi,M_SR,60,0.5,1,0.9089438178732495,18,0.8333333333333334,0.8064516129032258,36.0,31.0,30.0,25.0
holdout,shanxi,M_SR,60,1.0,4,0.8746767374726242,23,0.8333333333333334,0.8064516129032258,36.0,31.0,30.0,25.0
holdout,shanxi,M_SR,60,1.5,11,0.8465547953030225,30,0.8333333333333334,0.8064516129032258,36.0,31.0,30.0,25.0
holdout,shanxi,M_SR,60,2.0,1,0.8232562718461827,34,0.8333333333333334,0.8064516129032258,36.0,31.0,30.0,25.0
holdout,shanxi,M_SR,60,3.0,13,0.7809393277554261,41,0.8333333333333334,0.8064516129032258,36.0,31.0,30.0,25.0
holdout,shanxi,M_SR,61,0.1,12345,0.9600594823945469,10,0.8611111111111112,0.8387096774193549,36.0,31.0,31.0,26.0
holdout,shanxi,M_SR,61,0.5,14,0.9157082038574293,19,0.8611111111111112,0.8387096774193549,36.0,31.0,31.0,26.0
holdout,shanxi,M_SR,61,1.0,16,0.8752596943232718,26,0.8611111111111112,0.8387096774193549,36.0,31.0,31.0,26.0
holdout,shanxi,M_SR,61,1.5,10,0.846986473687495,29,0.8611111111111112,0.8387096774193549,36.0,31.0,31.0,26.0
holdout,shanxi,M_SR,61,2.0,6,0.8236990783512489,37,0.8611111111111112,0.8387096774193549,36.0,31.0,31.0,26.0
holdout,shanxi,M_SR,61,3.0,19,0.785071114244929,45,0.8611111111111112,0.8387096774193549,36.0,31.0,31.0,26.0
holdout,shanxi,M_SR,62,0.1,12345,0.9591066448046116,7,1.0,1.0,36.0,31.0,36.0,31.0
holdout,shanxi,M_SR,62,0.5,14,0.9054918533126852,17,0.8611111111111112,0.8387096774193549,36.0,31.0,31.0,26.0
holdout,shanxi,M_SR,62,1.0,18,0.864680010922449,25,0.8055555555555556,0.7741935483870968,36.0,31.0,29.0,24.0
holdout,shanxi,M_SR,62,1.5,1,0.8375634644492174,31,0.8055555555555556,0.7741935483870968,36.0,31.0,29.0,24.0
holdout,shanxi,M_SR,62,2.0,10,0.8143231909551225,34,0.8055555555555556,0.7741935483870968,36.0,31.0,29.0,24.0
holdout,shanxi,M_SR,62,3.0,9,0.7741662045297236,44,0.8055555555555556,0.7741935483870968,36.0,31.0,29.0,24.0
holdout,shanxi,M_SR,63,0.1,5,0.9556863063735479,9,0.8333333333333334,0.8064516129032258,36.0,31.0,30.0,25.0
holdout,shanxi,M_SR,63,0.5,14,0.908601155954513,18,0.8333333333333334,0.8064516129032258,36.0,31.0,30.0,25.0
holdout,shanxi,M_SR,63,1.0,12345,0.8685528465835617,25,0.8333333333333334,0.8064516129032258,36.0,31.0,30.0,25.0
holdout,shanxi,M_SR,63,1.5,4,0.8385191647676319,32,0.8333333333333334,0.8064516129032258,36.0,31.0,30.0,25.0
holdout,shanxi,M_SR,63,2.0,8,0.8155482334729975,37,0.7777777777777778,0.7419354838709677,36.0,31.0,28.0,23.0
holdout,shanxi,M_SR,63,3.0,8,0.7752456234532071,40,0.75,0.7096774193548387,36.0,31.0,27.0,22.0
holdout,shanxi,M_SR,64,0.1,17,0.9624560950663894,9,0.8611111111111112,0.8387096774193549,36.0,31.0,31.0,26.0
holdout,shanxi,M_SR,64,0.5,3,0.913178818422751,17,0.8611111111111112,0.8387096774193549,36.0,31.0,31.0,26.0
holdout,shanxi,M_SR,64,1.0,6,0.870894485117467,24,0.8611111111111112,0.8387096774193549,36.0,31.0,31.0,26.0
holdout,shanxi,M_SR,64,1.5,8,0.8413031368952069,29,0.8333333333333334,0.8064516129032258,36.0,31.0,30.0,25.0
holdout,shanxi,M_SR,64,2.0,6,0.816130046367112,34,0.8333333333333334,0.8064516129032258,36.0,31.0,30.0,25.0
holdout,shanxi,M_SR,64,3.0,19,0.7776996618131394,41,0.8611111111111112,0.8387096774193549,36.0,31.0,31.0,26.0
holdout,shanxi,M_SR,65,0.1,7,0.9604765836073109,8,0.8611111111111112,0.8387096774193549,36.0,31.0,31.0,26.0
holdout,shanxi,M_SR,65,0.5,16,0.9127384325592263,18,0.8611111111111112,0.8387096774193549,36.0,31.0,31.0,26.0
holdout,shanxi,M_SR,65,1.0,6,0.8745925473644712,23,0.8611111111111112,0.8387096774193549,36.0,31.0,31.0,26.0
holdout,shanxi,M_SR,65,1.5,8,0.8490471689031717,31,0.8611111111111112,0.8387096774193549,36.0,31.0,31.0,26.0
holdout,shanxi,M_SR,65,2.0,4,0.8256177156508713,33,0.8611111111111112,0.8387096774193549,36.0,31.0,31.0,26.0
holdout,shanxi,M_SR,65,3.0,13,0.7855123867529985,39,0.8333333333333334,0.8064516129032258,36.0,31.0,30.0,25.0
holdout,shanxi,M_SR,66,0.1,6,0.9610506749133824,7,0.8333333333333334,0.8064516129032258,36.0,31.0,30.0,25.0
holdout,shanxi,M_SR,66,0.5,6,0.9147944677849749,19,0.8333333333333334,0.8064516129032258,36.0,31.0,30.0,25.0
holdout,shanxi,M_SR,66,1.0,12345,0.8735789060160304,26,0.8333333333333334,0.8064516129032258,36.0,31.0,30.0,25.0
holdout,shanxi,M_SR,66,1.5,11,0.8425814049171728,32,0.8333333333333334,0.8064516129032258,36.0,31.0,30.0,25.0
holdout,shanxi,M_SR,66,2.0,12,0.8159491457352371,40,0.8333333333333334,0.8064516129032258,36.0,31.0,30.0,25.0
holdout,shanxi,M_SR,66,3.0,8,0.7741468101772986,44,0.8333333333333334,0.8064516129032258,36.0,31.0,30.0,25.0
holdout,shanxi,M_SR,67,0.1,10,0.9619665111452829,7,0.8611111111111112,0.8387096774193549,36.0,31.0,31.0,26.0
holdout,shanxi,M_SR,67,0.5,4,0.9032349947015427,17,0.8611111111111112,0.8387096774193549,36.0,31.0,31.0,26.0
holdout,shanxi,M_SR,67,1.0,1,0.867141841591142,26,0.8611111111111112,0.8387096774193549,36.0,31.0,31.0,26.0
holdout,shanxi,M_SR,67,1.5,9,0.838321513620063,32,0.8611111111111112,0.8387096774193549,36.0,31.0,31.0,26.0
holdout,shanxi,M_SR,67,2.0,12,0.8127775022932375,35,0.8333333333333334,0.8064516129032258,36.0,31.0,30.0,25.0
holdout,shanxi,M_SR,67,3.0,1,0.7708172916412892,42,0.8333333333333334,0.8064516129032258,36.0,31.0,30.0,25.0
holdout,shanxi,M_SR,68,0.1,1,0.9539772299724147,6,0.8611111111111112,0.8387096774193549,36.0,31.0,31.0,26.0
holdout,shanxi,M_SR,68,0.5,6,0.9068828343022609,17,0.8611111111111112,0.8387096774193549,36.0,31.0,31.0,26.0
holdout,shanxi,M_SR,68,1.0,12345,0.8658897716083962,25,0.8611111111111112,0.8387096774193549,36.0,31.0,31.0,26.0
holdout,shanxi,M_SR,68,1.5,17,0.8368178925841087,29,0.8611111111111112,0.8387096774193549,36.0,31.0,31.0,26.0
holdout,shanxi,M_SR,68,2.0,5,0.8125745857162845,36,0.8611111111111112,0.8387096774193549,36.0,31.0,31.0,26.0
holdout,shanxi,M_SR,68,3.0,9,0.7726137808025517,41,0.8611111111111112,0.8387096774193549,36.0,31.0,31.0,26.0
holdout,shanxi,M_SR,69,0.1,11,0.9547249062974643,6,1.0,1.0,36.0,31.0,36.0,31.0
holdout,shanxi,M_SR,69,0.5,3,0.9051928876536881,16,0.8333333333333334,0.8064516129032258,36.0,31.0,30.0,25.0
holdout,shanxi,M_SR,69,1.0,3,0.8677663911217999,24,0.8333333333333334,0.8064516129032258,36.0,31.0,30.0,25.0
holdout,shanxi,M_SR,69,1.5,9,0.8394812485462816,31,0.8333333333333334,0.8064516129032258,36.0,31.0,30.0,25.0
holdout,shanxi,M_SR,69,2.0,19,0.816854994211746,36,0.8333333333333334,0.8064516129032258,36.0,31.0,30.0,25.0
holdout,shanxi,M_SR,69,3.0,6,0.7796365543828744,45,0.8333333333333334,0.8064516129032258,36.0,31.0,30.0,25.0
holdout,shanxi,M_SR,70,0.1,2,0.9605537709491784,7,0.8611111111111112,0.8387096774193549,36.0,31.0,31.0,26.0
holdout,shanxi,M_SR,70,0.5,8,0.9148644943400419,18,0.8611111111111112,0.8387096774193549,36.0,31.0,31.0,26.0
holdout,shanxi,M_SR,70,1.0,10,0.8770547450051076,25,0.8611111111111112,0.8387096774193549,36.0,31.0,31.0,26.0
holdout,shanxi,M_SR,70,1.5,17,0.8481561818191993,29,0.7777777777777778,0.7419354838709677,36.0,31.0,28.0,23.0
holdout,shanxi,M_SR,70,2.0,5,0.8209800452298862,34,0.7777777777777778,0.7419354838709677,36.0,31.0,28.0,23.0
holdout,shanxi,M_SR,70,3.0,3,0.7779962360820426,41,0.7777777777777778,0.7419354838709677,36.0,31.0,28.0,23.0
holdout,shanxi,M_SR,71,0.1,13,0.9559730600394365,8,0.8611111111111112,0.8387096774193549,36.0,31.0,31.0,26.0
holdout,shanxi,M_SR,71,0.5,7,0.9108422486457383,18,0.8611111111111112,0.8387096774193549,36.0,31.0,31.0,26.0
holdout,shanxi,M_SR,71,1.0,6,0.8766795186669025,25,0.8611111111111112,0.8387096774193549,36.0,31.0,31.0,26.0
holdout,shanxi,M_SR,71,1.5,11,0.8474598116135366,30,0.8333333333333334,0.8064516129032258,36.0,31.0,30.0,25.0
holdout,shanxi,M_SR,71,2.0,12,0.8221583896376654,36,0.8055555555555556,0.7741935483870968,36.0,31.0,29.0,24.0
holdout,shanxi,M_SR,71,3.0,18,0.7791841429278072,43,0.8055555555555556,0.7741935483870968,36.0,31.0,29.0,24.0
holdout,shanxi,M_SR,72,0.1,18,0.9563788435669607,7,1.0,1.0,36.0,31.0,36.0,31.0
holdout,shanxi,M_SR,72,0.5,10,0.9105686405838559,17,0.8611111111111112,0.8387096774193549,36.0,31.0,31.0,26.0
holdout,shanxi,M_SR,72,1.0,14,0.8693988193937622,24,0.8611111111111112,0.8387096774193549,36.0,31.0,31.0,26.0
holdout,shanxi,M_SR,72,1.5,6,0.8424862192251945,32,0.8611111111111112,0.8387096774193549,36.0,31.0,31.0,26.0
holdout,shanxi,M_SR,72,2.0,12345,0.8184570030242001,32,0.8611111111111112,0.8387096774193549,36.0,31.0,31.0,26.0
holdout,shanxi,M_SR,72,3.0,3,0.7783382370155599,42,0.8333333333333334,0.8064516129032258,36.0,31.0,30.0,25.0
holdout,shanxi,M_SR,73,0.1,6,0.9591854716952607,8,0.8333333333333334,0.8064516129032258,36.0,31.0,30.0,25.0
holdout,shanxi,M_SR,73,0.5,12345,0.9105887804671722,15,0.8333333333333334,0.8064516129032258,36.0,31.0,30.0,25.0
holdout,shanxi,M_SR,73,1.0,4,0.8711298543321417,26,0.8055555555555556,0.7741935483870968,36.0,31.0,29.0,24.0
holdout,shanxi,M_SR,73,1.5,7,0.844886019842993,31,0.8333333333333334,0.8064516129032258,36.0,31.0,30.0,25.0
holdout,shanxi,M_SR,73,2.0,4,0.8232867517285791,39,0.8055555555555556,0.7741935483870968,36.0,31.0,29.0,24.0
holdout,shanxi,M_SR,73,3.0,17,0.7860628840922103,44,0.8055555555555556,0.7741935483870968,36.0,31.0,29.0,24.0
holdout,shanxi,M_SR,74,0.1,14,0.9600758925736134,7,1.0,1.0,36.0,31.0,36.0,31.0
holdout,shanxi,M_SR,74,0.5,6,0.9128341127903056,18,0.8333333333333334,0.8064516129032258,36.0,31.0,30.0,25.0
holdout,shanxi,M_SR,74,1.0,2,0.873672385196246,27,0.8333333333333334,0.8064516129032258,36.0,31.0,30.0,25.0
holdout,shanxi,M_SR,74,1.5,4,0.8462763034874148,30,0.8333333333333334,0.8064516129032258,36.0,31.0,30.0,25.0
holdout,shanxi,M_SR,74,2.0,7,0.8244669051020701,37,0.8055555555555556,0.7741935483870968,36.0,31.0,29.0,24.0
holdout,shanxi,M_SR,74,3.0,9,0.7879876117253864,42,0.8333333333333334,0.8064516129032258,36.0,31.0,30.0,25.0
holdout,shanxi,M_SR,75,0.1,10,0.9586859861628424,8,0.8611111111111112,0.8387096774193549,36.0,31.0,31.0,26.0
holdout,shanxi,M_SR,75,0.5,12345,0.9070918869951319,16,0.8611111111111112,0.8387096774193549,36.0,31.0,31.0,26.0
holdout,shanxi,M_SR,75,1.0,19,0.8722913388241484,25,0.8611111111111112,0.8387096774193549,36.0,31.0,31.0,26.0
holdout,shanxi,M_SR,75,1.5,12,0.8454978101373729,31,0.8611111111111112,0.8387096774193549,36.0,31.0,31.0,26.0
holdout,shanxi,M_SR,75,2.0,12,0.8221118505716634,34,0.8611111111111112,0.8387096774193549,36.0,31.0,31.0,26.0
holdout,shanxi,M_SR,75,3.0,7,0.7802517052221147,41,0.8611111111111112,0.8387096774193549,36.0,31.0,31.0,26.0
holdout,shanxi,M_SR,76,0.1,11,0.9575428337353443,10,0.8611111111111112,0.8387096774193549,36.0,31.0,31.0,26.0
holdout,shanxi,M_SR,76,0.5,17,0.9121958139374925,19,0.8611111111111112,0.8387096774193549,36.0,31.0,31.0,26.0
holdout,shanxi,M_SR,76,1.0,14,0.8741771928936017,23,0.8333333333333334,0.8064516129032258,36.0,31.0,30.0,25.0
holdout,shanxi,M_SR,76,1.5,2,0.842147553803077,29,0.8333333333333334,0.8064516129032258,36.0,31.0,30.0,25.0
holdout,shanxi,M_SR,76,2.0,11,0.8157728404420242,32,0.8333333333333334,0.8064516129032258,36.0,31.0,30.0,25.0
holdout,shanxi,M_SR,76,3.0,19,0.7745206587865923,42,0.8055555555555556,0.7741935483870968,36.0,31.0,29.0,24.0
holdout,shanxi,M_SR,77,0.1,11,0.9574177227946111,8,1.0,1.0,36.0,31.0,36.0,31.0
holdout,shanxi,M_SR,77,0.5,1,0.908534147994512,18,0.8611111111111112,0.8387096774193549,36.0,31.0,31.0,26.0
holdout,shanxi,M_SR,77,1.0,11,0.8712217251906037,27,0.8333333333333334,0.8064516129032258,36.0,31.0,30.0,25.0
holdout,shanxi,M_SR,77,1.5,11,0.8449321512527095,29,0.8333333333333334,0.8064516129032258,36.0,31.0,30.0,25.0
holdout,shanxi,M_SR,77,2.0,8,0.8212289309895354,34,0.8333333333333334,0.8064516129032258,36.0,31.0,30.0,25.0
holdout,shanxi,M_SR,77,3.0,12345,0.7815866640671066,41,0.8333333333333334,0.8064516129032258,36.0,31.0,30.0,25.0
holdout,shanxi,M_SR,78,0.1,1,0.95987371994842,7,1.0,1.0,36.0,31.0,36.0,31.0
holdout,shanxi,M_SR,78,0.5,3,0.9098136083670167,18,0.8611111111111112,0.8387096774193549,36.0,31.0,31.0,26.0
holdout,shanxi,M_SR,78,1.0,10,0.8720303094162173,23,0.8333333333333334,0.8064516129032258,36.0,31.0,30.0,25.0
holdout,shanxi,M_SR,78,1.5,19,0.844334761094423,29,0.8333333333333334,0.8064516129032258,36.0,31.0,30.0,25.0
holdout,shanxi,M_SR,78,2.0,9,0.8216392615159689,35,0.8333333333333334,0.8064516129032258,36.0,31.0,30.0,25.0
holdout,shanxi,M_SR,78,3.0,5,0.780674625978055,41,0.8055555555555556,0.7741935483870968,36.0,31.0,29.0,24.0
holdout,shanxi,M_SR,79,0.1,5,0.9602277767470686,7,1.0,1.0,36.0,31.0,36.0,31.0
holdout,shanxi,M_SR,79,0.5,10,0.9130337391293682,18,0.8611111111111112,0.8387096774193549,36.0,31.0,31.0,26.0
holdout,shanxi,M_SR,79,1.0,5,0.8748714781442115,26,0.8333333333333334,0.8064516129032258,36.0,31.0,30.0,25.0
holdout,shanxi,M_SR,79,1.5,6,0.8482746131143319,31,0.7777777777777778,0.7419354838709677,36.0,31.0,28.0,23.0
holdout,shanxi,M_SR,79,2.0,18,0.8246062326955589,34,0.75,0.7096774193548387,36.0,31.0,27.0,22.0
holdout,shanxi,M_SR,79,3.0,7,0.7866630420088613,43,0.75,0.7096774193548387,36.0,31.0,27.0,22.0
holdout,shanxi,M_SR,80,0.1,12345,0.9556379835477125,6,0.8611111111111112,0.8387096774193549,36.0,31.0,31.0,26.0
holdout,shanxi,M_SR,80,0.5,1,0.9111717355677562,18,0.8611111111111112,0.8387096774193549,36.0,31.0,31.0,26.0
holdout,shanxi,M_SR,80,1.0,8,0.8721741928379203,25,0.7777777777777778,0.7419354838709677,36.0,31.0,28.0,23.0
holdout,shanxi,M_SR,80,1.5,18,0.8418264827762347,29,0.75,0.7096774193548387,36.0,31.0,27.0,22.0
holdout,shanxi,M_SR,80,2.0,13,0.8179339351474085,34,0.75,0.7096774193548387,36.0,31.0,27.0,22.0
holdout,shanxi,M_SR,80,3.0,9,0.7768174646678836,41,0.75,0.7096774193548387,36.0,31.0,27.0,22.0
holdout,shanxi,M_SR,81,0.1,3,0.9591915536198142,6,1.0,1.0,36.0,31.0,36.0,31.0
holdout,shanxi,M_SR,81,0.5,18,0.9121211635626099,18,0.8611111111111112,0.8387096774193549,36.0,31.0,31.0,26.0
holdout,shanxi,M_SR,81,1.0,18,0.8750989333650708,24,0.8611111111111112,0.8387096774193549,36.0,31.0,31.0,26.0
holdout,shanxi,M_SR,81,1.5,1,0.8464299618683536,30,0.8611111111111112,0.8387096774193549,36.0,31.0,31.0,26.0
holdout,shanxi,M_SR,81,2.0,18,0.8202668980671098,30,0.8611111111111112,0.8387096774193549,36.0,31.0,31.0,26.0
holdout,shanxi,M_SR,81,3.0,19,0.7778974821591464,42,0.8333333333333334,0.8064516129032258,36.0,31.0,30.0,25.0
holdout,shanxi,M_SR,82,0.1,5,0.9612422956239882,7,0.8611111111111112,0.8387096774193549,36.0,31.0,31.0,26.0
holdout,shanxi,M_SR,82,0.5,5,0.9126574470128009,15,0.8611111111111112,0.8387096774193549,36.0,31.0,31.0,26.0
holdout,shanxi,M_SR,82,1.0,5,0.8728521525053567,22,0.8611111111111112,0.8387096774193549,36.0,31.0,31.0,26.0
holdout,shanxi,M_SR,82,1.5,12345,0.8414471465384725,28,0.8611111111111112,0.8387096774193549,36.0,31.0,31.0,26.0
holdout,shanxi,M_SR,82,2.0,2,0.8159344754263697,36,0.8333333333333334,0.8064516129032258,36.0,31.0,30.0,25.0
holdout,shanxi,M_SR,82,3.0,17,0.7769058597469732,40,0.8333333333333334,0.8064516129032258,36.0,31.0,30.0,25.0
holdout,shanxi,M_SR,83,0.1,5,0.9562568548546642,6,1.0,1.0,36.0,31.0,36.0,31.0
holdout,shanxi,M_SR,83,0.5,1,0.9007057315049612,15,0.8611111111111112,0.8387096774193549,36.0,31.0,31.0,26.0
holdout,shanxi,M_SR,83,1.0,9,0.8620269746438074,25,0.8611111111111112,0.8387096774193549,36.0,31.0,31.0,26.0
holdout,shanxi,M_SR,83,1.5,5,0.8350887800011684,31,0.8333333333333334,0.8064516129032258,36.0,31.0,30.0,25.0
holdout,shanxi,M_SR,83,2.0,18,0.8121241320127174,34,0.8333333333333334,0.8064516129032258,36.0,31.0,30.0,25.0
holdout,shanxi,M_SR,83,3.0,1,0.7717534837743871,40,0.8333333333333334,0.8064516129032258,36.0,31.0,30.0,25.0
holdout,shanxi,M_SR,84,0.1,2,0.9591593055424795,6,0.8611111111111112,0.8387096774193549,36.0,31.0,31.0,26.0
holdout,shanxi,M_SR,84,0.5,3,0.9086239278292342,18,0.8611111111111112,0.8387096774193549,36.0,31.0,31.0,26.0
holdout,shanxi,M_SR,84,1.0,1,0.8709809186837957,28,0.8611111111111112,0.8387096774193549,36.0,31.0,31.0,26.0
holdout,shanxi,M_SR,84,1.5,8,0.8438092566689966,32,0.8333333333333334,0.8064516129032258,36.0,31.0,30.0,25.0
holdout,shanxi,M_SR,84,2.0,10,0.8191631020220455,33,0.8333333333333334,0.8064516129032258,36.0,31.0,30.0,25.0
holdout,shanxi,M_SR,84,3.0,7,0.7749515046649522,40,0.8333333333333334,0.8064516129032258,36.0,31.0,30.0,25.0
holdout,shanxi,M_SR,85,0.1,1,0.9606155476163788,7,0.8611111111111112,0.8387096774193549,36.0,31.0,31.0,26.0
holdout,shanxi,M_SR,85,0.5,1,0.910297439596628,19,0.8611111111111112,0.8387096774193549,36.0,31.0,31.0,26.0
holdout,shanxi,M_SR,85,1.0,3,0.8703822326242164,23,0.8611111111111112,0.8387096774193549,36.0,31.0,31.0,26.0
holdout,shanxi,M_SR,85,1.5,1,0.8394332464023978,30,0.8055555555555556,0.7741935483870968,36.0,31.0,29.0,24.0
holdout,shanxi,M_SR,85,2.0,10,0.8145362893129654,32,0.8333333333333334,0.8064516129032258,36.0,31.0,30.0,25.0
holdout,shanxi,M_SR,85,3.0,6,0.7734484519949062,44,0.7777777777777778,0.7419354838709677,36.0,31.0,28.0,23.0
holdout,shanxi,M_SR,86,0.1,1,0.9590916968268235,6,0.8333333333333334,0.8064516129032258,36.0,31.0,30.0,25.0
holdout,shanxi,M_SR,86,0.5,10,0.9102294301646231,17,0.7777777777777778,0.7419354838709677,36.0,31.0,28.0,23.0
holdout,shanxi,M_SR,86,1.0,12345,0.8720584114955903,23,0.7777777777777778,0.7419354838709677,36.0,31.0,28.0,23.0
holdout,shanxi,M_SR,86,1.5,4,0.8426018300831427,29,0.8055555555555556,0.7741935483870968,36.0,31.0,29.0,24.0
holdout,shanxi,M_SR,86,2.0,18,0.8162723484953847,35,0.7777777777777778,0.7419354838709677,36.0,31.0,28.0,23.0
holdout,shanxi,M_SR,86,3.0,1,0.7737572801458519,41,0.7777777777777778,0.7419354838709677,36.0,31.0,28.0,23.0
holdout,shanxi,M_SR,87,0.1,13,0.9604722923959415,8,0.8611111111111112,0.8387096774193549,36.0,31.0,31.0,26.0
holdout,shanxi,M_SR,87,0.5,15,0.9139307244421572,19,0.8333333333333334,0.8064516129032258,36.0,31.0,30.0,25.0
holdout,shanxi,M_SR,87,1.0,7,0.8751241192995246,28,0.8333333333333334,0.8064516129032258,36.0,31.0,30.0,25.0
holdout,shanxi,M_SR,87,1.5,12,0.8478397586702212,33,0.8333333333333334,0.8064516129032258,36.0,31.0,30.0,25.0
holdout,shanxi,M_SR,87,2.0,10,0.8260018510129913,39,0.8055555555555556,0.7741935483870968,36.0,31.0,29.0,24.0
holdout,shanxi,M_SR,87,3.0,12,0.7923852079320087,47,0.7777777777777778,0.7419354838709677,36.0,31.0,28.0,23.0
holdout,shanxi,M_SR,88,0.1,5,0.9605324778364804,8,1.0,1.0,36.0,31.0,36.0,31.0
holdout,shanxi,M_SR,88,0.5,14,0.9135017331894285,19,0.8611111111111112,0.8387096774193549,36.0,31.0,31.0,26.0
holdout,shanxi,M_SR,88,1.0,1,0.8796787123056283,27,0.8611111111111112,0.8387096774193549,36.0,31.0,31.0,26.0
holdout,shanxi,M_SR,88,1.5,1,0.8545451059961485,34,0.8333333333333334,0.8064516129032258,36.0,31.0,30.0,25.0
holdout,shanxi,M_SR,88,2.0,15,0.831739510472922,39,0.8333333333333334,0.8064516129032258,36.0,31.0,30.0,25.0
holdout,shanxi,M_SR,88,3.0,7,0.7929459332155863,45,0.8333333333333334,0.8064516129032258,36.0,31.0,30.0,25.0
holdout,shanxi,M_SR,89,0.1,11,0.9552356954557027,8,1.0,1.0,36.0,31.0,36.0,31.0
holdout,shanxi,M_SR,89,0.5,2,0.9074723199001647,20,0.8611111111111112,0.8387096774193549,36.0,31.0,31.0,26.0
holdout,shanxi,M_SR,89,1.0,1,0.8709792130567617,25,0.8333333333333334,0.8064516129032258,36.0,31.0,30.0,25.0
holdout,shanxi,M_SR,89,1.5,12345,0.8434384639711261,31,0.8333333333333334,0.8064516129032258,36.0,31.0,30.0,25.0
holdout,shanxi,M_SR,89,2.0,14,0.8202623412608061,37,0.8333333333333334,0.8064516129032258,36.0,31.0,30.0,25.0
holdout,shanxi,M_SR,89,3.0,7,0.7816540479289366,44,0.8333333333333334,0.8064516129032258,36.0,31.0,30.0,25.0
holdout,shanxi,M_SR,90,0.1,18,0.9552555733750101,9,1.0,1.0,36.0,31.0,36.0,31.0
holdout,shanxi,M_SR,90,0.5,4,0.9076361889123814,19,0.8611111111111112,0.8387096774193549,36.0,31.0,31.0,26.0
holdout,shanxi,M_SR,90,1.0,4,0.86892568253075,22,0.8611111111111112,0.8387096774193549,36.0,31.0,31.0,26.0
holdout,shanxi,M_SR,90,1.5,4,0.8392948928995266,30,0.8055555555555556,0.7741935483870968,36.0,31.0,29.0,24.0
holdout,shanxi,M_SR,90,2.0,9,0.8177911169103314,34,0.8055555555555556,0.7741935483870968,36.0,31.0,29.0,24.0
holdout,shanxi,M_SR,90,3.0,7,0.7817417514792909,44,0.8055555555555556,0.7741935483870968,36.0,31.0,29.0,24.0
holdout,shanxi,M_SR,91,0.1,12345,0.9576167709981613,7,1.0,1.0,36.0,31.0,36.0,31.0
holdout,shanxi,M_SR,91,0.5,8,0.9034953538612134,17,0.8055555555555556,0.7741935483870968,36.0,31.0,29.0,24.0
holdout,shanxi,M_SR,91,1.0,10,0.8611177511939426,24,0.7777777777777778,0.7419354838709677,36.0,31.0,28.0,23.0
holdout,shanxi,M_SR,91,1.5,4,0.8321422612634236,30,0.7777777777777778,0.7419354838709677,36.0,31.0,28.0,23.0
holdout,shanxi,M_SR,91,2.0,3,0.8083707817484861,36,0.8055555555555556,0.7741935483870968,36.0,31.0,29.0,24.0
holdout,shanxi,M_SR,91,3.0,12345,0.7703094721049664,42,0.8055555555555556,0.7741935483870968,36.0,31.0,29.0,24.0
holdout,shanxi,M_SR,92,0.1,2,0.9560070586292625,7,0.8333333333333334,0.8064516129032258,36.0,31.0,30.0,25.0
holdout,shanxi,M_SR,92,0.5,16,0.9095243028760095,15,0.8055555555555556,0.7741935483870968,36.0,31.0,29.0,24.0
holdout,shanxi,M_SR,92,1.0,15,0.8743024658130645,25,0.7777777777777778,0.7419354838709677,36.0,31.0,28.0,23.0
holdout,shanxi,M_SR,92,1.5,4,0.846735437507742,32,0.7777777777777778,0.7419354838709677,36.0,31.0,28.0,23.0
holdout,shanxi,M_SR,92,2.0,19,0.8235787111285622,36,0.8055555555555556,0.7741935483870968,36.0,31.0,29.0,24.0
holdout,shanxi,M_SR,92,3.0,15,0.782794570478469,41,0.8055555555555556,0.7741935483870968,36.0,31.0,29.0,24.0
holdout,shanxi,M_SR,93,0.1,5,0.9541494594253827,7,1.0,1.0,36.0,31.0,36.0,31.0
holdout,shanxi,M_SR,93,0.5,9,0.9014211832910262,18,0.8611111111111112,0.8387096774193549,36.0,31.0,31.0,26.0
holdout,shanxi,M_SR,93,1.0,1,0.8669043931264528,26,0.8055555555555556,0.7741935483870968,36.0,31.0,29.0,24.0
holdout,shanxi,M_SR,93,1.5,19,0.8392581992781596,30,0.8055555555555556,0.7741935483870968,36.0,31.0,29.0,24.0
holdout,shanxi,M_SR,93,2.0,15,0.8128304001468581,34,0.75,0.7096774193548387,36.0,31.0,27.0,22.0
holdout,shanxi,M_SR,93,3.0,12,0.7696884812975641,41,0.75,0.7096774193548387,36.0,31.0,27.0,22.0
holdout,shanxi,M_SR,94,0.1,14,0.9536899684362481,6,1.0,1.0,36.0,31.0,36.0,31.0
holdout,shanxi,M_SR,94,0.5,18,0.9096588949823989,18,0.8611111111111112,0.8387096774193549,36.0,31.0,31.0,26.0
holdout,shanxi,M_SR,94,1.0,3,0.8746121845375,24,0.8611111111111112,0.8387096774193549,36.0,31.0,31.0,26.0
holdout,shanxi,M_SR,94,1.5,16,0.8476093802204492,30,0.8611111111111112,0.8387096774193549,36.0,31.0,31.0,26.0
holdout,shanxi,M_SR,94,2.0,12345,0.823618215875326,36,0.8333333333333334,0.8064516129032258,36.0,31.0,30.0,25.0
holdout,shanxi,M_SR,94,3.0,12345,0.7836373892151566,41,0.8333333333333334,0.8064516129032258,36.0,31.0,30.0,25.0
holdout,shanxi,M_SR,95,0.1,12345,0.9599577907742224,7,0.8611111111111112,0.8387096774193549,36.0,31.0,31.0,26.0
holdout,shanxi,M_SR,95,0.5,3,0.9093664479230114,19,0.7777777777777778,0.7419354838709677,36.0,31.0,28.0,23.0
holdout,shanxi,M_SR,95,1.0,19,0.8712119855544871,26,0.8055555555555556,0.7741935483870968,36.0,31.0,29.0,24.0
holdout,shanxi,M_SR,95,1.5,15,0.840611565555773,30,0.8055555555555556,0.7741935483870968,36.0,31.0,29.0,24.0
holdout,shanxi,M_SR,95,2.0,5,0.817866067465672,34,0.8055555555555556,0.7741935483870968,36.0,31.0,29.0,24.0
holdout,shanxi,M_SR,95,3.0,11,0.7792845284515696,42,0.8055555555555556,0.7741935483870968,36.0,31.0,29.0,24.0
holdout,shanxi,M_SR,96,0.1,10,0.958763170483161,8,1.0,1.0,36.0,31.0,36.0,31.0
holdout,shanxi,M_SR,96,0.5,4,0.9091402562154227,18,0.8333333333333334,0.8064516129032258,36.0,31.0,30.0,25.0
holdout,shanxi,M_SR,96,1.0,9,0.872800404103719,24,0.8055555555555556,0.7741935483870968,36.0,31.0,29.0,24.0
holdout,shanxi,M_SR,96,1.5,8,0.8459375333850735,30,0.8055555555555556,0.7741935483870968,36.0,31.0,29.0,24.0
holdout,shanxi,M_SR,96,2.0,5,0.8230676335702567,34,0.8055555555555556,0.7741935483870968,36.0,31.0,29.0,24.0
holdout,shanxi,M_SR,96,3.0,15,0.7812098647179347,43,0.7777777777777778,0.7419354838709677,36.0,31.0,28.0,23.0
holdout,shanxi,M_SR,97,0.1,3,0.9582266911177708,6,1.0,1.0,36.0,31.0,36.0,31.0
holdout,shanxi,M_SR,97,0.5,15,0.903562545941503,17,0.8611111111111112,0.8387096774193549,36.0,31.0,31.0,26.0
holdout,shanxi,M_SR,97,1.0,2,0.8700270948426609,24,0.8611111111111112,0.8387096774193549,36.0,31.0,31.0,26.0
holdout,shanxi,M_SR,97,1.5,13,0.8440337596592454,31,0.8611111111111112,0.8387096774193549,36.0,31.0,31.0,26.0
holdout,shanxi,M_SR,97,2.0,13,0.8224958926714092,36,0.8611111111111112,0.8387096774193549,36.0,31.0,31.0,26.0
holdout,shanxi,M_SR,97,3.0,16,0.7854984754434161,44,0.8333333333333334,0.8064516129032258,36.0,31.0,30.0,25.0
holdout,shanxi,M_SR,98,0.1,12345,0.9562363719625604,6,0.8611111111111112,0.8387096774193549,36.0,31.0,31.0,26.0
holdout,shanxi,M_SR,98,0.5,10,0.9068916605532306,17,0.8611111111111112,0.8387096774193549,36.0,31.0,31.0,26.0
holdout,shanxi,M_SR,98,1.0,4,0.8695323565567561,26,0.8611111111111112,0.8387096774193549,36.0,31.0,31.0,26.0
holdout,shanxi,M_SR,98,1.5,18,0.8435938009497718,32,0.8333333333333334,0.8064516129032258,36.0,31.0,30.0,25.0
holdout,shanxi,M_SR,98,2.0,6,0.8196820000320418,33,0.8333333333333334,0.8064516129032258,36.0,31.0,30.0,25.0
holdout,shanxi,M_SR,98,3.0,4,0.7797480971815528,39,0.8333333333333334,0.8064516129032258,36.0,31.0,30.0,25.0
holdout,shanxi,M_SR,99,0.1,11,0.9612054111300666,8,0.8611111111111112,0.8387096774193549,36.0,31.0,31.0,26.0
holdout,shanxi,M_SR,99,0.5,8,0.9098210673035594,18,0.8611111111111112,0.8387096774193549,36.0,31.0,31.0,26.0
holdout,shanxi,M_SR,99,1.0,12345,0.8749559957844616,24,0.8333333333333334,0.8064516129032258,36.0,31.0,30.0,25.0
holdout,shanxi,M_SR,99,1.5,12345,0.8452121694372903,28,0.8055555555555556,0.7741935483870968,36.0,31.0,29.0,24.0
holdout,shanxi,M_SR,99,2.0,17,0.8203842960154801,29,0.8055555555555556,0.7741935483870968,36.0,31.0,29.0,24.0
holdout,shanxi,M_SR,99,3.0,19,0.776619619851461,39,0.8333333333333334,0.8064516129032258,36.0,31.0,30.0,25.0
holdout,shanxi,M_SR,100,0.1,3,0.9596574660284465,8,0.8611111111111112,0.8387096774193549,36.0,31.0,31.0,26.0
holdout,shanxi,M_SR,100,0.5,16,0.9105360582118255,17,0.8333333333333334,0.8064516129032258,36.0,31.0,30.0,25.0
holdout,shanxi,M_SR,100,1.0,15,0.8708106696684434,23,0.8333333333333334,0.8064516129032258,36.0,31.0,30.0,25.0
holdout,shanxi,M_SR,100,1.5,3,0.8445207487422728,30,0.8611111111111112,0.8387096774193549,36.0,31.0,31.0,26.0
holdout,shanxi,M_SR,100,2.0,15,0.8227725762171991,34,0.8333333333333334,0.8064516129032258,36.0,31.0,30.0,25.0
holdout,shanxi,M_SR,100,3.0,4,0.7824810062903486,40,0.8055555555555556,0.7741935483870968,36.0,31.0,29.0,24.0
holdout,shanxi,M_SR,101,0.1,7,0.9601860181167882,6,1.0,1.0,36.0,31.0,36.0,31.0
holdout,shanxi,M_SR,101,0.5,8,0.9138614128610237,17,0.8611111111111112,0.8387096774193549,36.0,31.0,31.0,26.0
holdout,shanxi,M_SR,101,1.0,11,0.8758767169925085,21,0.8611111111111112,0.8387096774193549,36.0,31.0,31.0,26.0
holdout,shanxi,M_SR,101,1.5,6,0.8478033663568879,28,0.8611111111111112,0.8387096774193549,36.0,31.0,31.0,26.0
holdout,shanxi,M_SR,101,2.0,15,0.8236222099239667,33,0.8611111111111112,0.8387096774193549,36.0,31.0,31.0,26.0
holdout,shanxi,M_SR,101,3.0,15,0.7850049351977516,41,0.8611111111111112,0.8387096774193549,36.0,31.0,31.0,26.0
holdout,shanxi,M_SR,102,0.1,12345,0.9605429317041057,7,0.8611111111111112,0.8387096774193549,36.0,31.0,31.0,26.0
holdout,shanxi,M_SR,102,0.5,4,0.9129670152975261,16,0.8333333333333334,0.8064516129032258,36.0,31.0,30.0,25.0
holdout,shanxi,M_SR,102,1.0,14,0.8734459032468391,24,0.8611111111111112,0.8387096774193549,36.0,31.0,31.0,26.0
holdout,shanxi,M_SR,102,1.5,16,0.8441425266852352,28,0.8333333333333334,0.8064516129032258,36.0,31.0,30.0,25.0
holdout,shanxi,M_SR,102,2.0,6,0.8200166188496093,40,0.8055555555555556,0.7741935483870968,36.0,31.0,29.0,24.0
holdout,shanxi,M_SR,102,3.0,14,0.7819674421793422,43,0.7777777777777778,0.7419354838709677,36.0,31.0,28.0,23.0
holdout,shanxi,M_SR,103,0.1,3,0.958900424630475,8,1.0,1.0,36.0,31.0,36.0,31.0
holdout,shanxi,M_SR,103,0.5,2,0.9116452891624095,18,0.8333333333333334,0.8064516129032258,36.0,31.0,30.0,25.0
holdout,shanxi,M_SR,103,1.0,12345,0.870187674054083,26,0.8333333333333334,0.8064516129032258,36.0,31.0,30.0,25.0
holdout,shanxi,M_SR,103,1.5,10,0.840824839929455,31,0.8333333333333334,0.8064516129032258,36.0,31.0,30.0,25.0
holdout,shanxi,M_SR,103,2.0,11,0.8159264085376248,35,0.8333333333333334,0.8064516129032258,36.0,31.0,30.0,25.0
holdout,shanxi,M_SR,103,3.0,6,0.7728419605321241,44,0.8333333333333334,0.8064516129032258,36.0,31.0,30.0,25.0
holdout,shanxi,M_SR,104,0.1,7,0.9601107865268637,8,0.8611111111111112,0.8387096774193549,36.0,31.0,31.0,26.0
holdout,shanxi,M_SR,104,0.5,7,0.9133467508158619,14,0.8611111111111112,0.8387096774193549,36.0,31.0,31.0,26.0
holdout,shanxi,M_SR,104,1.0,11,0.8743699479494751,23,0.8611111111111112,0.8387096774193549,36.0,31.0,31.0,26.0
holdout,shanxi,M_SR,104,1.5,6,0.8460640265374011,27,0.8611111111111112,0.8387096774193549,36.0,31.0,31.0,26.0
holdout,shanxi,M_SR,104,2.0,15,0.8220437910314697,36,0.8611111111111112,0.8387096774193549,36.0,31.0,31.0,26.0
holdout,shanxi,M_SR,104,3.0,2,0.7820801619540483,42,0.8611111111111112,0.8387096774193549,36.0,31.0,31.0,26.0
holdout,shanxi,M_SR,105,0.1,5,0.9585122649157485,9,1.0,1.0,36.0,31.0,36.0,31.0
holdout,shanxi,M_SR,105,0.5,9,0.9059653242784237,19,0.8333333333333334,0.8064516129032258,36.0,31.0,30.0,25.0
holdout,shanxi,M_SR,105,1.0,7,0.8682892947491322,26,0.8333333333333334,0.8064516129032258,36.0,31.0,30.0,25.0
holdout,shanxi,M_SR,105,1.5,7,0.8383809824122584,31,0.8333333333333334,0.8064516129032258,36.0,31.0,30.0,25.0
holdout,shanxi,M_SR,105,2.0,4,0.8131051401792266,35,0.8333333333333334,0.8064516129032258,36.0,31.0,30.0,25.0
holdout,shanxi,M_SR,105,3.0,4,0.774605677952103,42,0.8333333333333334,0.8064516129032258,36.0,31.0,30.0,25.0
holdout,shanxi,M_SR,106,0.1,5,0.953025236534185,9,1.0,1.0,36.0,31.0,36.0,31.0
holdout,shanxi,M_SR,106,0.5,19,0.9019894802258174,18,0.8611111111111112,0.8387096774193549,36.0,31.0,31.0,26.0
holdout,shanxi,M_SR,106,1.0,14,0.8675323686518029,25,0.8611111111111112,0.8387096774193549,36.0,31.0,31.0,26.0
holdout,shanxi,M_SR,106,1.5,12,0.8402654350626143,30,0.8055555555555556,0.7741935483870968,36.0,31.0,29.0,24.0
holdout,shanxi,M_SR,106,2.0,15,0.8165666054000732,35,0.8055555555555556,0.7741935483870968,36.0,31.0,29.0,24.0
holdout,shanxi,M_SR,106,3.0,8,0.7747576880679559,41,0.8055555555555556,0.7741935483870968,36.0,31.0,29.0,24.0
holdout,shanxi,M_SR,107,0.1,5,0.9609925532286403,8,0.8611111111111112,0.8387096774193549,36.0,31.0,31.0,26.0
holdout,shanxi,M_SR,107,0.5,13,0.916371807624588,19,0.8611111111111112,0.8387096774193549,36.0,31.0,31.0,26.0
holdout,shanxi,M_SR,107,1.0,6,0.8761520594582365,25,0.8611111111111112,0.8387096774193549,36.0,31.0,31.0,26.0
holdout,shanxi,M_SR,107,1.5,14,0.8501028076085106,31,0.8055555555555556,0.7741935483870968,36.0,31.0,29.0,24.0
holdout,shanxi,M_SR,107,2.0,7,0.8268280948883986,35,0.8055555555555556,0.7741935483870968,36.0,31.0,29.0,24.0
holdout,shanxi,M_SR,107,3.0,7,0.7879426805743622,42,0.7777777777777778,0.7419354838709677,36.0,31.0,28.0,23.0
holdout,shanxi,M_SR,108,0.1,7,0.9580631161194851,8,1.0,1.0,36.0,31.0,36.0,31.0
holdout,shanxi,M_SR,108,0.5,15,0.9144581383836309,20,0.8333333333333334,0.8064516129032258,36.0,31.0,30.0,25.0
holdout,shanxi,M_SR,108,1.0,14,0.8810666680877208,30,0.8333333333333334,0.8064516129032258,36.0,31.0,30.0,25.0
holdout,shanxi,M_SR,108,1.5,10,0.85661769681244,35,0.8333333333333334,0.8064516129032258,36.0,31.0,30.0,25.0
holdout,shanxi,M_SR,108,2.0,16,0.8360007969471039,40,0.8333333333333334,0.8064516129032258,36.0,31.0,30.0,25.0
holdout,shanxi,M_SR,108,3.0,6,0.8029226130264905,45,0.7777777777777778,0.7419354838709677,36.0,31.0,28.0,23.0
holdout,shanxi,M_SR,109,0.1,12345,0.9590663599160149,6,0.8611111111111112,0.8387096774193549,36.0,31.0,31.0,26.0
holdout,shanxi,M_SR,109,0.5,7,0.9116955295100163,14,0.8611111111111112,0.8387096774193549,36.0,31.0,31.0,26.0
holdout,shanxi,M_SR,109,1.0,16,0.8722530006013933,22,0.8611111111111112,0.8387096774193549,36.0,31.0,31.0,26.0
holdout,shanxi,M_SR,109,1.5,16,0.8452960748505922,28,0.8333333333333334,0.8064516129032258,36.0,31.0,30.0,25.0
holdout,shanxi,M_SR,109,2.0,18,0.8206952238045178,30,0.8333333333333334,0.8064516129032258,36.0,31.0,30.0,25.0
holdout,shanxi,M_SR,109,3.0,12,0.7798789059358753,42,0.8333333333333334,0.8064516129032258,36.0,31.0,30.0,25.0
holdout,shanxi,M_SR,110,0.1,13,0.9527640693962754,7,0.8333333333333334,0.8064516129032258,36.0,31.0,30.0,25.0
holdout,shanxi,M_SR,110,0.5,1,0.9046849205098266,15,0.8333333333333334,0.8064516129032258,36.0,31.0,30.0,25.0
holdout,shanxi,M_SR,110,1.0,17,0.8638423375713578,21,0.8333333333333334,0.8064516129032258,36.0,31.0,30.0,25.0
holdout,shanxi,M_SR,110,1.5,9,0.8312405016314479,28,0.8333333333333334,0.8064516129032258,36.0,31.0,30.0,25.0
holdout,shanxi,M_SR,110,2.0,2,0.8048980993013646,36,0.75,0.7096774193548387,36.0,31.0,27.0,22.0
holdout,shanxi,M_SR,110,3.0,15,0.7609984300159616,43,0.7777777777777778,0.7419354838709677,36.0,31.0,28.0,23.0
holdout,shanxi,M_SR,111,0.1,8,0.9571454151754741,7,1.0,1.0,36.0,31.0,36.0,31.0
holdout,shanxi,M_SR,111,0.5,17,0.9011116299134199,16,0.8611111111111112,0.8387096774193549,36.0,31.0,31.0,26.0
holdout,shanxi,M_SR,111,1.0,16,0.86469133022141,24,0.8611111111111112,0.8387096774193549,36.0,31.0,31.0,26.0
holdout,shanxi,M_SR,111,1.5,2,0.8377800936206813,28,0.8611111111111112,0.8387096774193549,36.0,31.0,31.0,26.0
holdout,shanxi,M_SR,111,2.0,19,0.8136676799276823,34,0.8611111111111112,0.8387096774193549,36.0,31.0,31.0,26.0
holdout,shanxi,M_SR,111,3.0,11,0.771046566979805,40,0.8611111111111112,0.8387096774193549,36.0,31.0,31.0,26.0
holdout,shanxi,M_SR,112,0.1,17,0.9558655221998051,8,1.0,1.0,36.0,31.0,36.0,31.0
holdout,shanxi,M_SR,112,0.5,3,0.9073405671321477,18,0.8611111111111112,0.8387096774193549,36.0,31.0,31.0,26.0
holdout,shanxi,M_SR,112,1.0,14,0.8664071589475305,28,0.8333333333333334,0.8064516129032258,36.0,31.0,30.0,25.0
holdout,shanxi,M_SR,112,1.5,18,0.8375103619730215,31,0.8333333333333334,0.8064516129032258,36.0,31.0,30.0,25.0
holdout,shanxi,M_SR,112,2.0,12345,0.8128428919334515,38,0.8333333333333334,0.8064516129032258,36.0,31.0,30.0,25.0
holdout,shanxi,M_SR,112,3.0,12,0.7732311219072796,46,0.8333333333333334,0.8064516129032258,36.0,31.0,30.0,25.0
holdout,shanxi,M_SR,113,0.1,12345,0.9591940829441492,6,1.0,1.0,36.0,31.0,36.0,31.0
holdout,shanxi,M_SR,113,0.5,18,0.9088134424102563,17,0.8333333333333334,0.8064516129032258,36.0,31.0,30.0,25.0
holdout,shanxi,M_SR,113,1.0,4,0.8666474985304725,25,0.8055555555555556,0.7741935483870968,36.0,31.0,29.0,24.0
holdout,shanxi,M_SR,113,1.5,11,0.8377606021205329,28,0.8055555555555556,0.7741935483870968,36.0,31.0,29.0,24.0
holdout,shanxi,M_SR,113,2.0,4,0.8116282831541664,32,0.8055555555555556,0.7741935483870968,36.0,31.0,29.0,24.0
holdout,shanxi,M_SR,113,3.0,4,0.7680646567575135,40,0.8055555555555556,0.7741935483870968,36.0,31.0,29.0,24.0
holdout,shanxi,M_SR,114,0.1,1,0.9541152717157172,7,1.0,1.0,36.0,31.0,36.0,31.0
holdout,shanxi,M_SR,114,0.5,17,0.9045059136910604,18,0.8333333333333334,0.8064516129032258,36.0,31.0,30.0,25.0
holdout,shanxi,M_SR,114,1.0,16,0.8621936009945056,28,0.8333333333333334,0.8064516129032258,36.0,31.0,30.0,25.0
holdout,shanxi,M_SR,114,1.5,7,0.829053233158916,31,0.8333333333333334,0.8064516129032258,36.0,31.0,30.0,25.0
holdout,shanxi,M_SR,114,2.0,6,0.8000873274088287,38,0.8333333333333334,0.8064516129032258,36.0,31.0,30.0,25.0
holdout,shanxi,M_SR,114,3.0,17,0.7607043750038875,41,0.8333333333333334,0.8064516129032258,36.0,31.0,30.0,25.0
holdout,shanxi,M_SR,115,0.1,9,0.9550063621645072,6,1.0,1.0,36.0,31.0,36.0,31.0
holdout,shanxi,M_SR,115,0.5,14,0.9087159587747489,16,0.8333333333333334,0.8064516129032258,36.0,31.0,30.0,25.0
holdout,shanxi,M_SR,115,1.0,4,0.8708675132375339,25,0.8333333333333334,0.8064516129032258,36.0,31.0,30.0,25.0
holdout,shanxi,M_SR,115,1.5,4,0.8436251655996149,30,0.8333333333333334,0.8064516129032258,36.0,31.0,30.0,25.0
holdout,shanxi,M_SR,115,2.0,14,0.8210254143241135,35,0.8333333333333334,0.8064516129032258,36.0,31.0,30.0,25.0
holdout,shanxi,M_SR,115,3.0,14,0.7858300511028341,43,0.8333333333333334,0.8064516129032258,36.0,31.0,30.0,25.0
holdout,shanxi,M_SR,116,0.1,9,0.9590626917393671,7,0.8333333333333334,0.8064516129032258,36.0,31.0,30.0,25.0
holdout,shanxi,M_SR,116,0.5,8,0.9141701081838086,18,0.8611111111111112,0.8387096774193549,36.0,31.0,31.0,26.0
holdout,shanxi,M_SR,116,1.0,7,0.8761925378427791,25,0.8333333333333334,0.8064516129032258,36.0,31.0,30.0,25.0
holdout,shanxi,M_SR,116,1.5,11,0.847227575785894,32,0.8055555555555556,0.7741935483870968,36.0,31.0,29.0,24.0
holdout,shanxi,M_SR,116,2.0,16,0.822835254390375,37,0.8055555555555556,0.7741935483870968,36.0,31.0,29.0,24.0
holdout,shanxi,M_SR,116,3.0,4,0.7855526496384007,46,0.8055555555555556,0.7741935483870968,36.0,31.0,29.0,24.0
holdout,shanxi,M_SR,117,0.1,5,0.9593820966742823,7,1.0,1.0,36.0,31.0,36.0,31.0
holdout,shanxi,M_SR,117,0.5,17,0.9136246911922369,18,0.8611111111111112,0.8387096774193549,36.0,31.0,31.0,26.0
holdout,shanxi,M_SR,117,1.0,8,0.8775462439266022,27,0.8611111111111112,0.8387096774193549,36.0,31.0,31.0,26.0
holdout,shanxi,M_SR,117,1.5,5,0.8497601083029807,33,0.8611111111111112,0.8387096774193549,36.0,31.0,31.0,26.0
holdout,shanxi,M_SR,117,2.0,5,0.8267697931863275,36,0.8611111111111112,0.8387096774193549,36.0,31.0,31.0,26.0
holdout,shanxi,M_SR,117,3.0,16,0.7861657522016725,42,0.8055555555555556,0.7741935483870968,36.0,31.0,29.0,24.0
holdout,shanxi,M_SR,118,0.1,3,0.9547113830717023,5,1.0,1.0,36.0,31.0,36.0,31.0
holdout,shanxi,M_SR,118,0.5,17,0.9031767637418838,18,0.8055555555555556,0.7741935483870968,36.0,31.0,29.0,24.0
holdout,shanxi,M_SR,118,1.0,11,0.866376713587719,26,0.8333333333333334,0.8064516129032258,36.0,31.0,30.0,25.0
holdout,shanxi,M_SR,118,1.5,6,0.8386778673200074,29,0.8333333333333334,0.8064516129032258,36.0,31.0,30.0,25.0
holdout,shanxi,M_SR,118,2.0,15,0.8168388509414307,36,0.8333333333333334,0.8064516129032258,36.0,31.0,30.0,25.0
holdout,shanxi,M_SR,118,3.0,11,0.7788577952724098,44,0.8055555555555556,0.7741935483870968,36.0,31.0,29.0,24.0
holdout,shanxi,M_SR,119,0.1,10,0.9580793757695658,6,0.8333333333333334,0.8064516129032258,36.0,31.0,30.0,25.0
holdout,shanxi,M_SR,119,0.5,15,0.9115385395425175,16,0.8333333333333334,0.8064516129032258,36.0,31.0,30.0,25.0
holdout,shanxi,M_SR,119,1.0,6,0.8719657334097194,23,0.8611111111111112,0.8387096774193549,36.0,31.0,31.0,26.0
holdout,shanxi,M_SR,119,1.5,12,0.8442211660458901,27,0.8611111111111112,0.8387096774193549,36.0,31.0,31.0,26.0
holdout,shanxi,M_SR,119,2.0,13,0.8182615591242481,37,0.8333333333333334,0.8064516129032258,36.0,31.0,30.0,25.0
holdout,shanxi,M_SR,119,3.0,10,0.7828861469419374,44,0.8333333333333334,0.8064516129032258,36.0,31.0,30.0,25.0
holdout,shanxi,M_SR,120,0.1,14,0.9543159091189763,6,0.8611111111111112,0.8387096774193549,36.0,31.0,31.0,26.0
holdout,shanxi,M_SR,120,0.5,14,0.9031770944350174,15,0.8611111111111112,0.8387096774193549,36.0,31.0,31.0,26.0
holdout,shanxi,M_SR,120,1.0,10,0.8624536609684765,25,0.8611111111111112,0.8387096774193549,36.0,31.0,31.0,26.0
holdout,shanxi,M_SR,120,1.5,10,0.8339341951930276,29,0.8055555555555556,0.7741935483870968,36.0,31.0,29.0,24.0
holdout,shanxi,M_SR,120,2.0,19,0.808482036992633,35,0.8055555555555556,0.7741935483870968,36.0,31.0,29.0,24.0
holdout,shanxi,M_SR,120,3.0,19,0.7698034207481562,42,0.7777777777777778,0.7419354838709677,36.0,31.0,28.0,23.0
holdout,shanxi,M_SR,121,0.1,8,0.9575089910255008,8,1.0,1.0,36.0,31.0,36.0,31.0
holdout,shanxi,M_SR,121,0.5,3,0.9026677259259284,17,0.8333333333333334,0.8064516129032258,36.0,31.0,30.0,25.0
holdout,shanxi,M_SR,121,1.0,8,0.8661357770469825,23,0.75,0.7096774193548387,36.0,31.0,27.0,22.0
holdout,shanxi,M_SR,121,1.5,12345,0.8385356141898836,30,0.7777777777777778,0.7419354838709677,36.0,31.0,28.0,23.0
holdout,shanxi,M_SR,121,2.0,15,0.8161906044155447,35,0.75,0.7096774193548387,36.0,31.0,27.0,22.0
holdout,shanxi,M_SR,121,3.0,10,0.7784724832259794,44,0.75,0.7096774193548387,36.0,31.0,27.0,22.0
holdout,shanxi,M_SR,122,0.1,12,0.9580313207751741,8,0.8611111111111112,0.8387096774193549,36.0,31.0,31.0,26.0
holdout,shanxi,M_SR,122,0.5,17,0.9101585448634117,15,0.8333333333333334,0.8064516129032258,36.0,31.0,30.0,25.0
holdout,shanxi,M_SR,122,1.0,6,0.8717281599774593,23,0.8333333333333334,0.8064516129032258,36.0,31.0,30.0,25.0
holdout,shanxi,M_SR,122,1.5,10,0.8452609934246845,31,0.8333333333333334,0.8064516129032258,36.0,31.0,30.0,25.0
holdout,shanxi,M_SR,122,2.0,17,0.8234259311647982,36,0.8055555555555556,0.7741935483870968,36.0,31.0,29.0,24.0
holdout,shanxi,M_SR,122,3.0,12,0.7846979020204176,41,0.8333333333333334,0.8064516129032258,36.0,31.0,30.0,25.0
holdout,shanxi,M_SR,123,0.1,3,0.9549742863212329,7,1.0,1.0,36.0,31.0,36.0,31.0
holdout,shanxi,M_SR,123,0.5,4,0.9080887884352152,19,0.8055555555555556,0.7741935483870968,36.0,31.0,29.0,24.0
holdout,shanxi,M_SR,123,1.0,5,0.8700740237538784,27,0.8333333333333334,0.8064516129032258,36.0,31.0,30.0,25.0
holdout,shanxi,M_SR,123,1.5,13,0.8430657917456215,30,0.9444444444444444,0.9354838709677419,36.0,31.0,34.0,29.0
holdout,shanxi,M_SR,123,2.0,11,0.8198324711640547,33,0.8333333333333334,0.8064516129032258,36.0,31.0,30.0,25.0
holdout,shanxi,M_SR,123,3.0,1,0.7799547176918907,39,0.8055555555555556,0.7741935483870968,36.0,31.0,29.0,24.0
holdout,shanxi,M_SR,124,0.1,12345,0.9559653807375258,7,0.8611111111111112,0.8387096774193549,36.0,31.0,31.0,26.0
holdout,shanxi,M_SR,124,0.5,8,0.9080571416319825,17,0.8611111111111112,0.8387096774193549,36.0,31.0,31.0,26.0
holdout,shanxi,M_SR,124,1.0,4,0.8717948317851502,27,0.8055555555555556,0.7741935483870968,36.0,31.0,29.0,24.0
holdout,shanxi,M_SR,124,1.5,7,0.8454613748236689,34,0.8611111111111112,0.8387096774193549,36.0,31.0,31.0,26.0
holdout,shanxi,M_SR,124,2.0,6,0.8247549211140729,35,0.8611111111111112,0.8387096774193549,36.0,31.0,31.0,26.0
holdout,shanxi,M_SR,124,3.0,19,0.7862850203748057,44,0.8055555555555556,0.7741935483870968,36.0,31.0,29.0,24.0
holdout,shanxi,M_SR,125,0.1,12345,0.9595590806189802,7,0.8333333333333334,0.8064516129032258,36.0,31.0,30.0,25.0
holdout,shanxi,M_SR,125,0.5,9,0.9093855025637619,18,0.8333333333333334,0.8064516129032258,36.0,31.0,30.0,25.0
holdout,shanxi,M_SR,125,1.0,7,0.8693497987045272,26,0.8055555555555556,0.7741935483870968,36.0,31.0,29.0,24.0
holdout,shanxi,M_SR,125,1.5,12345,0.8396350746352592,29,0.8055555555555556,0.7741935483870968,36.0,31.0,29.0,24.0
holdout,shanxi,M_SR,125,2.0,1,0.817431204821011,34,0.8055555555555556,0.7741935483870968,36.0,31.0,29.0,24.0
holdout,shanxi,M_SR,125,3.0,3,0.782796316895402,40,0.8055555555555556,0.7741935483870968,36.0,31.0,29.0,24.0
holdout,shanxi,M_SR,126,0.1,7,0.9594102547723315,8,0.8611111111111112,0.8387096774193549,36.0,31.0,31.0,26.0
holdout,shanxi,M_SR,126,0.5,12,0.9120649445096325,16,0.8611111111111112,0.8387096774193549,36.0,31.0,31.0,26.0
holdout,shanxi,M_SR,126,1.0,6,0.8736136573631327,25,0.8611111111111112,0.8387096774193549,36.0,31.0,31.0,26.0
holdout,shanxi,M_SR,126,1.5,16,0.8468846134681727,30,0.8611111111111112,0.8387096774193549,36.0,31.0,31.0,26.0
holdout,shanxi,M_SR,126,2.0,6,0.8235399302583408,34,0.8611111111111112,0.8387096774193549,36.0,31.0,31.0,26.0
holdout,shanxi,M_SR,126,3.0,3,0.7855484854744255,40,0.8611111111111112,0.8387096774193549,36.0,31.0,31.0,26.0
holdout,shanxi,M_SR,127,0.1,1,0.9568295298060722,7,0.8333333333333334,0.8064516129032258,36.0,31.0,30.0,25.0
holdout,shanxi,M_SR,127,0.5,10,0.9072780247902318,18,0.8333333333333334,0.8064516129032258,36.0,31.0,30.0,25.0
holdout,shanxi,M_SR,127,1.0,3,0.8696930443234292,26,0.7777777777777778,0.7419354838709677,36.0,31.0,28.0,23.0
holdout,shanxi,M_SR,127,1.5,13,0.8420089629666433,31,0.75,0.7096774193548387,36.0,31.0,27.0,22.0
holdout,shanxi,M_SR,127,2.0,5,0.8180538740537532,34,0.75,0.7096774193548387,36.0,31.0,27.0,22.0
holdout,shanxi,M_SR,127,3.0,5,0.7773716560522314,41,0.75,0.7096774193548387,36.0,31.0,27.0,22.0
holdout,shanxi,M_SR,128,0.1,12345,0.9550745572897246,8,0.9722222222222222,0.967741935483871,36.0,31.0,35.0,30.0
holdout,shanxi,M_SR,128,0.5,7,0.903057304060551,17,0.8333333333333334,0.8064516129032258,36.0,31.0,30.0,25.0
holdout,shanxi,M_SR,128,1.0,6,0.8669953463674993,23,0.8333333333333334,0.8064516129032258,36.0,31.0,30.0,25.0
holdout,shanxi,M_SR,128,1.5,10,0.8411113466660791,30,0.8333333333333334,0.8064516129032258,36.0,31.0,30.0,25.0
holdout,shanxi,M_SR,128,2.0,11,0.8187905821536708,35,0.8333333333333334,0.8064516129032258,36.0,31.0,30.0,25.0
holdout,shanxi,M_SR,128,3.0,2,0.7796097655305898,39,0.8333333333333334,0.8064516129032258,36.0,31.0,30.0,25.0
holdout,shanxi,M_SR,129,0.1,3,0.9599754935732522,9,0.8611111111111112,0.8387096774193549,36.0,31.0,31.0,26.0
holdout,shanxi,M_SR,129,0.5,11,0.9131712954406103,16,0.8611111111111112,0.8387096774193549,36.0,31.0,31.0,26.0
holdout,shanxi,M_SR,129,1.0,5,0.8763090420585321,27,0.8611111111111112,0.8387096774193549,36.0,31.0,31.0,26.0
holdout,shanxi,M_SR,129,1.5,19,0.8489840461761367,31,0.8611111111111112,0.8387096774193549,36.0,31.0,31.0,26.0
holdout,shanxi,M_SR,129,2.0,19,0.8232502552113526,34,0.8333333333333334,0.8064516129032258,36.0,31.0,30.0,25.0
holdout,shanxi,M_SR,129,3.0,18,0.7831791238226046,43,0.8611111111111112,0.8387096774193549,36.0,31.0,31.0,26.0
holdout,shanxi,M_SR,130,0.1,12345,0.9582434681144569,7,0.8611111111111112,0.8387096774193549,36.0,31.0,31.0,26.0
holdout,shanxi,M_SR,130,0.5,8,0.9078504156383539,16,0.8611111111111112,0.8387096774193549,36.0,31.0,31.0,26.0
holdout,shanxi,M_SR,130,1.0,18,0.8658265981583432,24,0.8055555555555556,0.7741935483870968,36.0,31.0,29.0,24.0
holdout,shanxi,M_SR,130,1.5,12,0.8341352711020978,31,0.8055555555555556,0.7741935483870968,36.0,31.0,29.0,24.0
holdout,shanxi,M_SR,130,2.0,4,0.8113271627482703,36,0.75,0.7096774193548387,36.0,31.0,27.0,22.0
holdout,shanxi,M_SR,130,3.0,15,0.7739005502761659,41,0.8055555555555556,0.7741935483870968,36.0,31.0,29.0,24.0
holdout,shanxi,M_SR,131,0.1,5,0.9573168726142377,8,0.8611111111111112,0.8387096774193549,36.0,31.0,31.0,26.0
holdout,shanxi,M_SR,131,0.5,6,0.9064709818964587,18,0.8611111111111112,0.8387096774193549,36.0,31.0,31.0,26.0
holdout,shanxi,M_SR,131,1.0,1,0.8674885029571264,25,0.8611111111111112,0.8387096774193549,36.0,31.0,31.0,26.0
holdout,shanxi,M_SR,131,1.5,18,0.8380850017495586,31,0.8611111111111112,0.8387096774193549,36.0,31.0,31.0,26.0
holdout,shanxi,M_SR,131,2.0,12345,0.8149222928691874,37,0.8333333333333334,0.8064516129032258,36.0,31.0,30.0,25.0
holdout,shanxi,M_SR,131,3.0,5,0.7814609950024921,48,0.8055555555555556,0.7741935483870968,36.0,31.0,29.0,24.0
holdout,shanxi,M_SR,132,0.1,18,0.9576512185530524,7,1.0,1.0,36.0,31.0,36.0,31.0
holdout,shanxi,M_SR,132,0.5,12345,0.9019049614161466,17,0.8055555555555556,0.7741935483870968,36.0,31.0,29.0,24.0
holdout,shanxi,M_SR,132,1.0,12,0.8661460239464558,25,0.8055555555555556,0.7741935483870968,36.0,31.0,29.0,24.0
holdout,shanxi,M_SR,132,1.5,8,0.8434325296462042,34,0.75,0.7096774193548387,36.0,31.0,27.0,22.0
holdout,shanxi,M_SR,132,2.0,3,0.8224828840886174,37,0.75,0.7096774193548387,36.0,31.0,27.0,22.0
holdout,shanxi,M_SR,132,3.0,13,0.7835471957123582,41,0.75,0.7096774193548387,36.0,31.0,27.0,22.0
holdout,shanxi,M_SR,133,0.1,7,0.9583547938590435,6,0.8611111111111112,0.8387096774193549,36.0,31.0,31.0,26.0
holdout,shanxi,M_SR,133,0.5,6,0.9042442815809535,14,0.8611111111111112,0.8387096774193549,36.0,31.0,31.0,26.0
holdout,shanxi,M_SR,133,1.0,5,0.8652104187714404,24,0.8611111111111112,0.8387096774193549,36.0,31.0,31.0,26.0
holdout,shanxi,M_SR,133,1.5,4,0.8353538181564742,29,0.8333333333333334,0.8064516129032258,36.0,31.0,30.0,25.0
holdout,shanxi,M_SR,133,2.0,6,0.8093295050729897,32,0.8333333333333334,0.8064516129032258,36.0,31.0,30.0,25.0
holdout,shanxi,M_SR,133,3.0,8,0.7741259097431832,41,0.8333333333333334,0.8064516129032258,36.0,31.0,30.0,25.0
holdout,shanxi,M_SR,134,0.1,1,0.9605213366963038,7,0.8611111111111112,0.8387096774193549,36.0,31.0,31.0,26.0
holdout,shanxi,M_SR,134,0.5,14,0.9147147458148169,17,0.8611111111111112,0.8387096774193549,36.0,31.0,31.0,26.0
holdout,shanxi,M_SR,134,1.0,8,0.8812275016061176,24,0.8611111111111112,0.8387096774193549,36.0,31.0,31.0,26.0
holdout,shanxi,M_SR,134,1.5,2,0.8537584291831043,32,0.8611111111111112,0.8387096774193549,36.0,31.0,31.0,26.0
holdout,shanxi,M_SR,134,2.0,8,0.8306735516128142,37,0.8333333333333334,0.8064516129032258,36.0,31.0,30.0,25.0
holdout,shanxi,M_SR,134,3.0,13,0.7953098810109593,43,0.8333333333333334,0.8064516129032258,36.0,31.0,30.0,25.0
holdout,shanxi,M_SR,135,0.1,7,0.9547239507066028,7,1.0,1.0,36.0,31.0,36.0,31.0
holdout,shanxi,M_SR,135,0.5,6,0.9027399111253998,16,0.8333333333333334,0.8064516129032258,36.0,31.0,30.0,25.0
holdout,shanxi,M_SR,135,1.0,1,0.8627517685728404,24,0.8055555555555556,0.7741935483870968,36.0,31.0,29.0,24.0
holdout,shanxi,M_SR,135,1.5,17,0.833320553217983,27,0.8055555555555556,0.7741935483870968,36.0,31.0,29.0,24.0
holdout,shanxi,M_SR,135,2.0,5,0.8090106859178692,36,0.8055555555555556,0.7741935483870968,36.0,31.0,29.0,24.0
holdout,shanxi,M_SR,135,3.0,13,0.7706703116753884,44,0.75,0.7096774193548387,36.0,31.0,27.0,22.0
holdout,shanxi,M_SR,136,0.1,9,0.9563789798989519,8,0.8611111111111112,0.8387096774193549,36.0,31.0,31.0,26.0
holdout,shanxi,M_SR,136,0.5,16,0.9078017347716393,17,0.8611111111111112,0.8387096774193549,36.0,31.0,31.0,26.0
holdout,shanxi,M_SR,136,1.0,19,0.8677218210524079,25,0.8611111111111112,0.8387096774193549,36.0,31.0,31.0,26.0
holdout,shanxi,M_SR,136,1.5,12345,0.8394199012458903,29,0.8611111111111112,0.8387096774193549,36.0,31.0,31.0,26.0
holdout,shanxi,M_SR,136,2.0,12345,0.8140405176741764,35,0.8333333333333334,0.8064516129032258,36.0,31.0,30.0,25.0
holdout,shanxi,M_SR,136,3.0,12345,0.7717518765103215,41,0.8333333333333334,0.8064516129032258,36.0,31.0,30.0,25.0
holdout,shanxi,M_SR,137,0.1,11,0.9580619787078223,8,0.8611111111111112,0.8387096774193549,36.0,31.0,31.0,26.0
holdout,shanxi,M_SR,137,0.5,7,0.9078490840881952,17,0.8611111111111112,0.8387096774193549,36.0,31.0,31.0,26.0
holdout,shanxi,M_SR,137,1.0,6,0.8709341942113137,24,0.8333333333333334,0.8064516129032258,36.0,31.0,30.0,25.0
holdout,shanxi,M_SR,137,1.5,3,0.8422489015237306,29,0.8611111111111112,0.8387096774193549,36.0,31.0,31.0,26.0
holdout,shanxi,M_SR,137,2.0,17,0.8184528807721494,33,0.8611111111111112,0.8387096774193549,36.0,31.0,31.0,26.0
holdout,shanxi,M_SR,137,3.0,12345,0.7775061737062794,45,0.8333333333333334,0.8064516129032258,36.0,31.0,30.0,25.0
holdout,shanxi,M_SR,138,0.1,2,0.9561526374721285,6,1.0,1.0,36.0,31.0,36.0,31.0
holdout,shanxi,M_SR,138,0.5,16,0.9032834530683154,15,0.8611111111111112,0.8387096774193549,36.0,31.0,31.0,26.0
holdout,shanxi,M_SR,138,1.0,10,0.8660192740813253,21,0.8611111111111112,0.8387096774193549,36.0,31.0,31.0,26.0
holdout,shanxi,M_SR,138,1.5,9,0.8391176298208052,30,0.8611111111111112,0.8387096774193549,36.0,31.0,31.0,26.0
holdout,shanxi,M_SR,138,2.0,1,0.8174603529696969,35,0.8611111111111112,0.8387096774193549,36.0,31.0,31.0,26.0
holdout,shanxi,M_SR,138,3.0,19,0.7798104947932434,44,0.8611111111111112,0.8387096774193549,36.0,31.0,31.0,26.0
holdout,shanxi,M_SR,139,0.1,1,0.9625631474347487,10,0.8611111111111112,0.8387096774193549,36.0,31.0,31.0,26.0
holdout,shanxi,M_SR,139,0.5,16,0.919091677101553,17,0.8611111111111112,0.8387096774193549,36.0,31.0,31.0,26.0
holdout,shanxi,M_SR,139,1.0,1,0.8774607111137223,24,0.8611111111111112,0.8387096774193549,36.0,31.0,31.0,26.0
holdout,shanxi,M_SR,139,1.5,12,0.8480494190748471,28,0.8611111111111112,0.8387096774193549,36.0,31.0,31.0,26.0
holdout,shanxi,M_SR,139,2.0,12,0.8232591471798822,36,0.8611111111111112,0.8387096774193549,36.0,31.0,31.0,26.0
holdout,shanxi,M_SR,139,3.0,10,0.7817665979127291,43,0.8611111111111112,0.8387096774193549,36.0,31.0,31.0,26.0
holdout,shanxi,M_SR,140,0.1,1,0.9555765221442927,6,0.8611111111111112,0.8387096774193549,36.0,31.0,31.0,26.0
holdout,shanxi,M_SR,140,0.5,11,0.9076776139371683,18,0.8611111111111112,0.8387096774193549,36.0,31.0,31.0,26.0
holdout,shanxi,M_SR,140,1.0,15,0.8709474233459042,24,0.8333333333333334,0.8064516129032258,36.0,31.0,30.0,25.0
holdout,shanxi,M_SR,140,1.5,12345,0.8432018074603264,29,0.8333333333333334,0.8064516129032258,36.0,31.0,30.0,25.0
holdout,shanxi,M_SR,140,2.0,2,0.8189545338522236,34,0.8333333333333334,0.8064516129032258,36.0,31.0,30.0,25.0
holdout,shanxi,M_SR,140,3.0,10,0.7804275949083866,40,0.8333333333333334,0.8064516129032258,36.0,31.0,30.0,25.0
holdout,shanxi,M_SR,141,0.1,14,0.9563266784967329,7,1.0,1.0,36.0,31.0,36.0,31.0
holdout,shanxi,M_SR,141,0.5,11,0.9112660791921086,18,0.8333333333333334,0.8064516129032258,36.0,31.0,30.0,25.0
holdout,shanxi,M_SR,141,1.0,19,0.8694549391965078,21,0.8333333333333334,0.8064516129032258,36.0,31.0,30.0,25.0
holdout,shanxi,M_SR,141,1.5,3,0.8356372932397286,27,0.8333333333333334,0.8064516129032258,36.0,31.0,30.0,25.0
holdout,shanxi,M_SR,141,2.0,18,0.8116607555617762,31,0.8333333333333334,0.8064516129032258,36.0,31.0,30.0,25.0
holdout,shanxi,M_SR,141,3.0,9,0.7705247853575034,37,0.8055555555555556,0.7741935483870968,36.0,31.0,29.0,24.0
holdout,shanxi,M_SR,142,0.1,12345,0.9609617472972152,7,1.0,1.0,36.0,31.0,36.0,31.0
holdout,shanxi,M_SR,142,0.5,12345,0.9116212993336138,17,0.8611111111111112,0.8387096774193549,36.0,31.0,31.0,26.0
holdout,shanxi,M_SR,142,1.0,13,0.876040034231982,25,0.8333333333333334,0.8064516129032258,36.0,31.0,30.0,25.0
holdout,shanxi,M_SR,142,1.5,1,0.8496336068943322,29,0.8333333333333334,0.8064516129032258,36.0,31.0,30.0,25.0
holdout,shanxi,M_SR,142,2.0,9,0.8277759648847833,36,0.8333333333333334,0.8064516129032258,36.0,31.0,30.0,25.0
holdout,shanxi,M_SR,142,3.0,11,0.7879297393109468,43,0.8333333333333334,0.8064516129032258,36.0,31.0,30.0,25.0
holdout,shanxi,M_SR,143,0.1,12,0.956588742015948,6,1.0,1.0,36.0,31.0,36.0,31.0
holdout,shanxi,M_SR,143,0.5,5,0.9074653852637621,18,0.8611111111111112,0.8387096774193549,36.0,31.0,31.0,26.0
holdout,shanxi,M_SR,143,1.0,13,0.8717968771796482,25,0.8333333333333334,0.8064516129032258,36.0,31.0,30.0,25.0
holdout,shanxi,M_SR,143,1.5,3,0.8448730518726072,34,0.8333333333333334,0.8064516129032258,36.0,31.0,30.0,25.0
holdout,shanxi,M_SR,143,2.0,19,0.824006581559931,37,0.8333333333333334,0.8064516129032258,36.0,31.0,30.0,25.0
holdout,shanxi,M_SR,143,3.0,12345,0.788151126365281,45,0.8333333333333334,0.8064516129032258,36.0,31.0,30.0,25.0
holdout,shanxi,M_SR,144,0.1,12345,0.9587148858818308,8,0.8611111111111112,0.8387096774193549,36.0,31.0,31.0,26.0
holdout,shanxi,M_SR,144,0.5,14,0.9129898549176938,17,0.8611111111111112,0.8387096774193549,36.0,31.0,31.0,26.0
holdout,shanxi,M_SR,144,1.0,12345,0.8718127974140507,24,0.8333333333333334,0.8064516129032258,36.0,31.0,30.0,25.0
holdout,shanxi,M_SR,144,1.5,18,0.8439161593105129,32,0.8333333333333334,0.8064516129032258,36.0,31.0,30.0,25.0
holdout,shanxi,M_SR,144,2.0,18,0.8205168687619255,36,0.8333333333333334,0.8064516129032258,36.0,31.0,30.0,25.0
holdout,shanxi,M_SR,144,3.0,10,0.7809991309511939,43,0.8333333333333334,0.8064516129032258,36.0,31.0,30.0,25.0
holdout,shanxi,M_SR,145,0.1,9,0.9589592785225832,7,1.0,1.0,36.0,31.0,36.0,31.0
holdout,shanxi,M_SR,145,0.5,7,0.9106067210044657,17,0.8333333333333334,0.8064516129032258,36.0,31.0,30.0,25.0
holdout,shanxi,M_SR,145,1.0,16,0.8765630109989127,25,0.8055555555555556,0.7741935483870968,36.0,31.0,29.0,24.0
holdout,shanxi,M_SR,145,1.5,16,0.848773027960028,30,0.7777777777777778,0.7419354838709677,36.0,31.0,28.0,23.0
holdout,shanxi,M_SR,145,2.0,2,0.8257443168416924,37,0.7777777777777778,0.7419354838709677,36.0,31.0,28.0,23.0
holdout,shanxi,M_SR,145,3.0,2,0.7875065581941049,43,0.75,0.7096774193548387,36.0,31.0,27.0,22.0
holdout,shanxi,M_SR,146,0.1,15,0.9594499189268303,9,1.0,1.0,36.0,31.0,36.0,31.0
holdout,shanxi,M_SR,146,0.5,8,0.9118073007391476,18,0.8611111111111112,0.8387096774193549,36.0,31.0,31.0,26.0
holdout,shanxi,M_SR,146,1.0,13,0.8722810219888131,24,0.8611111111111112,0.8387096774193549,36.0,31.0,31.0,26.0
holdout,shanxi,M_SR,146,1.5,19,0.8413635817206472,28,0.8333333333333334,0.8064516129032258,36.0,31.0,30.0,25.0
holdout,shanxi,M_SR,146,2.0,13,0.8162682106050921,35,0.8055555555555556,0.7741935483870968,36.0,31.0,29.0,24.0
holdout,shanxi,M_SR,146,3.0,12,0.777449505266068,43,0.75,0.7096774193548387,36.0,31.0,27.0,22.0
holdout,shanxi,M_SR,147,0.1,7,0.9583175204559307,8,1.0,1.0,36.0,31.0,36.0,31.0
holdout,shanxi,M_SR,147,0.5,8,0.9047449785403311,16,0.8333333333333334,0.8064516129032258,36.0,31.0,30.0,25.0
holdout,shanxi,M_SR,147,1.0,7,0.863691181636837,23,0.8055555555555556,0.7741935483870968,36.0,31.0,29.0,24.0
holdout,shanxi,M_SR,147,1.5,4,0.8358212340835071,29,0.8055555555555556,0.7741935483870968,36.0,31.0,29.0,24.0
holdout,shanxi,M_SR,147,2.0,3,0.8111794579347406,34,0.8055555555555556,0.7741935483870968,36.0,31.0,29.0,24.0
holdout,shanxi,M_SR,147,3.0,4,0.7694829777382668,44,0.8055555555555556,0.7741935483870968,36.0,31.0,29.0,24.0
holdout,shanxi,M_SR,148,0.1,7,0.9585711869005388,8,0.8611111111111112,0.8387096774193549,36.0,31.0,31.0,26.0
holdout,shanxi,M_SR,148,0.5,2,0.9121542244987902,18,0.8611111111111112,0.8387096774193549,36.0,31.0,31.0,26.0
holdout,shanxi,M_SR,148,1.0,18,0.875694117459765,28,0.8611111111111112,0.8387096774193549,36.0,31.0,31.0,26.0
holdout,shanxi,M_SR,148,1.5,8,0.8494729127731317,32,0.8611111111111112,0.8387096774193549,36.0,31.0,31.0,26.0
holdout,shanxi,M_SR,148,2.0,3,0.8260755248744234,39,0.8333333333333334,0.8064516129032258,36.0,31.0,30.0,25.0
holdout,shanxi,M_SR,148,3.0,15,0.7902293399867643,44,0.8333333333333334,0.8064516129032258,36.0,31.0,30.0,25.0
holdout,shanxi,M_SR,149,0.1,3,0.9600659528010446,7,1.0,1.0,36.0,31.0,36.0,31.0
holdout,shanxi,M_SR,149,0.5,11,0.9112491814159195,16,0.8611111111111112,0.8387096774193549,36.0,31.0,31.0,26.0
holdout,shanxi,M_SR,149,1.0,12,0.8737765657876144,23,0.8611111111111112,0.8387096774193549,36.0,31.0,31.0,26.0
holdout,shanxi,M_SR,149,1.5,13,0.8452280401196873,30,0.8611111111111112,0.8387096774193549,36.0,31.0,31.0,26.0
holdout,shanxi,M_SR,149,2.0,13,0.8211549487658676,36,0.8611111111111112,0.8387096774193549,36.0,31.0,31.0,26.0
holdout,shanxi,M_SR,149,3.0,2,0.7763757248873088,41,0.8611111111111112,0.8387096774193549,36.0,31.0,31.0,26.0
holdout,shanxi,M_SR,150,0.1,14,0.9624523480634333,8,1.0,1.0,36.0,31.0,36.0,31.0
holdout,shanxi,M_SR,150,0.5,19,0.9126339798518572,17,0.8055555555555556,0.7741935483870968,36.0,31.0,29.0,24.0
holdout,shanxi,M_SR,150,1.0,7,0.8731106162484653,25,0.8055555555555556,0.7741935483870968,36.0,31.0,29.0,24.0
holdout,shanxi,M_SR,150,1.5,9,0.8449805610685517,29,0.8055555555555556,0.7741935483870968,36.0,31.0,29.0,24.0
holdout,shanxi,M_SR,150,2.0,5,0.8212525427516755,35,0.8055555555555556,0.7741935483870968,36.0,31.0,29.0,24.0
holdout,shanxi,M_SR,150,3.0,15,0.7822038795535508,41,0.75,0.7096774193548387,36.0,31.0,27.0,22.0
holdout,shanxi,M_SR,151,0.1,19,0.9579090228963402,9,0.8611111111111112,0.8387096774193549,36.0,31.0,31.0,26.0
holdout,shanxi,M_SR,151,0.5,12345,0.9091544501170014,18,0.8611111111111112,0.8387096774193549,36.0,31.0,31.0,26.0
holdout,shanxi,M_SR,151,1.0,1,0.8738775038104323,28,0.8333333333333334,0.8064516129032258,36.0,31.0,30.0,25.0
holdout,shanxi,M_SR,151,1.5,12345,0.847860430234333,31,0.8333333333333334,0.8064516129032258,36.0,31.0,30.0,25.0
holdout,shanxi,M_SR,151,2.0,12345,0.8243121962267148,38,0.8333333333333334,0.8064516129032258,36.0,31.0,30.0,25.0
holdout,shanxi,M_SR,151,3.0,18,0.7850832674749321,45,0.8333333333333334,0.8064516129032258,36.0,31.0,30.0,25.0
holdout,shanxi,M_SR,152,0.1,12345,0.9589045144861252,8,1.0,1.0,36.0,31.0,36.0,31.0
holdout,shanxi,M_SR,152,0.5,9,0.9088201167759263,17,0.8611111111111112,0.8387096774193549,36.0,31.0,31.0,26.0
holdout,shanxi,M_SR,152,1.0,18,0.867728179864949,24,0.8611111111111112,0.8387096774193549,36.0,31.0,31.0,26.0
holdout,shanxi,M_SR,152,1.5,6,0.8406604935163847,31,0.8611111111111112,0.8387096774193549,36.0,31.0,31.0,26.0
holdout,shanxi,M_SR,152,2.0,3,0.8154880822283389,34,0.8333333333333334,0.8064516129032258,36.0,31.0,30.0,25.0
holdout,shanxi,M_SR,152,3.0,8,0.7756865334244653,41,0.8333333333333334,0.8064516129032258,36.0,31.0,30.0,25.0
holdout,shanxi,M_SR,153,0.1,5,0.9561536792606716,8,1.0,1.0,36.0,31.0,36.0,31.0
holdout,shanxi,M_SR,153,0.5,8,0.9120871950503701,20,0.8611111111111112,0.8387096774193549,36.0,31.0,31.0,26.0
holdout,shanxi,M_SR,153,1.0,12345,0.8733674575233082,26,0.8333333333333334,0.8064516129032258,36.0,31.0,30.0,25.0
holdout,shanxi,M_SR,153,1.5,18,0.8451549600757433,33,0.8333333333333334,0.8064516129032258,36.0,31.0,30.0,25.0
holdout,shanxi,M_SR,153,2.0,7,0.8227757646708421,36,0.8333333333333334,0.8064516129032258,36.0,31.0,30.0,25.0
holdout,shanxi,M_SR,153,3.0,4,0.7821550536282312,46,0.8333333333333334,0.8064516129032258,36.0,31.0,30.0,25.0
holdout,shanxi,M_SR,154,0.1,12345,0.9598952418732629,8,1.0,1.0,36.0,31.0,36.0,31.0
holdout,shanxi,M_SR,154,0.5,9,0.9057987855110647,18,0.8333333333333334,0.8064516129032258,36.0,31.0,30.0,25.0
holdout,shanxi,M_SR,154,1.0,9,0.8679237725597025,25,0.8333333333333334,0.8064516129032258,36.0,31.0,30.0,25.0
holdout,shanxi,M_SR,154,1.5,17,0.8396190248973556,29,0.8333333333333334,0.8064516129032258,36.0,31.0,30.0,25.0
holdout,shanxi,M_SR,154,2.0,19,0.8179629006812061,34,0.8333333333333334,0.8064516129032258,36.0,31.0,30.0,25.0
holdout,shanxi,M_SR,154,3.0,14,0.7823762429271868,44,0.8333333333333334,0.8064516129032258,36.0,31.0,30.0,25.0
holdout,shanxi,M_SR,155,0.1,7,0.9565939723216972,7,0.8611111111111112,0.8387096774193549,36.0,31.0,31.0,26.0
holdout,shanxi,M_SR,155,0.5,9,0.9084280896360274,20,0.8333333333333334,0.8064516129032258,36.0,31.0,30.0,25.0
holdout,shanxi,M_SR,155,1.0,3,0.8745750109831176,27,0.8333333333333334,0.8064516129032258,36.0,31.0,30.0,25.0
holdout,shanxi,M_SR,155,1.5,10,0.8460052382312679,31,0.8333333333333334,0.8064516129032258,36.0,31.0,30.0,25.0
holdout,shanxi,M_SR,155,2.0,3,0.8204057678161573,34,0.8333333333333334,0.8064516129032258,36.0,31.0,30.0,25.0
holdout,shanxi,M_SR,155,3.0,10,0.7803240480733594,42,0.8333333333333334,0.8064516129032258,36.0,31.0,30.0,25.0
holdout,shanxi,M_SR,156,0.1,3,0.9540483200095771,8,0.8333333333333334,0.8064516129032258,36.0,31.0,30.0,25.0
holdout,shanxi,M_SR,156,0.5,3,0.9049501677634287,17,0.7777777777777778,0.7419354838709677,36.0,31.0,28.0,23.0
holdout,shanxi,M_SR,156,1.0,16,0.8671736191005149,27,0.75,0.7096774193548387,36.0,31.0,27.0,22.0
holdout,shanxi,M_SR,156,1.5,12345,0.8412586447363576,31,0.75,0.7096774193548387,36.0,31.0,27.0,22.0
holdout,shanxi,M_SR,156,2.0,12345,0.8187322324886848,35,0.75,0.7096774193548387,36.0,31.0,27.0,22.0
holdout,shanxi,M_SR,156,3.0,11,0.7781621472714069,41,0.6944444444444444,0.6451612903225806,36.0,31.0,25.0,20.0
holdout,shanxi,M_SR,157,0.1,4,0.9580725551543207,7,0.8611111111111112,0.8387096774193549,36.0,31.0,31.0,26.0
holdout,shanxi,M_SR,157,0.5,10,0.9082092412426448,17,0.8333333333333334,0.8064516129032258,36.0,31.0,30.0,25.0
holdout,shanxi,M_SR,157,1.0,5,0.8686483322491804,23,0.8333333333333334,0.8064516129032258,36.0,31.0,30.0,25.0
holdout,shanxi,M_SR,157,1.5,13,0.8399513487430488,28,0.8333333333333334,0.8064516129032258,36.0,31.0,30.0,25.0
holdout,shanxi,M_SR,157,2.0,11,0.8149089053505802,33,0.8333333333333334,0.8064516129032258,36.0,31.0,30.0,25.0
holdout,shanxi,M_SR,157,3.0,7,0.7742164101720282,40,0.8333333333333334,0.8064516129032258,36.0,31.0,30.0,25.0
holdout,shanxi,M_SR,158,0.1,3,0.959604027772366,8,0.8611111111111112,0.8387096774193549,36.0,31.0,31.0,26.0
holdout,shanxi,M_SR,158,0.5,17,0.913803823803366,18,0.8611111111111112,0.8387096774193549,36.0,31.0,31.0,26.0
holdout,shanxi,M_SR,158,1.0,3,0.8775275542091243,28,0.8333333333333334,0.8064516129032258,36.0,31.0,30.0,25.0
holdout,shanxi,M_SR,158,1.5,10,0.8508295363343253,34,0.8611111111111112,0.8387096774193549,36.0,31.0,31.0,26.0
holdout,shanxi,M_SR,158,2.0,8,0.8291646041650224,38,0.8333333333333334,0.8064516129032258,36.0,31.0,30.0,25.0
holdout,shanxi,M_SR,158,3.0,15,0.7939393027629681,45,0.8333333333333334,0.8064516129032258,36.0,31.0,30.0,25.0
holdout,shanxi,M_SR,159,0.1,18,0.9604044281068171,7,0.8611111111111112,0.8387096774193549,36.0,31.0,31.0,26.0
holdout,shanxi,M_SR,159,0.5,1,0.9140802325611698,18,0.8611111111111112,0.8387096774193549,36.0,31.0,31.0,26.0
holdout,shanxi,M_SR,159,1.0,1,0.872519356331737,25,0.8611111111111112,0.8387096774193549,36.0,31.0,31.0,26.0
holdout,shanxi,M_SR,159,1.5,1,0.8414489030295977,31,0.8333333333333334,0.8064516129032258,36.0,31.0,30.0,25.0
holdout,shanxi,M_SR,159,2.0,4,0.8170016685711128,35,0.8333333333333334,0.8064516129032258,36.0,31.0,30.0,25.0
holdout,shanxi,M_SR,159,3.0,8,0.7785855815828617,45,0.7777777777777778,0.7419354838709677,36.0,31.0,28.0,23.0
holdout,shanxi,M_SR,160,0.1,19,0.9552856691746974,6,0.8611111111111112,0.8387096774193549,36.0,31.0,31.0,26.0
holdout,shanxi,M_SR,160,0.5,15,0.9082567637586262,20,0.8611111111111112,0.8387096774193549,36.0,31.0,31.0,26.0
holdout,shanxi,M_SR,160,1.0,4,0.8755915180290265,26,0.8611111111111112,0.8387096774193549,36.0,31.0,31.0,26.0
holdout,shanxi,M_SR,160,1.5,15,0.848583970574607,32,0.8611111111111112,0.8387096774193549,36.0,31.0,31.0,26.0
holdout,shanxi,M_SR,160,2.0,12345,0.8272520532479134,35,0.8611111111111112,0.8387096774193549,36.0,31.0,31.0,26.0
holdout,shanxi,M_SR,160,3.0,3,0.790914597956177,43,0.8611111111111112,0.8387096774193549,36.0,31.0,31.0,26.0
holdout,shanxi,M_SR,161,0.1,14,0.9607363110035656,9,1.0,1.0,36.0,31.0,36.0,31.0
holdout,shanxi,M_SR,161,0.5,1,0.9105921115385024,18,0.8055555555555556,0.7741935483870968,36.0,31.0,29.0,24.0
holdout,shanxi,M_SR,161,1.0,3,0.8717595768361079,24,0.8333333333333334,0.8064516129032258,36.0,31.0,30.0,25.0
holdout,shanxi,M_SR,161,1.5,7,0.8431641394015176,31,0.8333333333333334,0.8064516129032258,36.0,31.0,30.0,25.0
holdout,shanxi,M_SR,161,2.0,3,0.8200120423694437,35,0.7777777777777778,0.7419354838709677,36.0,31.0,28.0,23.0
holdout,shanxi,M_SR,161,3.0,5,0.7780414831382264,43,0.7777777777777778,0.7419354838709677,36.0,31.0,28.0,23.0
holdout,shanxi,M_SR,162,0.1,3,0.959303907327428,8,0.8611111111111112,0.8387096774193549,36.0,31.0,31.0,26.0
holdout,shanxi,M_SR,162,0.5,16,0.9113819227816985,15,0.8611111111111112,0.8387096774193549,36.0,31.0,31.0,26.0
holdout,shanxi,M_SR,162,1.0,17,0.8712897803518505,25,0.8611111111111112,0.8387096774193549,36.0,31.0,31.0,26.0
holdout,shanxi,M_SR,162,1.5,5,0.8398888783426095,32,0.8611111111111112,0.8387096774193549,36.0,31.0,31.0,26.0
holdout,shanxi,M_SR,162,2.0,10,0.8184046120348037,36,0.8611111111111112,0.8387096774193549,36.0,31.0,31.0,26.0
holdout,shanxi,M_SR,162,3.0,16,0.7823103022715362,46,0.8333333333333334,0.8064516129032258,36.0,31.0,30.0,25.0
holdout,shanxi,M_SR,163,0.1,14,0.9539388434748728,7,1.0,1.0,36.0,31.0,36.0,31.0
holdout,shanxi,M_SR,163,0.5,12345,0.9058384162580922,19,0.8055555555555556,0.7741935483870968,36.0,31.0,29.0,24.0
holdout,shanxi,M_SR,163,1.0,11,0.868555798528566,28,0.8333333333333334,0.8064516129032258,36.0,31.0,30.0,25.0
holdout,shanxi,M_SR,163,1.5,1,0.8407016202846511,33,0.8333333333333334,0.8064516129032258,36.0,31.0,30.0,25.0
holdout,shanxi,M_SR,163,2.0,9,0.8153711391962495,37,0.8333333333333334,0.8064516129032258,36.0,31.0,30.0,25.0
holdout,shanxi,M_SR,163,3.0,4,0.7767341173082092,47,0.8333333333333334,0.8064516129032258,36.0,31.0,30.0,25.0
holdout,shanxi,M_SR,164,0.1,19,0.9603377638054196,9,0.8611111111111112,0.8387096774193549,36.0,31.0,31.0,26.0
holdout,shanxi,M_SR,164,0.5,12345,0.9108277563355094,18,0.8611111111111112,0.8387096774193549,36.0,31.0,31.0,26.0
holdout,shanxi,M_SR,164,1.0,12345,0.8749588957417902,26,0.8611111111111112,0.8387096774193549,36.0,31.0,31.0,26.0
holdout,shanxi,M_SR,164,1.5,12345,0.8485835653905895,33,0.8611111111111112,0.8387096774193549,36.0,31.0,31.0,26.0
holdout,shanxi,M_SR,164,2.0,13,0.8250153936166763,36,0.8611111111111112,0.8387096774193549,36.0,31.0,31.0,26.0
holdout,shanxi,M_SR,164,3.0,15,0.7849892958249771,41,0.8611111111111112,0.8387096774193549,36.0,31.0,31.0,26.0
holdout,shanxi,M_SR,165,0.1,6,0.9572584828586627,8,0.8611111111111112,0.8387096774193549,36.0,31.0,31.0,26.0
holdout,shanxi,M_SR,165,0.5,2,0.9102506102722002,19,0.8611111111111112,0.8387096774193549,36.0,31.0,31.0,26.0
holdout,shanxi,M_SR,165,1.0,17,0.8757121923761233,24,0.8611111111111112,0.8387096774193549,36.0,31.0,31.0,26.0
holdout,shanxi,M_SR,165,1.5,13,0.8478584506249989,30,0.8333333333333334,0.8064516129032258,36.0,31.0,30.0,25.0
holdout,shanxi,M_SR,165,2.0,17,0.8233842196014162,34,0.8333333333333334,0.8064516129032258,36.0,31.0,30.0,25.0
holdout,shanxi,M_SR,165,3.0,9,0.7799204635751316,38,0.8333333333333334,0.8064516129032258,36.0,31.0,30.0,25.0
holdout,shanxi,M_SR,166,0.1,16,0.9529923012339598,7,0.8611111111111112,0.8387096774193549,36.0,31.0,31.0,26.0
holdout,shanxi,M_SR,166,0.5,15,0.8990856456486238,17,0.8611111111111112,0.8387096774193549,36.0,31.0,31.0,26.0
holdout,shanxi,M_SR,166,1.0,19,0.8587780990307802,22,0.8611111111111112,0.8387096774193549,36.0,31.0,31.0,26.0
holdout,shanxi,M_SR,166,1.5,8,0.8282223544171622,28,0.8611111111111112,0.8387096774193549,36.0,31.0,31.0,26.0
holdout,shanxi,M_SR,166,2.0,12345,0.8035637963886614,32,0.8333333333333334,0.8064516129032258,36.0,31.0,30.0,25.0
holdout,shanxi,M_SR,166,3.0,12,0.7637550741979846,41,0.8333333333333334,0.8064516129032258,36.0,31.0,30.0,25.0
holdout,shanxi,M_SR,167,0.1,3,0.9569801021943968,9,1.0,1.0,36.0,31.0,36.0,31.0
holdout,shanxi,M_SR,167,0.5,5,0.9085433285646223,20,0.8333333333333334,0.8064516129032258,36.0,31.0,30.0,25.0
holdout,shanxi,M_SR,167,1.0,12,0.8698324216895448,27,0.8333333333333334,0.8064516129032258,36.0,31.0,30.0,25.0
holdout,shanxi,M_SR,167,1.5,3,0.8425775793345489,33,0.8333333333333334,0.8064516129032258,36.0,31.0,30.0,25.0
holdout,shanxi,M_SR,167,2.0,9,0.8196980769526959,36,0.8333333333333334,0.8064516129032258,36.0,31.0,30.0,25.0
holdout,shanxi,M_SR,167,3.0,18,0.7773581098637244,45,0.8333333333333334,0.8064516129032258,36.0,31.0,30.0,25.0
holdout,shanxi,M_SR,168,0.1,14,0.9594634480056491,6,0.8611111111111112,0.8387096774193549,36.0,31.0,31.0,26.0
holdout,shanxi,M_SR,168,0.5,12345,0.9087033908282697,17,0.8611111111111112,0.8387096774193549,36.0,31.0,31.0,26.0
holdout,shanxi,M_SR,168,1.0,8,0.8707747889732165,26,0.8611111111111112,0.8387096774193549,36.0,31.0,31.0,26.0
holdout,shanxi,M_SR,168,1.5,12345,0.8408985422686032,33,0.8333333333333334,0.8064516129032258,36.0,31.0,30.0,25.0
holdout,shanxi,M_SR,168,2.0,15,0.8191125472869047,37,0.8333333333333334,0.8064516129032258,36.0,31.0,30.0,25.0
holdout,shanxi,M_SR,168,3.0,17,0.7822365273108063,44,0.8055555555555556,0.7741935483870968,36.0,31.0,29.0,24.0
holdout,shanxi,M_SR,169,0.1,2,0.9601759006312081,9,1.0,1.0,36.0,31.0,36.0,31.0
holdout,shanxi,M_SR,169,0.5,1,0.9084021895996575,17,0.8611111111111112,0.8387096774193549,36.0,31.0,31.0,26.0
holdout,shanxi,M_SR,169,1.0,18,0.869809854354261,28,0.8611111111111112,0.8387096774193549,36.0,31.0,31.0,26.0
holdout,shanxi,M_SR,169,1.5,12345,0.8431685036100263,32,0.8611111111111112,0.8387096774193549,36.0,31.0,31.0,26.0
holdout,shanxi,M_SR,169,2.0,6,0.8197123399944767,35,0.8611111111111112,0.8387096774193549,36.0,31.0,31.0,26.0
holdout,shanxi,M_SR,169,3.0,15,0.7819008771400086,43,0.8333333333333334,0.8064516129032258,36.0,31.0,30.0,25.0
holdout,shanxi,M_SR,170,0.1,1,0.956853960233984,8,1.0,1.0,36.0,31.0,36.0,31.0
holdout,shanxi,M_SR,170,0.5,10,0.90890994478426,18,0.8611111111111112,0.8387096774193549,36.0,31.0,31.0,26.0
holdout,shanxi,M_SR,170,1.0,11,0.8714270399989862,24,0.8333333333333334,0.8064516129032258,36.0,31.0,30.0,25.0
holdout,shanxi,M_SR,170,1.5,11,0.841618824746804,30,0.8333333333333334,0.8064516129032258,36.0,31.0,30.0,25.0
holdout,shanxi,M_SR,170,2.0,2,0.8189624696405823,36,0.8611111111111112,0.8387096774193549,36.0,31.0,31.0,26.0
holdout,shanxi,M_SR,170,3.0,9,0.7809084816354466,45,0.8333333333333334,0.8064516129032258,36.0,31.0,30.0,25.0
holdout,shanxi,M_SR,171,0.1,15,0.9603241268488182,8,0.8611111111111112,0.8387096774193549,36.0,31.0,31.0,26.0
holdout,shanxi,M_SR,171,0.5,11,0.9095690128520927,15,0.8333333333333334,0.8064516129032258,36.0,31.0,30.0,25.0
holdout,shanxi,M_SR,171,1.0,14,0.8736606205909926,23,0.8333333333333334,0.8064516129032258,36.0,31.0,30.0,25.0
holdout,shanxi,M_SR,171,1.5,15,0.8456775758561801,30,0.8333333333333334,0.8064516129032258,36.0,31.0,30.0,25.0
holdout,shanxi,M_SR,171,2.0,11,0.8202970790339024,37,0.8333333333333334,0.8064516129032258,36.0,31.0,30.0,25.0
holdout,shanxi,M_SR,171,3.0,3,0.7793607910629722,45,0.8333333333333334,0.8064516129032258,36.0,31.0,30.0,25.0
holdout,shanxi,M_SR,172,0.1,6,0.9601092449330909,8,0.9722222222222222,0.967741935483871,36.0,31.0,35.0,30.0
holdout,shanxi,M_SR,172,0.5,18,0.9145764587453137,18,0.8333333333333334,0.8064516129032258,36.0,31.0,30.0,25.0
holdout,shanxi,M_SR,172,1.0,16,0.878861107867973,25,0.8333333333333334,0.8064516129032258,36.0,31.0,30.0,25.0
holdout,shanxi,M_SR,172,1.5,2,0.8505902531594882,31,0.8333333333333334,0.8064516129032258,36.0,31.0,30.0,25.0
holdout,shanxi,M_SR,172,2.0,1,0.8267272370126056,33,0.8333333333333334,0.8064516129032258,36.0,31.0,30.0,25.0
holdout,shanxi,M_SR,172,3.0,9,0.7814612212047313,37,0.8333333333333334,0.8064516129032258,36.0,31.0,30.0,25.0
holdout,shanxi,M_SR,173,0.1,2,0.9564547322268604,7,1.0,1.0,36.0,31.0,36.0,31.0
holdout,shanxi,M_SR,173,0.5,6,0.9080307084381204,17,0.8611111111111112,0.8387096774193549,36.0,31.0,31.0,26.0
holdout,shanxi,M_SR,173,1.0,11,0.8733664706011175,28,0.8333333333333334,0.8064516129032258,36.0,31.0,30.0,25.0
holdout,shanxi,M_SR,173,1.5,11,0.8478164199274525,32,0.8333333333333334,0.8064516129032258,36.0,31.0,30.0,25.0
holdout,shanxi,M_SR,173,2.0,16,0.8255765679553896,37,0.8333333333333334,0.8064516129032258,36.0,31.0,30.0,25.0
holdout,shanxi,M_SR,173,3.0,15,0.788941322897765,44,0.8055555555555556,0.7741935483870968,36.0,31.0,29.0,24.0
holdout,shanxi,M_SR,174,0.1,8,0.9587799867231506,8,0.8611111111111112,0.8387096774193549,36.0,31.0,31.0,26.0
holdout,shanxi,M_SR,174,0.5,12,0.9082154399464759,17,0.8333333333333334,0.8064516129032258,36.0,31.0,30.0,25.0
holdout,shanxi,M_SR,174,1.0,8,0.8704186258823502,27,0.8333333333333334,0.8064516129032258,36.0,31.0,30.0,25.0
holdout,shanxi,M_SR,174,1.5,12,0.8435083649740007,34,0.8055555555555556,0.7741935483870968,36.0,31.0,29.0,24.0
holdout,shanxi,M_SR,174,2.0,12345,0.822046927708269,40,0.8055555555555556,0.7741935483870968,36.0,31.0,29.0,24.0
holdout,shanxi,M_SR,174,3.0,7,0.7828168849097756,46,0.8055555555555556,0.7741935483870968,36.0,31.0,29.0,24.0
holdout,shanxi,M_SR,175,0.1,7,0.9558153655511974,6,1.0,1.0,36.0,31.0,36.0,31.0
holdout,shanxi,M_SR,175,0.5,13,0.9069239287336764,18,0.8055555555555556,0.7741935483870968,36.0,31.0,29.0,24.0
holdout,shanxi,M_SR,175,1.0,19,0.8734756658478091,24,0.8333333333333334,0.8064516129032258,36.0,31.0,30.0,25.0
holdout,shanxi,M_SR,175,1.5,7,0.8482964104712213,32,0.8055555555555556,0.7741935483870968,36.0,31.0,29.0,24.0
holdout,shanxi,M_SR,175,2.0,19,0.8264693433410673,35,0.8055555555555556,0.7741935483870968,36.0,31.0,29.0,24.0
holdout,shanxi,M_SR,175,3.0,19,0.7881990952853148,43,0.8055555555555556,0.7741935483870968,36.0,31.0,29.0,24.0
holdout,shanxi,M_SR,176,0.1,1,0.9537409923178499,7,0.8611111111111112,0.8387096774193549,36.0,31.0,31.0,26.0
holdout,shanxi,M_SR,176,0.5,3,0.9050496733702476,18,0.8611111111111112,0.8387096774193549,36.0,31.0,31.0,26.0
holdout,shanxi,M_SR,176,1.0,4,0.8640199138373068,27,0.8333333333333334,0.8064516129032258,36.0,31.0,30.0,25.0
holdout,shanxi,M_SR,176,1.5,1,0.836764541867722,32,0.8333333333333334,0.8064516129032258,36.0,31.0,30.0,25.0
holdout,shanxi,M_SR,176,2.0,14,0.8128369813100255,36,0.8333333333333334,0.8064516129032258,36.0,31.0,30.0,25.0
holdout,shanxi,M_SR,176,3.0,5,0.7757194396988668,43,0.75,0.7096774193548387,36.0,31.0,27.0,22.0
holdout,shanxi,M_SR,177,0.1,6,0.9575453532309995,9,1.0,1.0,36.0,31.0,36.0,31.0
holdout,shanxi,M_SR,177,0.5,6,0.9061273772705961,18,1.0,1.0,36.0,31.0,36.0,31.0
holdout,shanxi,M_SR,177,1.0,1,0.8700243681612478,26,0.9722222222222222,0.967741935483871,36.0,31.0,35.0,30.0
holdout,shanxi,M_SR,177,1.5,9,0.8441885104884534,35,0.9444444444444444,0.9354838709677419,36.0,31.0,34.0,29.0
holdout,shanxi,M_SR,177,2.0,11,0.8236249915766435,38,0.9444444444444444,0.9354838709677419,36.0,31.0,34.0,29.0
holdout,shanxi,M_SR,177,3.0,14,0.7855255822915664,45,0.9444444444444444,0.9354838709677419,36.0,31.0,34.0,29.0
holdout,shanxi,M_SR,178,0.1,19,0.9617169853958542,7,0.8611111111111112,0.8387096774193549,36.0,31.0,31.0,26.0
holdout,shanxi,M_SR,178,0.5,1,0.9088348302246251,18,0.8333333333333334,0.8064516129032258,36.0,31.0,30.0,25.0
holdout,shanxi,M_SR,178,1.0,3,0.8726893113892683,26,0.8333333333333334,0.8064516129032258,36.0,31.0,30.0,25.0
holdout,shanxi,M_SR,178,1.5,9,0.8444036960026302,31,0.7777777777777778,0.7419354838709677,36.0,31.0,28.0,23.0
holdout,shanxi,M_SR,178,2.0,5,0.8198570554955404,34,0.7222222222222222,0.6774193548387096,36.0,31.0,26.0,21.0
holdout,shanxi,M_SR,178,3.0,15,0.77634646973075,43,0.7222222222222222,0.6774193548387096,36.0,31.0,26.0,21.0
holdout,shanxi,M_SR,179,0.1,10,0.960134280384712,8,0.8611111111111112,0.8387096774193549,36.0,31.0,31.0,26.0
holdout,shanxi,M_SR,179,0.5,15,0.9110276822400776,18,0.8611111111111112,0.8387096774193549,36.0,31.0,31.0,26.0
holdout,shanxi,M_SR,179,1.0,16,0.87378236112218,23,0.8611111111111112,0.8387096774193549,36.0,31.0,31.0,26.0
holdout,shanxi,M_SR,179,1.5,17,0.8438879131382985,30,0.8055555555555556,0.7741935483870968,36.0,31.0,29.0,24.0
holdout,shanxi,M_SR,179,2.0,1,0.8193645089254059,36,0.8055555555555556,0.7741935483870968,36.0,31.0,29.0,24.0
holdout,shanxi,M_SR,179,3.0,11,0.7774053333274613,44,0.8055555555555556,0.7741935483870968,36.0,31.0,29.0,24.0
holdout,shanxi,M_SR,180,0.1,12345,0.9566934172045092,6,1.0,1.0,36.0,31.0,36.0,31.0
holdout,shanxi,M_SR,180,0.5,9,0.9058048017144182,18,0.8055555555555556,0.7741935483870968,36.0,31.0,29.0,24.0
holdout,shanxi,M_SR,180,1.0,7,0.8681830082406984,26,0.8055555555555556,0.7741935483870968,36.0,31.0,29.0,24.0
holdout,shanxi,M_SR,180,1.5,16,0.8374064082137082,31,0.8611111111111112,0.8387096774193549,36.0,31.0,31.0,26.0
holdout,shanxi,M_SR,180,2.0,10,0.8127556283562007,37,0.7777777777777778,0.7419354838709677,36.0,31.0,28.0,23.0
holdout,shanxi,M_SR,180,3.0,7,0.7676873358628928,39,0.7777777777777778,0.7419354838709677,36.0,31.0,28.0,23.0
holdout,shanxi,M_SR,181,0.1,1,0.9582895284146316,7,0.8333333333333334,0.8064516129032258,36.0,31.0,30.0,25.0
holdout,shanxi,M_SR,181,0.5,19,0.9123391203884602,20,0.8333333333333334,0.8064516129032258,36.0,31.0,30.0,25.0
holdout,shanxi,M_SR,181,1.0,8,0.8757393081583731,24,0.8333333333333334,0.8064516129032258,36.0,31.0,30.0,25.0
holdout,shanxi,M_SR,181,1.5,19,0.8478620364242277,29,0.8333333333333334,0.8064516129032258,36.0,31.0,30.0,25.0
holdout,shanxi,M_SR,181,2.0,18,0.8246327447125525,35,0.8333333333333334,0.8064516129032258,36.0,31.0,30.0,25.0
holdout,shanxi,M_SR,181,3.0,6,0.7823491407533008,42,0.8333333333333334,0.8064516129032258,36.0,31.0,30.0,25.0
holdout,shanxi,M_SR,182,0.1,4,0.9583208522808345,5,1.0,1.0,36.0,31.0,36.0,31.0
holdout,shanxi,M_SR,182,0.5,10,0.9127803082461302,16,0.8333333333333334,0.8064516129032258,36.0,31.0,30.0,25.0
holdout,shanxi,M_SR,182,1.0,6,0.8774234998429301,27,0.8333333333333334,0.8064516129032258,36.0,31.0,30.0,25.0
holdout,shanxi,M_SR,182,1.5,3,0.8512965094063438,29,0.8055555555555556,0.7741935483870968,36.0,31.0,29.0,24.0
holdout,shanxi,M_SR,182,2.0,18,0.827974656958675,34,0.8055555555555556,0.7741935483870968,36.0,31.0,29.0,24.0
holdout,shanxi,M_SR,182,3.0,9,0.7876310354855093,42,0.8055555555555556,0.7741935483870968,36.0,31.0,29.0,24.0
holdout,shanxi,M_SR,183,0.1,7,0.958005226859814,8,1.0,1.0,36.0,31.0,36.0,31.0
holdout,shanxi,M_SR,183,0.5,7,0.9117199219693023,17,0.8611111111111112,0.8387096774193549,36.0,31.0,31.0,26.0
holdout,shanxi,M_SR,183,1.0,12,0.8788692386655408,26,0.8611111111111112,0.8387096774193549,36.0,31.0,31.0,26.0
holdout,shanxi,M_SR,183,1.5,12,0.8491904893006236,32,0.8055555555555556,0.7741935483870968,36.0,31.0,29.0,24.0
holdout,shanxi,M_SR,183,2.0,6,0.8263427508739892,37,0.8055555555555556,0.7741935483870968,36.0,31.0,29.0,24.0
holdout,shanxi,M_SR,183,3.0,15,0.7908875655597855,45,0.8055555555555556,0.7741935483870968,36.0,31.0,29.0,24.0
holdout,shanxi,M_SR,184,0.1,11,0.954604312800649,8,0.8611111111111112,0.8387096774193549,36.0,31.0,31.0,26.0
holdout,shanxi,M_SR,184,0.5,7,0.9055719524405917,17,0.8611111111111112,0.8387096774193549,36.0,31.0,31.0,26.0
holdout,shanxi,M_SR,184,1.0,12,0.8669923129484773,25,0.8611111111111112,0.8387096774193549,36.0,31.0,31.0,26.0
holdout,shanxi,M_SR,184,1.5,10,0.8384790902288811,30,0.8611111111111112,0.8387096774193549,36.0,31.0,31.0,26.0
holdout,shanxi,M_SR,184,2.0,13,0.8153806857375225,38,0.8333333333333334,0.8064516129032258,36.0,31.0,30.0,25.0
holdout,shanxi,M_SR,184,3.0,5,0.7783347006738893,46,0.8055555555555556,0.7741935483870968,36.0,31.0,29.0,24.0
holdout,shanxi,M_SR,185,0.1,14,0.9599366877485179,9,0.8333333333333334,0.8064516129032258,36.0,31.0,30.0,25.0
holdout,shanxi,M_SR,185,0.5,13,0.9149543385256127,18,0.8333333333333334,0.8064516129032258,36.0,31.0,30.0,25.0
holdout,shanxi,M_SR,185,1.0,16,0.8818699315920633,26,0.8055555555555556,0.7741935483870968,36.0,31.0,29.0,24.0
holdout,shanxi,M_SR,185,1.5,11,0.8549505516634258,32,0.8055555555555556,0.7741935483870968,36.0,31.0,29.0,24.0
holdout,shanxi,M_SR,185,2.0,16,0.8317515467538514,37,0.75,0.7096774193548387,36.0,31.0,27.0,22.0
holdout,shanxi,M_SR,185,3.0,17,0.7969821156804416,44,0.75,0.7096774193548387,36.0,31.0,27.0,22.0
holdout,shanxi,M_SR,186,0.1,6,0.9605703138205939,8,0.8611111111111112,0.8387096774193549,36.0,31.0,31.0,26.0
holdout,shanxi,M_SR,186,0.5,12345,0.9115794431087949,19,0.8055555555555556,0.7741935483870968,36.0,31.0,29.0,24.0
holdout,shanxi,M_SR,186,1.0,1,0.8707719990592897,25,0.8333333333333334,0.8064516129032258,36.0,31.0,30.0,25.0
holdout,shanxi,M_SR,186,1.5,15,0.845198566622693,32,0.7777777777777778,0.7419354838709677,36.0,31.0,28.0,23.0
holdout,shanxi,M_SR,186,2.0,11,0.8208385157754859,34,0.7777777777777778,0.7419354838709677,36.0,31.0,28.0,23.0
holdout,shanxi,M_SR,186,3.0,1,0.7799552774540662,44,0.75,0.7096774193548387,36.0,31.0,27.0,22.0
holdout,shanxi,M_SR,187,0.1,12345,0.9556628582173039,6,0.8611111111111112,0.8387096774193549,36.0,31.0,31.0,26.0
holdout,shanxi,M_SR,187,0.5,6,0.907228549819375,16,0.8333333333333334,0.8064516129032258,36.0,31.0,30.0,25.0
holdout,shanxi,M_SR,187,1.0,6,0.8689100206462432,24,0.8333333333333334,0.8064516129032258,36.0,31.0,30.0,25.0
holdout,shanxi,M_SR,187,1.5,8,0.8396667499023807,30,0.8611111111111112,0.8387096774193549,36.0,31.0,31.0,26.0
holdout,shanxi,M_SR,187,2.0,8,0.8163655865863942,35,0.8611111111111112,0.8387096774193549,36.0,31.0,31.0,26.0
holdout,shanxi,M_SR,187,3.0,4,0.7773141652056286,41,0.8333333333333334,0.8064516129032258,36.0,31.0,30.0,25.0
holdout,shanxi,M_SR,188,0.1,10,0.9607429900821316,7,0.8611111111111112,0.8387096774193549,36.0,31.0,31.0,26.0
holdout,shanxi,M_SR,188,0.5,4,0.9087229655042991,17,0.8333333333333334,0.8064516129032258,36.0,31.0,30.0,25.0
holdout,shanxi,M_SR,188,1.0,11,0.8705871495741543,23,0.8055555555555556,0.7741935483870968,36.0,31.0,29.0,24.0
holdout,shanxi,M_SR,188,1.5,12,0.8428676882603486,29,0.8055555555555556,0.7741935483870968,36.0,31.0,29.0,24.0
holdout,shanxi,M_SR,188,2.0,7,0.8193599147298523,31,0.8055555555555556,0.7741935483870968,36.0,31.0,29.0,24.0
holdout,shanxi,M_SR,188,3.0,12345,0.7792363164419529,41,0.8333333333333334,0.8064516129032258,36.0,31.0,30.0,25.0
holdout,shanxi,M_SR,189,0.1,4,0.9581818686042927,7,1.0,1.0,36.0,31.0,36.0,31.0
holdout,shanxi,M_SR,189,0.5,8,0.9097874076817948,19,0.8611111111111112,0.8387096774193549,36.0,31.0,31.0,26.0
holdout,shanxi,M_SR,189,1.0,7,0.8750720172626423,26,0.8611111111111112,0.8387096774193549,36.0,31.0,31.0,26.0
holdout,shanxi,M_SR,189,1.5,13,0.8500949049957172,32,0.8333333333333334,0.8064516129032258,36.0,31.0,30.0,25.0
holdout,shanxi,M_SR,189,2.0,14,0.8278203467719074,36,0.8333333333333334,0.8064516129032258,36.0,31.0,30.0,25.0
holdout,shanxi,M_SR,189,3.0,16,0.7895811724601748,43,0.7777777777777778,0.7419354838709677,36.0,31.0,28.0,23.0
holdout,shanxi,M_SR,190,0.1,1,0.9603375065465889,7,0.8611111111111112,0.8387096774193549,36.0,31.0,31.0,26.0
holdout,shanxi,M_SR,190,0.5,12345,0.9114598092243631,18,0.8333333333333334,0.8064516129032258,36.0,31.0,30.0,25.0
holdout,shanxi,M_SR,190,1.0,15,0.8743863563903851,24,0.8333333333333334,0.8064516129032258,36.0,31.0,30.0,25.0
holdout,shanxi,M_SR,190,1.5,6,0.8421024533602263,31,0.8333333333333334,0.8064516129032258,36.0,31.0,30.0,25.0
holdout,shanxi,M_SR,190,2.0,12,0.8169063414465354,37,0.7777777777777778,0.7419354838709677,36.0,31.0,28.0,23.0
holdout,shanxi,M_SR,190,3.0,12,0.773891084311009,43,0.7222222222222222,0.6774193548387096,36.0,31.0,26.0,21.0
holdout,shanxi,M_SR,191,0.1,12345,0.9594254259317819,7,1.0,1.0,36.0,31.0,36.0,31.0
holdout,shanxi,M_SR,191,0.5,2,0.9065338661048918,19,1.0,1.0,36.0,31.0,36.0,31.0
holdout,shanxi,M_SR,191,1.0,7,0.8703490923174654,28,0.8333333333333334,0.8064516129032258,36.0,31.0,30.0,25.0
holdout,shanxi,M_SR,191,1.5,12345,0.8412844298217984,31,0.8333333333333334,0.8064516129032258,36.0,31.0,30.0,25.0
holdout,shanxi,M_SR,191,2.0,7,0.8160238489107328,35,0.8055555555555556,0.7741935483870968,36.0,31.0,29.0,24.0
holdout,shanxi,M_SR,191,3.0,1,0.7731406573231081,42,0.75,0.7096774193548387,36.0,31.0,27.0,22.0
holdout,shanxi,M_SR,192,0.1,16,0.9558591088675955,8,1.0,1.0,36.0,31.0,36.0,31.0
holdout,shanxi,M_SR,192,0.5,16,0.9053916817029252,18,0.8611111111111112,0.8387096774193549,36.0,31.0,31.0,26.0
holdout,shanxi,M_SR,192,1.0,2,0.8704306564092981,26,0.8611111111111112,0.8387096774193549,36.0,31.0,31.0,26.0
holdout,shanxi,M_SR,192,1.5,12,0.8424660177670833,30,0.8055555555555556,0.7741935483870968,36.0,31.0,29.0,24.0
holdout,shanxi,M_SR,192,2.0,14,0.8183185348683831,34,0.7777777777777778,0.7419354838709677,36.0,31.0,28.0,23.0
holdout,shanxi,M_SR,192,3.0,9,0.7777223839118124,43,0.7777777777777778,0.7419354838709677,36.0,31.0,28.0,23.0
holdout,shanxi,M_SR,193,0.1,9,0.9589663031991524,6,0.8611111111111112,0.8387096774193549,36.0,31.0,31.0,26.0
holdout,shanxi,M_SR,193,0.5,12,0.909729867987187,17,0.8611111111111112,0.8387096774193549,36.0,31.0,31.0,26.0
holdout,shanxi,M_SR,193,1.0,5,0.8677105016749033,24,0.8611111111111112,0.8387096774193549,36.0,31.0,31.0,26.0
holdout,shanxi,M_SR,193,1.5,2,0.8379724522523678,29,0.8333333333333334,0.8064516129032258,36.0,31.0,30.0,25.0
holdout,shanxi,M_SR,193,2.0,9,0.8129040488780706,33,0.8333333333333334,0.8064516129032258,36.0,31.0,30.0,25.0
holdout,shanxi,M_SR,193,3.0,11,0.7663351728556432,40,0.8333333333333334,0.8064516129032258,36.0,31.0,30.0,25.0
holdout,shanxi,M_SR,194,0.1,3,0.9582827182107402,8,1.0,1.0,36.0,31.0,36.0,31.0
holdout,shanxi,M_SR,194,0.5,3,0.9087362467622421,19,0.8333333333333334,0.8064516129032258,36.0,31.0,30.0,25.0
holdout,shanxi,M_SR,194,1.0,3,0.8699379495435919,23,0.8333333333333334,0.8064516129032258,36.0,31.0,30.0,25.0
holdout,shanxi,M_SR,194,1.5,8,0.8423341680416365,32,0.8333333333333334,0.8064516129032258,36.0,31.0,30.0,25.0
holdout,shanxi,M_SR,194,2.0,8,0.8197579329162515,34,0.8333333333333334,0.8064516129032258,36.0,31.0,30.0,25.0
holdout,shanxi,M_SR,194,3.0,18,0.7786463432194968,42,0.8333333333333334,0.8064516129032258,36.0,31.0,30.0,25.0
holdout,shanxi,M_SR,195,0.1,2,0.957642279634728,8,1.0,1.0,36.0,31.0,36.0,31.0
holdout,shanxi,M_SR,195,0.5,12,0.9102200104035119,17,0.8611111111111112,0.8387096774193549,36.0,31.0,31.0,26.0
holdout,shanxi,M_SR,195,1.0,1,0.8726879842942992,24,0.7777777777777778,0.7419354838709677,36.0,31.0,28.0,23.0
holdout,shanxi,M_SR,195,1.5,2,0.8445285243278727,33,0.75,0.7096774193548387,36.0,31.0,27.0,22.0
holdout,shanxi,M_SR,195,2.0,13,0.8232953621160205,36,0.75,0.7096774193548387,36.0,31.0,27.0,22.0
holdout,shanxi,M_SR,195,3.0,15,0.7879509264540854,44,0.75,0.7096774193548387,36.0,31.0,27.0,22.0
holdout,shanxi,M_SR,196,0.1,12345,0.9582010384964407,8,0.8611111111111112,0.8387096774193549,36.0,31.0,31.0,26.0
holdout,shanxi,M_SR,196,0.5,1,0.911738524725959,21,0.8611111111111112,0.8387096774193549,36.0,31.0,31.0,26.0
holdout,shanxi,M_SR,196,1.0,12345,0.874398676945844,25,0.8333333333333334,0.8064516129032258,36.0,31.0,30.0,25.0
holdout,shanxi,M_SR,196,1.5,15,0.8468620550390391,34,0.8333333333333334,0.8064516129032258,36.0,31.0,30.0,25.0
holdout,shanxi,M_SR,196,2.0,4,0.8242414651786892,38,0.8333333333333334,0.8064516129032258,36.0,31.0,30.0,25.0
holdout,shanxi,M_SR,196,3.0,10,0.7878123202147645,47,0.8333333333333334,0.8064516129032258,36.0,31.0,30.0,25.0
holdout,shanxi,M_SR,197,0.1,12345,0.9619116047883626,7,1.0,1.0,36.0,31.0,36.0,31.0
holdout,shanxi,M_SR,197,0.5,13,0.91191640799703,18,0.8333333333333334,0.8064516129032258,36.0,31.0,30.0,25.0
holdout,shanxi,M_SR,197,1.0,10,0.8750175327002537,22,0.8611111111111112,0.8387096774193549,36.0,31.0,31.0,26.0
holdout,shanxi,M_SR,197,1.5,10,0.8435308141226122,30,0.8333333333333334,0.8064516129032258,36.0,31.0,30.0,25.0
holdout,shanxi,M_SR,197,2.0,12,0.8157186619336,35,0.7777777777777778,0.7419354838709677,36.0,31.0,28.0,23.0
holdout,shanxi,M_SR,197,3.0,16,0.7731004255919627,44,0.7777777777777778,0.7419354838709677,36.0,31.0,28.0,23.0
holdout,shanxi,M_SR,198,0.1,3,0.9590455863552849,8,1.0,1.0,36.0,31.0,36.0,31.0
holdout,shanxi,M_SR,198,0.5,17,0.9111417235750359,19,0.8055555555555556,0.7741935483870968,36.0,31.0,29.0,24.0
holdout,shanxi,M_SR,198,1.0,8,0.8769371332483389,26,0.8055555555555556,0.7741935483870968,36.0,31.0,29.0,24.0
holdout,shanxi,M_SR,198,1.5,8,0.8477417413284947,28,0.8055555555555556,0.7741935483870968,36.0,31.0,29.0,24.0
holdout,shanxi,M_SR,198,2.0,6,0.8211786321137635,35,0.8055555555555556,0.7741935483870968,36.0,31.0,29.0,24.0
holdout,shanxi,M_SR,198,3.0,12,0.7808865928489184,41,0.7777777777777778,0.7419354838709677,36.0,31.0,28.0,23.0
holdout,shanxi,M_SR,199,0.1,3,0.9605063433854041,8,1.0,1.0,36.0,31.0,36.0,31.0
holdout,shanxi,M_SR,199,0.5,16,0.9098733688230773,16,0.8333333333333334,0.8064516129032258,36.0,31.0,30.0,25.0
holdout,shanxi,M_SR,199,1.0,8,0.8737280632593631,23,0.8333333333333334,0.8064516129032258,36.0,31.0,30.0,25.0
holdout,shanxi,M_SR,199,1.5,10,0.8427706998363809,31,0.8333333333333334,0.8064516129032258,36.0,31.0,30.0,25.0
holdout,shanxi,M_SR,199,2.0,4,0.8171147012960156,34,0.8333333333333334,0.8064516129032258,36.0,31.0,30.0,25.0
holdout,shanxi,M_SR,199,3.0,7,0.7710425478066357,42,0.8333333333333334,0.8064516129032258,36.0,31.0,30.0,25.0
holdout,INGV,observed,-1,0.1,5,0.9951896838295516,108,1.0,1.0,57.0,51.0,57.0,51.0
holdout,INGV,observed,-1,0.5,12345,0.9825872227308208,124,1.0,1.0,57.0,51.0,57.0,51.0
holdout,INGV,observed,-1,1.0,9,0.9699632467432291,133,1.0,1.0,57.0,51.0,57.0,51.0
holdout,INGV,observed,-1,1.5,5,0.9589148321965437,139,1.0,1.0,57.0,51.0,57.0,51.0
holdout,INGV,observed,-1,2.0,12345,0.9482884578693167,143,1.0,1.0,57.0,51.0,57.0,51.0
holdout,INGV,observed,-1,3.0,15,0.9271571192379408,148,1.0,1.0,57.0,51.0,57.0,51.0
holdout,INGV,M_SR,0,0.1,3,0.9937442954760225,102,1.0,1.0,57.0,51.0,57.0,51.0
holdout,INGV,M_SR,0,0.5,5,0.9785140329048514,119,1.0,1.0,57.0,51.0,57.0,51.0
holdout,INGV,M_SR,0,1.0,2,0.9632063740692247,129,1.0,1.0,57.0,51.0,57.0,51.0
holdout,INGV,M_SR,0,1.5,12,0.9494979996803753,139,0.6491228070175439,0.6078431372549019,57.0,51.0,37.0,31.0
holdout,INGV,M_SR,0,2.0,10,0.9373128776034848,143,0.3684210526315789,0.29411764705882354,57.0,51.0,21.0,15.0
holdout,INGV,M_SR,0,3.0,5,0.9147836041806765,149,0.3684210526315789,0.29411764705882354,57.0,51.0,21.0,15.0
holdout,INGV,M_SR,1,0.1,11,0.9938521072389465,100,1.0,1.0,57.0,51.0,57.0,51.0
holdout,INGV,M_SR,1,0.5,1,0.9789236641380081,120,1.0,1.0,57.0,51.0,57.0,51.0
holdout,INGV,M_SR,1,1.0,14,0.9644213155747515,126,1.0,1.0,57.0,51.0,57.0,51.0
holdout,INGV,M_SR,1,1.5,12345,0.9502849401385134,132,1.0,1.0,57.0,51.0,57.0,51.0
holdout,INGV,M_SR,1,2.0,5,0.9375551876137769,136,1.0,1.0,57.0,51.0,57.0,51.0
holdout,INGV,M_SR,1,3.0,12,0.9151145675172685,145,0.9649122807017544,0.9607843137254902,57.0,51.0,55.0,49.0
holdout,INGV,M_SR,2,0.1,7,0.9930918671898187,99,1.0,1.0,57.0,51.0,57.0,51.0
holdout,INGV,M_SR,2,0.5,12345,0.9769396913779863,114,1.0,1.0,57.0,51.0,57.0,51.0
holdout,INGV,M_SR,2,1.0,6,0.9604202102390551,119,1.0,1.0,57.0,51.0,57.0,51.0
holdout,INGV,M_SR,2,1.5,10,0.9452311780131013,126,1.0,1.0,57.0,51.0,57.0,51.0
holdout,INGV,M_SR,2,2.0,8,0.9319405041380371,131,1.0,1.0,57.0,51.0,57.0,51.0
holdout,INGV,M_SR,2,3.0,15,0.9065353799488414,138,0.543859649122807,0.49019607843137253,57.0,51.0,31.0,25.0
holdout,INGV,M_SR,3,0.1,8,0.9931909362266091,109,1.0,1.0,57.0,51.0,57.0,51.0
holdout,INGV,M_SR,3,0.5,4,0.9775396763636203,127,1.0,1.0,57.0,51.0,57.0,51.0
holdout,INGV,M_SR,3,1.0,6,0.962649576731959,132,1.0,1.0,57.0,51.0,57.0,51.0
holdout,INGV,M_SR,3,1.5,12,0.9493713914167362,137,1.0,1.0,57.0,51.0,57.0,51.0
holdout,INGV,M_SR,3,2.0,5,0.9369464163203193,143,1.0,1.0,57.0,51.0,57.0,51.0
holdout,INGV,M_SR,3,3.0,12,0.914973603893862,151,1.0,1.0,57.0,51.0,57.0,51.0
holdout,INGV,M_SR,4,0.1,4,0.9932382613085605,100,1.0,1.0,57.0,51.0,57.0,51.0
holdout,INGV,M_SR,4,0.5,9,0.9754614230081485,123,1.0,1.0,57.0,51.0,57.0,51.0
holdout,INGV,M_SR,4,1.0,17,0.9597499441712292,130,0.543859649122807,0.49019607843137253,57.0,51.0,31.0,25.0
holdout,INGV,M_SR,4,1.5,7,0.9449407682766992,137,0.543859649122807,0.49019607843137253,57.0,51.0,31.0,25.0
holdout,INGV,M_SR,4,2.0,7,0.9303787672349902,139,0.543859649122807,0.49019607843137253,57.0,51.0,31.0,25.0
holdout,INGV,M_SR,4,3.0,15,0.9045127416732389,145,0.543859649122807,0.49019607843137253,57.0,51.0,31.0,25.0
holdout,INGV,M_SR,5,0.1,9,0.9938398801770161,101,1.0,1.0,57.0,51.0,57.0,51.0
holdout,INGV,M_SR,5,0.5,2,0.9779618185596024,120,0.5087719298245614,0.45098039215686275,57.0,51.0,29.0,23.0
holdout,INGV,M_SR,5,1.0,13,0.9641697769437421,132,0.5087719298245614,0.45098039215686275,57.0,51.0,29.0,23.0
holdout,INGV,M_SR,5,1.5,13,0.9513483842439022,139,0.5087719298245614,0.45098039215686275,57.0,51.0,29.0,23.0
holdout,INGV,M_SR,5,2.0,13,0.9399102721302555,141,0.5087719298245614,0.45098039215686275,57.0,51.0,29.0,23.0
holdout,INGV,M_SR,5,3.0,14,0.9186982532677744,147,0.5087719298245614,0.45098039215686275,57.0,51.0,29.0,23.0
holdout,INGV,M_SR,6,0.1,1,0.99328871076564,100,0.6491228070175439,0.6078431372549019,57.0,51.0,37.0,31.0
holdout,INGV,M_SR,6,0.5,18,0.978230157463816,124,0.6491228070175439,0.6078431372549019,57.0,51.0,37.0,31.0
holdout,INGV,M_SR,6,1.0,9,0.9637447616866053,130,0.6491228070175439,0.6078431372549019,57.0,51.0,37.0,31.0
holdout,INGV,M_SR,6,1.5,16,0.9507749014062179,141,0.3684210526315789,0.29411764705882354,57.0,51.0,21.0,15.0
holdout,INGV,M_SR,6,2.0,5,0.9390841370039721,143,0.3684210526315789,0.29411764705882354,57.0,51.0,21.0,15.0
holdout,INGV,M_SR,6,3.0,15,0.9163341458756147,147,0.3333333333333333,0.2549019607843137,57.0,51.0,19.0,13.0
holdout,INGV,M_SR,7,0.1,5,0.9931855558821416,104,0.6491228070175439,0.6078431372549019,57.0,51.0,37.0,31.0
holdout,INGV,M_SR,7,0.5,7,0.9776666482611394,120,0.6491228070175439,0.6078431372549019,57.0,51.0,37.0,31.0
holdout,INGV,M_SR,7,1.0,12345,0.9623327969076086,131,0.6491228070175439,0.6078431372549019,57.0,51.0,37.0,31.0
holdout,INGV,M_SR,7,1.5,5,0.9474897914311191,134,0.6491228070175439,0.6078431372549019,57.0,51.0,37.0,31.0
holdout,INGV,M_SR,7,2.0,12,0.9336619275544893,138,0.6491228070175439,0.6078431372549019,57.0,51.0,37.0,31.0
holdout,INGV,M_SR,7,3.0,5,0.9103614947434902,144,0.6491228070175439,0.6078431372549019,57.0,51.0,37.0,31.0
holdout,INGV,M_SR,8,0.1,1,0.9933937980117084,106,1.0,1.0,57.0,51.0,57.0,51.0
holdout,INGV,M_SR,8,0.5,5,0.976851041755383,121,0.6491228070175439,0.6078431372549019,57.0,51.0,37.0,31.0
holdout,INGV,M_SR,8,1.0,12345,0.9610275670965058,132,0.6491228070175439,0.6078431372549019,57.0,51.0,37.0,31.0
holdout,INGV,M_SR,8,1.5,6,0.9465519152053884,139,0.6491228070175439,0.6078431372549019,57.0,51.0,37.0,31.0
holdout,INGV,M_SR,8,2.0,6,0.932541028504715,143,0.3684210526315789,0.29411764705882354,57.0,51.0,21.0,15.0
holdout,INGV,M_SR,8,3.0,10,0.909451554822182,149,0.3684210526315789,0.29411764705882354,57.0,51.0,21.0,15.0
holdout,INGV,M_SR,9,0.1,3,0.9940787576842673,102,1.0,1.0,57.0,51.0,57.0,51.0
holdout,INGV,M_SR,9,0.5,12345,0.9780453030660528,122,1.0,1.0,57.0,51.0,57.0,51.0
holdout,INGV,M_SR,9,1.0,14,0.9626770038734763,128,1.0,1.0,57.0,51.0,57.0,51.0
holdout,INGV,M_SR,9,1.5,3,0.9502633464221176,132,0.543859649122807,0.49019607843137253,57.0,51.0,31.0,25.0
holdout,INGV,M_SR,9,2.0,15,0.9380976813756177,135,0.543859649122807,0.49019607843137253,57.0,51.0,31.0,25.0
holdout,INGV,M_SR,9,3.0,2,0.914825353454057,141,0.543859649122807,0.49019607843137253,57.0,51.0,31.0,25.0
holdout,INGV,M_SR,10,0.1,7,0.9937179727365457,103,1.0,1.0,57.0,51.0,57.0,51.0
holdout,INGV,M_SR,10,0.5,8,0.9776068936778969,124,1.0,1.0,57.0,51.0,57.0,51.0
holdout,INGV,M_SR,10,1.0,4,0.9624609174964524,138,0.543859649122807,0.49019607843137253,57.0,51.0,31.0,25.0
holdout,INGV,M_SR,10,1.5,12,0.9491006696681877,141,0.543859649122807,0.49019607843137253,57.0,51.0,31.0,25.0
holdout,INGV,M_SR,10,2.0,19,0.9377080864792304,143,0.543859649122807,0.49019607843137253,57.0,51.0,31.0,25.0
holdout,INGV,M_SR,10,3.0,10,0.9158296883120667,152,0.543859649122807,0.49019607843137253,57.0,51.0,31.0,25.0
holdout,INGV,M_SR,11,0.1,1,0.9938870133817983,107,0.6491228070175439,0.6078431372549019,57.0,51.0,37.0,31.0
holdout,INGV,M_SR,11,0.5,19,0.9780838105516041,123,0.6491228070175439,0.6078431372549019,57.0,51.0,37.0,31.0
holdout,INGV,M_SR,11,1.0,9,0.9625154141265753,132,0.6491228070175439,0.6078431372549019,57.0,51.0,37.0,31.0
holdout,INGV,M_SR,11,1.5,11,0.949354541378098,143,0.6491228070175439,0.6078431372549019,57.0,51.0,37.0,31.0
holdout,INGV,M_SR,11,2.0,3,0.9371810291166025,146,0.6491228070175439,0.6078431372549019,57.0,51.0,37.0,31.0
holdout,INGV,M_SR,11,3.0,15,0.9143442624405527,153,0.6140350877192983,0.5686274509803921,57.0,51.0,35.0,29.0
holdout,INGV,M_SR,12,0.1,14,0.9936920157380068,101,0.6491228070175439,0.6078431372549019,57.0,51.0,37.0,31.0
holdout,INGV,M_SR,12,0.5,1,0.9788980417035807,122,0.6491228070175439,0.6078431372549019,57.0,51.0,37.0,31.0
holdout,INGV,M_SR,12,1.0,3,0.9638588219878822,128,0.6491228070175439,0.6078431372549019,57.0,51.0,37.0,31.0
holdout,INGV,M_SR,12,1.5,12345,0.9491825543082031,133,0.6491228070175439,0.6078431372549019,57.0,51.0,37.0,31.0
holdout,INGV,M_SR,12,2.0,16,0.9346012351686669,134,0.6491228070175439,0.6078431372549019,57.0,51.0,37.0,31.0
holdout,INGV,M_SR,12,3.0,12345,0.9095196142637898,142,0.3684210526315789,0.29411764705882354,57.0,51.0,21.0,15.0
holdout,INGV,M_SR,13,0.1,6,0.9937048826778527,100,1.0,1.0,57.0,51.0,57.0,51.0
holdout,INGV,M_SR,13,0.5,12345,0.9790032081786844,117,1.0,1.0,57.0,51.0,57.0,51.0
holdout,INGV,M_SR,13,1.0,4,0.9639889086048375,125,1.0,1.0,57.0,51.0,57.0,51.0
holdout,INGV,M_SR,13,1.5,3,0.9506173170534828,131,1.0,1.0,57.0,51.0,57.0,51.0
holdout,INGV,M_SR,13,2.0,17,0.9382835687885022,136,1.0,1.0,57.0,51.0,57.0,51.0
holdout,INGV,M_SR,13,3.0,1,0.9160886681698117,146,0.9649122807017544,0.9607843137254902,57.0,51.0,55.0,49.0
holdout,INGV,M_SR,14,0.1,3,0.9934806887610904,103,1.0,1.0,57.0,51.0,57.0,51.0
holdout,INGV,M_SR,14,0.5,2,0.9790274454075576,121,0.9649122807017544,0.9607843137254902,57.0,51.0,55.0,49.0
holdout,INGV,M_SR,14,1.0,2,0.9643443674201453,129,0.9649122807017544,0.9607843137254902,57.0,51.0,55.0,49.0
holdout,INGV,M_SR,14,1.5,16,0.9502397710578122,132,0.9649122807017544,0.9607843137254902,57.0,51.0,55.0,49.0
holdout,INGV,M_SR,14,2.0,2,0.9372435327510943,139,0.9649122807017544,0.9607843137254902,57.0,51.0,55.0,49.0
holdout,INGV,M_SR,14,3.0,3,0.9146262178953749,140,0.9649122807017544,0.9607843137254902,57.0,51.0,55.0,49.0
holdout,INGV,M_SR,15,0.1,2,0.9934134475837307,98,1.0,1.0,57.0,51.0,57.0,51.0
holdout,INGV,M_SR,15,0.5,12,0.9783433897350088,117,1.0,1.0,57.0,51.0,57.0,51.0
holdout,INGV,M_SR,15,1.0,6,0.9640613702700477,126,1.0,1.0,57.0,51.0,57.0,51.0
holdout,INGV,M_SR,15,1.5,6,0.9510856639704396,132,0.543859649122807,0.49019607843137253,57.0,51.0,31.0,25.0
holdout,INGV,M_SR,15,2.0,10,0.9392646496317392,134,0.543859649122807,0.49019607843137253,57.0,51.0,31.0,25.0
holdout,INGV,M_SR,15,3.0,10,0.9161080240625846,141,0.5087719298245614,0.45098039215686275,57.0,51.0,29.0,23.0
holdout,INGV,M_SR,16,0.1,7,0.993918379974246,99,1.0,1.0,57.0,51.0,57.0,51.0
holdout,INGV,M_SR,16,0.5,3,0.9788166274423574,123,0.543859649122807,0.49019607843137253,57.0,51.0,31.0,25.0
holdout,INGV,M_SR,16,1.0,2,0.9637289941720069,130,0.543859649122807,0.49019607843137253,57.0,51.0,31.0,25.0
holdout,INGV,M_SR,16,1.5,2,0.9499616636808761,134,0.543859649122807,0.49019607843137253,57.0,51.0,31.0,25.0
holdout,INGV,M_SR,16,2.0,2,0.9381006031557991,141,0.543859649122807,0.49019607843137253,57.0,51.0,31.0,25.0
holdout,INGV,M_SR,16,3.0,2,0.9158718054936935,148,0.543859649122807,0.49019607843137253,57.0,51.0,31.0,25.0
holdout,INGV,M_SR,17,0.1,18,0.9940341435210661,104,1.0,1.0,57.0,51.0,57.0,51.0
holdout,INGV,M_SR,17,0.5,17,0.9780656390683519,127,1.0,1.0,57.0,51.0,57.0,51.0
holdout,INGV,M_SR,17,1.0,14,0.9613905228654913,134,1.0,1.0,57.0,51.0,57.0,51.0
holdout,INGV,M_SR,17,1.5,15,0.9472622916171293,139,1.0,1.0,57.0,51.0,57.0,51.0
holdout,INGV,M_SR,17,2.0,14,0.9334437822047623,143,1.0,1.0,57.0,51.0,57.0,51.0
holdout,INGV,M_SR,17,3.0,9,0.906687725260766,147,1.0,1.0,57.0,51.0,57.0,51.0
holdout,INGV,M_SR,18,0.1,17,0.9937347074519393,103,1.0,1.0,57.0,51.0,57.0,51.0
holdout,INGV,M_SR,18,0.5,19,0.9776330591691168,121,1.0,1.0,57.0,51.0,57.0,51.0
holdout,INGV,M_SR,18,1.0,11,0.9611218729882265,127,1.0,1.0,57.0,51.0,57.0,51.0
holdout,INGV,M_SR,18,1.5,2,0.9472462091979618,134,1.0,1.0,57.0,51.0,57.0,51.0
holdout,INGV,M_SR,18,2.0,7,0.9344861753798902,135,1.0,1.0,57.0,51.0,57.0,51.0
holdout,INGV,M_SR,18,3.0,15,0.9102828773389899,139,0.9649122807017544,0.9607843137254902,57.0,51.0,55.0,49.0
holdout,INGV,M_SR,19,0.1,12,0.9936444273283506,102,1.0,1.0,57.0,51.0,57.0,51.0
holdout,INGV,M_SR,19,0.5,14,0.9770761186484537,121,1.0,1.0,57.0,51.0,57.0,51.0
holdout,INGV,M_SR,19,1.0,12345,0.9601600868620875,130,1.0,1.0,57.0,51.0,57.0,51.0
holdout,INGV,M_SR,19,1.5,14,0.9450870865686082,136,1.0,1.0,57.0,51.0,57.0,51.0
holdout,INGV,M_SR,19,2.0,1,0.9304208728285158,137,1.0,1.0,57.0,51.0,57.0,51.0
holdout,INGV,M_SR,19,3.0,12,0.9064046367098025,146,0.9649122807017544,0.9607843137254902,57.0,51.0,55.0,49.0
holdout,INGV,M_SR,20,0.1,7,0.9929210185371463,105,1.0,1.0,57.0,51.0,57.0,51.0
holdout,INGV,M_SR,20,0.5,3,0.9774707892858874,123,1.0,1.0,57.0,51.0,57.0,51.0
holdout,INGV,M_SR,20,1.0,3,0.9625104249378015,137,0.5087719298245614,0.45098039215686275,57.0,51.0,29.0,23.0
holdout,INGV,M_SR,20,1.5,10,0.950455620503448,143,0.5087719298245614,0.45098039215686275,57.0,51.0,29.0,23.0
holdout,INGV,M_SR,20,2.0,11,0.938738014739618,145,0.5087719298245614,0.45098039215686275,57.0,51.0,29.0,23.0
holdout,INGV,M_SR,20,3.0,5,0.9161750493942545,152,0.5087719298245614,0.45098039215686275,57.0,51.0,29.0,23.0
holdout,INGV,M_SR,21,0.1,15,0.9934345304311437,102,1.0,1.0,57.0,51.0,57.0,51.0
holdout,INGV,M_SR,21,0.5,12,0.978353754411756,123,0.9649122807017544,0.9607843137254902,57.0,51.0,55.0,49.0
holdout,INGV,M_SR,21,1.0,2,0.964256318882631,131,0.9649122807017544,0.9607843137254902,57.0,51.0,55.0,49.0
holdout,INGV,M_SR,21,1.5,8,0.9513474478235069,136,0.9649122807017544,0.9607843137254902,57.0,51.0,55.0,49.0
holdout,INGV,M_SR,21,2.0,10,0.9395637971265894,142,0.9649122807017544,0.9607843137254902,57.0,51.0,55.0,49.0
holdout,INGV,M_SR,21,3.0,19,0.9165736004437415,146,0.9649122807017544,0.9607843137254902,57.0,51.0,55.0,49.0
holdout,INGV,M_SR,22,0.1,3,0.9938978563433188,104,1.0,1.0,57.0,51.0,57.0,51.0
holdout,INGV,M_SR,22,0.5,4,0.9778002655920893,119,1.0,1.0,57.0,51.0,57.0,51.0
holdout,INGV,M_SR,22,1.0,18,0.9601493862026197,131,0.5087719298245614,0.45098039215686275,57.0,51.0,29.0,23.0
holdout,INGV,M_SR,22,1.5,18,0.9466182085136714,134,0.5087719298245614,0.45098039215686275,57.0,51.0,29.0,23.0
holdout,INGV,M_SR,22,2.0,2,0.9347934719778954,137,0.5087719298245614,0.45098039215686275,57.0,51.0,29.0,23.0
holdout,INGV,M_SR,22,3.0,2,0.9115809380099377,147,0.5087719298245614,0.45098039215686275,57.0,51.0,29.0,23.0
holdout,INGV,M_SR,23,0.1,12,0.9938115884890765,105,1.0,1.0,57.0,51.0,57.0,51.0
holdout,INGV,M_SR,23,0.5,16,0.9769538502006619,120,1.0,1.0,57.0,51.0,57.0,51.0
holdout,INGV,M_SR,23,1.0,4,0.9618868879668209,131,1.0,1.0,57.0,51.0,57.0,51.0
holdout,INGV,M_SR,23,1.5,15,0.9491844530703865,138,0.543859649122807,0.49019607843137253,57.0,51.0,31.0,25.0
holdout,INGV,M_SR,23,2.0,4,0.9375714922997431,139,0.543859649122807,0.49019607843137253,57.0,51.0,31.0,25.0
holdout,INGV,M_SR,23,3.0,7,0.9148731749955158,143,0.543859649122807,0.49019607843137253,57.0,51.0,31.0,25.0
holdout,INGV,M_SR,24,0.1,1,0.9940230635966755,106,1.0,1.0,57.0,51.0,57.0,51.0
holdout,INGV,M_SR,24,0.5,6,0.9798904451954275,121,0.9649122807017544,0.9607843137254902,57.0,51.0,55.0,49.0
holdout,INGV,M_SR,24,1.0,2,0.9660877626262336,131,0.9649122807017544,0.9607843137254902,57.0,51.0,55.0,49.0
holdout,INGV,M_SR,24,1.5,18,0.9540857164207941,139,0.9649122807017544,0.9607843137254902,57.0,51.0,55.0,49.0
holdout,INGV,M_SR,24,2.0,9,0.9423168703258965,141,0.9649122807017544,0.9607843137254902,57.0,51.0,55.0,49.0
holdout,INGV,M_SR,24,3.0,4,0.9198445499600498,145,0.9649122807017544,0.9607843137254902,57.0,51.0,55.0,49.0
holdout,INGV,M_SR,25,0.1,9,0.9935917274296102,98,1.0,1.0,57.0,51.0,57.0,51.0
holdout,INGV,M_SR,25,0.5,10,0.9786102246690577,121,0.543859649122807,0.49019607843137253,57.0,51.0,31.0,25.0
holdout,INGV,M_SR,25,1.0,10,0.9641026077144059,130,0.543859649122807,0.49019607843137253,57.0,51.0,31.0,25.0
holdout,INGV,M_SR,25,1.5,8,0.952176815117208,136,0.543859649122807,0.49019607843137253,57.0,51.0,31.0,25.0
holdout,INGV,M_SR,25,2.0,14,0.9404790848824224,137,0.543859649122807,0.49019607843137253,57.0,51.0,31.0,25.0
holdout,INGV,M_SR,25,3.0,6,0.9174601844330034,141,0.543859649122807,0.49019607843137253,57.0,51.0,31.0,25.0
holdout,INGV,M_SR,26,0.1,1,0.9942793508710325,105,1.0,1.0,57.0,51.0,57.0,51.0
holdout,INGV,M_SR,26,0.5,12345,0.9798458042412934,121,0.9649122807017544,0.9607843137254902,57.0,51.0,55.0,49.0
holdout,INGV,M_SR,26,1.0,10,0.9665099350239491,129,0.9649122807017544,0.9607843137254902,57.0,51.0,55.0,49.0
holdout,INGV,M_SR,26,1.5,12345,0.9534869209657425,132,0.9649122807017544,0.9607843137254902,57.0,51.0,55.0,49.0
holdout,INGV,M_SR,26,2.0,2,0.9405622956072738,133,0.9649122807017544,0.9607843137254902,57.0,51.0,55.0,49.0
holdout,INGV,M_SR,26,3.0,1,0.9149413131974362,139,0.9649122807017544,0.9607843137254902,57.0,51.0,55.0,49.0
holdout,INGV,M_SR,27,0.1,13,0.9938353530663266,103,0.6491228070175439,0.6078431372549019,57.0,51.0,37.0,31.0
holdout,INGV,M_SR,27,0.5,4,0.9781878391768768,124,0.3684210526315789,0.29411764705882354,57.0,51.0,21.0,15.0
holdout,INGV,M_SR,27,1.0,5,0.9635767124933045,132,0.3684210526315789,0.29411764705882354,57.0,51.0,21.0,15.0
holdout,INGV,M_SR,27,1.5,14,0.9504767295457486,135,0.3684210526315789,0.29411764705882354,57.0,51.0,21.0,15.0
holdout,INGV,M_SR,27,2.0,4,0.9374448079292271,136,0.3684210526315789,0.29411764705882354,57.0,51.0,21.0,15.0
holdout,INGV,M_SR,27,3.0,5,0.912402884986492,146,0.3684210526315789,0.29411764705882354,57.0,51.0,21.0,15.0
holdout,INGV,M_SR,28,0.1,3,0.993468816530898,108,1.0,1.0,57.0,51.0,57.0,51.0
holdout,INGV,M_SR,28,0.5,2,0.9775028614398702,123,1.0,1.0,57.0,51.0,57.0,51.0
holdout,INGV,M_SR,28,1.0,14,0.9626660864400889,130,0.543859649122807,0.49019607843137253,57.0,51.0,31.0,25.0
holdout,INGV,M_SR,28,1.5,12,0.9497895443920038,142,0.543859649122807,0.49019607843137253,57.0,51.0,31.0,25.0
holdout,INGV,M_SR,28,2.0,5,0.9381199812957745,144,0.543859649122807,0.49019607843137253,57.0,51.0,31.0,25.0
holdout,INGV,M_SR,28,3.0,15,0.9154457318885663,146,0.543859649122807,0.49019607843137253,57.0,51.0,31.0,25.0
holdout,INGV,M_SR,29,0.1,1,0.9928384124353485,100,1.0,1.0,57.0,51.0,57.0,51.0
holdout,INGV,M_SR,29,0.5,9,0.9762767754492069,119,1.0,1.0,57.0,51.0,57.0,51.0
holdout,INGV,M_SR,29,1.0,12,0.960817580470013,133,1.0,1.0,57.0,51.0,57.0,51.0
holdout,INGV,M_SR,29,1.5,5,0.9477144749239376,142,1.0,1.0,57.0,51.0,57.0,51.0
holdout,INGV,M_SR,29,2.0,18,0.9353610166695022,144,1.0,1.0,57.0,51.0,57.0,51.0
holdout,INGV,M_SR,29,3.0,18,0.9112780107568837,152,1.0,1.0,57.0,51.0,57.0,51.0
holdout,INGV,M_SR,30,0.1,4,0.9935568315579346,104,1.0,1.0,57.0,51.0,57.0,51.0
holdout,INGV,M_SR,30,0.5,1,0.9787993714814356,123,0.5087719298245614,0.45098039215686275,57.0,51.0,29.0,23.0
holdout,INGV,M_SR,30,1.0,2,0.9645628861719056,128,0.5087719298245614,0.45098039215686275,57.0,51.0,29.0,23.0
holdout,INGV,M_SR,30,1.5,3,0.9519873844500387,134,0.5087719298245614,0.45098039215686275,57.0,51.0,29.0,23.0
holdout,INGV,M_SR,30,2.0,1,0.9399852638381725,138,0.5087719298245614,0.45098039215686275,57.0,51.0,29.0,23.0
holdout,INGV,M_SR,30,3.0,18,0.9182384938912764,143,0.5087719298245614,0.45098039215686275,57.0,51.0,29.0,23.0
holdout,INGV,M_SR,31,0.1,5,0.994067756453822,104,1.0,1.0,57.0,51.0,57.0,51.0
holdout,INGV,M_SR,31,0.5,12345,0.9788210341314406,120,0.9649122807017544,0.9607843137254902,57.0,51.0,55.0,49.0
holdout,INGV,M_SR,31,1.0,12,0.9645583735337654,128,0.9649122807017544,0.9607843137254902,57.0,51.0,55.0,49.0
holdout,INGV,M_SR,31,1.5,8,0.9516689388401851,132,0.5087719298245614,0.45098039215686275,57.0,51.0,29.0,23.0
holdout,INGV,M_SR,31,2.0,4,0.9390167277378206,136,0.5087719298245614,0.45098039215686275,57.0,51.0,29.0,23.0
holdout,INGV,M_SR,31,3.0,16,0.9141915628614484,139,0.5087719298245614,0.45098039215686275,57.0,51.0,29.0,23.0
holdout,INGV,M_SR,32,0.1,4,0.9932355834966192,100,1.0,1.0,57.0,51.0,57.0,51.0
holdout,INGV,M_SR,32,0.5,8,0.9784109815101165,118,1.0,1.0,57.0,51.0,57.0,51.0
holdout,INGV,M_SR,32,1.0,12345,0.9638347961790191,125,0.543859649122807,0.49019607843137253,57.0,51.0,31.0,25.0
holdout,INGV,M_SR,32,1.5,12345,0.9511294367979046,133,0.543859649122807,0.49019607843137253,57.0,51.0,31.0,25.0
holdout,INGV,M_SR,32,2.0,6,0.9389151236586406,135,0.543859649122807,0.49019607843137253,57.0,51.0,31.0,25.0
holdout,INGV,M_SR,32,3.0,3,0.9168031121071092,143,0.543859649122807,0.49019607843137253,57.0,51.0,31.0,25.0
holdout,INGV,M_SR,33,0.1,4,0.9942149071513662,103,0.6491228070175439,0.6078431372549019,57.0,51.0,37.0,31.0
holdout,INGV,M_SR,33,0.5,12345,0.9786077234113927,122,0.6491228070175439,0.6078431372549019,57.0,51.0,37.0,31.0
holdout,INGV,M_SR,33,1.0,4,0.9630463119036499,134,0.6491228070175439,0.6078431372549019,57.0,51.0,37.0,31.0
holdout,INGV,M_SR,33,1.5,15,0.9502015302545229,140,0.3684210526315789,0.29411764705882354,57.0,51.0,21.0,15.0
holdout,INGV,M_SR,33,2.0,3,0.9385954840437631,143,0.3684210526315789,0.29411764705882354,57.0,51.0,21.0,15.0
holdout,INGV,M_SR,33,3.0,12345,0.9181731589039696,152,0.3684210526315789,0.29411764705882354,57.0,51.0,21.0,15.0
holdout,INGV,M_SR,34,0.1,7,0.9929926332776003,101,1.0,1.0,57.0,51.0,57.0,51.0
holdout,INGV,M_SR,34,0.5,15,0.9777724694805083,121,1.0,1.0,57.0,51.0,57.0,51.0
holdout,INGV,M_SR,34,1.0,18,0.9628297784694062,131,0.543859649122807,0.49019607843137253,57.0,51.0,31.0,25.0
holdout,INGV,M_SR,34,1.5,12345,0.9508473279150828,137,0.543859649122807,0.49019607843137253,57.0,51.0,31.0,25.0
holdout,INGV,M_SR,34,2.0,5,0.9388891751258036,140,0.543859649122807,0.49019607843137253,57.0,51.0,31.0,25.0
holdout,INGV,M_SR,34,3.0,12345,0.9166879432702592,144,0.543859649122807,0.49019607843137253,57.0,51.0,31.0,25.0
holdout,INGV,M_SR,35,0.1,2,0.992514620981844,101,1.0,1.0,57.0,51.0,57.0,51.0
holdout,INGV,M_SR,35,0.5,2,0.9760543877424697,122,1.0,1.0,57.0,51.0,57.0,51.0
holdout,INGV,M_SR,35,1.0,3,0.959547954654952,130,1.0,1.0,57.0,51.0,57.0,51.0
holdout,INGV,M_SR,35,1.5,3,0.9444644751532532,137,1.0,1.0,57.0,51.0,57.0,51.0
holdout,INGV,M_SR,35,2.0,9,0.9298393225094292,138,1.0,1.0,57.0,51.0,57.0,51.0
holdout,INGV,M_SR,35,3.0,2,0.9040007265169964,144,1.0,1.0,57.0,51.0,57.0,51.0
holdout,INGV,M_SR,36,0.1,12345,0.993272762372062,100,1.0,1.0,57.0,51.0,57.0,51.0
holdout,INGV,M_SR,36,0.5,7,0.9776205331596511,116,1.0,1.0,57.0,51.0,57.0,51.0
holdout,INGV,M_SR,36,1.0,7,0.9628337838712712,124,0.9649122807017544,0.9607843137254902,57.0,51.0,55.0,49.0
holdout,INGV,M_SR,36,1.5,6,0.9504223691823145,132,0.9649122807017544,0.9607843137254902,57.0,51.0,55.0,49.0
holdout,INGV,M_SR,36,2.0,7,0.9385160801222557,135,0.5087719298245614,0.45098039215686275,57.0,51.0,29.0,23.0
holdout,INGV,M_SR,36,3.0,1,0.9166735265665583,145,0.5087719298245614,0.45098039215686275,57.0,51.0,29.0,23.0
holdout,INGV,M_SR,37,0.1,3,0.9934732320342425,104,0.6491228070175439,0.6078431372549019,57.0,51.0,37.0,31.0
holdout,INGV,M_SR,37,0.5,2,0.9773471793272178,119,0.6491228070175439,0.6078431372549019,57.0,51.0,37.0,31.0
holdout,INGV,M_SR,37,1.0,10,0.9618651350931977,130,0.6491228070175439,0.6078431372549019,57.0,51.0,37.0,31.0
holdout,INGV,M_SR,37,1.5,7,0.9480815005220283,134,0.6491228070175439,0.6078431372549019,57.0,51.0,37.0,31.0
holdout,INGV,M_SR,37,2.0,8,0.934786845663929,139,0.3684210526315789,0.29411764705882354,57.0,51.0,21.0,15.0
holdout,INGV,M_SR,37,3.0,11,0.9098378582612413,145,0.3684210526315789,0.29411764705882354,57.0,51.0,21.0,15.0
holdout,INGV,M_SR,38,0.1,16,0.9930627374188915,104,1.0,1.0,57.0,51.0,57.0,51.0
holdout,INGV,M_SR,38,0.5,5,0.9775288393286699,118,0.9649122807017544,0.9607843137254902,57.0,51.0,55.0,49.0
holdout,INGV,M_SR,38,1.0,19,0.9633173148832765,127,0.9649122807017544,0.9607843137254902,57.0,51.0,55.0,49.0
holdout,INGV,M_SR,38,1.5,19,0.9500112565984785,134,0.9649122807017544,0.9607843137254902,57.0,51.0,55.0,49.0
holdout,INGV,M_SR,38,2.0,11,0.9384119344307726,134,0.9649122807017544,0.9607843137254902,57.0,51.0,55.0,49.0
holdout,INGV,M_SR,38,3.0,15,0.9153390915408243,144,0.9649122807017544,0.9607843137254902,57.0,51.0,55.0,49.0
holdout,INGV,M_SR,39,0.1,10,0.9932155564963828,104,0.6491228070175439,0.6078431372549019,57.0,51.0,37.0,31.0
holdout,INGV,M_SR,39,0.5,11,0.9765814944362479,121,0.6491228070175439,0.6078431372549019,57.0,51.0,37.0,31.0
holdout,INGV,M_SR,39,1.0,18,0.9617766569198767,128,0.3684210526315789,0.29411764705882354,57.0,51.0,21.0,15.0
holdout,INGV,M_SR,39,1.5,15,0.948073673913701,134,0.3684210526315789,0.29411764705882354,57.0,51.0,21.0,15.0
holdout,INGV,M_SR,39,2.0,11,0.9359485630028856,140,0.3684210526315789,0.29411764705882354,57.0,51.0,21.0,15.0
holdout,INGV,M_SR,39,3.0,12,0.9128517954369001,147,0.3684210526315789,0.29411764705882354,57.0,51.0,21.0,15.0
holdout,INGV,M_SR,40,0.1,2,0.9941194381719752,105,1.0,1.0,57.0,51.0,57.0,51.0
holdout,INGV,M_SR,40,0.5,2,0.9786801894562217,123,1.0,1.0,57.0,51.0,57.0,51.0
holdout,INGV,M_SR,40,1.0,14,0.9638689137232594,133,1.0,1.0,57.0,51.0,57.0,51.0
holdout,INGV,M_SR,40,1.5,19,0.9506358227968303,139,0.543859649122807,0.49019607843137253,57.0,51.0,31.0,25.0
holdout,INGV,M_SR,40,2.0,6,0.9388208230928219,142,0.543859649122807,0.49019607843137253,57.0,51.0,31.0,25.0
holdout,INGV,M_SR,40,3.0,13,0.9153297839220753,149,0.543859649122807,0.49019607843137253,57.0,51.0,31.0,25.0
holdout,INGV,M_SR,41,0.1,6,0.9926334005723926,101,1.0,1.0,57.0,51.0,57.0,51.0
holdout,INGV,M_SR,41,0.5,18,0.9759541748028462,123,0.543859649122807,0.49019607843137253,57.0,51.0,31.0,25.0
holdout,INGV,M_SR,41,1.0,10,0.9623096659073432,131,0.543859649122807,0.49019607843137253,57.0,51.0,31.0,25.0
holdout,INGV,M_SR,41,1.5,6,0.9492994845381636,136,0.543859649122807,0.49019607843137253,57.0,51.0,31.0,25.0
holdout,INGV,M_SR,41,2.0,6,0.9363477159896149,139,0.543859649122807,0.49019607843137253,57.0,51.0,31.0,25.0
holdout,INGV,M_SR,41,3.0,6,0.9122898348817917,145,0.543859649122807,0.49019607843137253,57.0,51.0,31.0,25.0
holdout,INGV,M_SR,42,0.1,13,0.9933845038530411,99,1.0,1.0,57.0,51.0,57.0,51.0
holdout,INGV,M_SR,42,0.5,7,0.9775308109086648,120,1.0,1.0,57.0,51.0,57.0,51.0
holdout,INGV,M_SR,42,1.0,2,0.9629127409840239,127,0.543859649122807,0.49019607843137253,57.0,51.0,31.0,25.0
holdout,INGV,M_SR,42,1.5,9,0.9492593457544782,137,0.543859649122807,0.49019607843137253,57.0,51.0,31.0,25.0
holdout,INGV,M_SR,42,2.0,2,0.9370198770358638,142,0.543859649122807,0.49019607843137253,57.0,51.0,31.0,25.0
holdout,INGV,M_SR,42,3.0,8,0.9135693252175714,144,0.543859649122807,0.49019607843137253,57.0,51.0,31.0,25.0
holdout,INGV,M_SR,43,0.1,5,0.9936444764279734,99,1.0,1.0,57.0,51.0,57.0,51.0
holdout,INGV,M_SR,43,0.5,18,0.9778367308368716,118,0.9649122807017544,0.9607843137254902,57.0,51.0,55.0,49.0
holdout,INGV,M_SR,43,1.0,13,0.9622062520502301,123,0.9649122807017544,0.9607843137254902,57.0,51.0,55.0,49.0
holdout,INGV,M_SR,43,1.5,9,0.9493031108431145,128,0.9649122807017544,0.9607843137254902,57.0,51.0,55.0,49.0
holdout,INGV,M_SR,43,2.0,11,0.9365598379642396,137,0.9649122807017544,0.9607843137254902,57.0,51.0,55.0,49.0
holdout,INGV,M_SR,43,3.0,14,0.9143960345636886,146,0.9649122807017544,0.9607843137254902,57.0,51.0,55.0,49.0
holdout,INGV,M_SR,44,0.1,9,0.9940931537117863,106,1.0,1.0,57.0,51.0,57.0,51.0
holdout,INGV,M_SR,44,0.5,15,0.9777682391671609,123,0.6491228070175439,0.6078431372549019,57.0,51.0,37.0,31.0
holdout,INGV,M_SR,44,1.0,3,0.962257543984604,130,0.6491228070175439,0.6078431372549019,57.0,51.0,37.0,31.0
holdout,INGV,M_SR,44,1.5,15,0.9483418120086169,138,0.3684210526315789,0.29411764705882354,57.0,51.0,21.0,15.0
holdout,INGV,M_SR,44,2.0,6,0.9347913260947863,144,0.3684210526315789,0.29411764705882354,57.0,51.0,21.0,15.0
holdout,INGV,M_SR,44,3.0,7,0.9087410066374835,147,0.3684210526315789,0.29411764705882354,57.0,51.0,21.0,15.0
holdout,INGV,M_SR,45,0.1,9,0.9942060208917065,103,1.0,1.0,57.0,51.0,57.0,51.0
holdout,INGV,M_SR,45,0.5,8,0.9775862471072907,117,1.0,1.0,57.0,51.0,57.0,51.0
holdout,INGV,M_SR,45,1.0,13,0.9613173696908551,125,1.0,1.0,57.0,51.0,57.0,51.0
holdout,INGV,M_SR,45,1.5,11,0.9465491437603185,130,1.0,1.0,57.0,51.0,57.0,51.0
holdout,INGV,M_SR,45,2.0,14,0.9329397152616025,133,1.0,1.0,57.0,51.0,57.0,51.0
holdout,INGV,M_SR,45,3.0,5,0.9084442272417814,139,0.543859649122807,0.49019607843137253,57.0,51.0,31.0,25.0
holdout,INGV,M_SR,46,0.1,19,0.9933699735214043,103,1.0,1.0,57.0,51.0,57.0,51.0
holdout,INGV,M_SR,46,0.5,6,0.9783481505894752,124,0.543859649122807,0.49019607843137253,57.0,51.0,31.0,25.0
holdout,INGV,M_SR,46,1.0,6,0.9645213776476217,133,0.543859649122807,0.49019607843137253,57.0,51.0,31.0,25.0
holdout,INGV,M_SR,46,1.5,13,0.9513867292726544,136,0.543859649122807,0.49019607843137253,57.0,51.0,31.0,25.0
holdout,INGV,M_SR,46,2.0,13,0.9387268305581233,141,0.543859649122807,0.49019607843137253,57.0,51.0,31.0,25.0
holdout,INGV,M_SR,46,3.0,17,0.9157123440199244,150,0.543859649122807,0.49019607843137253,57.0,51.0,31.0,25.0
holdout,INGV,M_SR,47,0.1,2,0.9934215887637076,102,0.6491228070175439,0.6078431372549019,57.0,51.0,37.0,31.0
holdout,INGV,M_SR,47,0.5,2,0.9771283313044334,121,0.6491228070175439,0.6078431372549019,57.0,51.0,37.0,31.0
holdout,INGV,M_SR,47,1.0,9,0.9625092291709298,133,0.3684210526315789,0.29411764705882354,57.0,51.0,21.0,15.0
holdout,INGV,M_SR,47,1.5,8,0.9493030738412299,138,0.3684210526315789,0.29411764705882354,57.0,51.0,21.0,15.0
holdout,INGV,M_SR,47,2.0,2,0.9374937666889119,141,0.3684210526315789,0.29411764705882354,57.0,51.0,21.0,15.0
holdout,INGV,M_SR,47,3.0,5,0.9151041552137436,145,0.3684210526315789,0.29411764705882354,57.0,51.0,21.0,15.0
holdout,INGV,M_SR,48,0.1,15,0.9942242741484189,108,1.0,1.0,57.0,51.0,57.0,51.0
holdout,INGV,M_SR,48,0.5,10,0.9788241318386939,122,0.9649122807017544,0.9607843137254902,57.0,51.0,55.0,49.0
holdout,INGV,M_SR,48,1.0,6,0.9650572780597729,131,0.9649122807017544,0.9607843137254902,57.0,51.0,55.0,49.0
holdout,INGV,M_SR,48,1.5,15,0.9522287019676189,137,0.9649122807017544,0.9607843137254902,57.0,51.0,55.0,49.0
holdout,INGV,M_SR,48,2.0,3,0.9395074594892405,140,0.9649122807017544,0.9607843137254902,57.0,51.0,55.0,49.0
holdout,INGV,M_SR,48,3.0,3,0.9163857257589734,146,0.9649122807017544,0.9607843137254902,57.0,51.0,55.0,49.0
holdout,INGV,M_SR,49,0.1,9,0.9937113948884599,101,1.0,1.0,57.0,51.0,57.0,51.0
holdout,INGV,M_SR,49,0.5,10,0.9769538597151434,122,1.0,1.0,57.0,51.0,57.0,51.0
holdout,INGV,M_SR,49,1.0,10,0.9623491112737816,135,0.9649122807017544,0.9607843137254902,57.0,51.0,55.0,49.0
holdout,INGV,M_SR,49,1.5,6,0.9496504501192922,142,0.9649122807017544,0.9607843137254902,57.0,51.0,55.0,49.0
holdout,INGV,M_SR,49,2.0,5,0.9377575498965528,149,0.9649122807017544,0.9607843137254902,57.0,51.0,55.0,49.0
holdout,INGV,M_SR,49,3.0,6,0.9159580264724804,155,0.9649122807017544,0.9607843137254902,57.0,51.0,55.0,49.0
holdout,INGV,M_SR,50,0.1,18,0.9942580896558635,106,1.0,1.0,57.0,51.0,57.0,51.0
holdout,INGV,M_SR,50,0.5,10,0.9784185527337674,121,1.0,1.0,57.0,51.0,57.0,51.0
holdout,INGV,M_SR,50,1.0,4,0.9639998362403778,131,0.5087719298245614,0.45098039215686275,57.0,51.0,29.0,23.0
holdout,INGV,M_SR,50,1.5,3,0.9504368273532784,136,0.5087719298245614,0.45098039215686275,57.0,51.0,29.0,23.0
holdout,INGV,M_SR,50,2.0,2,0.9389997190320695,141,0.5087719298245614,0.45098039215686275,57.0,51.0,29.0,23.0
holdout,INGV,M_SR,50,3.0,3,0.9192575907178159,148,0.5087719298245614,0.45098039215686275,57.0,51.0,29.0,23.0
holdout,INGV,M_SR,51,0.1,19,0.9936583402233193,100,1.0,1.0,57.0,51.0,57.0,51.0
holdout,INGV,M_SR,51,0.5,16,0.97903171928558,122,0.9649122807017544,0.9607843137254902,57.0,51.0,55.0,49.0
holdout,INGV,M_SR,51,1.0,14,0.9654083373941756,132,0.9649122807017544,0.9607843137254902,57.0,51.0,55.0,49.0
holdout,INGV,M_SR,51,1.5,14,0.9525723138650973,139,0.9649122807017544,0.9607843137254902,57.0,51.0,55.0,49.0
holdout,INGV,M_SR,51,2.0,6,0.9403826799765197,143,0.9649122807017544,0.9607843137254902,57.0,51.0,55.0,49.0
holdout,INGV,M_SR,51,3.0,10,0.9169305898231953,149,0.9649122807017544,0.9607843137254902,57.0,51.0,55.0,49.0
holdout,INGV,M_SR,52,0.1,12,0.9938961658426728,101,1.0,1.0,57.0,51.0,57.0,51.0
holdout,INGV,M_SR,52,0.5,12,0.9785724710606247,121,1.0,1.0,57.0,51.0,57.0,51.0
holdout,INGV,M_SR,52,1.0,18,0.9643510552125646,128,0.543859649122807,0.49019607843137253,57.0,51.0,31.0,25.0
holdout,INGV,M_SR,52,1.5,17,0.95130525666401,133,0.543859649122807,0.49019607843137253,57.0,51.0,31.0,25.0
holdout,INGV,M_SR,52,2.0,17,0.9384994935403115,134,0.543859649122807,0.49019607843137253,57.0,51.0,31.0,25.0
holdout,INGV,M_SR,52,3.0,4,0.9169852011312208,145,0.543859649122807,0.49019607843137253,57.0,51.0,31.0,25.0
holdout,INGV,M_SR,53,0.1,19,0.9936890793410563,103,0.6491228070175439,0.6078431372549019,57.0,51.0,37.0,31.0
holdout,INGV,M_SR,53,0.5,11,0.9779250694833422,126,0.6491228070175439,0.6078431372549019,57.0,51.0,37.0,31.0
holdout,INGV,M_SR,53,1.0,4,0.9612427567167997,132,0.6491228070175439,0.6078431372549019,57.0,51.0,37.0,31.0
holdout,INGV,M_SR,53,1.5,5,0.9473756444803958,138,0.6491228070175439,0.6078431372549019,57.0,51.0,37.0,31.0
holdout,INGV,M_SR,53,2.0,12345,0.934826123893348,140,0.6491228070175439,0.6078431372549019,57.0,51.0,37.0,31.0
holdout,INGV,M_SR,53,3.0,7,0.9121912892327192,145,0.6491228070175439,0.6078431372549019,57.0,51.0,37.0,31.0
holdout,INGV,M_SR,54,0.1,9,0.9931140390930487,99,1.0,1.0,57.0,51.0,57.0,51.0
holdout,INGV,M_SR,54,0.5,18,0.9761298914413176,113,0.543859649122807,0.49019607843137253,57.0,51.0,31.0,25.0
holdout,INGV,M_SR,54,1.0,5,0.9608978529712475,123,0.543859649122807,0.49019607843137253,57.0,51.0,31.0,25.0
holdout,INGV,M_SR,54,1.5,7,0.9466556585723941,130,0.543859649122807,0.49019607843137253,57.0,51.0,31.0,25.0
holdout,INGV,M_SR,54,2.0,8,0.9329138736287046,131,0.543859649122807,0.49019607843137253,57.0,51.0,31.0,25.0
holdout,INGV,M_SR,54,3.0,8,0.9080359678812215,138,0.543859649122807,0.49019607843137253,57.0,51.0,31.0,25.0
holdout,INGV,M_SR,55,0.1,10,0.9935367594208431,105,1.0,1.0,57.0,51.0,57.0,51.0
holdout,INGV,M_SR,55,0.5,1,0.9782541397621901,129,1.0,1.0,57.0,51.0,57.0,51.0
holdout,INGV,M_SR,55,1.0,14,0.963362635688263,134,1.0,1.0,57.0,51.0,57.0,51.0
holdout,INGV,M_SR,55,1.5,2,0.9493011996603498,138,1.0,1.0,57.0,51.0,57.0,51.0
holdout,INGV,M_SR,55,2.0,1,0.9370022032093643,143,0.5087719298245614,0.45098039215686275,57.0,51.0,29.0,23.0
holdout,INGV,M_SR,55,3.0,19,0.9134690164446438,148,0.5087719298245614,0.45098039215686275,57.0,51.0,29.0,23.0
holdout,INGV,M_SR,56,0.1,19,0.9937881782778553,106,1.0,1.0,57.0,51.0,57.0,51.0
holdout,INGV,M_SR,56,0.5,1,0.9797003995010163,124,0.543859649122807,0.49019607843137253,57.0,51.0,31.0,25.0
holdout,INGV,M_SR,56,1.0,9,0.9661484142676542,131,0.543859649122807,0.49019607843137253,57.0,51.0,31.0,25.0
holdout,INGV,M_SR,56,1.5,9,0.9534878271056687,139,0.5087719298245614,0.45098039215686275,57.0,51.0,29.0,23.0
holdout,INGV,M_SR,56,2.0,15,0.9416598115909045,142,0.5087719298245614,0.45098039215686275,57.0,51.0,29.0,23.0
holdout,INGV,M_SR,56,3.0,19,0.9186393185582682,153,0.5087719298245614,0.45098039215686275,57.0,51.0,29.0,23.0
holdout,INGV,M_SR,57,0.1,6,0.9928427864308649,107,1.0,1.0,57.0,51.0,57.0,51.0
holdout,INGV,M_SR,57,0.5,13,0.9762801703756602,121,0.5087719298245614,0.45098039215686275,57.0,51.0,29.0,23.0
holdout,INGV,M_SR,57,1.0,5,0.9608216542981747,129,0.5087719298245614,0.45098039215686275,57.0,51.0,29.0,23.0
holdout,INGV,M_SR,57,1.5,10,0.9469880203505432,138,0.5087719298245614,0.45098039215686275,57.0,51.0,29.0,23.0
holdout,INGV,M_SR,57,2.0,3,0.9337162023833504,141,0.5087719298245614,0.45098039215686275,57.0,51.0,29.0,23.0
holdout,INGV,M_SR,57,3.0,9,0.9082895011788586,144,0.5087719298245614,0.45098039215686275,57.0,51.0,29.0,23.0
holdout,INGV,M_SR,58,0.1,15,0.9937566038584418,105,1.0,1.0,57.0,51.0,57.0,51.0
holdout,INGV,M_SR,58,0.5,5,0.9777127143373242,123,1.0,1.0,57.0,51.0,57.0,51.0
holdout,INGV,M_SR,58,1.0,6,0.962774319530688,129,0.5087719298245614,0.45098039215686275,57.0,51.0,29.0,23.0
holdout,INGV,M_SR,58,1.5,10,0.9499377076220086,136,0.5087719298245614,0.45098039215686275,57.0,51.0,29.0,23.0
holdout,INGV,M_SR,58,2.0,11,0.9379263227662953,139,0.5087719298245614,0.45098039215686275,57.0,51.0,29.0,23.0
holdout,INGV,M_SR,58,3.0,12345,0.9163225176603528,143,0.5087719298245614,0.45098039215686275,57.0,51.0,29.0,23.0
holdout,INGV,M_SR,59,0.1,13,0.9936500981927472,100,1.0,1.0,57.0,51.0,57.0,51.0
holdout,INGV,M_SR,59,0.5,17,0.9776482764367683,119,1.0,1.0,57.0,51.0,57.0,51.0
holdout,INGV,M_SR,59,1.0,3,0.9618825772039542,130,1.0,1.0,57.0,51.0,57.0,51.0
holdout,INGV,M_SR,59,1.5,15,0.9481196158532874,137,1.0,1.0,57.0,51.0,57.0,51.0
holdout,INGV,M_SR,59,2.0,15,0.9359918003723225,140,1.0,1.0,57.0,51.0,57.0,51.0
holdout,INGV,M_SR,59,3.0,1,0.9134548438011971,145,1.0,1.0,57.0,51.0,57.0,51.0
holdout,INGV,M_SR,60,0.1,12,0.9942036079958384,104,0.6491228070175439,0.6078431372549019,57.0,51.0,37.0,31.0
holdout,INGV,M_SR,60,0.5,10,0.9777628809673115,121,0.6491228070175439,0.6078431372549019,57.0,51.0,37.0,31.0
holdout,INGV,M_SR,60,1.0,8,0.9621948683064793,132,0.6491228070175439,0.6078431372549019,57.0,51.0,37.0,31.0
holdout,INGV,M_SR,60,1.5,12345,0.9478408807797872,137,0.6491228070175439,0.6078431372549019,57.0,51.0,37.0,31.0
holdout,INGV,M_SR,60,2.0,16,0.9343946299681756,141,0.6491228070175439,0.6078431372549019,57.0,51.0,37.0,31.0
holdout,INGV,M_SR,60,3.0,19,0.9114940063590301,147,0.6491228070175439,0.6078431372549019,57.0,51.0,37.0,31.0
holdout,INGV,M_SR,61,0.1,10,0.9942533588453243,106,1.0,1.0,57.0,51.0,57.0,51.0
holdout,INGV,M_SR,61,0.5,10,0.9793359417110983,118,1.0,1.0,57.0,51.0,57.0,51.0
holdout,INGV,M_SR,61,1.0,3,0.9634749774452689,126,1.0,1.0,57.0,51.0,57.0,51.0
holdout,INGV,M_SR,61,1.5,15,0.9506317870083839,132,0.6140350877192983,0.5686274509803921,57.0,51.0,35.0,29.0
holdout,INGV,M_SR,61,2.0,6,0.9391084408615324,137,0.6140350877192983,0.5686274509803921,57.0,51.0,35.0,29.0
holdout,INGV,M_SR,61,3.0,3,0.9174765224444579,143,0.6140350877192983,0.5686274509803921,57.0,51.0,35.0,29.0
holdout,INGV,M_SR,62,0.1,18,0.9934448532429249,104,1.0,1.0,57.0,51.0,57.0,51.0
holdout,INGV,M_SR,62,0.5,13,0.9760887585318141,121,1.0,1.0,57.0,51.0,57.0,51.0
holdout,INGV,M_SR,62,1.0,1,0.9623348021814854,130,0.543859649122807,0.49019607843137253,57.0,51.0,31.0,25.0
holdout,INGV,M_SR,62,1.5,6,0.9500863825444741,138,0.543859649122807,0.49019607843137253,57.0,51.0,31.0,25.0
holdout,INGV,M_SR,62,2.0,9,0.9382849286490467,143,0.3684210526315789,0.29411764705882354,57.0,51.0,21.0,15.0
holdout,INGV,M_SR,62,3.0,19,0.9152835957649433,148,0.3684210526315789,0.29411764705882354,57.0,51.0,21.0,15.0
holdout,INGV,M_SR,63,0.1,7,0.9936420875889074,103,1.0,1.0,57.0,51.0,57.0,51.0
holdout,INGV,M_SR,63,0.5,12345,0.9764995171239954,119,1.0,1.0,57.0,51.0,57.0,51.0
holdout,INGV,M_SR,63,1.0,3,0.9600168822801604,130,1.0,1.0,57.0,51.0,57.0,51.0
holdout,INGV,M_SR,63,1.5,14,0.9451116147615317,133,1.0,1.0,57.0,51.0,57.0,51.0
holdout,INGV,M_SR,63,2.0,1,0.9304196157831777,137,1.0,1.0,57.0,51.0,57.0,51.0
holdout,INGV,M_SR,63,3.0,1,0.9051180771818819,142,1.0,1.0,57.0,51.0,57.0,51.0
holdout,INGV,M_SR,64,0.1,2,0.9940026478249939,100,1.0,1.0,57.0,51.0,57.0,51.0
holdout,INGV,M_SR,64,0.5,8,0.9778966054516466,121,1.0,1.0,57.0,51.0,57.0,51.0
holdout,INGV,M_SR,64,1.0,3,0.9640815597868824,130,0.543859649122807,0.49019607843137253,57.0,51.0,31.0,25.0
holdout,INGV,M_SR,64,1.5,19,0.9521024408955063,134,0.543859649122807,0.49019607843137253,57.0,51.0,31.0,25.0
holdout,INGV,M_SR,64,2.0,15,0.940616020930966,137,0.543859649122807,0.49019607843137253,57.0,51.0,31.0,25.0
holdout,INGV,M_SR,64,3.0,12,0.9179073446063463,145,0.543859649122807,0.49019607843137253,57.0,51.0,31.0,25.0
holdout,INGV,M_SR,65,0.1,9,0.9929219375604866,99,1.0,1.0,57.0,51.0,57.0,51.0
holdout,INGV,M_SR,65,0.5,17,0.9759007668769677,116,1.0,1.0,57.0,51.0,57.0,51.0
holdout,INGV,M_SR,65,1.0,16,0.9598131807772137,126,1.0,1.0,57.0,51.0,57.0,51.0
holdout,INGV,M_SR,65,1.5,17,0.946238062475414,132,1.0,1.0,57.0,51.0,57.0,51.0
holdout,INGV,M_SR,65,2.0,6,0.9329470034738854,136,1.0,1.0,57.0,51.0,57.0,51.0
holdout,INGV,M_SR,65,3.0,15,0.9069699144517223,143,1.0,1.0,57.0,51.0,57.0,51.0
holdout,INGV,M_SR,66,0.1,8,0.9938731660106139,104,1.0,1.0,57.0,51.0,57.0,51.0
holdout,INGV,M_SR,66,0.5,9,0.978655459112922,125,0.3333333333333333,0.2549019607843137,57.0,51.0,19.0,13.0
holdout,INGV,M_SR,66,1.0,11,0.9631738952773894,132,0.3333333333333333,0.2549019607843137,57.0,51.0,19.0,13.0
holdout,INGV,M_SR,66,1.5,8,0.9506417267920881,138,0.3333333333333333,0.2549019607843137,57.0,51.0,19.0,13.0
holdout,INGV,M_SR,66,2.0,10,0.9392724181384348,142,0.3333333333333333,0.2549019607843137,57.0,51.0,19.0,13.0
holdout,INGV,M_SR,66,3.0,6,0.9167224602084508,147,0.3333333333333333,0.2549019607843137,57.0,51.0,19.0,13.0
holdout,INGV,M_SR,67,0.1,12345,0.9938560209795878,96,1.0,1.0,57.0,51.0,57.0,51.0
holdout,INGV,M_SR,67,0.5,12345,0.9774679814332865,123,1.0,1.0,57.0,51.0,57.0,51.0
holdout,INGV,M_SR,67,1.0,19,0.9625395752242021,131,0.9649122807017544,0.9607843137254902,57.0,51.0,55.0,49.0
holdout,INGV,M_SR,67,1.5,19,0.9502849031969214,141,0.9649122807017544,0.9607843137254902,57.0,51.0,55.0,49.0
holdout,INGV,M_SR,67,2.0,1,0.9381876326744018,144,0.9649122807017544,0.9607843137254902,57.0,51.0,55.0,49.0
holdout,INGV,M_SR,67,3.0,19,0.9155741321933214,148,0.9649122807017544,0.9607843137254902,57.0,51.0,55.0,49.0
holdout,INGV,M_SR,68,0.1,4,0.9932606179457474,103,1.0,1.0,57.0,51.0,57.0,51.0
holdout,INGV,M_SR,68,0.5,7,0.9776023811934522,123,1.0,1.0,57.0,51.0,57.0,51.0
holdout,INGV,M_SR,68,1.0,12345,0.9640758888461732,133,0.5087719298245614,0.45098039215686275,57.0,51.0,29.0,23.0
holdout,INGV,M_SR,68,1.5,10,0.9516995349846459,144,0.5087719298245614,0.45098039215686275,57.0,51.0,29.0,23.0
holdout,INGV,M_SR,68,2.0,11,0.939780825949011,146,0.5087719298245614,0.45098039215686275,57.0,51.0,29.0,23.0
holdout,INGV,M_SR,68,3.0,6,0.9161056451856328,148,0.5087719298245614,0.45098039215686275,57.0,51.0,29.0,23.0
holdout,INGV,M_SR,69,0.1,9,0.9927671690826381,110,1.0,1.0,57.0,51.0,57.0,51.0
holdout,INGV,M_SR,69,0.5,3,0.9769475747857788,128,1.0,1.0,57.0,51.0,57.0,51.0
holdout,INGV,M_SR,69,1.0,2,0.9618164958901061,135,0.543859649122807,0.49019607843137253,57.0,51.0,31.0,25.0
holdout,INGV,M_SR,69,1.5,3,0.949260101288864,140,0.543859649122807,0.49019607843137253,57.0,51.0,31.0,25.0
holdout,INGV,M_SR,69,2.0,8,0.9369476653953778,146,0.543859649122807,0.49019607843137253,57.0,51.0,31.0,25.0
holdout,INGV,M_SR,69,3.0,6,0.913025389563684,151,0.543859649122807,0.49019607843137253,57.0,51.0,31.0,25.0
holdout,INGV,M_SR,70,0.1,16,0.9943133297415142,103,1.0,1.0,57.0,51.0,57.0,51.0
holdout,INGV,M_SR,70,0.5,19,0.978461615644461,119,1.0,1.0,57.0,51.0,57.0,51.0
holdout,INGV,M_SR,70,1.0,12345,0.9612475515722448,130,0.543859649122807,0.49019607843137253,57.0,51.0,31.0,25.0
holdout,INGV,M_SR,70,1.5,15,0.9464813987965444,135,0.543859649122807,0.49019607843137253,57.0,51.0,31.0,25.0
holdout,INGV,M_SR,70,2.0,18,0.9328328316408698,138,0.543859649122807,0.49019607843137253,57.0,51.0,31.0,25.0
holdout,INGV,M_SR,70,3.0,12345,0.9090268654610894,144,0.543859649122807,0.49019607843137253,57.0,51.0,31.0,25.0
holdout,INGV,M_SR,71,0.1,5,0.9935800301308236,102,1.0,1.0,57.0,51.0,57.0,51.0
holdout,INGV,M_SR,71,0.5,9,0.9775599832588084,124,0.543859649122807,0.49019607843137253,57.0,51.0,31.0,25.0
holdout,INGV,M_SR,71,1.0,18,0.9614328532655936,133,0.543859649122807,0.49019607843137253,57.0,51.0,31.0,25.0
holdout,INGV,M_SR,71,1.5,9,0.948203775652017,135,0.543859649122807,0.49019607843137253,57.0,51.0,31.0,25.0
holdout,INGV,M_SR,71,2.0,15,0.935063552686696,139,0.543859649122807,0.49019607843137253,57.0,51.0,31.0,25.0
holdout,INGV,M_SR,71,3.0,15,0.9115170883909094,145,0.543859649122807,0.49019607843137253,57.0,51.0,31.0,25.0
holdout,INGV,M_SR,72,0.1,4,0.9939408876048846,108,1.0,1.0,57.0,51.0,57.0,51.0
holdout,INGV,M_SR,72,0.5,16,0.9773718480796575,128,0.9649122807017544,0.9607843137254902,57.0,51.0,55.0,49.0
holdout,INGV,M_SR,72,1.0,15,0.9616894280954799,136,0.9649122807017544,0.9607843137254902,57.0,51.0,55.0,49.0
holdout,INGV,M_SR,72,1.5,7,0.9477126994265455,134,0.9649122807017544,0.9607843137254902,57.0,51.0,55.0,49.0
holdout,INGV,M_SR,72,2.0,13,0.934778767149452,140,0.9649122807017544,0.9607843137254902,57.0,51.0,55.0,49.0
holdout,INGV,M_SR,72,3.0,15,0.9112304240480719,146,0.9649122807017544,0.9607843137254902,57.0,51.0,55.0,49.0
holdout,INGV,M_SR,73,0.1,10,0.9936323866405126,101,1.0,1.0,57.0,51.0,57.0,51.0
holdout,INGV,M_SR,73,0.5,12345,0.9783281806608894,119,1.0,1.0,57.0,51.0,57.0,51.0
holdout,INGV,M_SR,73,1.0,14,0.9639458565594772,128,1.0,1.0,57.0,51.0,57.0,51.0
holdout,INGV,M_SR,73,1.5,9,0.9504568904414946,132,1.0,1.0,57.0,51.0,57.0,51.0
holdout,INGV,M_SR,73,2.0,6,0.9371028763881947,137,1.0,1.0,57.0,51.0,57.0,51.0
holdout,INGV,M_SR,73,3.0,3,0.9130189549009751,143,0.543859649122807,0.49019607843137253,57.0,51.0,31.0,25.0
holdout,INGV,M_SR,74,0.1,3,0.9938295727969569,105,1.0,1.0,57.0,51.0,57.0,51.0
holdout,INGV,M_SR,74,0.5,10,0.9772159276893984,123,0.6491228070175439,0.6078431372549019,57.0,51.0,37.0,31.0
holdout,INGV,M_SR,74,1.0,2,0.9620011531301409,133,0.6491228070175439,0.6078431372549019,57.0,51.0,37.0,31.0
holdout,INGV,M_SR,74,1.5,5,0.9483978010854891,140,0.6491228070175439,0.6078431372549019,57.0,51.0,37.0,31.0
holdout,INGV,M_SR,74,2.0,4,0.9357798832377843,145,0.6491228070175439,0.6078431372549019,57.0,51.0,37.0,31.0
holdout,INGV,M_SR,74,3.0,6,0.9112087904433758,147,0.6491228070175439,0.6078431372549019,57.0,51.0,37.0,31.0
holdout,INGV,M_SR,75,0.1,1,0.9936622479993265,103,1.0,1.0,57.0,51.0,57.0,51.0
holdout,INGV,M_SR,75,0.5,14,0.9768245718289545,117,1.0,1.0,57.0,51.0,57.0,51.0
holdout,INGV,M_SR,75,1.0,17,0.9610063868339889,125,1.0,1.0,57.0,51.0,57.0,51.0
holdout,INGV,M_SR,75,1.5,9,0.9463963227931338,132,1.0,1.0,57.0,51.0,57.0,51.0
holdout,INGV,M_SR,75,2.0,9,0.932796922881693,139,1.0,1.0,57.0,51.0,57.0,51.0
holdout,INGV,M_SR,75,3.0,1,0.9082642617049403,138,1.0,1.0,57.0,51.0,57.0,51.0
holdout,INGV,M_SR,76,0.1,12345,0.9939258767076684,101,1.0,1.0,57.0,51.0,57.0,51.0
holdout,INGV,M_SR,76,0.5,15,0.9793164074478622,118,1.0,1.0,57.0,51.0,57.0,51.0
holdout,INGV,M_SR,76,1.0,19,0.9650528136883235,126,1.0,1.0,57.0,51.0,57.0,51.0
holdout,INGV,M_SR,76,1.5,15,0.9518153920115237,134,0.543859649122807,0.49019607843137253,57.0,51.0,31.0,25.0
holdout,INGV,M_SR,76,2.0,18,0.939912804848432,135,0.543859649122807,0.49019607843137253,57.0,51.0,31.0,25.0
holdout,INGV,M_SR,76,3.0,18,0.9160698919428483,140,0.543859649122807,0.49019607843137253,57.0,51.0,31.0,25.0
holdout,INGV,M_SR,77,0.1,4,0.9935235990969757,103,1.0,1.0,57.0,51.0,57.0,51.0
holdout,INGV,M_SR,77,0.5,4,0.9761503564571925,118,0.5087719298245614,0.45098039215686275,57.0,51.0,29.0,23.0
holdout,INGV,M_SR,77,1.0,7,0.9590530153931054,128,0.5087719298245614,0.45098039215686275,57.0,51.0,29.0,23.0
holdout,INGV,M_SR,77,1.5,2,0.9442632963281398,134,0.5087719298245614,0.45098039215686275,57.0,51.0,29.0,23.0
holdout,INGV,M_SR,77,2.0,12345,0.9300899972704525,136,0.5087719298245614,0.45098039215686275,57.0,51.0,29.0,23.0
holdout,INGV,M_SR,77,3.0,2,0.9062853552334958,143,0.5087719298245614,0.45098039215686275,57.0,51.0,29.0,23.0
holdout,INGV,M_SR,78,0.1,8,0.9938532925129702,105,0.6491228070175439,0.6078431372549019,57.0,51.0,37.0,31.0
holdout,INGV,M_SR,78,0.5,6,0.9781893932407184,124,0.6491228070175439,0.6078431372549019,57.0,51.0,37.0,31.0
holdout,INGV,M_SR,78,1.0,18,0.9633792982475676,130,0.6491228070175439,0.6078431372549019,57.0,51.0,37.0,31.0
holdout,INGV,M_SR,78,1.5,6,0.9501161464021594,135,0.6491228070175439,0.6078431372549019,57.0,51.0,37.0,31.0
holdout,INGV,M_SR,78,2.0,10,0.9374852439286506,140,0.6491228070175439,0.6078431372549019,57.0,51.0,37.0,31.0
holdout,INGV,M_SR,78,3.0,18,0.9131960783692944,141,0.6491228070175439,0.6078431372549019,57.0,51.0,37.0,31.0
holdout,INGV,M_SR,79,0.1,8,0.9935471163347652,101,1.0,1.0,57.0,51.0,57.0,51.0
holdout,INGV,M_SR,79,0.5,3,0.9783273924149932,123,0.6491228070175439,0.6078431372549019,57.0,51.0,37.0,31.0
holdout,INGV,M_SR,79,1.0,10,0.9641916420832274,129,0.6140350877192983,0.5686274509803921,57.0,51.0,35.0,29.0
holdout,INGV,M_SR,79,1.5,8,0.9506745461791865,135,0.6140350877192983,0.5686274509803921,57.0,51.0,35.0,29.0
holdout,INGV,M_SR,79,2.0,3,0.9374804788725501,139,0.6140350877192983,0.5686274509803921,57.0,51.0,35.0,29.0
holdout,INGV,M_SR,79,3.0,9,0.9117908835860119,145,0.6140350877192983,0.5686274509803921,57.0,51.0,35.0,29.0
holdout,INGV,M_SR,80,0.1,13,0.9930413903709439,103,1.0,1.0,57.0,51.0,57.0,51.0
holdout,INGV,M_SR,80,0.5,10,0.9778907328855979,117,1.0,1.0,57.0,51.0,57.0,51.0
holdout,INGV,M_SR,80,1.0,14,0.962735926709592,125,1.0,1.0,57.0,51.0,57.0,51.0
holdout,INGV,M_SR,80,1.5,4,0.9488249734931561,134,1.0,1.0,57.0,51.0,57.0,51.0
holdout,INGV,M_SR,80,2.0,1,0.9359077282453392,137,1.0,1.0,57.0,51.0,57.0,51.0
holdout,INGV,M_SR,80,3.0,16,0.9111193287050052,146,1.0,1.0,57.0,51.0,57.0,51.0
holdout,INGV,M_SR,81,0.1,7,0.9939529860967692,105,1.0,1.0,57.0,51.0,57.0,51.0
holdout,INGV,M_SR,81,0.5,12345,0.9779962105420487,123,0.9649122807017544,0.9607843137254902,57.0,51.0,55.0,49.0
holdout,INGV,M_SR,81,1.0,15,0.9615009488273749,134,0.9649122807017544,0.9607843137254902,57.0,51.0,55.0,49.0
holdout,INGV,M_SR,81,1.5,12345,0.9470735700746744,138,0.9649122807017544,0.9607843137254902,57.0,51.0,55.0,49.0
holdout,INGV,M_SR,81,2.0,5,0.9337039926458968,140,0.9649122807017544,0.9607843137254902,57.0,51.0,55.0,49.0
holdout,INGV,M_SR,81,3.0,11,0.9095973088873055,145,0.9649122807017544,0.9607843137254902,57.0,51.0,55.0,49.0
holdout,INGV,M_SR,82,0.1,14,0.9937896103778363,100,1.0,1.0,57.0,51.0,57.0,51.0
holdout,INGV,M_SR,82,0.5,6,0.9778400242374021,119,1.0,1.0,57.0,51.0,57.0,51.0
holdout,INGV,M_SR,82,1.0,12,0.9609033447416241,130,1.0,1.0,57.0,51.0,57.0,51.0
holdout,INGV,M_SR,82,1.5,2,0.9468029530727662,138,0.5087719298245614,0.45098039215686275,57.0,51.0,29.0,23.0
holdout,INGV,M_SR,82,2.0,6,0.9349215553929227,139,0.5087719298245614,0.45098039215686275,57.0,51.0,29.0,23.0
holdout,INGV,M_SR,82,3.0,13,0.9120575360399912,144,0.5087719298245614,0.45098039215686275,57.0,51.0,29.0,23.0
holdout,INGV,M_SR,83,0.1,12345,0.9934878753372159,101,1.0,1.0,57.0,51.0,57.0,51.0
holdout,INGV,M_SR,83,0.5,14,0.9781802310714132,124,1.0,1.0,57.0,51.0,57.0,51.0
holdout,INGV,M_SR,83,1.0,18,0.9642955408303351,132,1.0,1.0,57.0,51.0,57.0,51.0
holdout,INGV,M_SR,83,1.5,11,0.9516735871303252,136,0.543859649122807,0.49019607843137253,57.0,51.0,31.0,25.0
holdout,INGV,M_SR,83,2.0,5,0.9397200780604542,143,0.3684210526315789,0.29411764705882354,57.0,51.0,21.0,15.0
holdout,INGV,M_SR,83,3.0,11,0.9179615363873119,146,0.3684210526315789,0.29411764705882354,57.0,51.0,21.0,15.0
holdout,INGV,M_SR,84,0.1,3,0.9934713489401461,108,0.6491228070175439,0.6078431372549019,57.0,51.0,37.0,31.0
holdout,INGV,M_SR,84,0.5,14,0.9763230103130606,120,0.6491228070175439,0.6078431372549019,57.0,51.0,37.0,31.0
holdout,INGV,M_SR,84,1.0,1,0.9605672368222636,127,0.6491228070175439,0.6078431372549019,57.0,51.0,37.0,31.0
holdout,INGV,M_SR,84,1.5,6,0.9471843614927291,135,0.3684210526315789,0.29411764705882354,57.0,51.0,21.0,15.0
holdout,INGV,M_SR,84,2.0,6,0.9343737093724844,143,0.3684210526315789,0.29411764705882354,57.0,51.0,21.0,15.0
holdout,INGV,M_SR,84,3.0,14,0.9097610003247782,145,0.3684210526315789,0.29411764705882354,57.0,51.0,21.0,15.0
holdout,INGV,M_SR,85,0.1,12345,0.9941183210886915,103,1.0,1.0,57.0,51.0,57.0,51.0
holdout,INGV,M_SR,85,0.5,5,0.9787891544205604,121,1.0,1.0,57.0,51.0,57.0,51.0
holdout,INGV,M_SR,85,1.0,3,0.9633456954018759,131,1.0,1.0,57.0,51.0,57.0,51.0
holdout,INGV,M_SR,85,1.5,4,0.9495671109584218,139,1.0,1.0,57.0,51.0,57.0,51.0
holdout,INGV,M_SR,85,2.0,4,0.9370443505521697,144,0.5087719298245614,0.45098039215686275,57.0,51.0,29.0,23.0
holdout,INGV,M_SR,85,3.0,9,0.9144182823667231,147,0.5087719298245614,0.45098039215686275,57.0,51.0,29.0,23.0
holdout,INGV,M_SR,86,0.1,2,0.9937025855883923,102,1.0,1.0,57.0,51.0,57.0,51.0
holdout,INGV,M_SR,86,0.5,4,0.976615708156029,120,0.9649122807017544,0.9607843137254902,57.0,51.0,55.0,49.0
holdout,INGV,M_SR,86,1.0,12,0.961060210137548,129,0.9649122807017544,0.9607843137254902,57.0,51.0,55.0,49.0
holdout,INGV,M_SR,86,1.5,12345,0.9482800683444178,137,0.9649122807017544,0.9607843137254902,57.0,51.0,55.0,49.0
holdout,INGV,M_SR,86,2.0,12,0.9357447840049549,137,0.9649122807017544,0.9607843137254902,57.0,51.0,55.0,49.0
holdout,INGV,M_SR,86,3.0,9,0.9121690457336175,147,0.9649122807017544,0.9607843137254902,57.0,51.0,55.0,49.0
holdout,INGV,M_SR,87,0.1,10,0.9935613473014218,104,0.6491228070175439,0.6078431372549019,57.0,51.0,37.0,31.0
holdout,INGV,M_SR,87,0.5,11,0.9777896188040963,121,0.6491228070175439,0.6078431372549019,57.0,51.0,37.0,31.0
holdout,INGV,M_SR,87,1.0,19,0.9625536509338021,133,0.6491228070175439,0.6078431372549019,57.0,51.0,37.0,31.0
holdout,INGV,M_SR,87,1.5,1,0.9490342825659286,140,0.3333333333333333,0.2549019607843137,57.0,51.0,19.0,13.0
holdout,INGV,M_SR,87,2.0,8,0.935600294958844,144,0.3333333333333333,0.2549019607843137,57.0,51.0,19.0,13.0
holdout,INGV,M_SR,87,3.0,16,0.9094808211829648,148,0.3333333333333333,0.2549019607843137,57.0,51.0,19.0,13.0
holdout,INGV,M_SR,88,0.1,8,0.9938370593225697,102,1.0,1.0,57.0,51.0,57.0,51.0
holdout,INGV,M_SR,88,0.5,4,0.9788175790349553,128,0.543859649122807,0.49019607843137253,57.0,51.0,31.0,25.0
holdout,INGV,M_SR,88,1.0,4,0.9653269664544847,134,0.543859649122807,0.49019607843137253,57.0,51.0,31.0,25.0
holdout,INGV,M_SR,88,1.5,16,0.9521192323652629,140,0.543859649122807,0.49019607843137253,57.0,51.0,31.0,25.0
holdout,INGV,M_SR,88,2.0,4,0.9391261004156796,141,0.543859649122807,0.49019607843137253,57.0,51.0,31.0,25.0
holdout,INGV,M_SR,88,3.0,5,0.913545574002355,146,0.543859649122807,0.49019607843137253,57.0,51.0,31.0,25.0
holdout,INGV,M_SR,89,0.1,16,0.9936333775810438,100,1.0,1.0,57.0,51.0,57.0,51.0
holdout,INGV,M_SR,89,0.5,4,0.9787884737834367,119,1.0,1.0,57.0,51.0,57.0,51.0
holdout,INGV,M_SR,89,1.0,5,0.9639791263323241,125,1.0,1.0,57.0,51.0,57.0,51.0
holdout,INGV,M_SR,89,1.5,5,0.9506988925084301,134,0.9649122807017544,0.9607843137254902,57.0,51.0,55.0,49.0
holdout,INGV,M_SR,89,2.0,9,0.9389236424762477,139,0.5087719298245614,0.45098039215686275,57.0,51.0,29.0,23.0
holdout,INGV,M_SR,89,3.0,13,0.9164007087660995,145,0.5087719298245614,0.45098039215686275,57.0,51.0,29.0,23.0
holdout,INGV,M_SR,90,0.1,12345,0.9935154969804553,103,1.0,1.0,57.0,51.0,57.0,51.0
holdout,INGV,M_SR,90,0.5,2,0.9780265506955479,123,1.0,1.0,57.0,51.0,57.0,51.0
holdout,INGV,M_SR,90,1.0,3,0.9640109420321465,133,0.543859649122807,0.49019607843137253,57.0,51.0,31.0,25.0
holdout,INGV,M_SR,90,1.5,9,0.9506818221960215,136,0.543859649122807,0.49019607843137253,57.0,51.0,31.0,25.0
holdout,INGV,M_SR,90,2.0,7,0.9375804924246282,138,0.543859649122807,0.49019607843137253,57.0,51.0,31.0,25.0
holdout,INGV,M_SR,90,3.0,12345,0.9120431366636282,149,0.3684210526315789,0.29411764705882354,57.0,51.0,21.0,15.0
holdout,INGV,M_SR,91,0.1,9,0.9936583880641849,98,1.0,1.0,57.0,51.0,57.0,51.0
holdout,INGV,M_SR,91,0.5,12,0.9769461968828167,122,1.0,1.0,57.0,51.0,57.0,51.0
holdout,INGV,M_SR,91,1.0,15,0.9598032899109796,128,0.9649122807017544,0.9607843137254902,57.0,51.0,55.0,49.0
holdout,INGV,M_SR,91,1.5,13,0.946657883289315,135,0.9649122807017544,0.9607843137254902,57.0,51.0,55.0,49.0
holdout,INGV,M_SR,91,2.0,13,0.9328728390432446,138,0.9649122807017544,0.9607843137254902,57.0,51.0,55.0,49.0
holdout,INGV,M_SR,91,3.0,13,0.9075750098892799,144,0.9649122807017544,0.9607843137254902,57.0,51.0,55.0,49.0
holdout,INGV,M_SR,92,0.1,2,0.9938971518317372,102,1.0,1.0,57.0,51.0,57.0,51.0
holdout,INGV,M_SR,92,0.5,11,0.9796829817213238,124,1.0,1.0,57.0,51.0,57.0,51.0
holdout,INGV,M_SR,92,1.0,9,0.9659779815362335,132,1.0,1.0,57.0,51.0,57.0,51.0
holdout,INGV,M_SR,92,1.5,2,0.9530722641823414,140,1.0,1.0,57.0,51.0,57.0,51.0
holdout,INGV,M_SR,92,2.0,18,0.9405707704804315,144,1.0,1.0,57.0,51.0,57.0,51.0
holdout,INGV,M_SR,92,3.0,5,0.9177647168562616,153,0.9649122807017544,0.9607843137254902,57.0,51.0,55.0,49.0
holdout,INGV,M_SR,93,0.1,9,0.993927065853346,104,1.0,1.0,57.0,51.0,57.0,51.0
holdout,INGV,M_SR,93,0.5,12345,0.9785395975959527,124,1.0,1.0,57.0,51.0,57.0,51.0
holdout,INGV,M_SR,93,1.0,15,0.9643477654077178,138,1.0,1.0,57.0,51.0,57.0,51.0
holdout,INGV,M_SR,93,1.5,19,0.9511181033360213,143,1.0,1.0,57.0,51.0,57.0,51.0
holdout,INGV,M_SR,93,2.0,12,0.9387482403316054,146,1.0,1.0,57.0,51.0,57.0,51.0
holdout,INGV,M_SR,93,3.0,12,0.9155190884812153,152,1.0,1.0,57.0,51.0,57.0,51.0
holdout,INGV,M_SR,94,0.1,18,0.9939102935889359,100,1.0,1.0,57.0,51.0,57.0,51.0
holdout,INGV,M_SR,94,0.5,8,0.9794270051348305,116,1.0,1.0,57.0,51.0,57.0,51.0
holdout,INGV,M_SR,94,1.0,1,0.9650816427818922,126,1.0,1.0,57.0,51.0,57.0,51.0
holdout,INGV,M_SR,94,1.5,5,0.9522282790594814,133,1.0,1.0,57.0,51.0,57.0,51.0
holdout,INGV,M_SR,94,2.0,18,0.9401057392469356,139,1.0,1.0,57.0,51.0,57.0,51.0
holdout,INGV,M_SR,94,3.0,8,0.9173849901560707,144,0.9649122807017544,0.9607843137254902,57.0,51.0,55.0,49.0
holdout,INGV,M_SR,95,0.1,13,0.9939396043271373,105,1.0,1.0,57.0,51.0,57.0,51.0
holdout,INGV,M_SR,95,0.5,11,0.9788204505763002,132,1.0,1.0,57.0,51.0,57.0,51.0
holdout,INGV,M_SR,95,1.0,4,0.9639782939551753,136,1.0,1.0,57.0,51.0,57.0,51.0
holdout,INGV,M_SR,95,1.5,4,0.9497174721403017,140,1.0,1.0,57.0,51.0,57.0,51.0
holdout,INGV,M_SR,95,2.0,10,0.9361330209383453,145,1.0,1.0,57.0,51.0,57.0,51.0
holdout,INGV,M_SR,95,3.0,5,0.9125490634506268,148,0.9649122807017544,0.9607843137254902,57.0,51.0,55.0,49.0
holdout,INGV,M_SR,96,0.1,5,0.9938119610510979,101,1.0,1.0,57.0,51.0,57.0,51.0
holdout,INGV,M_SR,96,0.5,12345,0.9785500833758143,116,1.0,1.0,57.0,51.0,57.0,51.0
holdout,INGV,M_SR,96,1.0,14,0.9648505008606958,129,0.9649122807017544,0.9607843137254902,57.0,51.0,55.0,49.0
holdout,INGV,M_SR,96,1.5,12345,0.9530167201408404,134,0.9649122807017544,0.9607843137254902,57.0,51.0,55.0,49.0
holdout,INGV,M_SR,96,2.0,10,0.9413690874854241,136,0.9649122807017544,0.9607843137254902,57.0,51.0,55.0,49.0
holdout,INGV,M_SR,96,3.0,5,0.9186245354793704,148,0.5087719298245614,0.45098039215686275,57.0,51.0,29.0,23.0
holdout,INGV,M_SR,97,0.1,16,0.9929238316198145,108,1.0,1.0,57.0,51.0,57.0,51.0
holdout,INGV,M_SR,97,0.5,12,0.9779958896318574,122,1.0,1.0,57.0,51.0,57.0,51.0
holdout,INGV,M_SR,97,1.0,18,0.9630711886580665,128,1.0,1.0,57.0,51.0,57.0,51.0
holdout,INGV,M_SR,97,1.5,1,0.949856379270213,137,1.0,1.0,57.0,51.0,57.0,51.0
holdout,INGV,M_SR,97,2.0,8,0.9369329112709619,142,1.0,1.0,57.0,51.0,57.0,51.0
holdout,INGV,M_SR,97,3.0,14,0.9129054543760359,149,1.0,1.0,57.0,51.0,57.0,51.0
holdout,INGV,M_SR,98,0.1,3,0.9938254380255093,102,1.0,1.0,57.0,51.0,57.0,51.0
holdout,INGV,M_SR,98,0.5,4,0.9783056079680863,119,0.9649122807017544,0.9607843137254902,57.0,51.0,55.0,49.0
holdout,INGV,M_SR,98,1.0,4,0.9627194730715924,126,0.9649122807017544,0.9607843137254902,57.0,51.0,55.0,49.0
holdout,INGV,M_SR,98,1.5,4,0.9484644669999553,135,0.9649122807017544,0.9607843137254902,57.0,51.0,55.0,49.0
holdout,INGV,M_SR,98,2.0,12,0.9361778722973012,137,0.9649122807017544,0.9607843137254902,57.0,51.0,55.0,49.0
holdout,INGV,M_SR,98,3.0,4,0.9138839416773885,145,0.9649122807017544,0.9607843137254902,57.0,51.0,55.0,49.0
holdout,INGV,M_SR,99,0.1,9,0.9940519569082533,107,1.0,1.0,57.0,51.0,57.0,51.0
holdout,INGV,M_SR,99,0.5,2,0.9772009929258519,122,0.6491228070175439,0.6078431372549019,57.0,51.0,37.0,31.0
holdout,INGV,M_SR,99,1.0,6,0.9614862022228376,130,0.6491228070175439,0.6078431372549019,57.0,51.0,37.0,31.0
holdout,INGV,M_SR,99,1.5,9,0.9471188717744434,137,0.6491228070175439,0.6078431372549019,57.0,51.0,37.0,31.0
holdout,INGV,M_SR,99,2.0,12345,0.9344212115949724,139,0.6491228070175439,0.6078431372549019,57.0,51.0,37.0,31.0
holdout,INGV,M_SR,99,3.0,5,0.9117293558755538,147,0.3684210526315789,0.29411764705882354,57.0,51.0,21.0,15.0
holdout,INGV,M_SR,100,0.1,1,0.993813088644634,104,1.0,1.0,57.0,51.0,57.0,51.0
holdout,INGV,M_SR,100,0.5,4,0.9774055741785372,123,1.0,1.0,57.0,51.0,57.0,51.0
holdout,INGV,M_SR,100,1.0,4,0.9622651445330286,128,0.9649122807017544,0.9607843137254902,57.0,51.0,55.0,49.0
holdout,INGV,M_SR,100,1.5,16,0.9482081876309022,136,0.5087719298245614,0.45098039215686275,57.0,51.0,29.0,23.0
holdout,INGV,M_SR,100,2.0,11,0.9349614791202877,138,0.5087719298245614,0.45098039215686275,57.0,51.0,29.0,23.0
holdout,INGV,M_SR,100,3.0,5,0.9110212486948334,144,0.5087719298245614,0.45098039215686275,57.0,51.0,29.0,23.0
holdout,INGV,M_SR,101,0.1,5,0.9935102097460052,103,1.0,1.0,57.0,51.0,57.0,51.0
holdout,INGV,M_SR,101,0.5,10,0.9772927388644038,119,0.9649122807017544,0.9607843137254902,57.0,51.0,55.0,49.0
holdout,INGV,M_SR,101,1.0,4,0.9630114757680205,129,0.5087719298245614,0.45098039215686275,57.0,51.0,29.0,23.0
holdout,INGV,M_SR,101,1.5,3,0.9504167244564984,139,0.5087719298245614,0.45098039215686275,57.0,51.0,29.0,23.0
holdout,INGV,M_SR,101,2.0,11,0.9388865730180243,140,0.5087719298245614,0.45098039215686275,57.0,51.0,29.0,23.0
holdout,INGV,M_SR,101,3.0,16,0.917567240039021,145,0.5087719298245614,0.45098039215686275,57.0,51.0,29.0,23.0
holdout,INGV,M_SR,102,0.1,4,0.9938601379394434,102,0.6491228070175439,0.6078431372549019,57.0,51.0,37.0,31.0
holdout,INGV,M_SR,102,0.5,10,0.9792984617214436,114,0.6491228070175439,0.6078431372549019,57.0,51.0,37.0,31.0
holdout,INGV,M_SR,102,1.0,11,0.9643533034739727,119,0.6491228070175439,0.6078431372549019,57.0,51.0,37.0,31.0
holdout,INGV,M_SR,102,1.5,6,0.949962388724724,128,0.6491228070175439,0.6078431372549019,57.0,51.0,37.0,31.0
holdout,INGV,M_SR,102,2.0,10,0.9356220588058994,130,0.6491228070175439,0.6078431372549019,57.0,51.0,37.0,31.0
holdout,INGV,M_SR,102,3.0,13,0.9073884534798915,137,0.6491228070175439,0.6078431372549019,57.0,51.0,37.0,31.0
holdout,INGV,M_SR,103,0.1,7,0.9922497832251601,100,1.0,1.0,57.0,51.0,57.0,51.0
holdout,INGV,M_SR,103,0.5,12345,0.976585109446317,117,1.0,1.0,57.0,51.0,57.0,51.0
holdout,INGV,M_SR,103,1.0,14,0.9616277301849934,127,1.0,1.0,57.0,51.0,57.0,51.0
holdout,INGV,M_SR,103,1.5,10,0.9473794978453063,130,1.0,1.0,57.0,51.0,57.0,51.0
holdout,INGV,M_SR,103,2.0,17,0.9338625108254335,133,1.0,1.0,57.0,51.0,57.0,51.0
holdout,INGV,M_SR,103,3.0,3,0.9082190518109755,136,1.0,1.0,57.0,51.0,57.0,51.0
holdout,INGV,M_SR,104,0.1,11,0.9936267304559995,105,1.0,1.0,57.0,51.0,57.0,51.0
holdout,INGV,M_SR,104,0.5,18,0.9785137895996219,120,0.543859649122807,0.49019607843137253,57.0,51.0,31.0,25.0
holdout,INGV,M_SR,104,1.0,1,0.9645422351511507,131,0.543859649122807,0.49019607843137253,57.0,51.0,31.0,25.0
holdout,INGV,M_SR,104,1.5,5,0.9509801439944647,137,0.543859649122807,0.49019607843137253,57.0,51.0,31.0,25.0
holdout,INGV,M_SR,104,2.0,12345,0.9383026660579523,140,0.5087719298245614,0.45098039215686275,57.0,51.0,29.0,23.0
holdout,INGV,M_SR,104,3.0,1,0.9139633209549703,147,0.5087719298245614,0.45098039215686275,57.0,51.0,29.0,23.0
holdout,INGV,M_SR,105,0.1,6,0.9937242091668776,107,1.0,1.0,57.0,51.0,57.0,51.0
holdout,INGV,M_SR,105,0.5,12345,0.9785611737153397,123,1.0,1.0,57.0,51.0,57.0,51.0
holdout,INGV,M_SR,105,1.0,12345,0.9641721791909068,130,1.0,1.0,57.0,51.0,57.0,51.0
holdout,INGV,M_SR,105,1.5,2,0.9504683325498988,135,1.0,1.0,57.0,51.0,57.0,51.0
holdout,INGV,M_SR,105,2.0,12345,0.9373165540367299,140,1.0,1.0,57.0,51.0,57.0,51.0
holdout,INGV,M_SR,105,3.0,1,0.9116375432210959,146,1.0,1.0,57.0,51.0,57.0,51.0
holdout,INGV,M_SR,106,0.1,1,0.9935773723434427,102,1.0,1.0,57.0,51.0,57.0,51.0
holdout,INGV,M_SR,106,0.5,1,0.9783759779567994,124,0.543859649122807,0.49019607843137253,57.0,51.0,31.0,25.0
holdout,INGV,M_SR,106,1.0,7,0.9648262679966795,136,0.543859649122807,0.49019607843137253,57.0,51.0,31.0,25.0
holdout,INGV,M_SR,106,1.5,14,0.9519070583032763,141,0.3684210526315789,0.29411764705882354,57.0,51.0,21.0,15.0
holdout,INGV,M_SR,106,2.0,14,0.9397793394635569,142,0.3684210526315789,0.29411764705882354,57.0,51.0,21.0,15.0
holdout,INGV,M_SR,106,3.0,16,0.9187734424758921,144,0.3684210526315789,0.29411764705882354,57.0,51.0,21.0,15.0
holdout,INGV,M_SR,107,0.1,5,0.9934730717239977,104,1.0,1.0,57.0,51.0,57.0,51.0
holdout,INGV,M_SR,107,0.5,11,0.9785644952080819,125,0.543859649122807,0.49019607843137253,57.0,51.0,31.0,25.0
holdout,INGV,M_SR,107,1.0,5,0.964267808995449,133,0.543859649122807,0.49019607843137253,57.0,51.0,31.0,25.0
holdout,INGV,M_SR,107,1.5,5,0.9502517570544101,139,0.543859649122807,0.49019607843137253,57.0,51.0,31.0,25.0
holdout,INGV,M_SR,107,2.0,19,0.936696820368703,142,0.543859649122807,0.49019607843137253,57.0,51.0,31.0,25.0
holdout,INGV,M_SR,107,3.0,9,0.9119692426440967,153,0.543859649122807,0.49019607843137253,57.0,51.0,31.0,25.0
holdout,INGV,M_SR,108,0.1,17,0.9937319118637564,98,1.0,1.0,57.0,51.0,57.0,51.0
holdout,INGV,M_SR,108,0.5,15,0.9773072608461296,117,0.543859649122807,0.49019607843137253,57.0,51.0,31.0,25.0
holdout,INGV,M_SR,108,1.0,10,0.962711312369662,129,0.543859649122807,0.49019607843137253,57.0,51.0,31.0,25.0
holdout,INGV,M_SR,108,1.5,18,0.9489368702387899,135,0.543859649122807,0.49019607843137253,57.0,51.0,31.0,25.0
holdout,INGV,M_SR,108,2.0,12345,0.9358485818265458,140,0.543859649122807,0.49019607843137253,57.0,51.0,31.0,25.0
holdout,INGV,M_SR,108,3.0,1,0.9128418006446892,143,0.543859649122807,0.49019607843137253,57.0,51.0,31.0,25.0
holdout,INGV,M_SR,109,0.1,4,0.9938333965043561,103,0.6491228070175439,0.6078431372549019,57.0,51.0,37.0,31.0
holdout,INGV,M_SR,109,0.5,12,0.9776708880488307,124,0.6491228070175439,0.6078431372549019,57.0,51.0,37.0,31.0
holdout,INGV,M_SR,109,1.0,2,0.9627926817436426,131,0.6491228070175439,0.6078431372549019,57.0,51.0,37.0,31.0
holdout,INGV,M_SR,109,1.5,3,0.948820086332172,138,0.6491228070175439,0.6078431372549019,57.0,51.0,37.0,31.0
holdout,INGV,M_SR,109,2.0,15,0.9364646467685822,140,0.3684210526315789,0.29411764705882354,57.0,51.0,21.0,15.0
holdout,INGV,M_SR,109,3.0,15,0.9124344211426155,148,0.3684210526315789,0.29411764705882354,57.0,51.0,21.0,15.0
holdout,INGV,M_SR,110,0.1,9,0.9938072261454322,102,1.0,1.0,57.0,51.0,57.0,51.0
holdout,INGV,M_SR,110,0.5,14,0.9778139522411433,121,1.0,1.0,57.0,51.0,57.0,51.0
holdout,INGV,M_SR,110,1.0,1,0.959867589250842,132,0.543859649122807,0.49019607843137253,57.0,51.0,31.0,25.0
holdout,INGV,M_SR,110,1.5,14,0.9458572372761833,136,0.543859649122807,0.49019607843137253,57.0,51.0,31.0,25.0
holdout,INGV,M_SR,110,2.0,7,0.9321570974555726,139,0.543859649122807,0.49019607843137253,57.0,51.0,31.0,25.0
holdout,INGV,M_SR,110,3.0,2,0.9068846662350003,146,0.543859649122807,0.49019607843137253,57.0,51.0,31.0,25.0
holdout,INGV,M_SR,111,0.1,15,0.9937195071710386,103,1.0,1.0,57.0,51.0,57.0,51.0
holdout,INGV,M_SR,111,0.5,5,0.9768258741693661,114,0.5087719298245614,0.45098039215686275,57.0,51.0,29.0,23.0
holdout,INGV,M_SR,111,1.0,7,0.9614866111011601,126,0.5087719298245614,0.45098039215686275,57.0,51.0,29.0,23.0
holdout,INGV,M_SR,111,1.5,4,0.947502878880268,137,0.5087719298245614,0.45098039215686275,57.0,51.0,29.0,23.0
holdout,INGV,M_SR,111,2.0,3,0.9340679818199543,140,0.5087719298245614,0.45098039215686275,57.0,51.0,29.0,23.0
holdout,INGV,M_SR,111,3.0,16,0.9100126671472214,149,0.5087719298245614,0.45098039215686275,57.0,51.0,29.0,23.0
holdout,INGV,M_SR,112,0.1,3,0.9939293155219605,106,1.0,1.0,57.0,51.0,57.0,51.0
holdout,INGV,M_SR,112,0.5,3,0.9779743422855524,120,1.0,1.0,57.0,51.0,57.0,51.0
holdout,INGV,M_SR,112,1.0,7,0.9632647028342526,132,1.0,1.0,57.0,51.0,57.0,51.0
holdout,INGV,M_SR,112,1.5,15,0.9498482623648441,139,1.0,1.0,57.0,51.0,57.0,51.0
holdout,INGV,M_SR,112,2.0,19,0.9379594730829262,144,1.0,1.0,57.0,51.0,57.0,51.0
holdout,INGV,M_SR,112,3.0,12,0.9162880002443012,151,1.0,1.0,57.0,51.0,57.0,51.0
holdout,INGV,M_SR,113,0.1,11,0.9933444229096985,102,1.0,1.0,57.0,51.0,57.0,51.0
holdout,INGV,M_SR,113,0.5,17,0.9777836676099115,125,1.0,1.0,57.0,51.0,57.0,51.0
holdout,INGV,M_SR,113,1.0,6,0.9629407258271784,128,1.0,1.0,57.0,51.0,57.0,51.0
holdout,INGV,M_SR,113,1.5,10,0.9485552099224288,136,0.9649122807017544,0.9607843137254902,57.0,51.0,55.0,49.0
holdout,INGV,M_SR,113,2.0,10,0.9347389224632867,139,0.9649122807017544,0.9607843137254902,57.0,51.0,55.0,49.0
holdout,INGV,M_SR,113,3.0,3,0.9112345228170758,152,0.9649122807017544,0.9607843137254902,57.0,51.0,55.0,49.0
holdout,INGV,M_SR,114,0.1,7,0.9921787780385681,99,1.0,1.0,57.0,51.0,57.0,51.0
holdout,INGV,M_SR,114,0.5,17,0.9765713388254643,129,0.5087719298245614,0.45098039215686275,57.0,51.0,29.0,23.0
holdout,INGV,M_SR,114,1.0,15,0.9621033311743662,135,0.5087719298245614,0.45098039215686275,57.0,51.0,29.0,23.0
holdout,INGV,M_SR,114,1.5,17,0.9485832488054055,139,0.5087719298245614,0.45098039215686275,57.0,51.0,29.0,23.0
holdout,INGV,M_SR,114,2.0,8,0.9353995182582289,141,0.5087719298245614,0.45098039215686275,57.0,51.0,29.0,23.0
holdout,INGV,M_SR,114,3.0,3,0.9113384493951467,147,0.5087719298245614,0.45098039215686275,57.0,51.0,29.0,23.0
holdout,INGV,M_SR,115,0.1,5,0.994068107284719,106,1.0,1.0,57.0,51.0,57.0,51.0
holdout,INGV,M_SR,115,0.5,8,0.9768396801437308,121,1.0,1.0,57.0,51.0,57.0,51.0
holdout,INGV,M_SR,115,1.0,8,0.9618936712808078,131,0.543859649122807,0.49019607843137253,57.0,51.0,31.0,25.0
holdout,INGV,M_SR,115,1.5,12,0.9486292319285695,139,0.543859649122807,0.49019607843137253,57.0,51.0,31.0,25.0
holdout,INGV,M_SR,115,2.0,4,0.9355862392858117,141,0.543859649122807,0.49019607843137253,57.0,51.0,31.0,25.0
holdout,INGV,M_SR,115,3.0,10,0.9098080989910051,151,0.543859649122807,0.49019607843137253,57.0,51.0,31.0,25.0
holdout,INGV,M_SR,116,0.1,5,0.99308173175599,103,1.0,1.0,57.0,51.0,57.0,51.0
holdout,INGV,M_SR,116,0.5,14,0.9782713119982143,121,1.0,1.0,57.0,51.0,57.0,51.0
holdout,INGV,M_SR,116,1.0,4,0.9627850264900072,129,1.0,1.0,57.0,51.0,57.0,51.0
holdout,INGV,M_SR,116,1.5,8,0.9495647027812013,135,0.543859649122807,0.49019607843137253,57.0,51.0,31.0,25.0
holdout,INGV,M_SR,116,2.0,18,0.9378460664437517,139,0.543859649122807,0.49019607843137253,57.0,51.0,31.0,25.0
holdout,INGV,M_SR,116,3.0,12345,0.9148137025916104,145,0.543859649122807,0.49019607843137253,57.0,51.0,31.0,25.0
holdout,INGV,M_SR,117,0.1,2,0.9932267506544693,99,1.0,1.0,57.0,51.0,57.0,51.0
holdout,INGV,M_SR,117,0.5,12345,0.9779612277969701,119,1.0,1.0,57.0,51.0,57.0,51.0
holdout,INGV,M_SR,117,1.0,6,0.9626565427225617,129,1.0,1.0,57.0,51.0,57.0,51.0
holdout,INGV,M_SR,117,1.5,4,0.9480851315680462,134,1.0,1.0,57.0,51.0,57.0,51.0
holdout,INGV,M_SR,117,2.0,9,0.935253901379664,138,0.543859649122807,0.49019607843137253,57.0,51.0,31.0,25.0
holdout,INGV,M_SR,117,3.0,19,0.9126026013531379,145,0.543859649122807,0.49019607843137253,57.0,51.0,31.0,25.0
holdout,INGV,M_SR,118,0.1,4,0.9935822850282621,104,1.0,1.0,57.0,51.0,57.0,51.0
holdout,INGV,M_SR,118,0.5,7,0.9785103284168224,116,1.0,1.0,57.0,51.0,57.0,51.0
holdout,INGV,M_SR,118,1.0,9,0.9641412175904662,126,1.0,1.0,57.0,51.0,57.0,51.0
holdout,INGV,M_SR,118,1.5,11,0.9509399496041127,135,0.9649122807017544,0.9607843137254902,57.0,51.0,55.0,49.0
holdout,INGV,M_SR,118,2.0,11,0.9397605594877543,138,0.9649122807017544,0.9607843137254902,57.0,51.0,55.0,49.0
holdout,INGV,M_SR,118,3.0,3,0.9185832576367714,144,0.9649122807017544,0.9607843137254902,57.0,51.0,55.0,49.0
holdout,INGV,M_SR,119,0.1,14,0.9928936592280371,100,1.0,1.0,57.0,51.0,57.0,51.0
holdout,INGV,M_SR,119,0.5,10,0.9751375012889717,122,1.0,1.0,57.0,51.0,57.0,51.0
holdout,INGV,M_SR,119,1.0,17,0.9596675505513957,129,1.0,1.0,57.0,51.0,57.0,51.0
holdout,INGV,M_SR,119,1.5,13,0.9460543829659618,136,0.543859649122807,0.49019607843137253,57.0,51.0,31.0,25.0
holdout,INGV,M_SR,119,2.0,2,0.9334515174475669,138,0.543859649122807,0.49019607843137253,57.0,51.0,31.0,25.0
holdout,INGV,M_SR,119,3.0,9,0.9123323844551019,146,0.543859649122807,0.49019607843137253,57.0,51.0,31.0,25.0
holdout,INGV,M_SR,120,0.1,13,0.9938832856047349,107,1.0,1.0,57.0,51.0,57.0,51.0
holdout,INGV,M_SR,120,0.5,1,0.9795785603916466,125,0.6491228070175439,0.6078431372549019,57.0,51.0,37.0,31.0
holdout,INGV,M_SR,120,1.0,7,0.9656580548384873,129,0.6491228070175439,0.6078431372549019,57.0,51.0,37.0,31.0
holdout,INGV,M_SR,120,1.5,12345,0.9521196891828562,134,0.6491228070175439,0.6078431372549019,57.0,51.0,37.0,31.0
holdout,INGV,M_SR,120,2.0,13,0.9395479030859205,136,0.6491228070175439,0.6078431372549019,57.0,51.0,37.0,31.0
holdout,INGV,M_SR,120,3.0,3,0.9149326772431707,141,0.6491228070175439,0.6078431372549019,57.0,51.0,37.0,31.0
holdout,INGV,M_SR,121,0.1,2,0.993945291451166,104,1.0,1.0,57.0,51.0,57.0,51.0
holdout,INGV,M_SR,121,0.5,12345,0.9774477503847803,120,1.0,1.0,57.0,51.0,57.0,51.0
holdout,INGV,M_SR,121,1.0,19,0.9631464505867939,132,0.6491228070175439,0.6078431372549019,57.0,51.0,37.0,31.0
holdout,INGV,M_SR,121,1.5,7,0.9497642369701803,140,0.6491228070175439,0.6078431372549019,57.0,51.0,37.0,31.0
holdout,INGV,M_SR,121,2.0,6,0.9364542153237729,144,0.6491228070175439,0.6078431372549019,57.0,51.0,37.0,31.0
holdout,INGV,M_SR,121,3.0,3,0.9117087915014599,152,0.6491228070175439,0.6078431372549019,57.0,51.0,37.0,31.0
holdout,INGV,M_SR,122,0.1,7,0.9941014115059492,105,1.0,1.0,57.0,51.0,57.0,51.0
holdout,INGV,M_SR,122,0.5,10,0.9788223162200306,125,0.543859649122807,0.49019607843137253,57.0,51.0,31.0,25.0
holdout,INGV,M_SR,122,1.0,15,0.9644334849655124,136,0.543859649122807,0.49019607843137253,57.0,51.0,31.0,25.0
holdout,INGV,M_SR,122,1.5,14,0.9503865767979844,140,0.543859649122807,0.49019607843137253,57.0,51.0,31.0,25.0
holdout,INGV,M_SR,122,2.0,12,0.9369175366750522,144,0.543859649122807,0.49019607843137253,57.0,51.0,31.0,25.0
holdout,INGV,M_SR,122,3.0,2,0.9150760868486083,150,0.543859649122807,0.49019607843137253,57.0,51.0,31.0,25.0
holdout,INGV,M_SR,123,0.1,12345,0.9938221624122233,103,1.0,1.0,57.0,51.0,57.0,51.0
holdout,INGV,M_SR,123,0.5,10,0.978317745046154,124,1.0,1.0,57.0,51.0,57.0,51.0
holdout,INGV,M_SR,123,1.0,12345,0.963770991376316,127,1.0,1.0,57.0,51.0,57.0,51.0
holdout,INGV,M_SR,123,1.5,11,0.9499855276143079,139,1.0,1.0,57.0,51.0,57.0,51.0
holdout,INGV,M_SR,123,2.0,1,0.9365529730347429,139,1.0,1.0,57.0,51.0,57.0,51.0
holdout,INGV,M_SR,123,3.0,12345,0.9128699436603023,147,1.0,1.0,57.0,51.0,57.0,51.0
holdout,INGV,M_SR,124,0.1,1,0.9935477879947882,103,1.0,1.0,57.0,51.0,57.0,51.0
holdout,INGV,M_SR,124,0.5,14,0.9790457106477334,124,0.543859649122807,0.49019607843137253,57.0,51.0,31.0,25.0
holdout,INGV,M_SR,124,1.0,14,0.9650794864807118,133,0.543859649122807,0.49019607843137253,57.0,51.0,31.0,25.0
holdout,INGV,M_SR,124,1.5,10,0.951382036015834,136,0.543859649122807,0.49019607843137253,57.0,51.0,31.0,25.0
holdout,INGV,M_SR,124,2.0,9,0.9378411286433468,139,0.543859649122807,0.49019607843137253,57.0,51.0,31.0,25.0
holdout,INGV,M_SR,124,3.0,16,0.9125558405406079,144,0.543859649122807,0.49019607843137253,57.0,51.0,31.0,25.0
holdout,INGV,M_SR,125,0.1,12,0.9939204295207398,102,0.6491228070175439,0.6078431372549019,57.0,51.0,37.0,31.0
holdout,INGV,M_SR,125,0.5,17,0.9794025574320808,120,0.3333333333333333,0.2549019607843137,57.0,51.0,19.0,13.0
holdout,INGV,M_SR,125,1.0,1,0.9634462133728292,129,0.3333333333333333,0.2549019607843137,57.0,51.0,19.0,13.0
holdout,INGV,M_SR,125,1.5,10,0.9503225767332772,138,0.3333333333333333,0.2549019607843137,57.0,51.0,19.0,13.0
holdout,INGV,M_SR,125,2.0,10,0.9390628307235801,140,0.3333333333333333,0.2549019607843137,57.0,51.0,19.0,13.0
holdout,INGV,M_SR,125,3.0,2,0.917352169547957,147,0.3333333333333333,0.2549019607843137,57.0,51.0,19.0,13.0
holdout,INGV,M_SR,126,0.1,17,0.9941032740887075,107,1.0,1.0,57.0,51.0,57.0,51.0
holdout,INGV,M_SR,126,0.5,9,0.9793331790956084,128,0.6140350877192983,0.5686274509803921,57.0,51.0,35.0,29.0
holdout,INGV,M_SR,126,1.0,9,0.9629708355790296,139,0.6140350877192983,0.5686274509803921,57.0,51.0,35.0,29.0
holdout,INGV,M_SR,126,1.5,9,0.9495273565156997,144,0.6140350877192983,0.5686274509803921,57.0,51.0,35.0,29.0
holdout,INGV,M_SR,126,2.0,3,0.9370200124408274,145,0.6140350877192983,0.5686274509803921,57.0,51.0,35.0,29.0
holdout,INGV,M_SR,126,3.0,12345,0.9132746449805396,155,0.6140350877192983,0.5686274509803921,57.0,51.0,35.0,29.0
holdout,INGV,M_SR,127,0.1,3,0.9938599493466237,103,1.0,1.0,57.0,51.0,57.0,51.0
holdout,INGV,M_SR,127,0.5,9,0.9774634999074584,117,1.0,1.0,57.0,51.0,57.0,51.0
holdout,INGV,M_SR,127,1.0,8,0.9619712458184465,130,1.0,1.0,57.0,51.0,57.0,51.0
holdout,INGV,M_SR,127,1.5,9,0.9483132885031709,139,1.0,1.0,57.0,51.0,57.0,51.0
holdout,INGV,M_SR,127,2.0,15,0.9358051190609408,146,1.0,1.0,57.0,51.0,57.0,51.0
holdout,INGV,M_SR,127,3.0,10,0.9124791999297462,156,0.543859649122807,0.49019607843137253,57.0,51.0,31.0,25.0
holdout,INGV,M_SR,128,0.1,2,0.9933105410376014,100,1.0,1.0,57.0,51.0,57.0,51.0
holdout,INGV,M_SR,128,0.5,6,0.9777233107536136,120,1.0,1.0,57.0,51.0,57.0,51.0
holdout,INGV,M_SR,128,1.0,12,0.9625057011685509,134,1.0,1.0,57.0,51.0,57.0,51.0
holdout,INGV,M_SR,128,1.5,7,0.9477260919434481,135,1.0,1.0,57.0,51.0,57.0,51.0
holdout,INGV,M_SR,128,2.0,4,0.9351637865971848,140,1.0,1.0,57.0,51.0,57.0,51.0
holdout,INGV,M_SR,128,3.0,8,0.9107749525653988,148,1.0,1.0,57.0,51.0,57.0,51.0
holdout,INGV,M_SR,129,0.1,14,0.9927965982687892,104,1.0,1.0,57.0,51.0,57.0,51.0
holdout,INGV,M_SR,129,0.5,16,0.97698542260576,123,1.0,1.0,57.0,51.0,57.0,51.0
holdout,INGV,M_SR,129,1.0,13,0.9605850839768746,131,1.0,1.0,57.0,51.0,57.0,51.0
holdout,INGV,M_SR,129,1.5,6,0.9451066350624904,138,0.543859649122807,0.49019607843137253,57.0,51.0,31.0,25.0
holdout,INGV,M_SR,129,2.0,8,0.9301645775591909,140,0.543859649122807,0.49019607843137253,57.0,51.0,31.0,25.0
holdout,INGV,M_SR,129,3.0,2,0.9039092386986226,145,0.543859649122807,0.49019607843137253,57.0,51.0,31.0,25.0
holdout,INGV,M_SR,130,0.1,13,0.9932086770192758,100,1.0,1.0,57.0,51.0,57.0,51.0
holdout,INGV,M_SR,130,0.5,11,0.978020011272545,124,0.6491228070175439,0.6078431372549019,57.0,51.0,37.0,31.0
holdout,INGV,M_SR,130,1.0,12,0.9634975049259368,134,0.6491228070175439,0.6078431372549019,57.0,51.0,37.0,31.0
holdout,INGV,M_SR,130,1.5,16,0.949660241265979,137,0.6491228070175439,0.6078431372549019,57.0,51.0,37.0,31.0
holdout,INGV,M_SR,130,2.0,5,0.9352186947617946,139,0.6491228070175439,0.6078431372549019,57.0,51.0,37.0,31.0
holdout,INGV,M_SR,130,3.0,12345,0.9100758264601537,143,0.6491228070175439,0.6078431372549019,57.0,51.0,37.0,31.0
holdout,INGV,M_SR,131,0.1,15,0.9941359562299714,103,1.0,1.0,57.0,51.0,57.0,51.0
holdout,INGV,M_SR,131,0.5,4,0.9781905540993777,119,1.0,1.0,57.0,51.0,57.0,51.0
holdout,INGV,M_SR,131,1.0,8,0.9614923245768332,132,0.5087719298245614,0.45098039215686275,57.0,51.0,29.0,23.0
holdout,INGV,M_SR,131,1.5,12345,0.9479247015131028,138,0.5087719298245614,0.45098039215686275,57.0,51.0,29.0,23.0
holdout,INGV,M_SR,131,2.0,17,0.9347491646392699,141,0.5087719298245614,0.45098039215686275,57.0,51.0,29.0,23.0
holdout,INGV,M_SR,131,3.0,10,0.9107357050291588,150,0.5087719298245614,0.45098039215686275,57.0,51.0,29.0,23.0
holdout,INGV,M_SR,132,0.1,10,0.9934019049108754,100,1.0,1.0,57.0,51.0,57.0,51.0
holdout,INGV,M_SR,132,0.5,3,0.976816976139175,120,1.0,1.0,57.0,51.0,57.0,51.0
holdout,INGV,M_SR,132,1.0,3,0.9619612705216003,128,0.543859649122807,0.49019607843137253,57.0,51.0,31.0,25.0
holdout,INGV,M_SR,132,1.5,3,0.9487220779646113,138,0.543859649122807,0.49019607843137253,57.0,51.0,31.0,25.0
holdout,INGV,M_SR,132,2.0,9,0.9364578595990669,139,0.543859649122807,0.49019607843137253,57.0,51.0,31.0,25.0
holdout,INGV,M_SR,132,3.0,13,0.9134579148670551,149,0.543859649122807,0.49019607843137253,57.0,51.0,31.0,25.0
holdout,INGV,M_SR,133,0.1,12345,0.9937957705235424,103,1.0,1.0,57.0,51.0,57.0,51.0
holdout,INGV,M_SR,133,0.5,3,0.9780822204647314,122,1.0,1.0,57.0,51.0,57.0,51.0
holdout,INGV,M_SR,133,1.0,12345,0.9629393805759053,127,1.0,1.0,57.0,51.0,57.0,51.0
holdout,INGV,M_SR,133,1.5,9,0.9502419720548754,134,1.0,1.0,57.0,51.0,57.0,51.0
holdout,INGV,M_SR,133,2.0,2,0.9378798055421822,138,1.0,1.0,57.0,51.0,57.0,51.0
holdout,INGV,M_SR,133,3.0,9,0.915117298012297,142,0.9649122807017544,0.9607843137254902,57.0,51.0,55.0,49.0
holdout,INGV,M_SR,134,0.1,4,0.9936233810622727,103,1.0,1.0,57.0,51.0,57.0,51.0
holdout,INGV,M_SR,134,0.5,7,0.9760739114772319,120,1.0,1.0,57.0,51.0,57.0,51.0
holdout,INGV,M_SR,134,1.0,5,0.9606825566170372,132,0.9649122807017544,0.9607843137254902,57.0,51.0,55.0,49.0
holdout,INGV,M_SR,134,1.5,3,0.9469460774201381,141,0.9649122807017544,0.9607843137254902,57.0,51.0,55.0,49.0
holdout,INGV,M_SR,134,2.0,3,0.934650476105016,144,0.9649122807017544,0.9607843137254902,57.0,51.0,55.0,49.0
holdout,INGV,M_SR,134,3.0,11,0.911528103976479,152,0.5087719298245614,0.45098039215686275,57.0,51.0,29.0,23.0
holdout,INGV,M_SR,135,0.1,4,0.9938322369571848,102,1.0,1.0,57.0,51.0,57.0,51.0
holdout,INGV,M_SR,135,0.5,16,0.9779879340932174,122,0.9649122807017544,0.9607843137254902,57.0,51.0,55.0,49.0
holdout,INGV,M_SR,135,1.0,10,0.9637266836452918,131,0.9649122807017544,0.9607843137254902,57.0,51.0,55.0,49.0
holdout,INGV,M_SR,135,1.5,8,0.9500160619763672,135,0.9649122807017544,0.9607843137254902,57.0,51.0,55.0,49.0
holdout,INGV,M_SR,135,2.0,17,0.9366389181608558,140,0.9649122807017544,0.9607843137254902,57.0,51.0,55.0,49.0
holdout,INGV,M_SR,135,3.0,6,0.914042175995455,147,0.9649122807017544,0.9607843137254902,57.0,51.0,55.0,49.0
holdout,INGV,M_SR,136,0.1,12345,0.9936040326154615,100,1.0,1.0,57.0,51.0,57.0,51.0
holdout,INGV,M_SR,136,0.5,6,0.9766448116214488,122,1.0,1.0,57.0,51.0,57.0,51.0
holdout,INGV,M_SR,136,1.0,15,0.9606934985141965,129,1.0,1.0,57.0,51.0,57.0,51.0
holdout,INGV,M_SR,136,1.5,6,0.9454936622991208,135,1.0,1.0,57.0,51.0,57.0,51.0
holdout,INGV,M_SR,136,2.0,14,0.930680126100867,138,1.0,1.0,57.0,51.0,57.0,51.0
holdout,INGV,M_SR,136,3.0,1,0.9066588095756439,149,0.9649122807017544,0.9607843137254902,57.0,51.0,55.0,49.0
holdout,INGV,M_SR,137,0.1,7,0.9936335272745132,99,0.6491228070175439,0.6078431372549019,57.0,51.0,37.0,31.0
holdout,INGV,M_SR,137,0.5,18,0.9784154863468655,119,0.6491228070175439,0.6078431372549019,57.0,51.0,37.0,31.0
holdout,INGV,M_SR,137,1.0,4,0.9649671208382541,134,0.3684210526315789,0.29411764705882354,57.0,51.0,21.0,15.0
holdout,INGV,M_SR,137,1.5,16,0.9516379414297756,132,0.3684210526315789,0.29411764705882354,57.0,51.0,21.0,15.0
holdout,INGV,M_SR,137,2.0,6,0.9391303688349261,137,0.3684210526315789,0.29411764705882354,57.0,51.0,21.0,15.0
holdout,INGV,M_SR,137,3.0,13,0.9163645943010089,141,0.3684210526315789,0.29411764705882354,57.0,51.0,21.0,15.0
holdout,INGV,M_SR,138,0.1,2,0.9937963735614901,103,1.0,1.0,57.0,51.0,57.0,51.0
holdout,INGV,M_SR,138,0.5,15,0.9773246606629371,118,1.0,1.0,57.0,51.0,57.0,51.0
holdout,INGV,M_SR,138,1.0,2,0.9609476367751714,126,1.0,1.0,57.0,51.0,57.0,51.0
holdout,INGV,M_SR,138,1.5,3,0.9459012818835546,132,1.0,1.0,57.0,51.0,57.0,51.0
holdout,INGV,M_SR,138,2.0,11,0.9315587566161107,134,1.0,1.0,57.0,51.0,57.0,51.0
holdout,INGV,M_SR,138,3.0,2,0.9045181962569298,139,1.0,1.0,57.0,51.0,57.0,51.0
holdout,INGV,M_SR,139,0.1,19,0.9942447053624747,101,1.0,1.0,57.0,51.0,57.0,51.0
holdout,INGV,M_SR,139,0.5,12345,0.9789999988629894,117,0.9649122807017544,0.9607843137254902,57.0,51.0,55.0,49.0
holdout,INGV,M_SR,139,1.0,1,0.9646159961622018,125,0.9649122807017544,0.9607843137254902,57.0,51.0,55.0,49.0
holdout,INGV,M_SR,139,1.5,6,0.9508602790604186,130,0.9649122807017544,0.9607843137254902,57.0,51.0,55.0,49.0
holdout,INGV,M_SR,139,2.0,2,0.9373568726317496,135,0.9649122807017544,0.9607843137254902,57.0,51.0,55.0,49.0
holdout,INGV,M_SR,139,3.0,10,0.9130504056263845,145,0.5087719298245614,0.45098039215686275,57.0,51.0,29.0,23.0
holdout,INGV,M_SR,140,0.1,2,0.9932714646662818,102,1.0,1.0,57.0,51.0,57.0,51.0
holdout,INGV,M_SR,140,0.5,13,0.9771586060295473,121,0.543859649122807,0.49019607843137253,57.0,51.0,31.0,25.0
holdout,INGV,M_SR,140,1.0,11,0.9626850330310074,136,0.543859649122807,0.49019607843137253,57.0,51.0,31.0,25.0
holdout,INGV,M_SR,140,1.5,3,0.9506680791557464,138,0.543859649122807,0.49019607843137253,57.0,51.0,31.0,25.0
holdout,INGV,M_SR,140,2.0,9,0.9387792241325589,141,0.543859649122807,0.49019607843137253,57.0,51.0,31.0,25.0
holdout,INGV,M_SR,140,3.0,1,0.9158815413044638,147,0.543859649122807,0.49019607843137253,57.0,51.0,31.0,25.0
holdout,INGV,M_SR,141,0.1,12345,0.9938395752594573,105,1.0,1.0,57.0,51.0,57.0,51.0
holdout,INGV,M_SR,141,0.5,12,0.9773384594836262,123,0.543859649122807,0.49019607843137253,57.0,51.0,31.0,25.0
holdout,INGV,M_SR,141,1.0,16,0.960008943849533,129,0.543859649122807,0.49019607843137253,57.0,51.0,31.0,25.0
holdout,INGV,M_SR,141,1.5,14,0.9461738032339256,132,0.543859649122807,0.49019607843137253,57.0,51.0,31.0,25.0
holdout,INGV,M_SR,141,2.0,4,0.9324945058705622,134,0.543859649122807,0.49019607843137253,57.0,51.0,31.0,25.0
holdout,INGV,M_SR,141,3.0,3,0.9053473508005894,140,0.543859649122807,0.49019607843137253,57.0,51.0,31.0,25.0
holdout,INGV,M_SR,142,0.1,7,0.9936598894741892,103,1.0,1.0,57.0,51.0,57.0,51.0
holdout,INGV,M_SR,142,0.5,12345,0.9790198603625061,123,0.543859649122807,0.49019607843137253,57.0,51.0,31.0,25.0
holdout,INGV,M_SR,142,1.0,7,0.9644244161820776,130,0.543859649122807,0.49019607843137253,57.0,51.0,31.0,25.0
holdout,INGV,M_SR,142,1.5,17,0.9502527605531123,140,0.543859649122807,0.49019607843137253,57.0,51.0,31.0,25.0
holdout,INGV,M_SR,142,2.0,12345,0.9367009968590694,144,0.543859649122807,0.49019607843137253,57.0,51.0,31.0,25.0
holdout,INGV,M_SR,142,3.0,8,0.9110239698283892,149,0.543859649122807,0.49019607843137253,57.0,51.0,31.0,25.0
holdout,INGV,M_SR,143,0.1,12345,0.9941552402038881,109,0.6491228070175439,0.6078431372549019,57.0,51.0,37.0,31.0
holdout,INGV,M_SR,143,0.5,8,0.9792785829795276,123,0.6491228070175439,0.6078431372549019,57.0,51.0,37.0,31.0
holdout,INGV,M_SR,143,1.0,1,0.9647891351252693,131,0.6491228070175439,0.6078431372549019,57.0,51.0,37.0,31.0
holdout,INGV,M_SR,143,1.5,13,0.9517963163576625,142,0.3684210526315789,0.29411764705882354,57.0,51.0,21.0,15.0
holdout,INGV,M_SR,143,2.0,3,0.9397400171858448,145,0.3684210526315789,0.29411764705882354,57.0,51.0,21.0,15.0
holdout,INGV,M_SR,143,3.0,18,0.9163173289752885,150,0.3684210526315789,0.29411764705882354,57.0,51.0,21.0,15.0
holdout,INGV,M_SR,144,0.1,19,0.9934895665158512,100,0.6491228070175439,0.6078431372549019,57.0,51.0,37.0,31.0
holdout,INGV,M_SR,144,0.5,17,0.9773504098435353,118,0.6491228070175439,0.6078431372549019,57.0,51.0,37.0,31.0
holdout,INGV,M_SR,144,1.0,17,0.9621501679794667,130,0.3684210526315789,0.29411764705882354,57.0,51.0,21.0,15.0
holdout,INGV,M_SR,144,1.5,11,0.9478468777074516,136,0.6491228070175439,0.6078431372549019,57.0,51.0,37.0,31.0
holdout,INGV,M_SR,144,2.0,6,0.9343849995656995,139,0.6491228070175439,0.6078431372549019,57.0,51.0,37.0,31.0
holdout,INGV,M_SR,144,3.0,8,0.9081928482386827,145,0.6491228070175439,0.6078431372549019,57.0,51.0,37.0,31.0
holdout,INGV,M_SR,145,0.1,2,0.9934345759419916,105,1.0,1.0,57.0,51.0,57.0,51.0
holdout,INGV,M_SR,145,0.5,4,0.977861992009704,122,0.9649122807017544,0.9607843137254902,57.0,51.0,55.0,49.0
holdout,INGV,M_SR,145,1.0,8,0.9640096804492577,131,0.9649122807017544,0.9607843137254902,57.0,51.0,55.0,49.0
holdout,INGV,M_SR,145,1.5,12345,0.9505626563754646,138,0.9649122807017544,0.9607843137254902,57.0,51.0,55.0,49.0
holdout,INGV,M_SR,145,2.0,6,0.937648593035468,141,0.9649122807017544,0.9607843137254902,57.0,51.0,55.0,49.0
holdout,INGV,M_SR,145,3.0,5,0.9143472519251796,151,0.9649122807017544,0.9607843137254902,57.0,51.0,55.0,49.0
holdout,INGV,M_SR,146,0.1,12345,0.9932147598225691,99,1.0,1.0,57.0,51.0,57.0,51.0
holdout,INGV,M_SR,146,0.5,18,0.9771119620558711,121,1.0,1.0,57.0,51.0,57.0,51.0
holdout,INGV,M_SR,146,1.0,10,0.9630016163219199,128,1.0,1.0,57.0,51.0,57.0,51.0
holdout,INGV,M_SR,146,1.5,12345,0.9493654014332333,132,1.0,1.0,57.0,51.0,57.0,51.0
holdout,INGV,M_SR,146,2.0,15,0.93643689586778,137,1.0,1.0,57.0,51.0,57.0,51.0
holdout,INGV,M_SR,146,3.0,18,0.9149415439923526,141,1.0,1.0,57.0,51.0,57.0,51.0
holdout,INGV,M_SR,147,0.1,13,0.9937126600512748,102,1.0,1.0,57.0,51.0,57.0,51.0
holdout,INGV,M_SR,147,0.5,10,0.9781379770730017,120,0.543859649122807,0.49019607843137253,57.0,51.0,31.0,25.0
holdout,INGV,M_SR,147,1.0,11,0.9623709672118319,134,0.543859649122807,0.49019607843137253,57.0,51.0,31.0,25.0
holdout,INGV,M_SR,147,1.5,14,0.9489376668603153,142,0.543859649122807,0.49019607843137253,57.0,51.0,31.0,25.0
holdout,INGV,M_SR,147,2.0,12,0.9371786318614709,145,0.543859649122807,0.49019607843137253,57.0,51.0,31.0,25.0
holdout,INGV,M_SR,147,3.0,10,0.9155589427206821,149,0.543859649122807,0.49019607843137253,57.0,51.0,31.0,25.0
holdout,INGV,M_SR,148,0.1,4,0.9933608083520377,96,1.0,1.0,57.0,51.0,57.0,51.0
holdout,INGV,M_SR,148,0.5,1,0.9774596095101706,111,1.0,1.0,57.0,51.0,57.0,51.0
holdout,INGV,M_SR,148,1.0,8,0.9615546269878609,121,1.0,1.0,57.0,51.0,57.0,51.0
holdout,INGV,M_SR,148,1.5,16,0.9463200224290228,127,1.0,1.0,57.0,51.0,57.0,51.0
holdout,INGV,M_SR,148,2.0,17,0.9324629361420137,137,0.9649122807017544,0.9607843137254902,57.0,51.0,55.0,49.0
holdout,INGV,M_SR,148,3.0,17,0.9060783277985767,139,0.9649122807017544,0.9607843137254902,57.0,51.0,55.0,49.0
holdout,INGV,M_SR,149,0.1,15,0.993240793686821,105,0.6491228070175439,0.6078431372549019,57.0,51.0,37.0,31.0
holdout,INGV,M_SR,149,0.5,4,0.9782382419357398,122,0.6491228070175439,0.6078431372549019,57.0,51.0,37.0,31.0
holdout,INGV,M_SR,149,1.0,5,0.9638783481570984,133,0.6491228070175439,0.6078431372549019,57.0,51.0,37.0,31.0
holdout,INGV,M_SR,149,1.5,15,0.9502568691337551,140,0.6491228070175439,0.6078431372549019,57.0,51.0,37.0,31.0
holdout,INGV,M_SR,149,2.0,15,0.9376173795509098,145,0.6491228070175439,0.6078431372549019,57.0,51.0,37.0,31.0
holdout,INGV,M_SR,149,3.0,8,0.914100447734456,153,0.6491228070175439,0.6078431372549019,57.0,51.0,37.0,31.0
holdout,INGV,M_SR,150,0.1,6,0.9939554904869095,105,1.0,1.0,57.0,51.0,57.0,51.0
holdout,INGV,M_SR,150,0.5,10,0.977763401848603,120,1.0,1.0,57.0,51.0,57.0,51.0
holdout,INGV,M_SR,150,1.0,6,0.9614286620004975,126,0.543859649122807,0.49019607843137253,57.0,51.0,31.0,25.0
holdout,INGV,M_SR,150,1.5,8,0.9466499984014428,134,0.543859649122807,0.49019607843137253,57.0,51.0,31.0,25.0
holdout,INGV,M_SR,150,2.0,1,0.9346322864938897,139,0.543859649122807,0.49019607843137253,57.0,51.0,31.0,25.0
holdout,INGV,M_SR,150,3.0,11,0.9118597128243671,144,0.5087719298245614,0.45098039215686275,57.0,51.0,29.0,23.0
holdout,INGV,M_SR,151,0.1,18,0.9933677676910362,108,1.0,1.0,57.0,51.0,57.0,51.0
holdout,INGV,M_SR,151,0.5,9,0.9788291224148691,126,1.0,1.0,57.0,51.0,57.0,51.0
holdout,INGV,M_SR,151,1.0,4,0.9648250378379952,135,1.0,1.0,57.0,51.0,57.0,51.0
holdout,INGV,M_SR,151,1.5,7,0.9521821860797428,141,0.543859649122807,0.49019607843137253,57.0,51.0,31.0,25.0
holdout,INGV,M_SR,151,2.0,19,0.9407970159004557,146,0.543859649122807,0.49019607843137253,57.0,51.0,31.0,25.0
holdout,INGV,M_SR,151,3.0,18,0.9185131057809122,151,0.543859649122807,0.49019607843137253,57.0,51.0,31.0,25.0
holdout,INGV,M_SR,152,0.1,7,0.9934899998594097,99,0.6491228070175439,0.6078431372549019,57.0,51.0,37.0,31.0
holdout,INGV,M_SR,152,0.5,5,0.9767478922513256,117,0.6491228070175439,0.6078431372549019,57.0,51.0,37.0,31.0
holdout,INGV,M_SR,152,1.0,7,0.9606391913524437,125,0.6491228070175439,0.6078431372549019,57.0,51.0,37.0,31.0
holdout,INGV,M_SR,152,1.5,4,0.9459376484880871,130,0.6491228070175439,0.6078431372549019,57.0,51.0,37.0,31.0
holdout,INGV,M_SR,152,2.0,11,0.9325246731087418,136,0.6491228070175439,0.6078431372549019,57.0,51.0,37.0,31.0
holdout,INGV,M_SR,152,3.0,3,0.9078745228626872,141,0.6491228070175439,0.6078431372549019,57.0,51.0,37.0,31.0
holdout,INGV,M_SR,153,0.1,3,0.9933221145878899,99,1.0,1.0,57.0,51.0,57.0,51.0
holdout,INGV,M_SR,153,0.5,6,0.9772881253252587,114,1.0,1.0,57.0,51.0,57.0,51.0
holdout,INGV,M_SR,153,1.0,8,0.9625109447780377,127,1.0,1.0,57.0,51.0,57.0,51.0
holdout,INGV,M_SR,153,1.5,8,0.9495440849135356,140,0.9649122807017544,0.9607843137254902,57.0,51.0,55.0,49.0
holdout,INGV,M_SR,153,2.0,9,0.9373932023211192,143,0.9649122807017544,0.9607843137254902,57.0,51.0,55.0,49.0
holdout,INGV,M_SR,153,3.0,4,0.9162683109937397,150,0.9649122807017544,0.9607843137254902,57.0,51.0,55.0,49.0
holdout,INGV,M_SR,154,0.1,16,0.9931997644457468,104,1.0,1.0,57.0,51.0,57.0,51.0
holdout,INGV,M_SR,154,0.5,5,0.9771427111187593,121,1.0,1.0,57.0,51.0,57.0,51.0
holdout,INGV,M_SR,154,1.0,11,0.9618913326420655,131,0.543859649122807,0.49019607843137253,57.0,51.0,31.0,25.0
holdout,INGV,M_SR,154,1.5,16,0.9488083620728075,138,0.543859649122807,0.49019607843137253,57.0,51.0,31.0,25.0
holdout,INGV,M_SR,154,2.0,3,0.9370929535768977,141,0.543859649122807,0.49019607843137253,57.0,51.0,31.0,25.0
holdout,INGV,M_SR,154,3.0,12,0.9140616306180118,144,0.543859649122807,0.49019607843137253,57.0,51.0,31.0,25.0
holdout,INGV,M_SR,155,0.1,5,0.9937711573241793,104,1.0,1.0,57.0,51.0,57.0,51.0
holdout,INGV,M_SR,155,0.5,14,0.9776070495980502,119,1.0,1.0,57.0,51.0,57.0,51.0
holdout,INGV,M_SR,155,1.0,8,0.9628559285015726,127,1.0,1.0,57.0,51.0,57.0,51.0
holdout,INGV,M_SR,155,1.5,8,0.9486430366228298,130,1.0,1.0,57.0,51.0,57.0,51.0
holdout,INGV,M_SR,155,2.0,18,0.9350701290788755,134,1.0,1.0,57.0,51.0,57.0,51.0
holdout,INGV,M_SR,155,3.0,2,0.9112811283425749,148,1.0,1.0,57.0,51.0,57.0,51.0
holdout,INGV,M_SR,156,0.1,10,0.9941645870075249,100,1.0,1.0,57.0,51.0,57.0,51.0
holdout,INGV,M_SR,156,0.5,2,0.9803938183363068,125,0.9649122807017544,0.9607843137254902,57.0,51.0,55.0,49.0
holdout,INGV,M_SR,156,1.0,6,0.9670422283538713,135,0.9649122807017544,0.9607843137254902,57.0,51.0,55.0,49.0
holdout,INGV,M_SR,156,1.5,9,0.9542775854993564,137,0.9649122807017544,0.9607843137254902,57.0,51.0,55.0,49.0
holdout,INGV,M_SR,156,2.0,5,0.9415424821654538,138,0.9649122807017544,0.9607843137254902,57.0,51.0,55.0,49.0
holdout,INGV,M_SR,156,3.0,17,0.9166446035043683,152,0.9649122807017544,0.9607843137254902,57.0,51.0,55.0,49.0
holdout,INGV,M_SR,157,0.1,12,0.9931035329228449,107,1.0,1.0,57.0,51.0,57.0,51.0
holdout,INGV,M_SR,157,0.5,7,0.9767662546504772,125,1.0,1.0,57.0,51.0,57.0,51.0
holdout,INGV,M_SR,157,1.0,12345,0.9612367144936224,136,1.0,1.0,57.0,51.0,57.0,51.0
holdout,INGV,M_SR,157,1.5,6,0.9474165359906954,142,0.543859649122807,0.49019607843137253,57.0,51.0,31.0,25.0
holdout,INGV,M_SR,157,2.0,1,0.9355295137001803,146,0.543859649122807,0.49019607843137253,57.0,51.0,31.0,25.0
holdout,INGV,M_SR,157,3.0,3,0.9119003226078395,150,0.543859649122807,0.49019607843137253,57.0,51.0,31.0,25.0
holdout,INGV,M_SR,158,0.1,4,0.9943551390249572,105,1.0,1.0,57.0,51.0,57.0,51.0
holdout,INGV,M_SR,158,0.5,2,0.9794252567483444,122,1.0,1.0,57.0,51.0,57.0,51.0
holdout,INGV,M_SR,158,1.0,9,0.9650223891553652,130,1.0,1.0,57.0,51.0,57.0,51.0
holdout,INGV,M_SR,158,1.5,12345,0.9512039335459681,137,0.543859649122807,0.49019607843137253,57.0,51.0,31.0,25.0
holdout,INGV,M_SR,158,2.0,15,0.9381078469843737,141,0.543859649122807,0.49019607843137253,57.0,51.0,31.0,25.0
holdout,INGV,M_SR,158,3.0,19,0.9146221679939914,144,0.543859649122807,0.49019607843137253,57.0,51.0,31.0,25.0
holdout,INGV,M_SR,159,0.1,5,0.9936783578734588,100,1.0,1.0,57.0,51.0,57.0,51.0
holdout,INGV,M_SR,159,0.5,12,0.9779828501707847,123,0.6491228070175439,0.6078431372549019,57.0,51.0,37.0,31.0
holdout,INGV,M_SR,159,1.0,12,0.962936149216025,134,0.3684210526315789,0.29411764705882354,57.0,51.0,21.0,15.0
holdout,INGV,M_SR,159,1.5,11,0.9496289578223922,141,0.3684210526315789,0.29411764705882354,57.0,51.0,21.0,15.0
holdout,INGV,M_SR,159,2.0,13,0.9375616133217508,143,0.3684210526315789,0.29411764705882354,57.0,51.0,21.0,15.0
holdout,INGV,M_SR,159,3.0,7,0.9142023978601398,151,0.3684210526315789,0.29411764705882354,57.0,51.0,21.0,15.0
holdout,INGV,M_SR,160,0.1,19,0.9934621120774092,107,1.0,1.0,57.0,51.0,57.0,51.0
holdout,INGV,M_SR,160,0.5,5,0.9777668868912051,127,1.0,1.0,57.0,51.0,57.0,51.0
holdout,INGV,M_SR,160,1.0,4,0.9628467645758793,134,0.9649122807017544,0.9607843137254902,57.0,51.0,55.0,49.0
holdout,INGV,M_SR,160,1.5,1,0.9506687893674439,140,0.9649122807017544,0.9607843137254902,57.0,51.0,55.0,49.0
holdout,INGV,M_SR,160,2.0,11,0.9386410093519982,142,0.9649122807017544,0.9607843137254902,57.0,51.0,55.0,49.0
holdout,INGV,M_SR,160,3.0,2,0.9146989263330053,143,0.9649122807017544,0.9607843137254902,57.0,51.0,55.0,49.0
holdout,INGV,M_SR,161,0.1,18,0.9932438014563219,102,1.0,1.0,57.0,51.0,57.0,51.0
holdout,INGV,M_SR,161,0.5,11,0.9789864593037038,120,0.9649122807017544,0.9607843137254902,57.0,51.0,55.0,49.0
holdout,INGV,M_SR,161,1.0,8,0.964646496644168,132,0.9649122807017544,0.9607843137254902,57.0,51.0,55.0,49.0
holdout,INGV,M_SR,161,1.5,17,0.9509609438706015,137,0.9649122807017544,0.9607843137254902,57.0,51.0,55.0,49.0
holdout,INGV,M_SR,161,2.0,2,0.9385679116574097,141,0.9649122807017544,0.9607843137254902,57.0,51.0,55.0,49.0
holdout,INGV,M_SR,161,3.0,2,0.9152979513414771,145,0.9649122807017544,0.9607843137254902,57.0,51.0,55.0,49.0
holdout,INGV,M_SR,162,0.1,5,0.9941515484882194,104,1.0,1.0,57.0,51.0,57.0,51.0
holdout,INGV,M_SR,162,0.5,17,0.9791433294264902,117,1.0,1.0,57.0,51.0,57.0,51.0
holdout,INGV,M_SR,162,1.0,17,0.9641076827146509,123,1.0,1.0,57.0,51.0,57.0,51.0
holdout,INGV,M_SR,162,1.5,17,0.9511257975203077,132,1.0,1.0,57.0,51.0,57.0,51.0
holdout,INGV,M_SR,162,2.0,17,0.938387948398443,135,1.0,1.0,57.0,51.0,57.0,51.0
holdout,INGV,M_SR,162,3.0,13,0.9153146882480486,144,0.543859649122807,0.49019607843137253,57.0,51.0,31.0,25.0
holdout,INGV,M_SR,163,0.1,13,0.9931458055027511,99,1.0,1.0,57.0,51.0,57.0,51.0
holdout,INGV,M_SR,163,0.5,11,0.9771677284069574,120,1.0,1.0,57.0,51.0,57.0,51.0
holdout,INGV,M_SR,163,1.0,4,0.9623864053800965,130,1.0,1.0,57.0,51.0,57.0,51.0
holdout,INGV,M_SR,163,1.5,13,0.94843221069759,135,0.9649122807017544,0.9607843137254902,57.0,51.0,55.0,49.0
holdout,INGV,M_SR,163,2.0,19,0.9352884172557812,139,0.9649122807017544,0.9607843137254902,57.0,51.0,55.0,49.0
holdout,INGV,M_SR,163,3.0,19,0.9108994275880551,143,0.9649122807017544,0.9607843137254902,57.0,51.0,55.0,49.0
holdout,INGV,M_SR,164,0.1,4,0.9930096833579175,98,1.0,1.0,57.0,51.0,57.0,51.0
holdout,INGV,M_SR,164,0.5,4,0.9768055223591632,117,1.0,1.0,57.0,51.0,57.0,51.0
holdout,INGV,M_SR,164,1.0,9,0.9614496648936598,130,0.543859649122807,0.49019607843137253,57.0,51.0,31.0,25.0
holdout,INGV,M_SR,164,1.5,2,0.9470594012464156,138,0.543859649122807,0.49019607843137253,57.0,51.0,31.0,25.0
holdout,INGV,M_SR,164,2.0,5,0.9331012615085945,142,0.543859649122807,0.49019607843137253,57.0,51.0,31.0,25.0
holdout,INGV,M_SR,164,3.0,7,0.9080406454907884,146,0.543859649122807,0.49019607843137253,57.0,51.0,31.0,25.0
holdout,INGV,M_SR,165,0.1,10,0.9933146559366508,103,1.0,1.0,57.0,51.0,57.0,51.0
holdout,INGV,M_SR,165,0.5,9,0.9786873421138088,123,0.9649122807017544,0.9607843137254902,57.0,51.0,55.0,49.0
holdout,INGV,M_SR,165,1.0,8,0.9639167200578016,133,0.9649122807017544,0.9607843137254902,57.0,51.0,55.0,49.0
holdout,INGV,M_SR,165,1.5,2,0.9507708616283554,139,0.9649122807017544,0.9607843137254902,57.0,51.0,55.0,49.0
holdout,INGV,M_SR,165,2.0,6,0.9378810813337982,141,0.9649122807017544,0.9607843137254902,57.0,51.0,55.0,49.0
holdout,INGV,M_SR,165,3.0,8,0.913725786415807,146,0.9649122807017544,0.9607843137254902,57.0,51.0,55.0,49.0
holdout,INGV,M_SR,166,0.1,6,0.9931963422471212,105,0.6491228070175439,0.6078431372549019,57.0,51.0,37.0,31.0
holdout,INGV,M_SR,166,0.5,2,0.9783318923204167,119,0.6491228070175439,0.6078431372549019,57.0,51.0,37.0,31.0
holdout,INGV,M_SR,166,1.0,7,0.9628241503860941,131,0.6491228070175439,0.6078431372549019,57.0,51.0,37.0,31.0
holdout,INGV,M_SR,166,1.5,11,0.9479067561668368,138,0.6491228070175439,0.6078431372549019,57.0,51.0,37.0,31.0
holdout,INGV,M_SR,166,2.0,6,0.9349705773205635,142,0.6491228070175439,0.6078431372549019,57.0,51.0,37.0,31.0
holdout,INGV,M_SR,166,3.0,6,0.9120476615296275,151,0.6491228070175439,0.6078431372549019,57.0,51.0,37.0,31.0
holdout,INGV,M_SR,167,0.1,6,0.9925205075239342,97,1.0,1.0,57.0,51.0,57.0,51.0
holdout,INGV,M_SR,167,0.5,10,0.9761921132299086,115,1.0,1.0,57.0,51.0,57.0,51.0
holdout,INGV,M_SR,167,1.0,16,0.9598761746257842,125,1.0,1.0,57.0,51.0,57.0,51.0
holdout,INGV,M_SR,167,1.5,19,0.9444871695206221,135,1.0,1.0,57.0,51.0,57.0,51.0
holdout,INGV,M_SR,167,2.0,19,0.9296731281548318,138,1.0,1.0,57.0,51.0,57.0,51.0
holdout,INGV,M_SR,167,3.0,16,0.9029570060848047,146,1.0,1.0,57.0,51.0,57.0,51.0
holdout,INGV,M_SR,168,0.1,19,0.9938473108576567,97,1.0,1.0,57.0,51.0,57.0,51.0
holdout,INGV,M_SR,168,0.5,12,0.9789331732703286,124,1.0,1.0,57.0,51.0,57.0,51.0
holdout,INGV,M_SR,168,1.0,2,0.9646622759267655,133,0.543859649122807,0.49019607843137253,57.0,51.0,31.0,25.0
holdout,INGV,M_SR,168,1.5,17,0.951752158654764,139,0.543859649122807,0.49019607843137253,57.0,51.0,31.0,25.0
holdout,INGV,M_SR,168,2.0,4,0.9391492686151306,143,0.543859649122807,0.49019607843137253,57.0,51.0,31.0,25.0
holdout,INGV,M_SR,168,3.0,12345,0.9146211854694454,149,0.543859649122807,0.49019607843137253,57.0,51.0,31.0,25.0
holdout,INGV,M_SR,169,0.1,17,0.993609483422394,99,0.6491228070175439,0.6078431372549019,57.0,51.0,37.0,31.0
holdout,INGV,M_SR,169,0.5,12345,0.9770024415893497,115,0.6491228070175439,0.6078431372549019,57.0,51.0,37.0,31.0
holdout,INGV,M_SR,169,1.0,6,0.959137128642749,127,0.6491228070175439,0.6078431372549019,57.0,51.0,37.0,31.0
holdout,INGV,M_SR,169,1.5,6,0.9457389815774924,135,0.3333333333333333,0.2549019607843137,57.0,51.0,19.0,13.0
holdout,INGV,M_SR,169,2.0,6,0.9319024494728814,142,0.3333333333333333,0.2549019607843137,57.0,51.0,19.0,13.0
holdout,INGV,M_SR,169,3.0,13,0.9069286617925922,147,0.3333333333333333,0.2549019607843137,57.0,51.0,19.0,13.0
holdout,INGV,M_SR,170,0.1,4,0.9939869366318597,102,1.0,1.0,57.0,51.0,57.0,51.0
holdout,INGV,M_SR,170,0.5,14,0.9790791224506412,124,1.0,1.0,57.0,51.0,57.0,51.0
holdout,INGV,M_SR,170,1.0,11,0.9645646636098913,133,0.543859649122807,0.49019607843137253,57.0,51.0,31.0,25.0
holdout,INGV,M_SR,170,1.5,2,0.9506919439310016,137,0.543859649122807,0.49019607843137253,57.0,51.0,31.0,25.0
holdout,INGV,M_SR,170,2.0,9,0.9371217885193319,141,0.543859649122807,0.49019607843137253,57.0,51.0,31.0,25.0
holdout,INGV,M_SR,170,3.0,15,0.9112134804258267,144,0.543859649122807,0.49019607843137253,57.0,51.0,31.0,25.0
holdout,INGV,M_SR,171,0.1,18,0.9933147617215631,103,1.0,1.0,57.0,51.0,57.0,51.0
holdout,INGV,M_SR,171,0.5,3,0.976510882196068,113,1.0,1.0,57.0,51.0,57.0,51.0
holdout,INGV,M_SR,171,1.0,16,0.9591171362833733,123,1.0,1.0,57.0,51.0,57.0,51.0
holdout,INGV,M_SR,171,1.5,12345,0.9440100238850309,130,1.0,1.0,57.0,51.0,57.0,51.0
holdout,INGV,M_SR,171,2.0,3,0.930612571875146,136,1.0,1.0,57.0,51.0,57.0,51.0
holdout,INGV,M_SR,171,3.0,19,0.9044631451256797,144,0.543859649122807,0.49019607843137253,57.0,51.0,31.0,25.0
holdout,INGV,M_SR,172,0.1,18,0.9938244795701082,99,1.0,1.0,57.0,51.0,57.0,51.0
holdout,INGV,M_SR,172,0.5,2,0.9781526873142258,120,1.0,1.0,57.0,51.0,57.0,51.0
holdout,INGV,M_SR,172,1.0,15,0.9628001154632428,130,1.0,1.0,57.0,51.0,57.0,51.0
holdout,INGV,M_SR,172,1.5,8,0.9484124928907339,136,1.0,1.0,57.0,51.0,57.0,51.0
holdout,INGV,M_SR,172,2.0,2,0.9341278470129513,137,1.0,1.0,57.0,51.0,57.0,51.0
holdout,INGV,M_SR,172,3.0,13,0.9097961264251595,147,0.9649122807017544,0.9607843137254902,57.0,51.0,55.0,49.0
holdout,INGV,M_SR,173,0.1,8,0.9939041670724577,102,1.0,1.0,57.0,51.0,57.0,51.0
holdout,INGV,M_SR,173,0.5,12345,0.978755084783419,119,1.0,1.0,57.0,51.0,57.0,51.0
holdout,INGV,M_SR,173,1.0,12345,0.964030638228149,124,0.543859649122807,0.49019607843137253,57.0,51.0,31.0,25.0
holdout,INGV,M_SR,173,1.5,7,0.9506088159294256,128,0.543859649122807,0.49019607843137253,57.0,51.0,31.0,25.0
holdout,INGV,M_SR,173,2.0,1,0.938876765893214,139,0.543859649122807,0.49019607843137253,57.0,51.0,31.0,25.0
holdout,INGV,M_SR,173,3.0,1,0.9168428607999901,145,0.543859649122807,0.49019607843137253,57.0,51.0,31.0,25.0
holdout,INGV,M_SR,174,0.1,5,0.9934344963878092,97,1.0,1.0,57.0,51.0,57.0,51.0
holdout,INGV,M_SR,174,0.5,19,0.9769224011657703,121,1.0,1.0,57.0,51.0,57.0,51.0
holdout,INGV,M_SR,174,1.0,7,0.9615560535002455,131,0.543859649122807,0.49019607843137253,57.0,51.0,31.0,25.0
holdout,INGV,M_SR,174,1.5,12345,0.9486928708366035,138,0.543859649122807,0.49019607843137253,57.0,51.0,31.0,25.0
holdout,INGV,M_SR,174,2.0,2,0.936303775755579,139,0.543859649122807,0.49019607843137253,57.0,51.0,31.0,25.0
holdout,INGV,M_SR,174,3.0,12345,0.9127448258000411,146,0.3684210526315789,0.29411764705882354,57.0,51.0,21.0,15.0
holdout,INGV,M_SR,175,0.1,9,0.9933558658710052,100,1.0,1.0,57.0,51.0,57.0,51.0
holdout,INGV,M_SR,175,0.5,2,0.9778214662732271,124,0.9649122807017544,0.9607843137254902,57.0,51.0,55.0,49.0
holdout,INGV,M_SR,175,1.0,2,0.9641920825407306,135,0.9649122807017544,0.9607843137254902,57.0,51.0,55.0,49.0
holdout,INGV,M_SR,175,1.5,4,0.9529542958665164,141,0.9649122807017544,0.9607843137254902,57.0,51.0,55.0,49.0
holdout,INGV,M_SR,175,2.0,2,0.9420043115648475,145,0.9649122807017544,0.9607843137254902,57.0,51.0,55.0,49.0
holdout,INGV,M_SR,175,3.0,4,0.920616788657668,149,0.9649122807017544,0.9607843137254902,57.0,51.0,55.0,49.0
holdout,INGV,M_SR,176,0.1,12345,0.9940048982927938,103,1.0,1.0,57.0,51.0,57.0,51.0
holdout,INGV,M_SR,176,0.5,12345,0.9786330432039465,117,1.0,1.0,57.0,51.0,57.0,51.0
holdout,INGV,M_SR,176,1.0,2,0.9651776988988846,127,1.0,1.0,57.0,51.0,57.0,51.0
holdout,INGV,M_SR,176,1.5,12345,0.9529566286383648,131,1.0,1.0,57.0,51.0,57.0,51.0
holdout,INGV,M_SR,176,2.0,12345,0.9411783506910866,139,1.0,1.0,57.0,51.0,57.0,51.0
holdout,INGV,M_SR,176,3.0,5,0.9184192868634592,145,1.0,1.0,57.0,51.0,57.0,51.0
holdout,INGV,M_SR,177,0.1,14,0.9941303997871052,102,1.0,1.0,57.0,51.0,57.0,51.0
holdout,INGV,M_SR,177,0.5,12,0.9792438791007851,122,1.0,1.0,57.0,51.0,57.0,51.0
holdout,INGV,M_SR,177,1.0,16,0.9648413991041584,128,1.0,1.0,57.0,51.0,57.0,51.0
holdout,INGV,M_SR,177,1.5,7,0.9517158850193723,136,1.0,1.0,57.0,51.0,57.0,51.0
holdout,INGV,M_SR,177,2.0,12345,0.9395367681883607,138,1.0,1.0,57.0,51.0,57.0,51.0
holdout,INGV,M_SR,177,3.0,7,0.9157519023826862,144,0.6491228070175439,0.6078431372549019,57.0,51.0,37.0,31.0
holdout,INGV,M_SR,178,0.1,5,0.9937972872341359,103,1.0,1.0,57.0,51.0,57.0,51.0
holdout,INGV,M_SR,178,0.5,13,0.9792589444315354,121,1.0,1.0,57.0,51.0,57.0,51.0
holdout,INGV,M_SR,178,1.0,8,0.9652067521462839,134,0.543859649122807,0.49019607843137253,57.0,51.0,31.0,25.0
holdout,INGV,M_SR,178,1.5,2,0.9523370904306435,137,0.6491228070175439,0.6078431372549019,57.0,51.0,37.0,31.0
holdout,INGV,M_SR,178,2.0,11,0.9397850690022705,140,0.6491228070175439,0.6078431372549019,57.0,51.0,37.0,31.0
holdout,INGV,M_SR,178,3.0,17,0.9172389843601609,151,0.3684210526315789,0.29411764705882354,57.0,51.0,21.0,15.0
holdout,INGV,M_SR,179,0.1,12345,0.9938660493157413,105,1.0,1.0,57.0,51.0,57.0,51.0
holdout,INGV,M_SR,179,0.5,10,0.9787487577360975,125,1.0,1.0,57.0,51.0,57.0,51.0
holdout,INGV,M_SR,179,1.0,12345,0.9647208075752572,133,1.0,1.0,57.0,51.0,57.0,51.0
holdout,INGV,M_SR,179,1.5,6,0.951061207375931,139,1.0,1.0,57.0,51.0,57.0,51.0
holdout,INGV,M_SR,179,2.0,6,0.9378183226704113,144,1.0,1.0,57.0,51.0,57.0,51.0
holdout,INGV,M_SR,179,3.0,17,0.913601219499576,150,0.543859649122807,0.49019607843137253,57.0,51.0,31.0,25.0
holdout,INGV,M_SR,180,0.1,15,0.9936998566605956,102,1.0,1.0,57.0,51.0,57.0,51.0
holdout,INGV,M_SR,180,0.5,2,0.9780046639356823,122,1.0,1.0,57.0,51.0,57.0,51.0
holdout,INGV,M_SR,180,1.0,8,0.9634889944614672,130,0.9649122807017544,0.9607843137254902,57.0,51.0,55.0,49.0
holdout,INGV,M_SR,180,1.5,10,0.950073185946596,139,0.9649122807017544,0.9607843137254902,57.0,51.0,55.0,49.0
holdout,INGV,M_SR,180,2.0,12,0.9374669125928917,143,0.9649122807017544,0.9607843137254902,57.0,51.0,55.0,49.0
holdout,INGV,M_SR,180,3.0,3,0.9132799284146719,147,0.9649122807017544,0.9607843137254902,57.0,51.0,55.0,49.0
holdout,INGV,M_SR,181,0.1,10,0.9939845120505897,101,1.0,1.0,57.0,51.0,57.0,51.0
holdout,INGV,M_SR,181,0.5,15,0.9778383755905218,119,1.0,1.0,57.0,51.0,57.0,51.0
holdout,INGV,M_SR,181,1.0,3,0.9611494766448003,130,1.0,1.0,57.0,51.0,57.0,51.0
holdout,INGV,M_SR,181,1.5,6,0.9463011866006764,135,1.0,1.0,57.0,51.0,57.0,51.0
holdout,INGV,M_SR,181,2.0,12345,0.9336911997502887,141,1.0,1.0,57.0,51.0,57.0,51.0
holdout,INGV,M_SR,181,3.0,16,0.9092945885912672,146,0.9649122807017544,0.9607843137254902,57.0,51.0,55.0,49.0
holdout,INGV,M_SR,182,0.1,8,0.9937428123393384,105,1.0,1.0,57.0,51.0,57.0,51.0
holdout,INGV,M_SR,182,0.5,6,0.9784068468003566,119,1.0,1.0,57.0,51.0,57.0,51.0
holdout,INGV,M_SR,182,1.0,7,0.9632962611383391,130,0.543859649122807,0.49019607843137253,57.0,51.0,31.0,25.0
holdout,INGV,M_SR,182,1.5,7,0.9506784953078272,137,0.543859649122807,0.49019607843137253,57.0,51.0,31.0,25.0
holdout,INGV,M_SR,182,2.0,9,0.9390751690174131,141,0.543859649122807,0.49019607843137253,57.0,51.0,31.0,25.0
holdout,INGV,M_SR,182,3.0,3,0.91696758986245,149,0.543859649122807,0.49019607843137253,57.0,51.0,31.0,25.0
holdout,INGV,M_SR,183,0.1,6,0.9933609477119879,105,1.0,1.0,57.0,51.0,57.0,51.0
holdout,INGV,M_SR,183,0.5,2,0.977367044857831,120,1.0,1.0,57.0,51.0,57.0,51.0
holdout,INGV,M_SR,183,1.0,7,0.9628041386508178,132,0.543859649122807,0.49019607843137253,57.0,51.0,31.0,25.0
holdout,INGV,M_SR,183,1.5,18,0.9497401709004111,134,0.543859649122807,0.49019607843137253,57.0,51.0,31.0,25.0
holdout,INGV,M_SR,183,2.0,18,0.9377709388076683,141,0.543859649122807,0.49019607843137253,57.0,51.0,31.0,25.0
holdout,INGV,M_SR,183,3.0,6,0.9154081480656922,149,0.543859649122807,0.49019607843137253,57.0,51.0,31.0,25.0
holdout,INGV,M_SR,184,0.1,12,0.9930097367318256,97,1.0,1.0,57.0,51.0,57.0,51.0
holdout,INGV,M_SR,184,0.5,9,0.9764802274436633,120,1.0,1.0,57.0,51.0,57.0,51.0
holdout,INGV,M_SR,184,1.0,9,0.9594142902930674,132,0.543859649122807,0.49019607843137253,57.0,51.0,31.0,25.0
holdout,INGV,M_SR,184,1.5,9,0.945225819602712,133,0.543859649122807,0.49019607843137253,57.0,51.0,31.0,25.0
holdout,INGV,M_SR,184,2.0,7,0.9319647763537791,140,0.543859649122807,0.49019607843137253,57.0,51.0,31.0,25.0
holdout,INGV,M_SR,184,3.0,7,0.9086091546284,142,0.543859649122807,0.49019607843137253,57.0,51.0,31.0,25.0
holdout,INGV,M_SR,185,0.1,10,0.9936519154734184,104,0.6491228070175439,0.6078431372549019,57.0,51.0,37.0,31.0
holdout,INGV,M_SR,185,0.5,3,0.9776076469733203,119,0.6491228070175439,0.6078431372549019,57.0,51.0,37.0,31.0
holdout,INGV,M_SR,185,1.0,4,0.9618226736677069,127,0.6491228070175439,0.6078431372549019,57.0,51.0,37.0,31.0
holdout,INGV,M_SR,185,1.5,9,0.9467387114684667,135,0.3684210526315789,0.29411764705882354,57.0,51.0,21.0,15.0
holdout,INGV,M_SR,185,2.0,3,0.9341031956588333,137,0.3684210526315789,0.29411764705882354,57.0,51.0,21.0,15.0
holdout,INGV,M_SR,185,3.0,12345,0.9117920666250097,145,0.3684210526315789,0.29411764705882354,57.0,51.0,21.0,15.0
holdout,INGV,M_SR,186,0.1,12345,0.993853692562053,97,1.0,1.0,57.0,51.0,57.0,51.0
holdout,INGV,M_SR,186,0.5,2,0.9789420986991301,117,1.0,1.0,57.0,51.0,57.0,51.0
holdout,INGV,M_SR,186,1.0,14,0.9636416821285773,125,1.0,1.0,57.0,51.0,57.0,51.0
holdout,INGV,M_SR,186,1.5,2,0.9488367155796977,136,1.0,1.0,57.0,51.0,57.0,51.0
holdout,INGV,M_SR,186,2.0,10,0.9350482042669314,137,1.0,1.0,57.0,51.0,57.0,51.0
holdout,INGV,M_SR,186,3.0,12345,0.9108303110635209,143,1.0,1.0,57.0,51.0,57.0,51.0
holdout,INGV,M_SR,187,0.1,18,0.9936598157900742,106,1.0,1.0,57.0,51.0,57.0,51.0
holdout,INGV,M_SR,187,0.5,18,0.977876644038473,125,0.6491228070175439,0.6078431372549019,57.0,51.0,37.0,31.0
holdout,INGV,M_SR,187,1.0,16,0.9620612918303783,133,0.6491228070175439,0.6078431372549019,57.0,51.0,37.0,31.0
holdout,INGV,M_SR,187,1.5,4,0.9490289365021184,136,0.6491228070175439,0.6078431372549019,57.0,51.0,37.0,31.0
holdout,INGV,M_SR,187,2.0,3,0.9361616866094056,139,0.6491228070175439,0.6078431372549019,57.0,51.0,37.0,31.0
holdout,INGV,M_SR,187,3.0,3,0.912715882282999,145,0.3684210526315789,0.29411764705882354,57.0,51.0,21.0,15.0
holdout,INGV,M_SR,188,0.1,19,0.9932567723714679,105,1.0,1.0,57.0,51.0,57.0,51.0
holdout,INGV,M_SR,188,0.5,7,0.9789987562388568,127,0.543859649122807,0.49019607843137253,57.0,51.0,31.0,25.0
holdout,INGV,M_SR,188,1.0,3,0.9656061845189332,130,0.543859649122807,0.49019607843137253,57.0,51.0,31.0,25.0
holdout,INGV,M_SR,188,1.5,2,0.9531457941209993,137,0.543859649122807,0.49019607843137253,57.0,51.0,31.0,25.0
holdout,INGV,M_SR,188,2.0,9,0.9409282271949999,142,0.543859649122807,0.49019607843137253,57.0,51.0,31.0,25.0
holdout,INGV,M_SR,188,3.0,3,0.9172933879099724,146,0.543859649122807,0.49019607843137253,57.0,51.0,31.0,25.0
holdout,INGV,M_SR,189,0.1,4,0.9939385574013562,107,1.0,1.0,57.0,51.0,57.0,51.0
holdout,INGV,M_SR,189,0.5,4,0.9789337633947068,126,1.0,1.0,57.0,51.0,57.0,51.0
holdout,INGV,M_SR,189,1.0,12345,0.9632118118048727,132,1.0,1.0,57.0,51.0,57.0,51.0
holdout,INGV,M_SR,189,1.5,1,0.9484684425245535,139,1.0,1.0,57.0,51.0,57.0,51.0
holdout,INGV,M_SR,189,2.0,14,0.934860414834912,146,1.0,1.0,57.0,51.0,57.0,51.0
holdout,INGV,M_SR,189,3.0,1,0.9124726741037201,151,1.0,1.0,57.0,51.0,57.0,51.0
holdout,INGV,M_SR,190,0.1,7,0.9931187491470577,101,1.0,1.0,57.0,51.0,57.0,51.0
holdout,INGV,M_SR,190,0.5,7,0.9772674727926894,116,1.0,1.0,57.0,51.0,57.0,51.0
holdout,INGV,M_SR,190,1.0,17,0.9620597755409865,127,0.6491228070175439,0.6078431372549019,57.0,51.0,37.0,31.0
holdout,INGV,M_SR,190,1.5,17,0.9482328273147976,138,0.6491228070175439,0.6078431372549019,57.0,51.0,37.0,31.0
holdout,INGV,M_SR,190,2.0,11,0.9349667907710006,140,0.6491228070175439,0.6078431372549019,57.0,51.0,37.0,31.0
holdout,INGV,M_SR,190,3.0,12345,0.9099171232019118,147,0.6491228070175439,0.6078431372549019,57.0,51.0,37.0,31.0
holdout,INGV,M_SR,191,0.1,15,0.9935220412533324,105,1.0,1.0,57.0,51.0,57.0,51.0
holdout,INGV,M_SR,191,0.5,3,0.9771554687924817,122,1.0,1.0,57.0,51.0,57.0,51.0
holdout,INGV,M_SR,191,1.0,3,0.9605746162105616,131,1.0,1.0,57.0,51.0,57.0,51.0
holdout,INGV,M_SR,191,1.5,13,0.946069596901536,137,0.543859649122807,0.49019607843137253,57.0,51.0,31.0,25.0
holdout,INGV,M_SR,191,2.0,13,0.9337434324887405,139,0.543859649122807,0.49019607843137253,57.0,51.0,31.0,25.0
holdout,INGV,M_SR,191,3.0,1,0.911483543746575,147,0.543859649122807,0.49019607843137253,57.0,51.0,31.0,25.0
holdout,INGV,M_SR,192,0.1,1,0.9935564165024552,102,1.0,1.0,57.0,51.0,57.0,51.0
holdout,INGV,M_SR,192,0.5,11,0.9781139463280437,120,0.9649122807017544,0.9607843137254902,57.0,51.0,55.0,49.0
holdout,INGV,M_SR,192,1.0,12345,0.964230588436609,129,0.9649122807017544,0.9607843137254902,57.0,51.0,55.0,49.0
holdout,INGV,M_SR,192,1.5,11,0.9520842288100201,133,0.9649122807017544,0.9607843137254902,57.0,51.0,55.0,49.0
holdout,INGV,M_SR,192,2.0,7,0.94051644955778,140,0.9649122807017544,0.9607843137254902,57.0,51.0,55.0,49.0
holdout,INGV,M_SR,192,3.0,14,0.9189813199056528,148,0.9649122807017544,0.9607843137254902,57.0,51.0,55.0,49.0
holdout,INGV,M_SR,193,0.1,18,0.9940244648598942,102,0.6491228070175439,0.6078431372549019,57.0,51.0,37.0,31.0
holdout,INGV,M_SR,193,0.5,18,0.9778657940360247,121,0.6491228070175439,0.6078431372549019,57.0,51.0,37.0,31.0
holdout,INGV,M_SR,193,1.0,6,0.9601711492176996,128,0.6491228070175439,0.6078431372549019,57.0,51.0,37.0,31.0
holdout,INGV,M_SR,193,1.5,2,0.9448045796624003,131,0.6491228070175439,0.6078431372549019,57.0,51.0,37.0,31.0
holdout,INGV,M_SR,193,2.0,12345,0.9312915668841084,136,0.6491228070175439,0.6078431372549019,57.0,51.0,37.0,31.0
holdout,INGV,M_SR,193,3.0,11,0.9056232257444551,140,0.6491228070175439,0.6078431372549019,57.0,51.0,37.0,31.0
holdout,INGV,M_SR,194,0.1,19,0.9938185968481513,105,1.0,1.0,57.0,51.0,57.0,51.0
holdout,INGV,M_SR,194,0.5,12345,0.978567912235814,124,1.0,1.0,57.0,51.0,57.0,51.0
holdout,INGV,M_SR,194,1.0,6,0.9632270417031141,130,1.0,1.0,57.0,51.0,57.0,51.0
holdout,INGV,M_SR,194,1.5,14,0.9493286266091581,134,1.0,1.0,57.0,51.0,57.0,51.0
holdout,INGV,M_SR,194,2.0,2,0.9356568295921388,139,1.0,1.0,57.0,51.0,57.0,51.0
holdout,INGV,M_SR,194,3.0,2,0.9102136403567325,147,1.0,1.0,57.0,51.0,57.0,51.0
holdout,INGV,M_SR,195,0.1,13,0.9930121833346647,98,1.0,1.0,57.0,51.0,57.0,51.0
holdout,INGV,M_SR,195,0.5,12,0.975675167099711,118,1.0,1.0,57.0,51.0,57.0,51.0
holdout,INGV,M_SR,195,1.0,9,0.9588208502997448,124,1.0,1.0,57.0,51.0,57.0,51.0
holdout,INGV,M_SR,195,1.5,12345,0.9445750905131859,131,1.0,1.0,57.0,51.0,57.0,51.0
holdout,INGV,M_SR,195,2.0,1,0.9310676031252296,133,1.0,1.0,57.0,51.0,57.0,51.0
holdout,INGV,M_SR,195,3.0,15,0.9074165800263604,143,0.9649122807017544,0.9607843137254902,57.0,51.0,55.0,49.0
holdout,INGV,M_SR,196,0.1,12,0.9935763718433972,103,1.0,1.0,57.0,51.0,57.0,51.0
holdout,INGV,M_SR,196,0.5,13,0.9773118806355218,118,1.0,1.0,57.0,51.0,57.0,51.0
holdout,INGV,M_SR,196,1.0,19,0.9626665683139578,127,1.0,1.0,57.0,51.0,57.0,51.0
holdout,INGV,M_SR,196,1.5,1,0.9497952089162696,133,1.0,1.0,57.0,51.0,57.0,51.0
holdout,INGV,M_SR,196,2.0,8,0.9369729789915557,136,1.0,1.0,57.0,51.0,57.0,51.0
holdout,INGV,M_SR,196,3.0,16,0.912527150258368,143,1.0,1.0,57.0,51.0,57.0,51.0
holdout,INGV,M_SR,197,0.1,8,0.993418279032055,100,1.0,1.0,57.0,51.0,57.0,51.0
holdout,INGV,M_SR,197,0.5,18,0.9761696034659308,120,1.0,1.0,57.0,51.0,57.0,51.0
holdout,INGV,M_SR,197,1.0,7,0.9594611958595805,128,1.0,1.0,57.0,51.0,57.0,51.0
holdout,INGV,M_SR,197,1.5,2,0.9457236385316957,134,1.0,1.0,57.0,51.0,57.0,51.0
holdout,INGV,M_SR,197,2.0,1,0.93264092224581,139,1.0,1.0,57.0,51.0,57.0,51.0
holdout,INGV,M_SR,197,3.0,12,0.9072449607722939,143,1.0,1.0,57.0,51.0,57.0,51.0
holdout,INGV,M_SR,198,0.1,10,0.9935016639191727,100,1.0,1.0,57.0,51.0,57.0,51.0
holdout,INGV,M_SR,198,0.5,1,0.9762387752586845,119,1.0,1.0,57.0,51.0,57.0,51.0
holdout,INGV,M_SR,198,1.0,2,0.9614875234873507,126,1.0,1.0,57.0,51.0,57.0,51.0
holdout,INGV,M_SR,198,1.5,2,0.9474354014990489,133,0.543859649122807,0.49019607843137253,57.0,51.0,31.0,25.0
holdout,INGV,M_SR,198,2.0,2,0.9336572916485371,138,0.543859649122807,0.49019607843137253,57.0,51.0,31.0,25.0
holdout,INGV,M_SR,198,3.0,6,0.909350213995064,146,0.543859649122807,0.49019607843137253,57.0,51.0,31.0,25.0
holdout,INGV,M_SR,199,0.1,18,0.9942430818263392,101,1.0,1.0,57.0,51.0,57.0,51.0
holdout,INGV,M_SR,199,0.5,3,0.9777671082925488,113,1.0,1.0,57.0,51.0,57.0,51.0
holdout,INGV,M_SR,199,1.0,10,0.9620985683218867,125,0.543859649122807,0.49019607843137253,57.0,51.0,31.0,25.0
holdout,INGV,M_SR,199,1.5,12,0.9493642827076607,133,0.543859649122807,0.49019607843137253,57.0,51.0,31.0,25.0
holdout,INGV,M_SR,199,2.0,11,0.9367875122790004,138,0.543859649122807,0.49019607843137253,57.0,51.0,31.0,25.0
holdout,INGV,M_SR,199,3.0,12345,0.91290344030766,143,0.543859649122807,0.49019607843137253,57.0,51.0,31.0,25.0
holdout,chuandian,observed,-1,0.1,17,0.9959857102686587,77,0.9443099273607748,0.9429280397022333,413.0,403.0,390.0,380.0
holdout,chuandian,observed,-1,0.5,14,0.986919595305003,107,0.9200968523002422,0.9181141439205955,413.0,403.0,380.0,370.0
holdout,chuandian,observed,-1,1.0,1,0.9765828159209773,117,0.9200968523002422,0.9181141439205955,413.0,403.0,380.0,370.0
holdout,chuandian,observed,-1,1.5,9,0.9665615632816736,122,0.9200968523002422,0.9181141439205955,413.0,403.0,380.0,370.0
holdout,chuandian,observed,-1,2.0,15,0.956599602819429,124,0.9200968523002422,0.9181141439205955,413.0,403.0,380.0,370.0
holdout,chuandian,observed,-1,3.0,12345,0.936758690568698,131,0.9200968523002422,0.9181141439205955,413.0,403.0,380.0,370.0
holdout,chuandian,M_SR,0,0.1,5,0.9948868949107867,69,1.0,1.0,413.0,403.0,413.0,403.0
holdout,chuandian,M_SR,0,0.5,5,0.9828561026621051,96,0.9733656174334141,0.9727047146401985,413.0,403.0,402.0,392.0
holdout,chuandian,M_SR,0,1.0,19,0.9701529084565808,104,0.9636803874092009,0.9627791563275434,413.0,403.0,398.0,388.0
holdout,chuandian,M_SR,0,1.5,19,0.9584946900408785,113,0.910411622276029,0.9081885856079405,413.0,403.0,376.0,366.0
holdout,chuandian,M_SR,0,2.0,2,0.9475911217638988,115,0.910411622276029,0.9081885856079405,413.0,403.0,376.0,366.0
holdout,chuandian,M_SR,0,3.0,6,0.9258545544783151,122,0.910411622276029,0.9081885856079405,413.0,403.0,376.0,366.0
holdout,chuandian,M_SR,1,0.1,9,0.993666268919294,73,0.9733656174334141,0.9727047146401985,413.0,403.0,402.0,392.0
holdout,chuandian,M_SR,1,0.5,4,0.9808048164006564,98,0.8958837772397095,0.8933002481389578,413.0,403.0,370.0,360.0
holdout,chuandian,M_SR,1,1.0,12,0.9688150909447641,108,0.8958837772397095,0.8933002481389578,413.0,403.0,370.0,360.0
holdout,chuandian,M_SR,1,1.5,12,0.9574424316116266,116,0.8958837772397095,0.8933002481389578,413.0,403.0,370.0,360.0
holdout,chuandian,M_SR,1,2.0,15,0.9468863000729706,120,0.9733656174334141,0.9727047146401985,413.0,403.0,402.0,392.0
holdout,chuandian,M_SR,1,3.0,19,0.925890475978076,124,0.9733656174334141,0.9727047146401985,413.0,403.0,402.0,392.0
holdout,chuandian,M_SR,2,0.1,12345,0.9947309852080486,78,0.8716707021791767,0.8684863523573201,413.0,403.0,360.0,350.0
holdout,chuandian,M_SR,2,0.5,12,0.9847550539433672,102,0.8716707021791767,0.8684863523573201,413.0,403.0,360.0,350.0
holdout,chuandian,M_SR,2,1.0,18,0.9739750769069959,109,0.9200968523002422,0.9181141439205955,413.0,403.0,380.0,370.0
holdout,chuandian,M_SR,2,1.5,12,0.963685230885582,116,0.9200968523002422,0.9181141439205955,413.0,403.0,380.0,370.0
holdout,chuandian,M_SR,2,2.0,12345,0.9534572649196389,121,0.847457627118644,0.8436724565756824,413.0,403.0,350.0,340.0
holdout,chuandian,M_SR,2,3.0,12,0.9331900233567687,130,0.847457627118644,0.8436724565756824,413.0,403.0,350.0,340.0
holdout,chuandian,M_SR,3,0.1,1,0.9943290106870822,71,0.9443099273607748,0.9429280397022333,413.0,403.0,390.0,380.0
holdout,chuandian,M_SR,3,0.5,19,0.9831200318873635,96,0.9200968523002422,0.9181141439205955,413.0,403.0,380.0,370.0
holdout,chuandian,M_SR,3,1.0,1,0.9713726438443285,109,0.9200968523002422,0.9181141439205955,413.0,403.0,380.0,370.0
holdout,chuandian,M_SR,3,1.5,16,0.9606598081664521,118,0.9200968523002422,0.9181141439205955,413.0,403.0,380.0,370.0
holdout,chuandian,M_SR,3,2.0,3,0.9502362116918793,125,0.9200968523002422,0.9181141439205955,413.0,403.0,380.0,370.0
holdout,chuandian,M_SR,3,3.0,13,0.9297237415237515,134,0.9200968523002422,0.9181141439205955,413.0,403.0,380.0,370.0
holdout,chuandian,M_SR,4,0.1,11,0.9942745561996784,80,0.9636803874092009,0.9627791563275434,413.0,403.0,398.0,388.0
holdout,chuandian,M_SR,4,0.5,18,0.9833271151287972,100,0.9636803874092009,0.9627791563275434,413.0,403.0,398.0,388.0
holdout,chuandian,M_SR,4,1.0,4,0.9712734820614747,107,0.9733656174334141,0.9727047146401985,413.0,403.0,402.0,392.0
holdout,chuandian,M_SR,4,1.5,11,0.9597485110971187,114,0.9733656174334141,0.9727047146401985,413.0,403.0,402.0,392.0
holdout,chuandian,M_SR,4,2.0,11,0.9484886612604746,119,0.9733656174334141,0.9727047146401985,413.0,403.0,402.0,392.0
holdout,chuandian,M_SR,4,3.0,7,0.9262035543987692,125,0.9636803874092009,0.9627791563275434,413.0,403.0,398.0,388.0
holdout,chuandian,M_SR,5,0.1,12345,0.9944779582167473,74,0.9200968523002422,0.9181141439205955,413.0,403.0,380.0,370.0
holdout,chuandian,M_SR,5,0.5,14,0.9821664362032217,97,0.8716707021791767,0.8684863523573201,413.0,403.0,360.0,350.0
holdout,chuandian,M_SR,5,1.0,12345,0.9695270659625707,109,0.847457627118644,0.8436724565756824,413.0,403.0,350.0,340.0
holdout,chuandian,M_SR,5,1.5,1,0.9573821809105433,115,0.847457627118644,0.8436724565756824,413.0,403.0,350.0,340.0
holdout,chuandian,M_SR,5,2.0,14,0.9459332672569813,121,0.847457627118644,0.8436724565756824,413.0,403.0,350.0,340.0
holdout,chuandian,M_SR,5,3.0,12345,0.9236115407148571,131,0.847457627118644,0.8436724565756824,413.0,403.0,350.0,340.0
holdout,chuandian,M_SR,6,0.1,18,0.9936463368774963,69,0.9200968523002422,0.9181141439205955,413.0,403.0,380.0,370.0
holdout,chuandian,M_SR,6,0.5,18,0.9825245709592264,95,0.9200968523002422,0.9181141439205955,413.0,403.0,380.0,370.0
holdout,chuandian,M_SR,6,1.0,1,0.9708438472771587,104,0.9200968523002422,0.9181141439205955,413.0,403.0,380.0,370.0
holdout,chuandian,M_SR,6,1.5,7,0.9599798575359884,116,0.9200968523002422,0.9181141439205955,413.0,403.0,380.0,370.0
holdout,chuandian,M_SR,6,2.0,17,0.9499156241947174,122,0.9200968523002422,0.9181141439205955,413.0,403.0,380.0,370.0
holdout,chuandian,M_SR,6,3.0,12,0.9303089419646781,130,0.9200968523002422,0.9181141439205955,413.0,403.0,380.0,370.0
holdout,chuandian,M_SR,7,0.1,12345,0.9944510405084481,71,0.9200968523002422,0.9181141439205955,413.0,403.0,380.0,370.0
holdout,chuandian,M_SR,7,0.5,2,0.9830618460684744,95,0.9443099273607748,0.9429280397022333,413.0,403.0,390.0,380.0
holdout,chuandian,M_SR,7,1.0,6,0.9709345600014985,104,0.9200968523002422,0.9181141439205955,413.0,403.0,380.0,370.0
holdout,chuandian,M_SR,7,1.5,3,0.9591725158330388,114,0.9200968523002422,0.9181141439205955,413.0,403.0,380.0,370.0
holdout,chuandian,M_SR,7,2.0,3,0.9480211476902919,116,0.9200968523002422,0.9181141439205955,413.0,403.0,380.0,370.0
holdout,chuandian,M_SR,7,3.0,1,0.9265316566360515,128,0.9200968523002422,0.9181141439205955,413.0,403.0,380.0,370.0
holdout,chuandian,M_SR,8,0.1,16,0.9940179706464982,72,0.9443099273607748,0.9429280397022333,413.0,403.0,390.0,380.0
holdout,chuandian,M_SR,8,0.5,19,0.9820736754849322,102,0.9200968523002422,0.9181141439205955,413.0,403.0,380.0,370.0
holdout,chuandian,M_SR,8,1.0,3,0.9695084038318738,113,0.9733656174334141,0.9727047146401985,413.0,403.0,402.0,392.0
holdout,chuandian,M_SR,8,1.5,12345,0.9575406344274041,121,0.9733656174334141,0.9727047146401985,413.0,403.0,402.0,392.0
holdout,chuandian,M_SR,8,2.0,18,0.9461459673384274,125,0.9733656174334141,0.9727047146401985,413.0,403.0,402.0,392.0
holdout,chuandian,M_SR,8,3.0,6,0.9239527825819098,132,0.9200968523002422,0.9181141439205955,413.0,403.0,380.0,370.0
holdout,chuandian,M_SR,9,0.1,11,0.9947217483501136,73,0.9200968523002422,0.9181141439205955,413.0,403.0,380.0,370.0
holdout,chuandian,M_SR,9,0.5,4,0.9840860975489641,99,0.9200968523002422,0.9181141439205955,413.0,403.0,380.0,370.0
holdout,chuandian,M_SR,9,1.0,3,0.9728381291905356,106,0.9200968523002422,0.9181141439205955,413.0,403.0,380.0,370.0
holdout,chuandian,M_SR,9,1.5,12345,0.9618350690403487,111,0.847457627118644,0.8436724565756824,413.0,403.0,350.0,340.0
holdout,chuandian,M_SR,9,2.0,12345,0.9510625797255425,119,0.847457627118644,0.8436724565756824,413.0,403.0,350.0,340.0
holdout,chuandian,M_SR,9,3.0,1,0.9301722687343748,123,0.847457627118644,0.8436724565756824,413.0,403.0,350.0,340.0
holdout,chuandian,M_SR,10,0.1,2,0.9944575144306134,74,0.9443099273607748,0.9429280397022333,413.0,403.0,390.0,380.0
holdout,chuandian,M_SR,10,0.5,2,0.9829082187348347,92,0.847457627118644,0.8436724565756824,413.0,403.0,350.0,340.0
holdout,chuandian,M_SR,10,1.0,9,0.9709893337608401,105,0.847457627118644,0.8436724565756824,413.0,403.0,350.0,340.0
holdout,chuandian,M_SR,10,1.5,17,0.9603106316331711,116,0.847457627118644,0.8436724565756824,413.0,403.0,350.0,340.0
holdout,chuandian,M_SR,10,2.0,16,0.949817962020779,124,0.847457627118644,0.8436724565756824,413.0,403.0,350.0,340.0
holdout,chuandian,M_SR,10,3.0,6,0.9300548733289845,130,0.847457627118644,0.8436724565756824,413.0,403.0,350.0,340.0
holdout,chuandian,M_SR,11,0.1,7,0.9946962943757548,76,0.9200968523002422,0.9181141439205955,413.0,403.0,380.0,370.0
holdout,chuandian,M_SR,11,0.5,14,0.9840791359436687,98,0.9733656174334141,0.9727047146401985,413.0,403.0,402.0,392.0
holdout,chuandian,M_SR,11,1.0,6,0.9729753263214533,108,0.9200968523002422,0.9181141439205955,413.0,403.0,380.0,370.0
holdout,chuandian,M_SR,11,1.5,12,0.9622059840871481,113,0.9200968523002422,0.9181141439205955,413.0,403.0,380.0,370.0
holdout,chuandian,M_SR,11,2.0,10,0.9517434237109662,119,0.9200968523002422,0.9181141439205955,413.0,403.0,380.0,370.0
holdout,chuandian,M_SR,11,3.0,6,0.9311779688040227,127,0.9200968523002422,0.9181141439205955,413.0,403.0,380.0,370.0
holdout,chuandian,M_SR,12,0.1,6,0.9940711405135895,70,0.910411622276029,0.9081885856079405,413.0,403.0,376.0,366.0
holdout,chuandian,M_SR,12,0.5,14,0.9827462746464648,96,0.910411622276029,0.9081885856079405,413.0,403.0,376.0,366.0
holdout,chuandian,M_SR,12,1.0,12,0.970384777553949,106,0.9200968523002422,0.9181141439205955,413.0,403.0,380.0,370.0
holdout,chuandian,M_SR,12,1.5,8,0.959373446746172,114,0.9200968523002422,0.9181141439205955,413.0,403.0,380.0,370.0
holdout,chuandian,M_SR,12,2.0,15,0.9488142948830026,117,0.9200968523002422,0.9181141439205955,413.0,403.0,380.0,370.0
holdout,chuandian,M_SR,12,3.0,10,0.9281784572856412,128,0.9200968523002422,0.9181141439205955,413.0,403.0,380.0,370.0
holdout,chuandian,M_SR,13,0.1,14,0.9946104968933066,73,0.9733656174334141,0.9727047146401985,413.0,403.0,402.0,392.0
holdout,chuandian,M_SR,13,0.5,12345,0.9833417116348567,95,0.9733656174334141,0.9727047146401985,413.0,403.0,402.0,392.0
holdout,chuandian,M_SR,13,1.0,8,0.9717162309553643,104,0.9636803874092009,0.9627791563275434,413.0,403.0,398.0,388.0
holdout,chuandian,M_SR,13,1.5,3,0.9604371301553078,111,0.9636803874092009,0.9627791563275434,413.0,403.0,398.0,388.0
holdout,chuandian,M_SR,13,2.0,3,0.9496562175794756,116,0.9636803874092009,0.9627791563275434,413.0,403.0,398.0,388.0
holdout,chuandian,M_SR,13,3.0,3,0.9294689222966696,123,0.9636803874092009,0.9627791563275434,413.0,403.0,398.0,388.0
holdout,chuandian,M_SR,14,0.1,1,0.9945702924393369,75,0.9636803874092009,0.9627791563275434,413.0,403.0,398.0,388.0
holdout,chuandian,M_SR,14,0.5,11,0.9839593353889703,100,0.8910411622276029,0.8883374689826302,413.0,403.0,368.0,358.0
holdout,chuandian,M_SR,14,1.0,11,0.9730804066117078,109,0.9636803874092009,0.9627791563275434,413.0,403.0,398.0,388.0
holdout,chuandian,M_SR,14,1.5,19,0.9628231532590018,113,0.9636803874092009,0.9627791563275434,413.0,403.0,398.0,388.0
holdout,chuandian,M_SR,14,2.0,18,0.9527337939459123,123,0.8910411622276029,0.8883374689826302,413.0,403.0,368.0,358.0
holdout,chuandian,M_SR,14,3.0,4,0.9328562332113753,133,0.8910411622276029,0.8883374689826302,413.0,403.0,368.0,358.0
holdout,chuandian,M_SR,15,0.1,3,0.9942123700629344,78,0.9636803874092009,0.9627791563275434,413.0,403.0,398.0,388.0
holdout,chuandian,M_SR,15,0.5,11,0.9826418664874874,103,0.9539951573849879,0.9528535980148883,413.0,403.0,394.0,384.0
holdout,chuandian,M_SR,15,1.0,7,0.9703203645261224,116,0.9636803874092009,0.9627791563275434,413.0,403.0,398.0,388.0
holdout,chuandian,M_SR,15,1.5,7,0.9592299061945453,119,0.9636803874092009,0.9627791563275434,413.0,403.0,398.0,388.0
holdout,chuandian,M_SR,15,2.0,13,0.9486734472552129,125,0.9539951573849879,0.9528535980148883,413.0,403.0,394.0,384.0
holdout,chuandian,M_SR,15,3.0,5,0.9284813365352071,133,0.9539951573849879,0.9528535980148883,413.0,403.0,394.0,384.0
holdout,chuandian,M_SR,16,0.1,1,0.9945897042393531,74,0.9878934624697336,0.9875930521091811,413.0,403.0,408.0,398.0
holdout,chuandian,M_SR,16,0.5,1,0.9835797762531521,97,0.9636803874092009,0.9627791563275434,413.0,403.0,398.0,388.0
holdout,chuandian,M_SR,16,1.0,1,0.9710635815458843,108,0.9636803874092009,0.9627791563275434,413.0,403.0,398.0,388.0
holdout,chuandian,M_SR,16,1.5,1,0.9590396288567145,116,0.8910411622276029,0.8883374689826302,413.0,403.0,368.0,358.0
holdout,chuandian,M_SR,16,2.0,8,0.9477220079835624,124,0.8910411622276029,0.8883374689826302,413.0,403.0,368.0,358.0
holdout,chuandian,M_SR,16,3.0,8,0.9255406902008619,130,0.8910411622276029,0.8883374689826302,413.0,403.0,368.0,358.0
holdout,chuandian,M_SR,17,0.1,19,0.994518293813749,75,0.8716707021791767,0.8684863523573201,413.0,403.0,360.0,350.0
holdout,chuandian,M_SR,17,0.5,6,0.9837511046176337,99,0.9200968523002422,0.9181141439205955,413.0,403.0,380.0,370.0
holdout,chuandian,M_SR,17,1.0,12345,0.9718371662728442,107,0.9200968523002422,0.9181141439205955,413.0,403.0,380.0,370.0
holdout,chuandian,M_SR,17,1.5,8,0.9602839619809252,113,0.9200968523002422,0.9181141439205955,413.0,403.0,380.0,370.0
holdout,chuandian,M_SR,17,2.0,1,0.9490706996019863,120,0.9200968523002422,0.9181141439205955,413.0,403.0,380.0,370.0
holdout,chuandian,M_SR,17,3.0,14,0.9275998078073893,127,0.9200968523002422,0.9181141439205955,413.0,403.0,380.0,370.0
holdout,chuandian,M_SR,18,0.1,10,0.9948033204334273,76,0.9733656174334141,0.9727047146401985,413.0,403.0,402.0,392.0
holdout,chuandian,M_SR,18,0.5,16,0.983519511731799,99,0.9636803874092009,0.9627791563275434,413.0,403.0,398.0,388.0
holdout,chuandian,M_SR,18,1.0,11,0.9714016970684638,109,0.9636803874092009,0.9627791563275434,413.0,403.0,398.0,388.0
holdout,chuandian,M_SR,18,1.5,5,0.95987463092513,116,0.9636803874092009,0.9627791563275434,413.0,403.0,398.0,388.0
holdout,chuandian,M_SR,18,2.0,18,0.948783049611253,122,0.9636803874092009,0.9627791563275434,413.0,403.0,398.0,388.0
holdout,chuandian,M_SR,18,3.0,15,0.9277529983505693,130,0.9636803874092009,0.9627791563275434,413.0,403.0,398.0,388.0
holdout,chuandian,M_SR,19,0.1,7,0.9948182953006794,75,0.9200968523002422,0.9181141439205955,413.0,403.0,380.0,370.0
holdout,chuandian,M_SR,19,0.5,18,0.9842905225924118,99,0.9200968523002422,0.9181141439205955,413.0,403.0,380.0,370.0
holdout,chuandian,M_SR,19,1.0,9,0.9730251960382782,108,0.9200968523002422,0.9181141439205955,413.0,403.0,380.0,370.0
holdout,chuandian,M_SR,19,1.5,3,0.961993716232025,113,0.9200968523002422,0.9181141439205955,413.0,403.0,380.0,370.0
holdout,chuandian,M_SR,19,2.0,18,0.9510030468299032,120,0.9200968523002422,0.9181141439205955,413.0,403.0,380.0,370.0
holdout,chuandian,M_SR,19,3.0,10,0.9295925578676213,131,0.9200968523002422,0.9181141439205955,413.0,403.0,380.0,370.0
holdout,chuandian,M_SR,20,0.1,19,0.9937516424139959,73,0.9200968523002422,0.9181141439205955,413.0,403.0,380.0,370.0
holdout,chuandian,M_SR,20,0.5,12345,0.9817380335671547,94,0.9200968523002422,0.9181141439205955,413.0,403.0,380.0,370.0
holdout,chuandian,M_SR,20,1.0,6,0.9696462963462539,111,0.847457627118644,0.8436724565756824,413.0,403.0,350.0,340.0
holdout,chuandian,M_SR,20,1.5,6,0.958175063561234,118,0.847457627118644,0.8436724565756824,413.0,403.0,350.0,340.0
holdout,chuandian,M_SR,20,2.0,6,0.947217597487564,122,0.847457627118644,0.8436724565756824,413.0,403.0,350.0,340.0
holdout,chuandian,M_SR,20,3.0,16,0.9257734728175578,128,0.847457627118644,0.8436724565756824,413.0,403.0,350.0,340.0
holdout,chuandian,M_SR,21,0.1,4,0.994100855159357,77,0.9200968523002422,0.9181141439205955,413.0,403.0,380.0,370.0
holdout,chuandian,M_SR,21,0.5,13,0.9830477597288979,101,0.9394673123486683,0.9379652605459057,413.0,403.0,388.0,378.0
holdout,chuandian,M_SR,21,1.0,13,0.9719644710750637,115,0.9200968523002422,0.9181141439205955,413.0,403.0,380.0,370.0
holdout,chuandian,M_SR,21,1.5,13,0.9617065183191151,124,0.9200968523002422,0.9181141439205955,413.0,403.0,380.0,370.0
holdout,chuandian,M_SR,21,2.0,13,0.9514770243911271,125,0.9200968523002422,0.9181141439205955,413.0,403.0,380.0,370.0
holdout,chuandian,M_SR,21,3.0,3,0.9311521138316443,131,0.9200968523002422,0.9181141439205955,413.0,403.0,380.0,370.0
holdout,chuandian,M_SR,22,0.1,2,0.9947706654925651,70,0.9636803874092009,0.9627791563275434,413.0,403.0,398.0,388.0
holdout,chuandian,M_SR,22,0.5,13,0.9836978312975924,98,0.9636803874092009,0.9627791563275434,413.0,403.0,398.0,388.0
holdout,chuandian,M_SR,22,1.0,18,0.9723327646049512,110,0.9636803874092009,0.9627791563275434,413.0,403.0,398.0,388.0
holdout,chuandian,M_SR,22,1.5,10,0.9614700058617673,118,0.9636803874092009,0.9627791563275434,413.0,403.0,398.0,388.0
holdout,chuandian,M_SR,22,2.0,10,0.9511975054647878,123,0.9636803874092009,0.9627791563275434,413.0,403.0,398.0,388.0
holdout,chuandian,M_SR,22,3.0,5,0.9314795824951185,129,0.9636803874092009,0.9627791563275434,413.0,403.0,398.0,388.0
holdout,chuandian,M_SR,23,0.1,3,0.9947817412141766,73,0.9200968523002422,0.9181141439205955,413.0,403.0,380.0,370.0
holdout,chuandian,M_SR,23,0.5,15,0.9836461751551997,96,0.9200968523002422,0.9181141439205955,413.0,403.0,380.0,370.0
holdout,chuandian,M_SR,23,1.0,11,0.9720449360047879,109,0.9200968523002422,0.9181141439205955,413.0,403.0,380.0,370.0
holdout,chuandian,M_SR,23,1.5,19,0.9612357637821163,119,0.9200968523002422,0.9181141439205955,413.0,403.0,380.0,370.0
holdout,chuandian,M_SR,23,2.0,19,0.9514938293338624,122,0.9200968523002422,0.9181141439205955,413.0,403.0,380.0,370.0
holdout,chuandian,M_SR,23,3.0,15,0.9321703859847976,128,0.9200968523002422,0.9181141439205955,413.0,403.0,380.0,370.0
holdout,chuandian,M_SR,24,0.1,10,0.994669499279099,76,0.8983050847457628,0.8957816377171216,413.0,403.0,371.0,361.0
holdout,chuandian,M_SR,24,0.5,12345,0.9841536851241821,104,0.8983050847457628,0.8957816377171216,413.0,403.0,371.0,361.0
holdout,chuandian,M_SR,24,1.0,10,0.9731006221029237,113,0.9757869249394673,0.9751861042183623,413.0,403.0,403.0,393.0
holdout,chuandian,M_SR,24,1.5,2,0.9624465568430587,118,0.9757869249394673,0.9751861042183623,413.0,403.0,403.0,393.0
holdout,chuandian,M_SR,24,2.0,7,0.9522397246318847,123,0.9757869249394673,0.9751861042183623,413.0,403.0,403.0,393.0
holdout,chuandian,M_SR,24,3.0,14,0.9320974846460571,129,0.8837772397094431,0.8808933002481389,413.0,403.0,365.0,355.0
holdout,chuandian,M_SR,25,0.1,16,0.9944071545493307,67,0.9636803874092009,0.9627791563275434,413.0,403.0,398.0,388.0
holdout,chuandian,M_SR,25,0.5,8,0.9839934588839725,96,0.8910411622276029,0.8883374689826302,413.0,403.0,368.0,358.0
holdout,chuandian,M_SR,25,1.0,12345,0.9730679326649918,109,0.8910411622276029,0.8883374689826302,413.0,403.0,368.0,358.0
holdout,chuandian,M_SR,25,1.5,19,0.9626926436259781,116,0.9636803874092009,0.9627791563275434,413.0,403.0,398.0,388.0
holdout,chuandian,M_SR,25,2.0,7,0.952587589334613,118,0.9636803874092009,0.9627791563275434,413.0,403.0,398.0,388.0
holdout,chuandian,M_SR,25,3.0,13,0.9326526382833676,125,0.8910411622276029,0.8883374689826302,413.0,403.0,368.0,358.0
holdout,chuandian,M_SR,26,0.1,12,0.994486943563756,74,0.9200968523002422,0.9181141439205955,413.0,403.0,380.0,370.0
holdout,chuandian,M_SR,26,0.5,2,0.9832877052317114,99,0.9394673123486683,0.9379652605459057,413.0,403.0,388.0,378.0
holdout,chuandian,M_SR,26,1.0,8,0.971917353734533,107,0.9200968523002422,0.9181141439205955,413.0,403.0,380.0,370.0
holdout,chuandian,M_SR,26,1.5,13,0.9611845214199887,114,0.9200968523002422,0.9181141439205955,413.0,403.0,380.0,370.0
holdout,chuandian,M_SR,26,2.0,12,0.9506715748208147,120,0.9200968523002422,0.9181141439205955,413.0,403.0,380.0,370.0
holdout,chuandian,M_SR,26,3.0,12,0.9298285543248451,124,0.9200968523002422,0.9181141439205955,413.0,403.0,380.0,370.0
holdout,chuandian,M_SR,27,0.1,2,0.994051742328572,70,0.9636803874092009,0.9627791563275434,413.0,403.0,398.0,388.0
holdout,chuandian,M_SR,27,0.5,17,0.982063001065267,94,0.9636803874092009,0.9627791563275434,413.0,403.0,398.0,388.0
holdout,chuandian,M_SR,27,1.0,4,0.969506143396038,107,0.9636803874092009,0.9627791563275434,413.0,403.0,398.0,388.0
holdout,chuandian,M_SR,27,1.5,2,0.9582367136607821,117,0.9636803874092009,0.9627791563275434,413.0,403.0,398.0,388.0
holdout,chuandian,M_SR,27,2.0,12,0.9477551678557743,123,0.9636803874092009,0.9627791563275434,413.0,403.0,398.0,388.0
holdout,chuandian,M_SR,27,3.0,11,0.927072870175126,134,0.9636803874092009,0.9627791563275434,413.0,403.0,398.0,388.0
holdout,chuandian,M_SR,28,0.1,19,0.9944909504680289,74,0.8983050847457628,0.8957816377171216,413.0,403.0,371.0,361.0
holdout,chuandian,M_SR,28,0.5,6,0.983249508975184,96,0.8983050847457628,0.8957816377171216,413.0,403.0,371.0,361.0
holdout,chuandian,M_SR,28,1.0,7,0.9713318217450718,105,0.8837772397094431,0.8808933002481389,413.0,403.0,365.0,355.0
holdout,chuandian,M_SR,28,1.5,15,0.9601755752333455,111,0.8062953995157385,0.8014888337468983,413.0,403.0,333.0,323.0
holdout,chuandian,M_SR,28,2.0,6,0.9496106691236894,115,0.8305084745762712,0.826302729528536,413.0,403.0,343.0,333.0
holdout,chuandian,M_SR,28,3.0,4,0.9286944053649289,122,0.7578692493946732,0.7518610421836228,413.0,403.0,313.0,303.0
holdout,chuandian,M_SR,29,0.1,17,0.9947112053919596,75,0.9200968523002422,0.9181141439205955,413.0,403.0,380.0,370.0
holdout,chuandian,M_SR,29,0.5,8,0.983753026690626,95,0.8958837772397095,0.8933002481389578,413.0,403.0,370.0,360.0
holdout,chuandian,M_SR,29,1.0,3,0.9713854857966943,104,0.9200968523002422,0.9181141439205955,413.0,403.0,380.0,370.0
holdout,chuandian,M_SR,29,1.5,15,0.9602688071086894,116,0.9200968523002422,0.9181141439205955,413.0,403.0,380.0,370.0
holdout,chuandian,M_SR,29,2.0,4,0.949670712240065,120,0.9200968523002422,0.9181141439205955,413.0,403.0,380.0,370.0
holdout,chuandian,M_SR,29,3.0,3,0.9285730445015419,124,0.9200968523002422,0.9181141439205955,413.0,403.0,380.0,370.0
holdout,chuandian,M_SR,30,0.1,10,0.9940876457026959,72,0.9661016949152542,0.9652605459057072,413.0,403.0,399.0,389.0
holdout,chuandian,M_SR,30,0.5,9,0.9836350165042711,102,0.9636803874092009,0.9627791563275434,413.0,403.0,398.0,388.0
holdout,chuandian,M_SR,30,1.0,4,0.9724034479057524,109,0.9636803874092009,0.9627791563275434,413.0,403.0,398.0,388.0
holdout,chuandian,M_SR,30,1.5,19,0.9616775005981077,115,0.9636803874092009,0.9627791563275434,413.0,403.0,398.0,388.0
holdout,chuandian,M_SR,30,2.0,19,0.9511256974541578,119,0.8910411622276029,0.8883374689826302,413.0,403.0,368.0,358.0
holdout,chuandian,M_SR,30,3.0,3,0.9301304344916359,126,0.8910411622276029,0.8883374689826302,413.0,403.0,368.0,358.0
holdout,chuandian,M_SR,31,0.1,6,0.995040977626308,76,0.9200968523002422,0.9181141439205955,413.0,403.0,380.0,370.0
holdout,chuandian,M_SR,31,0.5,2,0.9843058441001115,97,0.9200968523002422,0.9181141439205955,413.0,403.0,380.0,370.0
holdout,chuandian,M_SR,31,1.0,2,0.9728026735737384,107,0.9200968523002422,0.9181141439205955,413.0,403.0,380.0,370.0
holdout,chuandian,M_SR,31,1.5,19,0.9617579971309236,111,0.9200968523002422,0.9181141439205955,413.0,403.0,380.0,370.0
holdout,chuandian,M_SR,31,2.0,1,0.9508139770493231,121,0.9200968523002422,0.9181141439205955,413.0,403.0,380.0,370.0
holdout,chuandian,M_SR,31,3.0,6,0.9298815373566686,133,0.9200968523002422,0.9181141439205955,413.0,403.0,380.0,370.0
holdout,chuandian,M_SR,32,0.1,8,0.995041839784663,76,0.847457627118644,0.8436724565756824,413.0,403.0,350.0,340.0
holdout,chuandian,M_SR,32,0.5,17,0.9847398664182327,102,0.847457627118644,0.8436724565756824,413.0,403.0,350.0,340.0
holdout,chuandian,M_SR,32,1.0,10,0.9740595692390651,115,0.847457627118644,0.8436724565756824,413.0,403.0,350.0,340.0
holdout,chuandian,M_SR,32,1.5,15,0.9635719067582175,122,0.847457627118644,0.8436724565756824,413.0,403.0,350.0,340.0
holdout,chuandian,M_SR,32,2.0,10,0.9532133764920554,126,0.847457627118644,0.8436724565756824,413.0,403.0,350.0,340.0
holdout,chuandian,M_SR,32,3.0,15,0.9326915006808854,135,0.847457627118644,0.8436724565756824,413.0,403.0,350.0,340.0
holdout,chuandian,M_SR,33,0.1,8,0.9945683289951625,73,0.9878934624697336,0.9875930521091811,413.0,403.0,408.0,398.0
holdout,chuandian,M_SR,33,0.5,5,0.9836092498379637,98,0.9636803874092009,0.9627791563275434,413.0,403.0,398.0,388.0
holdout,chuandian,M_SR,33,1.0,6,0.9721101510527081,107,0.9636803874092009,0.9627791563275434,413.0,403.0,398.0,388.0
holdout,chuandian,M_SR,33,1.5,11,0.9612204541706287,114,0.9636803874092009,0.9627791563275434,413.0,403.0,398.0,388.0
holdout,chuandian,M_SR,33,2.0,14,0.9505494694949915,118,0.9636803874092009,0.9627791563275434,413.0,403.0,398.0,388.0
holdout,chuandian,M_SR,33,3.0,7,0.9294984336708418,127,0.9636803874092009,0.9627791563275434,413.0,403.0,398.0,388.0
holdout,chuandian,M_SR,34,0.1,19,0.9946054857425422,75,0.8958837772397095,0.8933002481389578,413.0,403.0,370.0,360.0
holdout,chuandian,M_SR,34,0.5,12345,0.9833337238569244,96,0.9636803874092009,0.9627791563275434,413.0,403.0,398.0,388.0
holdout,chuandian,M_SR,34,1.0,8,0.971536934711747,111,0.9636803874092009,0.9627791563275434,413.0,403.0,398.0,388.0
holdout,chuandian,M_SR,34,1.5,12345,0.9600690429928403,116,0.9636803874092009,0.9627791563275434,413.0,403.0,398.0,388.0
holdout,chuandian,M_SR,34,2.0,8,0.9486481403657795,121,0.9636803874092009,0.9627791563275434,413.0,403.0,398.0,388.0
holdout,chuandian,M_SR,34,3.0,3,0.9263904888262892,128,0.9636803874092009,0.9627791563275434,413.0,403.0,398.0,388.0
holdout,chuandian,M_SR,35,0.1,18,0.9945878101906479,70,0.9200968523002422,0.9181141439205955,413.0,403.0,380.0,370.0
holdout,chuandian,M_SR,35,0.5,18,0.9830242111515085,98,0.9200968523002422,0.9181141439205955,413.0,403.0,380.0,370.0
holdout,chuandian,M_SR,35,1.0,18,0.9705588461822449,111,0.9200968523002422,0.9181141439205955,413.0,403.0,380.0,370.0
holdout,chuandian,M_SR,35,1.5,12345,0.9586458200448924,116,0.9200968523002422,0.9181141439205955,413.0,403.0,380.0,370.0
holdout,chuandian,M_SR,35,2.0,12345,0.9471520632766054,118,0.9200968523002422,0.9181141439205955,413.0,403.0,380.0,370.0
holdout,chuandian,M_SR,35,3.0,1,0.9260250801130014,126,0.9200968523002422,0.9181141439205955,413.0,403.0,380.0,370.0
holdout,chuandian,M_SR,36,0.1,4,0.9944596805659822,73,0.8958837772397095,0.8933002481389578,413.0,403.0,370.0,360.0
holdout,chuandian,M_SR,36,0.5,9,0.9835314054015603,94,0.8958837772397095,0.8933002481389578,413.0,403.0,370.0,360.0
holdout,chuandian,M_SR,36,1.0,9,0.971398050460035,103,0.8958837772397095,0.8933002481389578,413.0,403.0,370.0,360.0
holdout,chuandian,M_SR,36,1.5,1,0.9597383258357418,110,0.8958837772397095,0.8933002481389578,413.0,403.0,370.0,360.0
holdout,chuandian,M_SR,36,2.0,16,0.948538388752147,118,0.8958837772397095,0.8933002481389578,413.0,403.0,370.0,360.0
holdout,chuandian,M_SR,36,3.0,14,0.9263704289438073,127,0.8958837772397095,0.8933002481389578,413.0,403.0,370.0,360.0
holdout,chuandian,M_SR,37,0.1,5,0.9946153026052211,76,0.9661016949152542,0.9652605459057072,413.0,403.0,399.0,389.0
holdout,chuandian,M_SR,37,0.5,13,0.9841957225044344,98,0.8910411622276029,0.8883374689826302,413.0,403.0,368.0,358.0
holdout,chuandian,M_SR,37,1.0,10,0.9733976675645912,111,0.8910411622276029,0.8883374689826302,413.0,403.0,368.0,358.0
holdout,chuandian,M_SR,37,1.5,9,0.9628927782896335,114,0.8910411622276029,0.8883374689826302,413.0,403.0,368.0,358.0
holdout,chuandian,M_SR,37,2.0,18,0.9527454034236801,117,0.8910411622276029,0.8883374689826302,413.0,403.0,368.0,358.0
holdout,chuandian,M_SR,37,3.0,6,0.9326959424910777,127,0.8910411622276029,0.8883374689826302,413.0,403.0,368.0,358.0
holdout,chuandian,M_SR,38,0.1,6,0.994741171961251,75,0.9225181598062954,0.9205955334987593,413.0,403.0,381.0,371.0
holdout,chuandian,M_SR,38,0.5,11,0.9840521760060569,102,0.9200968523002422,0.9181141439205955,413.0,403.0,380.0,370.0
holdout,chuandian,M_SR,38,1.0,1,0.9721844489055965,112,0.9733656174334141,0.9727047146401985,413.0,403.0,402.0,392.0
holdout,chuandian,M_SR,38,1.5,4,0.9612718181345088,117,0.9733656174334141,0.9727047146401985,413.0,403.0,402.0,392.0
holdout,chuandian,M_SR,38,2.0,4,0.9503983126887349,118,0.9733656174334141,0.9727047146401985,413.0,403.0,402.0,392.0
holdout,chuandian,M_SR,38,3.0,2,0.9292110338310168,128,0.9733656174334141,0.9727047146401985,413.0,403.0,402.0,392.0
holdout,chuandian,M_SR,39,0.1,1,0.99467606869148,74,0.9152542372881356,0.913151364764268,413.0,403.0,378.0,368.0
holdout,chuandian,M_SR,39,0.5,17,0.9839170359200057,100,0.9152542372881356,0.913151364764268,413.0,403.0,378.0,368.0
holdout,chuandian,M_SR,39,1.0,6,0.9721832945241875,111,0.9152542372881356,0.913151364764268,413.0,403.0,378.0,368.0
holdout,chuandian,M_SR,39,1.5,8,0.960807626592251,116,0.9152542372881356,0.913151364764268,413.0,403.0,378.0,368.0
holdout,chuandian,M_SR,39,2.0,8,0.9499609801788758,124,0.9152542372881356,0.913151364764268,413.0,403.0,378.0,368.0
holdout,chuandian,M_SR,39,3.0,1,0.9290823029217777,128,0.9152542372881356,0.913151364764268,413.0,403.0,378.0,368.0
holdout,chuandian,M_SR,40,0.1,10,0.9945366248311535,71,0.9200968523002422,0.9181141439205955,413.0,403.0,380.0,370.0
holdout,chuandian,M_SR,40,0.5,16,0.9835338692682983,99,0.9200968523002422,0.9181141439205955,413.0,403.0,380.0,370.0
holdout,chuandian,M_SR,40,1.0,7,0.9716533525001904,112,0.9733656174334141,0.9727047146401985,413.0,403.0,402.0,392.0
holdout,chuandian,M_SR,40,1.5,7,0.9607097321608479,120,0.9200968523002422,0.9181141439205955,413.0,403.0,380.0,370.0
holdout,chuandian,M_SR,40,2.0,5,0.9499645780956026,122,0.9200968523002422,0.9181141439205955,413.0,403.0,380.0,370.0
holdout,chuandian,M_SR,40,3.0,2,0.9287369663276169,130,0.9200968523002422,0.9181141439205955,413.0,403.0,380.0,370.0
holdout,chuandian,M_SR,41,0.1,18,0.9945744009846877,71,0.9152542372881356,0.913151364764268,413.0,403.0,378.0,368.0
holdout,chuandian,M_SR,41,0.5,18,0.9830263965612436,99,0.9200968523002422,0.9181141439205955,413.0,403.0,380.0,370.0
holdout,chuandian,M_SR,41,1.0,1,0.9703946166016304,109,0.8958837772397095,0.8933002481389578,413.0,403.0,370.0,360.0
holdout,chuandian,M_SR,41,1.5,12345,0.958958058696649,118,0.8958837772397095,0.8933002481389578,413.0,403.0,370.0,360.0
holdout,chuandian,M_SR,41,2.0,18,0.9481221104017945,120,0.8958837772397095,0.8933002481389578,413.0,403.0,370.0,360.0
holdout,chuandian,M_SR,41,3.0,17,0.9267235735731508,132,0.8958837772397095,0.8933002481389578,413.0,403.0,370.0,360.0
holdout,chuandian,M_SR,42,0.1,1,0.9940598273430599,73,0.9636803874092009,0.9627791563275434,413.0,403.0,398.0,388.0
holdout,chuandian,M_SR,42,0.5,1,0.9807130339783066,99,0.9636803874092009,0.9627791563275434,413.0,403.0,398.0,388.0
holdout,chuandian,M_SR,42,1.0,12345,0.968304507779625,107,0.9636803874092009,0.9627791563275434,413.0,403.0,398.0,388.0
holdout,chuandian,M_SR,42,1.5,12345,0.9563783493850619,115,0.9636803874092009,0.9627791563275434,413.0,403.0,398.0,388.0
holdout,chuandian,M_SR,42,2.0,14,0.9455415090776325,124,0.9636803874092009,0.9627791563275434,413.0,403.0,398.0,388.0
holdout,chuandian,M_SR,42,3.0,10,0.9246895625285079,131,0.8910411622276029,0.8883374689826302,413.0,403.0,368.0,358.0
holdout,chuandian,M_SR,43,0.1,10,0.9944765748491126,71,0.9636803874092009,0.9627791563275434,413.0,403.0,398.0,388.0
holdout,chuandian,M_SR,43,0.5,4,0.9835606207799081,95,0.9636803874092009,0.9627791563275434,413.0,403.0,398.0,388.0
holdout,chuandian,M_SR,43,1.0,11,0.9718151376761845,105,0.9636803874092009,0.9627791563275434,413.0,403.0,398.0,388.0
holdout,chuandian,M_SR,43,1.5,10,0.9605542195472928,114,0.9636803874092009,0.9627791563275434,413.0,403.0,398.0,388.0
holdout,chuandian,M_SR,43,2.0,1,0.9499193443084449,115,0.9733656174334141,0.9727047146401985,413.0,403.0,402.0,392.0
holdout,chuandian,M_SR,43,3.0,1,0.9291489263775252,122,0.9733656174334141,0.9727047146401985,413.0,403.0,402.0,392.0
holdout,chuandian,M_SR,44,0.1,5,0.9944929521155011,72,0.9443099273607748,0.9429280397022333,413.0,403.0,390.0,380.0
holdout,chuandian,M_SR,44,0.5,3,0.9841597838773894,99,0.9200968523002422,0.9181141439205955,413.0,403.0,380.0,370.0
holdout,chuandian,M_SR,44,1.0,12,0.97304723860771,108,0.9636803874092009,0.9627791563275434,413.0,403.0,398.0,388.0
holdout,chuandian,M_SR,44,1.5,5,0.9622823926383929,114,0.910411622276029,0.9081885856079405,413.0,403.0,376.0,366.0
holdout,chuandian,M_SR,44,2.0,14,0.9517068314969809,120,0.910411622276029,0.9081885856079405,413.0,403.0,376.0,366.0
holdout,chuandian,M_SR,44,3.0,2,0.9307065282176705,127,0.910411622276029,0.9081885856079405,413.0,403.0,376.0,366.0
holdout,chuandian,M_SR,45,0.1,14,0.994709497676556,80,0.9200968523002422,0.9181141439205955,413.0,403.0,380.0,370.0
holdout,chuandian,M_SR,45,0.5,14,0.9847857636646138,105,0.9927360774818402,0.9925558312655087,413.0,403.0,410.0,400.0
holdout,chuandian,M_SR,45,1.0,12,0.9738398889642566,112,0.9733656174334141,0.9727047146401985,413.0,403.0,402.0,392.0
holdout,chuandian,M_SR,45,1.5,4,0.9633205434052395,116,0.9200968523002422,0.9181141439205955,413.0,403.0,380.0,370.0
holdout,chuandian,M_SR,45,2.0,1,0.953187037103099,119,0.9733656174334141,0.9727047146401985,413.0,403.0,402.0,392.0
holdout,chuandian,M_SR,45,3.0,12,0.9334828311006503,128,0.9200968523002422,0.9181141439205955,413.0,403.0,380.0,370.0
holdout,chuandian,M_SR,46,0.1,14,0.9947394955401434,75,0.9200968523002422,0.9181141439205955,413.0,403.0,380.0,370.0
holdout,chuandian,M_SR,46,0.5,12345,0.983397194419193,98,0.9200968523002422,0.9181141439205955,413.0,403.0,380.0,370.0
holdout,chuandian,M_SR,46,1.0,7,0.9713122889922482,108,0.9200968523002422,0.9181141439205955,413.0,403.0,380.0,370.0
holdout,chuandian,M_SR,46,1.5,14,0.9597346690241374,115,0.9200968523002422,0.9181141439205955,413.0,403.0,380.0,370.0
holdout,chuandian,M_SR,46,2.0,12345,0.9487673160746578,121,0.9200968523002422,0.9181141439205955,413.0,403.0,380.0,370.0
holdout,chuandian,M_SR,46,3.0,16,0.9274560976122875,128,0.9200968523002422,0.9181141439205955,413.0,403.0,380.0,370.0
holdout,chuandian,M_SR,47,0.1,17,0.9943650587101586,73,0.9733656174334141,0.9727047146401985,413.0,403.0,402.0,392.0
holdout,chuandian,M_SR,47,0.5,4,0.9834879453346552,99,0.9733656174334141,0.9727047146401985,413.0,403.0,402.0,392.0
holdout,chuandian,M_SR,47,1.0,10,0.971520412543174,105,0.9733656174334141,0.9727047146401985,413.0,403.0,402.0,392.0
holdout,chuandian,M_SR,47,1.5,10,0.9600189972417948,113,0.9733656174334141,0.9727047146401985,413.0,403.0,402.0,392.0
holdout,chuandian,M_SR,47,2.0,6,0.9486639230194066,117,0.9733656174334141,0.9727047146401985,413.0,403.0,402.0,392.0
holdout,chuandian,M_SR,47,3.0,8,0.9272256892198657,125,0.9733656174334141,0.9727047146401985,413.0,403.0,402.0,392.0
holdout,chuandian,M_SR,48,0.1,1,0.9942807664363705,72,0.8958837772397095,0.8933002481389578,413.0,403.0,370.0,360.0
holdout,chuandian,M_SR,48,0.5,8,0.9824497114710915,92,0.9636803874092009,0.9627791563275434,413.0,403.0,398.0,388.0
holdout,chuandian,M_SR,48,1.0,7,0.9699655546198617,108,0.8958837772397095,0.8933002481389578,413.0,403.0,370.0,360.0
holdout,chuandian,M_SR,48,1.5,17,0.9581458994675018,118,0.8958837772397095,0.8933002481389578,413.0,403.0,370.0,360.0
holdout,chuandian,M_SR,48,2.0,12345,0.9473260740442195,126,0.8958837772397095,0.8933002481389578,413.0,403.0,370.0,360.0
holdout,chuandian,M_SR,48,3.0,11,0.9260343292139885,130,0.8958837772397095,0.8933002481389578,413.0,403.0,370.0,360.0
holdout,chuandian,M_SR,49,0.1,11,0.9947749899717891,74,0.9200968523002422,0.9181141439205955,413.0,403.0,380.0,370.0
holdout,chuandian,M_SR,49,0.5,16,0.9837976246989956,95,0.9200968523002422,0.9181141439205955,413.0,403.0,380.0,370.0
holdout,chuandian,M_SR,49,1.0,1,0.9725414647738508,110,0.9200968523002422,0.9181141439205955,413.0,403.0,380.0,370.0
holdout,chuandian,M_SR,49,1.5,6,0.9620947246026395,116,0.9200968523002422,0.9181141439205955,413.0,403.0,380.0,370.0
holdout,chuandian,M_SR,49,2.0,10,0.9519734929576747,121,0.9200968523002422,0.9181141439205955,413.0,403.0,380.0,370.0
holdout,chuandian,M_SR,49,3.0,11,0.9321574678551373,127,0.9200968523002422,0.9181141439205955,413.0,403.0,380.0,370.0
holdout,chuandian,M_SR,50,0.1,7,0.9944753472616304,69,0.9200968523002422,0.9181141439205955,413.0,403.0,380.0,370.0
holdout,chuandian,M_SR,50,0.5,9,0.9828485120114162,93,0.9878934624697336,0.9875930521091811,413.0,403.0,408.0,398.0
holdout,chuandian,M_SR,50,1.0,9,0.9706181870294688,101,0.9152542372881356,0.913151364764268,413.0,403.0,378.0,368.0
holdout,chuandian,M_SR,50,1.5,16,0.9589908602511682,115,0.8910411622276029,0.8883374689826302,413.0,403.0,368.0,358.0
holdout,chuandian,M_SR,50,2.0,6,0.9476367870444082,122,0.8910411622276029,0.8883374689826302,413.0,403.0,368.0,358.0
holdout,chuandian,M_SR,50,3.0,19,0.9262716686934477,127,0.8910411622276029,0.8883374689826302,413.0,403.0,368.0,358.0
holdout,chuandian,M_SR,51,0.1,13,0.9946630964792994,69,0.9733656174334141,0.9727047146401985,413.0,403.0,402.0,392.0
holdout,chuandian,M_SR,51,0.5,18,0.9831358610733545,93,0.9733656174334141,0.9727047146401985,413.0,403.0,402.0,392.0
holdout,chuandian,M_SR,51,1.0,9,0.9709557354184947,104,0.9733656174334141,0.9727047146401985,413.0,403.0,402.0,392.0
holdout,chuandian,M_SR,51,1.5,2,0.9596543197882493,109,0.9733656174334141,0.9727047146401985,413.0,403.0,402.0,392.0
holdout,chuandian,M_SR,51,2.0,3,0.9486409754467166,114,0.9733656174334141,0.9727047146401985,413.0,403.0,402.0,392.0
holdout,chuandian,M_SR,51,3.0,13,0.9276941393633908,122,0.9733656174334141,0.9727047146401985,413.0,403.0,402.0,392.0
holdout,chuandian,M_SR,52,0.1,9,0.994556550645095,75,0.847457627118644,0.8436724565756824,413.0,403.0,350.0,340.0
holdout,chuandian,M_SR,52,0.5,12345,0.9837704493592718,99,0.847457627118644,0.8436724565756824,413.0,403.0,350.0,340.0
holdout,chuandian,M_SR,52,1.0,7,0.9721471131277161,115,0.847457627118644,0.8436724565756824,413.0,403.0,350.0,340.0
holdout,chuandian,M_SR,52,1.5,2,0.961168041306899,120,0.847457627118644,0.8436724565756824,413.0,403.0,350.0,340.0
holdout,chuandian,M_SR,52,2.0,2,0.9505492016670561,125,0.847457627118644,0.8436724565756824,413.0,403.0,350.0,340.0
holdout,chuandian,M_SR,52,3.0,3,0.9300851761838498,130,0.847457627118644,0.8436724565756824,413.0,403.0,350.0,340.0
holdout,chuandian,M_SR,53,0.1,17,0.9943749197320284,79,0.9200968523002422,0.9181141439205955,413.0,403.0,380.0,370.0
holdout,chuandian,M_SR,53,0.5,12,0.9832737485384544,97,0.9200968523002422,0.9181141439205955,413.0,403.0,380.0,370.0
holdout,chuandian,M_SR,53,1.0,5,0.971738280974029,106,0.910411622276029,0.9081885856079405,413.0,403.0,376.0,366.0
holdout,chuandian,M_SR,53,1.5,12,0.9607925558115505,114,0.9200968523002422,0.9181141439205955,413.0,403.0,380.0,370.0
holdout,chuandian,M_SR,53,2.0,12345,0.950265659356637,118,0.9200968523002422,0.9181141439205955,413.0,403.0,380.0,370.0
holdout,chuandian,M_SR,53,3.0,4,0.9298985959661374,131,0.9200968523002422,0.9181141439205955,413.0,403.0,380.0,370.0
holdout,chuandian,M_SR,54,0.1,12,0.9942939070532468,72,0.9200968523002422,0.9181141439205955,413.0,403.0,380.0,370.0
holdout,chuandian,M_SR,54,0.5,13,0.9824456347699871,97,0.9200968523002422,0.9181141439205955,413.0,403.0,380.0,370.0
holdout,chuandian,M_SR,54,1.0,18,0.9696497313995248,110,0.9200968523002422,0.9181141439205955,413.0,403.0,380.0,370.0
holdout,chuandian,M_SR,54,1.5,10,0.9575326766685823,115,0.9200968523002422,0.9181141439205955,413.0,403.0,380.0,370.0
holdout,chuandian,M_SR,54,2.0,13,0.9464340589412537,122,0.9200968523002422,0.9181141439205955,413.0,403.0,380.0,370.0
holdout,chuandian,M_SR,54,3.0,15,0.9246749032175938,126,0.9200968523002422,0.9181141439205955,413.0,403.0,380.0,370.0
holdout,chuandian,M_SR,55,0.1,15,0.9947746375032032,76,0.9636803874092009,0.9627791563275434,413.0,403.0,398.0,388.0
holdout,chuandian,M_SR,55,0.5,12345,0.9846460606285655,95,0.8910411622276029,0.8883374689826302,413.0,403.0,368.0,358.0
holdout,chuandian,M_SR,55,1.0,14,0.9732753503978111,109,0.8910411622276029,0.8883374689826302,413.0,403.0,368.0,358.0
holdout,chuandian,M_SR,55,1.5,14,0.9628817098274537,118,0.8910411622276029,0.8883374689826302,413.0,403.0,368.0,358.0
holdout,chuandian,M_SR,55,2.0,14,0.952611424679781,123,0.8910411622276029,0.8883374689826302,413.0,403.0,368.0,358.0
holdout,chuandian,M_SR,55,3.0,5,0.9326706838226889,129,0.8910411622276029,0.8883374689826302,413.0,403.0,368.0,358.0
holdout,chuandian,M_SR,56,0.1,6,0.9944317199414857,69,0.9636803874092009,0.9627791563275434,413.0,403.0,398.0,388.0
holdout,chuandian,M_SR,56,0.5,19,0.9835146576599689,100,0.9636803874092009,0.9627791563275434,413.0,403.0,398.0,388.0
holdout,chuandian,M_SR,56,1.0,6,0.9720564952089629,111,0.9636803874092009,0.9627791563275434,413.0,403.0,398.0,388.0
holdout,chuandian,M_SR,56,1.5,19,0.9608799950776242,118,0.8910411622276029,0.8883374689826302,413.0,403.0,368.0,358.0
holdout,chuandian,M_SR,56,2.0,15,0.9503344349252782,124,0.8910411622276029,0.8883374689826302,413.0,403.0,368.0,358.0
holdout,chuandian,M_SR,56,3.0,3,0.9295060766558558,131,0.8910411622276029,0.8883374689826302,413.0,403.0,368.0,358.0
holdout,chuandian,M_SR,57,0.1,16,0.9942767743977518,73,0.8958837772397095,0.8933002481389578,413.0,403.0,370.0,360.0
holdout,chuandian,M_SR,57,0.5,7,0.9830806054781607,96,0.8958837772397095,0.8933002481389578,413.0,403.0,370.0,360.0
holdout,chuandian,M_SR,57,1.0,1,0.9709847566066914,109,0.8910411622276029,0.8883374689826302,413.0,403.0,368.0,358.0
holdout,chuandian,M_SR,57,1.5,1,0.9597768217073159,114,0.8910411622276029,0.8883374689826302,413.0,403.0,368.0,358.0
holdout,chuandian,M_SR,57,2.0,1,0.9488162588765581,117,0.9636803874092009,0.9627791563275434,413.0,403.0,398.0,388.0
holdout,chuandian,M_SR,57,3.0,12345,0.9276141079396447,129,0.8910411622276029,0.8883374689826302,413.0,403.0,368.0,358.0
holdout,chuandian,M_SR,58,0.1,17,0.9947322824648936,75,0.9636803874092009,0.9627791563275434,413.0,403.0,398.0,388.0
holdout,chuandian,M_SR,58,0.5,14,0.9832827006475534,96,0.9636803874092009,0.9627791563275434,413.0,403.0,398.0,388.0
holdout,chuandian,M_SR,58,1.0,2,0.9714161708184532,108,0.9636803874092009,0.9627791563275434,413.0,403.0,398.0,388.0
holdout,chuandian,M_SR,58,1.5,4,0.960607291724483,112,0.9636803874092009,0.9627791563275434,413.0,403.0,398.0,388.0
holdout,chuandian,M_SR,58,2.0,4,0.9498642464868658,113,0.8910411622276029,0.8883374689826302,413.0,403.0,368.0,358.0
holdout,chuandian,M_SR,58,3.0,4,0.9287085648408664,126,0.8910411622276029,0.8883374689826302,413.0,403.0,368.0,358.0
holdout,chuandian,M_SR,59,0.1,18,0.9943598212308166,75,0.9346246973365617,0.9330024813895782,413.0,403.0,386.0,376.0
holdout,chuandian,M_SR,59,0.5,5,0.9830425658352728,101,0.9200968523002422,0.9181141439205955,413.0,403.0,380.0,370.0
holdout,chuandian,M_SR,59,1.0,12345,0.9714565703889707,113,0.910411622276029,0.9081885856079405,413.0,403.0,376.0,366.0
holdout,chuandian,M_SR,59,1.5,14,0.9608225421198866,116,0.910411622276029,0.9081885856079405,413.0,403.0,376.0,366.0
holdout,chuandian,M_SR,59,2.0,3,0.9503348910063454,126,0.910411622276029,0.9081885856079405,413.0,403.0,376.0,366.0
holdout,chuandian,M_SR,59,3.0,19,0.9298108077003518,128,0.910411622276029,0.9081885856079405,413.0,403.0,376.0,366.0
holdout,chuandian,M_SR,60,0.1,12,0.9938283092764512,74,0.9200968523002422,0.9181141439205955,413.0,403.0,380.0,370.0
holdout,chuandian,M_SR,60,0.5,5,0.9816530567963928,94,0.9200968523002422,0.9181141439205955,413.0,403.0,380.0,370.0
holdout,chuandian,M_SR,60,1.0,12,0.9693016381723037,105,0.9200968523002422,0.9181141439205955,413.0,403.0,380.0,370.0
holdout,chuandian,M_SR,60,1.5,2,0.9575917081940499,111,0.9200968523002422,0.9181141439205955,413.0,403.0,380.0,370.0
holdout,chuandian,M_SR,60,2.0,12,0.9466918354770074,116,0.9200968523002422,0.9181141439205955,413.0,403.0,380.0,370.0
holdout,chuandian,M_SR,60,3.0,12,0.9254962259863244,127,0.9200968523002422,0.9181141439205955,413.0,403.0,380.0,370.0
holdout,chuandian,M_SR,61,0.1,19,0.9945295155554322,73,0.9322033898305084,0.9305210918114144,413.0,403.0,385.0,375.0
holdout,chuandian,M_SR,61,0.5,10,0.9839678331056878,101,0.9297820823244553,0.9280397022332506,413.0,403.0,384.0,374.0
holdout,chuandian,M_SR,61,1.0,12345,0.9730440426947263,113,0.9394673123486683,0.9379652605459057,413.0,403.0,388.0,378.0
holdout,chuandian,M_SR,61,1.5,4,0.9621502771435347,117,0.9394673123486683,0.9379652605459057,413.0,403.0,388.0,378.0
holdout,chuandian,M_SR,61,2.0,4,0.9513131117590524,123,0.9394673123486683,0.9379652605459057,413.0,403.0,388.0,378.0
holdout,chuandian,M_SR,61,3.0,17,0.9304296695082328,131,0.9394673123486683,0.9379652605459057,413.0,403.0,388.0,378.0
holdout,chuandian,M_SR,62,0.1,12345,0.9946537274501286,77,0.9975786924939467,0.9975186104218362,413.0,403.0,412.0,402.0
holdout,chuandian,M_SR,62,0.5,8,0.9829440096461636,99,0.9733656174334141,0.9727047146401985,413.0,403.0,402.0,392.0
holdout,chuandian,M_SR,62,1.0,10,0.970648506510451,105,0.9733656174334141,0.9727047146401985,413.0,403.0,402.0,392.0
holdout,chuandian,M_SR,62,1.5,18,0.95909424727427,117,0.9733656174334141,0.9727047146401985,413.0,403.0,402.0,392.0
holdout,chuandian,M_SR,62,2.0,18,0.9483367358464226,117,0.9733656174334141,0.9727047146401985,413.0,403.0,402.0,392.0
holdout,chuandian,M_SR,62,3.0,9,0.9269858975407692,125,0.9200968523002422,0.9181141439205955,413.0,403.0,380.0,370.0
holdout,chuandian,M_SR,63,0.1,7,0.9944855727780609,70,0.9661016949152542,0.9652605459057072,413.0,403.0,399.0,389.0
holdout,chuandian,M_SR,63,0.5,11,0.9837025440989081,98,0.9636803874092009,0.9627791563275434,413.0,403.0,398.0,388.0
holdout,chuandian,M_SR,63,1.0,19,0.9722296794601726,106,0.8910411622276029,0.8883374689826302,413.0,403.0,368.0,358.0
holdout,chuandian,M_SR,63,1.5,14,0.9613853785774262,116,0.8910411622276029,0.8883374689826302,413.0,403.0,368.0,358.0
holdout,chuandian,M_SR,63,2.0,6,0.9505721195914122,121,0.8910411622276029,0.8883374689826302,413.0,403.0,368.0,358.0
holdout,chuandian,M_SR,63,3.0,1,0.9292149370376415,133,0.8910411622276029,0.8883374689826302,413.0,403.0,368.0,358.0
holdout,chuandian,M_SR,64,0.1,4,0.9943606911706553,76,0.9661016949152542,0.9652605459057072,413.0,403.0,399.0,389.0
holdout,chuandian,M_SR,64,0.5,1,0.9836849800484255,95,0.9636803874092009,0.9627791563275434,413.0,403.0,398.0,388.0
holdout,chuandian,M_SR,64,1.0,3,0.9717752030126274,108,0.9636803874092009,0.9627791563275434,413.0,403.0,398.0,388.0
holdout,chuandian,M_SR,64,1.5,12,0.960376736436914,114,0.9636803874092009,0.9627791563275434,413.0,403.0,398.0,388.0
holdout,chuandian,M_SR,64,2.0,1,0.9491916210071732,122,0.9636803874092009,0.9627791563275434,413.0,403.0,398.0,388.0
holdout,chuandian,M_SR,64,3.0,1,0.9274159348694437,129,0.9636803874092009,0.9627791563275434,413.0,403.0,398.0,388.0
holdout,chuandian,M_SR,65,0.1,15,0.9939207128826216,70,0.9225181598062954,0.9205955334987593,413.0,403.0,381.0,371.0
holdout,chuandian,M_SR,65,0.5,5,0.9821918366902854,96,0.9200968523002422,0.9181141439205955,413.0,403.0,380.0,370.0
holdout,chuandian,M_SR,65,1.0,13,0.9700029763015443,110,0.847457627118644,0.8436724565756824,413.0,403.0,350.0,340.0
holdout,chuandian,M_SR,65,1.5,5,0.9584298477411284,116,0.9200968523002422,0.9181141439205955,413.0,403.0,380.0,370.0
holdout,chuandian,M_SR,65,2.0,11,0.9474161700279692,122,0.9200968523002422,0.9181141439205955,413.0,403.0,380.0,370.0
holdout,chuandian,M_SR,65,3.0,16,0.9256347927912331,129,0.9200968523002422,0.9181141439205955,413.0,403.0,380.0,370.0
holdout,chuandian,M_SR,66,0.1,6,0.9945326281335899,73,0.9200968523002422,0.9181141439205955,413.0,403.0,380.0,370.0
holdout,chuandian,M_SR,66,0.5,6,0.9837792690996005,97,0.9200968523002422,0.9181141439205955,413.0,403.0,380.0,370.0
holdout,chuandian,M_SR,66,1.0,14,0.972551515124395,108,0.9200968523002422,0.9181141439205955,413.0,403.0,380.0,370.0
holdout,chuandian,M_SR,66,1.5,17,0.9618940277354223,114,0.9200968523002422,0.9181141439205955,413.0,403.0,380.0,370.0
holdout,chuandian,M_SR,66,2.0,5,0.9514124288723467,120,0.9200968523002422,0.9181141439205955,413.0,403.0,380.0,370.0
holdout,chuandian,M_SR,66,3.0,2,0.9320872840320279,128,0.9200968523002422,0.9181141439205955,413.0,403.0,380.0,370.0
holdout,chuandian,M_SR,67,0.1,15,0.993875838757325,71,0.9200968523002422,0.9181141439205955,413.0,403.0,380.0,370.0
holdout,chuandian,M_SR,67,0.5,12345,0.9830232002760134,95,0.9200968523002422,0.9181141439205955,413.0,403.0,380.0,370.0
holdout,chuandian,M_SR,67,1.0,10,0.9715418277812103,109,0.9733656174334141,0.9727047146401985,413.0,403.0,402.0,392.0
holdout,chuandian,M_SR,67,1.5,11,0.9605573758265398,115,0.9733656174334141,0.9727047146401985,413.0,403.0,402.0,392.0
holdout,chuandian,M_SR,67,2.0,3,0.9501456166981211,120,0.9733656174334141,0.9727047146401985,413.0,403.0,402.0,392.0
holdout,chuandian,M_SR,67,3.0,17,0.9299543593345412,129,0.8958837772397095,0.8933002481389578,413.0,403.0,370.0,360.0
holdout,chuandian,M_SR,68,0.1,4,0.994617969101922,76,0.9200968523002422,0.9181141439205955,413.0,403.0,380.0,370.0
holdout,chuandian,M_SR,68,0.5,13,0.9830449943595468,95,0.9394673123486683,0.9379652605459057,413.0,403.0,388.0,378.0
holdout,chuandian,M_SR,68,1.0,7,0.9702784862069395,104,0.9733656174334141,0.9727047146401985,413.0,403.0,402.0,392.0
holdout,chuandian,M_SR,68,1.5,12,0.9579405657086865,111,0.9733656174334141,0.9727047146401985,413.0,403.0,402.0,392.0
holdout,chuandian,M_SR,68,2.0,18,0.946406416931243,118,0.9200968523002422,0.9181141439205955,413.0,403.0,380.0,370.0
holdout,chuandian,M_SR,68,3.0,19,0.9249075232012447,122,0.9200968523002422,0.9181141439205955,413.0,403.0,380.0,370.0
holdout,chuandian,M_SR,69,0.1,8,0.9944692737552674,73,0.9903147699757869,0.9900744416873449,413.0,403.0,409.0,399.0
holdout,chuandian,M_SR,69,0.5,17,0.9830324136237456,96,0.9661016949152542,0.9652605459057072,413.0,403.0,399.0,389.0
holdout,chuandian,M_SR,69,1.0,10,0.9706711778854951,107,0.8958837772397095,0.8933002481389578,413.0,403.0,370.0,360.0
holdout,chuandian,M_SR,69,1.5,7,0.9594027377002687,115,0.8716707021791767,0.8684863523573201,413.0,403.0,360.0,350.0
holdout,chuandian,M_SR,69,2.0,18,0.9488373244481977,118,0.8716707021791767,0.8684863523573201,413.0,403.0,360.0,350.0
holdout,chuandian,M_SR,69,3.0,15,0.9285560894380576,128,0.7990314769975787,0.794044665012407,413.0,403.0,330.0,320.0
holdout,chuandian,M_SR,70,0.1,6,0.9939339282245595,75,0.8958837772397095,0.8933002481389578,413.0,403.0,370.0,360.0
holdout,chuandian,M_SR,70,0.5,9,0.9824375594163031,98,0.8958837772397095,0.8933002481389578,413.0,403.0,370.0,360.0
holdout,chuandian,M_SR,70,1.0,2,0.9702412086892641,108,0.9200968523002422,0.9181141439205955,413.0,403.0,380.0,370.0
holdout,chuandian,M_SR,70,1.5,18,0.9587710769365099,115,0.8958837772397095,0.8933002481389578,413.0,403.0,370.0,360.0
holdout,chuandian,M_SR,70,2.0,7,0.9480120022125198,122,0.9200968523002422,0.9181141439205955,413.0,403.0,380.0,370.0
holdout,chuandian,M_SR,70,3.0,19,0.9275181393777001,131,0.847457627118644,0.8436724565756824,413.0,403.0,350.0,340.0
holdout,chuandian,M_SR,71,0.1,9,0.9946915308514213,71,0.9225181598062954,0.9205955334987593,413.0,403.0,381.0,371.0
holdout,chuandian,M_SR,71,0.5,6,0.9834751658579074,95,0.9200968523002422,0.9181141439205955,413.0,403.0,380.0,370.0
holdout,chuandian,M_SR,71,1.0,4,0.9725158321909116,110,0.9200968523002422,0.9181141439205955,413.0,403.0,380.0,370.0
holdout,chuandian,M_SR,71,1.5,18,0.9624563651273292,114,0.9200968523002422,0.9181141439205955,413.0,403.0,380.0,370.0
holdout,chuandian,M_SR,71,2.0,18,0.9524720128998608,119,0.9200968523002422,0.9181141439205955,413.0,403.0,380.0,370.0
holdout,chuandian,M_SR,71,3.0,11,0.9326607639856275,126,0.9200968523002422,0.9181141439205955,413.0,403.0,380.0,370.0
holdout,chuandian,M_SR,72,0.1,6,0.9944358968828707,79,0.9636803874092009,0.9627791563275434,413.0,403.0,398.0,388.0
holdout,chuandian,M_SR,72,0.5,6,0.9824875999976842,101,0.9636803874092009,0.9627791563275434,413.0,403.0,398.0,388.0
holdout,chuandian,M_SR,72,1.0,7,0.9693729595781125,112,0.9636803874092009,0.9627791563275434,413.0,403.0,398.0,388.0
holdout,chuandian,M_SR,72,1.5,7,0.9571534391452395,116,0.9636803874092009,0.9627791563275434,413.0,403.0,398.0,388.0
holdout,chuandian,M_SR,72,2.0,8,0.9456458544121507,121,0.9636803874092009,0.9627791563275434,413.0,403.0,398.0,388.0
holdout,chuandian,M_SR,72,3.0,7,0.9233801146472503,127,0.8910411622276029,0.8883374689826302,413.0,403.0,368.0,358.0
holdout,chuandian,M_SR,73,0.1,5,0.9942336492363194,74,0.9878934624697336,0.9875930521091811,413.0,403.0,408.0,398.0
holdout,chuandian,M_SR,73,0.5,8,0.9816967889346646,95,0.9636803874092009,0.9627791563275434,413.0,403.0,398.0,388.0
holdout,chuandian,M_SR,73,1.0,8,0.9687307297544686,107,0.9636803874092009,0.9627791563275434,413.0,403.0,398.0,388.0
holdout,chuandian,M_SR,73,1.5,5,0.956596993628216,114,0.9636803874092009,0.9627791563275434,413.0,403.0,398.0,388.0
holdout,chuandian,M_SR,73,2.0,3,0.9452467682921698,121,0.9636803874092009,0.9627791563275434,413.0,403.0,398.0,388.0
holdout,chuandian,M_SR,73,3.0,13,0.9232013457562654,128,0.9636803874092009,0.9627791563275434,413.0,403.0,398.0,388.0
holdout,chuandian,M_SR,74,0.1,12345,0.9945151827714913,74,0.9878934624697336,0.9875930521091811,413.0,403.0,408.0,398.0
holdout,chuandian,M_SR,74,0.5,16,0.9836483503683333,96,0.9636803874092009,0.9627791563275434,413.0,403.0,398.0,388.0
holdout,chuandian,M_SR,74,1.0,11,0.9723972577847885,109,0.9636803874092009,0.9627791563275434,413.0,403.0,398.0,388.0
holdout,chuandian,M_SR,74,1.5,5,0.9616518568996096,116,0.9636803874092009,0.9627791563275434,413.0,403.0,398.0,388.0
holdout,chuandian,M_SR,74,2.0,14,0.9509242835495609,121,0.9636803874092009,0.9627791563275434,413.0,403.0,398.0,388.0
holdout,chuandian,M_SR,74,3.0,12,0.9297539497519259,127,0.9636803874092009,0.9627791563275434,413.0,403.0,398.0,388.0
holdout,chuandian,M_SR,75,0.1,18,0.994648619166384,72,0.9225181598062954,0.9205955334987593,413.0,403.0,381.0,371.0
holdout,chuandian,M_SR,75,0.5,15,0.9831563280552987,97,0.8280871670702179,0.8238213399503722,413.0,403.0,342.0,332.0
holdout,chuandian,M_SR,75,1.0,16,0.9709658016492759,108,0.8813559322033898,0.8784119106699751,413.0,403.0,364.0,354.0
holdout,chuandian,M_SR,75,1.5,7,0.9592549782766066,113,0.8813559322033898,0.8784119106699751,413.0,403.0,364.0,354.0
holdout,chuandian,M_SR,75,2.0,7,0.9480522765096991,117,0.8813559322033898,0.8784119106699751,413.0,403.0,364.0,354.0
holdout,chuandian,M_SR,75,3.0,14,0.926386922318669,126,0.8280871670702179,0.8238213399503722,413.0,403.0,342.0,332.0
holdout,chuandian,M_SR,76,0.1,16,0.9946265061147991,72,0.9200968523002422,0.9181141439205955,413.0,403.0,380.0,370.0
holdout,chuandian,M_SR,76,0.5,4,0.9839011087800398,95,0.910411622276029,0.9081885856079405,413.0,403.0,376.0,366.0
holdout,chuandian,M_SR,76,1.0,19,0.971933185642233,109,0.910411622276029,0.9081885856079405,413.0,403.0,376.0,366.0
holdout,chuandian,M_SR,76,1.5,12345,0.9607772053168518,122,0.910411622276029,0.9081885856079405,413.0,403.0,376.0,366.0
holdout,chuandian,M_SR,76,2.0,12345,0.950021303866074,128,0.910411622276029,0.9081885856079405,413.0,403.0,376.0,366.0
holdout,chuandian,M_SR,76,3.0,3,0.9287631019845343,131,0.910411622276029,0.9081885856079405,413.0,403.0,376.0,366.0
holdout,chuandian,M_SR,77,0.1,12345,0.9947127547256884,69,0.9661016949152542,0.9652605459057072,413.0,403.0,399.0,389.0
holdout,chuandian,M_SR,77,0.5,12345,0.9834326310932737,95,0.87409200968523,0.8709677419354839,413.0,403.0,361.0,351.0
holdout,chuandian,M_SR,77,1.0,8,0.9717714088520959,106,0.87409200968523,0.8709677419354839,413.0,403.0,361.0,351.0
holdout,chuandian,M_SR,77,1.5,12345,0.9606313747171062,113,0.87409200968523,0.8709677419354839,413.0,403.0,361.0,351.0
holdout,chuandian,M_SR,77,2.0,8,0.9501940026192294,119,0.87409200968523,0.8709677419354839,413.0,403.0,361.0,351.0
holdout,chuandian,M_SR,77,3.0,10,0.9296816082757354,130,0.87409200968523,0.8709677419354839,413.0,403.0,361.0,351.0
holdout,chuandian,M_SR,78,0.1,11,0.9944273467884122,74,0.9661016949152542,0.9652605459057072,413.0,403.0,399.0,389.0
holdout,chuandian,M_SR,78,0.5,8,0.9841071882476421,97,0.801452784503632,0.7965260545905707,413.0,403.0,331.0,321.0
holdout,chuandian,M_SR,78,1.0,2,0.9724407745005809,105,0.801452784503632,0.7965260545905707,413.0,403.0,331.0,321.0
holdout,chuandian,M_SR,78,1.5,8,0.9610729515893683,111,0.801452784503632,0.7965260545905707,413.0,403.0,331.0,321.0
holdout,chuandian,M_SR,78,2.0,8,0.9498097513144494,117,0.801452784503632,0.7965260545905707,413.0,403.0,331.0,321.0
holdout,chuandian,M_SR,78,3.0,16,0.9279853072994784,124,0.801452784503632,0.7965260545905707,413.0,403.0,331.0,321.0
holdout,chuandian,M_SR,79,0.1,19,0.9947491277945603,75,0.9443099273607748,0.9429280397022333,413.0,403.0,390.0,380.0
holdout,chuandian,M_SR,79,0.5,12,0.9833303292894536,102,0.7723970944309927,0.7667493796526055,413.0,403.0,319.0,309.0
holdout,chuandian,M_SR,79,1.0,19,0.9710061036054298,112,0.7723970944309927,0.7667493796526055,413.0,403.0,319.0,309.0
holdout,chuandian,M_SR,79,1.5,12345,0.9594253996012249,118,0.7723970944309927,0.7667493796526055,413.0,403.0,319.0,309.0
holdout,chuandian,M_SR,79,2.0,9,0.9482789863353769,120,0.7723970944309927,0.7667493796526055,413.0,403.0,319.0,309.0
holdout,chuandian,M_SR,79,3.0,17,0.9267228241609617,129,0.7723970944309927,0.7667493796526055,413.0,403.0,319.0,309.0
holdout,chuandian,M_SR,80,0.1,6,0.9946583336751372,70,0.9733656174334141,0.9727047146401985,413.0,403.0,402.0,392.0
holdout,chuandian,M_SR,80,0.5,11,0.9829741737219713,97,0.9733656174334141,0.9727047146401985,413.0,403.0,402.0,392.0
holdout,chuandian,M_SR,80,1.0,12345,0.9708382963311366,112,0.9200968523002422,0.9181141439205955,413.0,403.0,380.0,370.0
holdout,chuandian,M_SR,80,1.5,18,0.9594787939446723,121,0.9200968523002422,0.9181141439205955,413.0,403.0,380.0,370.0
holdout,chuandian,M_SR,80,2.0,16,0.9487169701638714,125,0.9200968523002422,0.9181141439205955,413.0,403.0,380.0,370.0
holdout,chuandian,M_SR,80,3.0,18,0.9273423605884156,129,0.9200968523002422,0.9181141439205955,413.0,403.0,380.0,370.0
holdout,chuandian,M_SR,81,0.1,12,0.9945788528723034,71,0.847457627118644,0.8436724565756824,413.0,403.0,350.0,340.0
holdout,chuandian,M_SR,81,0.5,9,0.9834846336966803,99,0.847457627118644,0.8436724565756824,413.0,403.0,350.0,340.0
holdout,chuandian,M_SR,81,1.0,6,0.9717905641258463,109,0.9200968523002422,0.9181141439205955,413.0,403.0,380.0,370.0
holdout,chuandian,M_SR,81,1.5,1,0.9607175881846046,114,0.9200968523002422,0.9181141439205955,413.0,403.0,380.0,370.0
holdout,chuandian,M_SR,81,2.0,9,0.9498804099199274,120,0.9200968523002422,0.9181141439205955,413.0,403.0,380.0,370.0
holdout,chuandian,M_SR,81,3.0,17,0.92861459940545,126,0.9200968523002422,0.9181141439205955,413.0,403.0,380.0,370.0
holdout,chuandian,M_SR,82,0.1,8,0.9946702030652282,74,0.9878934624697336,0.9875930521091811,413.0,403.0,408.0,398.0
holdout,chuandian,M_SR,82,0.5,10,0.9841051862072596,101,0.9878934624697336,0.9875930521091811,413.0,403.0,408.0,398.0
holdout,chuandian,M_SR,82,1.0,6,0.9727941746084046,111,0.9878934624697336,0.9875930521091811,413.0,403.0,408.0,398.0
holdout,chuandian,M_SR,82,1.5,12345,0.9619235499397565,118,0.9636803874092009,0.9627791563275434,413.0,403.0,398.0,388.0
holdout,chuandian,M_SR,82,2.0,4,0.9514264000583511,122,0.9636803874092009,0.9627791563275434,413.0,403.0,398.0,388.0
holdout,chuandian,M_SR,82,3.0,7,0.9308543592252905,128,0.9636803874092009,0.9627791563275434,413.0,403.0,398.0,388.0
holdout,chuandian,M_SR,83,0.1,15,0.9944634100946919,76,0.8983050847457628,0.8957816377171216,413.0,403.0,371.0,361.0
holdout,chuandian,M_SR,83,0.5,18,0.9833537735680457,100,0.8910411622276029,0.8883374689826302,413.0,403.0,368.0,358.0
holdout,chuandian,M_SR,83,1.0,13,0.9709794565016365,108,0.8910411622276029,0.8883374689826302,413.0,403.0,368.0,358.0
holdout,chuandian,M_SR,83,1.5,13,0.95913251675383,114,0.8910411622276029,0.8883374689826302,413.0,403.0,368.0,358.0
holdout,chuandian,M_SR,83,2.0,13,0.9479546446489147,117,0.8910411622276029,0.8883374689826302,413.0,403.0,368.0,358.0
holdout,chuandian,M_SR,83,3.0,6,0.9262904242290931,123,0.8910411622276029,0.8883374689826302,413.0,403.0,368.0,358.0
holdout,chuandian,M_SR,84,0.1,8,0.9938010883373951,68,0.9443099273607748,0.9429280397022333,413.0,403.0,390.0,380.0
holdout,chuandian,M_SR,84,0.5,9,0.9813706005507925,92,0.9443099273607748,0.9429280397022333,413.0,403.0,390.0,380.0
holdout,chuandian,M_SR,84,1.0,5,0.9696046883325797,110,0.9200968523002422,0.9181141439205955,413.0,403.0,380.0,370.0
holdout,chuandian,M_SR,84,1.5,17,0.9586154361172669,118,0.9200968523002422,0.9181141439205955,413.0,403.0,380.0,370.0
holdout,chuandian,M_SR,84,2.0,14,0.9481301325627051,123,0.9200968523002422,0.9181141439205955,413.0,403.0,380.0,370.0
holdout,chuandian,M_SR,84,3.0,6,0.9272901744035019,128,0.9200968523002422,0.9181141439205955,413.0,403.0,380.0,370.0
holdout,chuandian,M_SR,85,0.1,12345,0.9942013024867932,75,0.9346246973365617,0.9330024813895782,413.0,403.0,386.0,376.0
holdout,chuandian,M_SR,85,0.5,2,0.9827426174843081,103,0.847457627118644,0.8436724565756824,413.0,403.0,350.0,340.0
holdout,chuandian,M_SR,85,1.0,6,0.9708466024886893,110,0.847457627118644,0.8436724565756824,413.0,403.0,350.0,340.0
holdout,chuandian,M_SR,85,1.5,5,0.9594720300261855,117,0.847457627118644,0.8436724565756824,413.0,403.0,350.0,340.0
holdout,chuandian,M_SR,85,2.0,5,0.9486914325904704,125,0.847457627118644,0.8436724565756824,413.0,403.0,350.0,340.0
holdout,chuandian,M_SR,85,3.0,9,0.9283671903832819,136,0.847457627118644,0.8436724565756824,413.0,403.0,350.0,340.0
holdout,chuandian,M_SR,86,0.1,19,0.9948967766693365,73,0.9467312348668281,0.9454094292803971,413.0,403.0,391.0,381.0
holdout,chuandian,M_SR,86,0.5,7,0.9835140033087668,98,0.9443099273607748,0.9429280397022333,413.0,403.0,390.0,380.0
holdout,chuandian,M_SR,86,1.0,12,0.9714914832025457,107,0.9200968523002422,0.9181141439205955,413.0,403.0,380.0,370.0
holdout,chuandian,M_SR,86,1.5,6,0.9604926911206246,115,0.9200968523002422,0.9181141439205955,413.0,403.0,380.0,370.0
holdout,chuandian,M_SR,86,2.0,19,0.9497383411461834,122,0.9200968523002422,0.9181141439205955,413.0,403.0,380.0,370.0
holdout,chuandian,M_SR,86,3.0,19,0.9284415590556526,128,0.9200968523002422,0.9181141439205955,413.0,403.0,380.0,370.0
holdout,chuandian,M_SR,87,0.1,6,0.9950159451716812,79,0.9467312348668281,0.9454094292803971,413.0,403.0,391.0,381.0
holdout,chuandian,M_SR,87,0.5,14,0.9846308777414188,98,0.9733656174334141,0.9727047146401985,413.0,403.0,402.0,392.0
holdout,chuandian,M_SR,87,1.0,10,0.9727156729189289,108,0.9733656174334141,0.9727047146401985,413.0,403.0,402.0,392.0
holdout,chuandian,M_SR,87,1.5,10,0.9615259268454845,119,0.9200968523002422,0.9181141439205955,413.0,403.0,380.0,370.0
holdout,chuandian,M_SR,87,2.0,16,0.9509350140857687,121,0.9200968523002422,0.9181141439205955,413.0,403.0,380.0,370.0
holdout,chuandian,M_SR,87,3.0,12,0.9304611180456114,130,0.9200968523002422,0.9181141439205955,413.0,403.0,380.0,370.0
holdout,chuandian,M_SR,88,0.1,11,0.9941279483696859,74,0.8983050847457628,0.8957816377171216,413.0,403.0,371.0,361.0
holdout,chuandian,M_SR,88,0.5,12345,0.9818434503255805,102,0.8958837772397095,0.8933002481389578,413.0,403.0,370.0,360.0
holdout,chuandian,M_SR,88,1.0,12345,0.9695643813829108,111,0.8958837772397095,0.8933002481389578,413.0,403.0,370.0,360.0
holdout,chuandian,M_SR,88,1.5,19,0.9577909428292728,116,0.8958837772397095,0.8933002481389578,413.0,403.0,370.0,360.0
holdout,chuandian,M_SR,88,2.0,16,0.9464466301331288,123,0.8958837772397095,0.8933002481389578,413.0,403.0,370.0,360.0
holdout,chuandian,M_SR,88,3.0,16,0.9249331425042728,127,0.8958837772397095,0.8933002481389578,413.0,403.0,370.0,360.0
holdout,chuandian,M_SR,89,0.1,1,0.994344139148386,71,0.9757869249394673,0.9751861042183623,413.0,403.0,403.0,393.0
holdout,chuandian,M_SR,89,0.5,2,0.983424284517255,96,0.8305084745762712,0.826302729528536,413.0,403.0,343.0,333.0
holdout,chuandian,M_SR,89,1.0,6,0.9719276975930564,108,0.8837772397094431,0.8808933002481389,413.0,403.0,365.0,355.0
holdout,chuandian,M_SR,89,1.5,3,0.961299829861113,116,0.8305084745762712,0.826302729528536,413.0,403.0,343.0,333.0
holdout,chuandian,M_SR,89,2.0,3,0.9510022592401157,119,0.8837772397094431,0.8808933002481389,413.0,403.0,365.0,355.0
holdout,chuandian,M_SR,89,3.0,10,0.9304898756369313,128,0.8305084745762712,0.826302729528536,413.0,403.0,343.0,333.0
holdout,chuandian,M_SR,90,0.1,19,0.99465891782124,76,0.9443099273607748,0.9429280397022333,413.0,403.0,390.0,380.0
holdout,chuandian,M_SR,90,0.5,5,0.9837603823929469,95,0.9443099273607748,0.9429280397022333,413.0,403.0,390.0,380.0
holdout,chuandian,M_SR,90,1.0,13,0.9724876967562915,113,0.9200968523002422,0.9181141439205955,413.0,403.0,380.0,370.0
holdout,chuandian,M_SR,90,1.5,14,0.9622864627864791,121,0.9200968523002422,0.9181141439205955,413.0,403.0,380.0,370.0
holdout,chuandian,M_SR,90,2.0,14,0.9524742823676572,125,0.9200968523002422,0.9181141439205955,413.0,403.0,380.0,370.0
holdout,chuandian,M_SR,90,3.0,15,0.9328590957281088,130,0.9200968523002422,0.9181141439205955,413.0,403.0,380.0,370.0
holdout,chuandian,M_SR,91,0.1,1,0.9950512025189401,78,0.9200968523002422,0.9181141439205955,413.0,403.0,380.0,370.0
holdout,chuandian,M_SR,91,0.5,7,0.9839856658715995,99,0.8523002421307506,0.8486352357320099,413.0,403.0,352.0,342.0
holdout,chuandian,M_SR,91,1.0,19,0.9725952396687563,109,0.8523002421307506,0.8486352357320099,413.0,403.0,352.0,342.0
holdout,chuandian,M_SR,91,1.5,15,0.9620114401588421,117,0.9200968523002422,0.9181141439205955,413.0,403.0,380.0,370.0
holdout,chuandian,M_SR,91,2.0,13,0.9515272043967263,118,0.9200968523002422,0.9181141439205955,413.0,403.0,380.0,370.0
holdout,chuandian,M_SR,91,3.0,2,0.9306220651140166,126,0.9200968523002422,0.9181141439205955,413.0,403.0,380.0,370.0
holdout,chuandian,M_SR,92,0.1,17,0.9941990684447796,74,0.910411622276029,0.9081885856079405,413.0,403.0,376.0,366.0
holdout,chuandian,M_SR,92,0.5,17,0.98338814497844,100,0.910411622276029,0.9081885856079405,413.0,403.0,376.0,366.0
holdout,chuandian,M_SR,92,1.0,17,0.97165021802491,110,0.910411622276029,0.9081885856079405,413.0,403.0,376.0,366.0
holdout,chuandian,M_SR,92,1.5,3,0.9603068731296569,118,0.910411622276029,0.9081885856079405,413.0,403.0,376.0,366.0
holdout,chuandian,M_SR,92,2.0,3,0.9493851949804509,123,0.910411622276029,0.9081885856079405,413.0,403.0,376.0,366.0
holdout,chuandian,M_SR,92,3.0,1,0.9290503955581498,133,0.910411622276029,0.9081885856079405,413.0,403.0,376.0,366.0
holdout,chuandian,M_SR,93,0.1,18,0.9946169716031921,74,0.9200968523002422,0.9181141439205955,413.0,403.0,380.0,370.0
holdout,chuandian,M_SR,93,0.5,8,0.9838759599462986,100,0.9200968523002422,0.9181141439205955,413.0,403.0,380.0,370.0
holdout,chuandian,M_SR,93,1.0,11,0.973175785308911,106,0.9200968523002422,0.9181141439205955,413.0,403.0,380.0,370.0
holdout,chuandian,M_SR,93,1.5,2,0.9630334939798662,112,0.9200968523002422,0.9181141439205955,413.0,403.0,380.0,370.0
holdout,chuandian,M_SR,93,2.0,2,0.9531385873358299,118,0.9200968523002422,0.9181141439205955,413.0,403.0,380.0,370.0
holdout,chuandian,M_SR,93,3.0,12345,0.9337684934318538,124,0.9200968523002422,0.9181141439205955,413.0,403.0,380.0,370.0
holdout,chuandian,M_SR,94,0.1,8,0.9950062751692467,76,0.8983050847457628,0.8957816377171216,413.0,403.0,371.0,361.0
holdout,chuandian,M_SR,94,0.5,3,0.984459496862833,97,0.9733656174334141,0.9727047146401985,413.0,403.0,402.0,392.0
holdout,chuandian,M_SR,94,1.0,7,0.9732148111898954,109,0.8958837772397095,0.8933002481389578,413.0,403.0,370.0,360.0
holdout,chuandian,M_SR,94,1.5,7,0.9626313265268927,117,0.8958837772397095,0.8933002481389578,413.0,403.0,370.0,360.0
holdout,chuandian,M_SR,94,2.0,2,0.952402624982007,126,0.8958837772397095,0.8933002481389578,413.0,403.0,370.0,360.0
holdout,chuandian,M_SR,94,3.0,17,0.9325301919070302,129,0.8958837772397095,0.8933002481389578,413.0,403.0,370.0,360.0
holdout,chuandian,M_SR,95,0.1,17,0.9946939121828549,73,0.8498789346246973,0.8461538461538461,413.0,403.0,351.0,341.0
holdout,chuandian,M_SR,95,0.5,13,0.9838450578933101,97,0.847457627118644,0.8436724565756824,413.0,403.0,350.0,340.0
holdout,chuandian,M_SR,95,1.0,1,0.9722195790032414,105,0.847457627118644,0.8436724565756824,413.0,403.0,350.0,340.0
holdout,chuandian,M_SR,95,1.5,9,0.9610849422170167,113,0.847457627118644,0.8436724565756824,413.0,403.0,350.0,340.0
holdout,chuandian,M_SR,95,2.0,9,0.9504738394227357,125,0.847457627118644,0.8436724565756824,413.0,403.0,350.0,340.0
holdout,chuandian,M_SR,95,3.0,1,0.9297707810852279,130,0.847457627118644,0.8436724565756824,413.0,403.0,350.0,340.0
holdout,chuandian,M_SR,96,0.1,9,0.9944287118502871,69,0.7651331719128329,0.7593052109181141,413.0,403.0,316.0,306.0
holdout,chuandian,M_SR,96,0.5,1,0.9833027261497668,95,0.7651331719128329,0.7593052109181141,413.0,403.0,316.0,306.0
holdout,chuandian,M_SR,96,1.0,4,0.9708256062087978,108,0.774818401937046,0.7692307692307693,413.0,403.0,320.0,310.0
holdout,chuandian,M_SR,96,1.5,16,0.9596488270623129,118,0.7723970944309927,0.7667493796526055,413.0,403.0,319.0,309.0
holdout,chuandian,M_SR,96,2.0,5,0.9491719382921464,121,0.7723970944309927,0.7667493796526055,413.0,403.0,319.0,309.0
holdout,chuandian,M_SR,96,3.0,10,0.92830283316531,129,0.7723970944309927,0.7667493796526055,413.0,403.0,319.0,309.0
holdout,chuandian,M_SR,97,0.1,12345,0.9944735252059969,81,0.9878934624697336,0.9875930521091811,413.0,403.0,408.0,398.0
holdout,chuandian,M_SR,97,0.5,1,0.9832967706876252,101,0.9636803874092009,0.9627791563275434,413.0,403.0,398.0,388.0
holdout,chuandian,M_SR,97,1.0,2,0.9707090547553038,110,0.9636803874092009,0.9627791563275434,413.0,403.0,398.0,388.0
holdout,chuandian,M_SR,97,1.5,14,0.9586190247903733,117,0.9636803874092009,0.9627791563275434,413.0,403.0,398.0,388.0
holdout,chuandian,M_SR,97,2.0,5,0.9472303477692577,123,0.9636803874092009,0.9627791563275434,413.0,403.0,398.0,388.0
holdout,chuandian,M_SR,97,3.0,4,0.9245951134029651,128,0.9636803874092009,0.9627791563275434,413.0,403.0,398.0,388.0
holdout,chuandian,M_SR,98,0.1,3,0.9946656738233973,76,0.9782082324455206,0.9776674937965261,413.0,403.0,404.0,394.0
holdout,chuandian,M_SR,98,0.5,12,0.9838521607100208,101,0.9636803874092009,0.9627791563275434,413.0,403.0,398.0,388.0
holdout,chuandian,M_SR,98,1.0,13,0.97237168636916,111,0.9636803874092009,0.9627791563275434,413.0,403.0,398.0,388.0
holdout,chuandian,M_SR,98,1.5,13,0.9617480119106903,119,0.9636803874092009,0.9627791563275434,413.0,403.0,398.0,388.0
holdout,chuandian,M_SR,98,2.0,11,0.9515604557969622,127,0.9636803874092009,0.9627791563275434,413.0,403.0,398.0,388.0
holdout,chuandian,M_SR,98,3.0,11,0.9314265327247336,135,0.9636803874092009,0.9627791563275434,413.0,403.0,398.0,388.0
holdout,chuandian,M_SR,99,0.1,19,0.9941274796911395,72,0.9878934624697336,0.9875930521091811,413.0,403.0,408.0,398.0
holdout,chuandian,M_SR,99,0.5,15,0.9828036399980319,98,0.9636803874092009,0.9627791563275434,413.0,403.0,398.0,388.0
holdout,chuandian,M_SR,99,1.0,5,0.9710411114285996,107,0.8910411622276029,0.8883374689826302,413.0,403.0,368.0,358.0
holdout,chuandian,M_SR,99,1.5,16,0.9600646872192763,115,0.9636803874092009,0.9627791563275434,413.0,403.0,398.0,388.0
holdout,chuandian,M_SR,99,2.0,15,0.949618991663152,120,0.9636803874092009,0.9627791563275434,413.0,403.0,398.0,388.0
holdout,chuandian,M_SR,99,3.0,15,0.9292869186523965,128,0.9636803874092009,0.9627791563275434,413.0,403.0,398.0,388.0
holdout,chuandian,M_SR,100,0.1,17,0.9943535044058703,72,0.9975786924939467,0.9975186104218362,413.0,403.0,412.0,402.0
holdout,chuandian,M_SR,100,0.5,6,0.983248416853373,98,0.9733656174334141,0.9727047146401985,413.0,403.0,402.0,392.0
holdout,chuandian,M_SR,100,1.0,5,0.9713698330160655,108,0.9733656174334141,0.9727047146401985,413.0,403.0,402.0,392.0
holdout,chuandian,M_SR,100,1.5,16,0.9603212036357307,119,0.9733656174334141,0.9727047146401985,413.0,403.0,402.0,392.0
holdout,chuandian,M_SR,100,2.0,9,0.9498931532544663,122,0.9733656174334141,0.9727047146401985,413.0,403.0,402.0,392.0
holdout,chuandian,M_SR,100,3.0,9,0.9294769357581072,131,0.9733656174334141,0.9727047146401985,413.0,403.0,402.0,392.0
holdout,chuandian,M_SR,101,0.1,18,0.9945673634846709,75,0.8958837772397095,0.8933002481389578,413.0,403.0,370.0,360.0
holdout,chuandian,M_SR,101,0.5,4,0.98418974206058,97,0.9975786924939467,0.9975186104218362,413.0,403.0,412.0,402.0
holdout,chuandian,M_SR,101,1.0,12345,0.9732669724177212,114,0.9733656174334141,0.9727047146401985,413.0,403.0,402.0,392.0
holdout,chuandian,M_SR,101,1.5,12345,0.9631314626416867,116,0.9733656174334141,0.9727047146401985,413.0,403.0,402.0,392.0
holdout,chuandian,M_SR,101,2.0,12,0.9531262705143393,122,0.9733656174334141,0.9727047146401985,413.0,403.0,402.0,392.0
holdout,chuandian,M_SR,101,3.0,1,0.9332015458046419,126,0.8958837772397095,0.8933002481389578,413.0,403.0,370.0,360.0
holdout,chuandian,M_SR,102,0.1,1,0.9943785836532729,72,0.8958837772397095,0.8933002481389578,413.0,403.0,370.0,360.0
holdout,chuandian,M_SR,102,0.5,15,0.9834980412684848,96,0.8958837772397095,0.8933002481389578,413.0,403.0,370.0,360.0
holdout,chuandian,M_SR,102,1.0,12345,0.9716334054668317,113,0.8958837772397095,0.8933002481389578,413.0,403.0,370.0,360.0
holdout,chuandian,M_SR,102,1.5,12345,0.9604074842921922,114,0.8958837772397095,0.8933002481389578,413.0,403.0,370.0,360.0
holdout,chuandian,M_SR,102,2.0,12345,0.9492298863505837,118,0.8958837772397095,0.8933002481389578,413.0,403.0,370.0,360.0
holdout,chuandian,M_SR,102,3.0,4,0.9270041011170107,124,0.8958837772397095,0.8933002481389578,413.0,403.0,370.0,360.0
holdout,chuandian,M_SR,103,0.1,2,0.9941337097790186,70,0.9443099273607748,0.9429280397022333,413.0,403.0,390.0,380.0
holdout,chuandian,M_SR,103,0.5,8,0.9836792864942608,100,0.9443099273607748,0.9429280397022333,413.0,403.0,390.0,380.0
holdout,chuandian,M_SR,103,1.0,9,0.9727441898233686,112,0.9443099273607748,0.9429280397022333,413.0,403.0,390.0,380.0
holdout,chuandian,M_SR,103,1.5,9,0.9624190995304707,118,0.9200968523002422,0.9181141439205955,413.0,403.0,380.0,370.0
holdout,chuandian,M_SR,103,2.0,15,0.9522135948153234,123,0.9200968523002422,0.9181141439205955,413.0,403.0,380.0,370.0
holdout,chuandian,M_SR,103,3.0,3,0.9318862318169616,125,0.9200968523002422,0.9181141439205955,413.0,403.0,380.0,370.0
holdout,chuandian,M_SR,104,0.1,6,0.9948223583061931,81,0.847457627118644,0.8436724565756824,413.0,403.0,350.0,340.0
holdout,chuandian,M_SR,104,0.5,12345,0.9835767119561596,98,0.847457627118644,0.8436724565756824,413.0,403.0,350.0,340.0
holdout,chuandian,M_SR,104,1.0,6,0.9711132447024078,105,0.847457627118644,0.8436724565756824,413.0,403.0,350.0,340.0
holdout,chuandian,M_SR,104,1.5,7,0.9594752501929382,112,0.847457627118644,0.8436724565756824,413.0,403.0,350.0,340.0
holdout,chuandian,M_SR,104,2.0,8,0.9480415209452768,114,0.847457627118644,0.8436724565756824,413.0,403.0,350.0,340.0
holdout,chuandian,M_SR,104,3.0,10,0.9260408512573274,123,0.847457627118644,0.8436724565756824,413.0,403.0,350.0,340.0
holdout,chuandian,M_SR,105,0.1,3,0.9939721939997581,72,0.9733656174334141,0.9727047146401985,413.0,403.0,402.0,392.0
holdout,chuandian,M_SR,105,0.5,13,0.9830453019623216,105,0.9733656174334141,0.9727047146401985,413.0,403.0,402.0,392.0
holdout,chuandian,M_SR,105,1.0,5,0.9714935202893975,117,0.9200968523002422,0.9181141439205955,413.0,403.0,380.0,370.0
holdout,chuandian,M_SR,105,1.5,16,0.9602857110909158,122,0.9200968523002422,0.9181141439205955,413.0,403.0,380.0,370.0
holdout,chuandian,M_SR,105,2.0,16,0.9492618238854906,124,0.9200968523002422,0.9181141439205955,413.0,403.0,380.0,370.0
holdout,chuandian,M_SR,105,3.0,16,0.9276787844438138,126,0.9200968523002422,0.9181141439205955,413.0,403.0,380.0,370.0
holdout,chuandian,M_SR,106,0.1,8,0.9949562372902911,74,0.9200968523002422,0.9181141439205955,413.0,403.0,380.0,370.0
holdout,chuandian,M_SR,106,0.5,18,0.983688730829116,101,0.9200968523002422,0.9181141439205955,413.0,403.0,380.0,370.0
holdout,chuandian,M_SR,106,1.0,1,0.9714618732902094,110,0.8958837772397095,0.8933002481389578,413.0,403.0,370.0,360.0
holdout,chuandian,M_SR,106,1.5,18,0.960284570709819,117,0.8958837772397095,0.8933002481389578,413.0,403.0,370.0,360.0
holdout,chuandian,M_SR,106,2.0,3,0.950216117220082,125,0.8958837772397095,0.8933002481389578,413.0,403.0,370.0,360.0
holdout,chuandian,M_SR,106,3.0,12,0.930534741276335,130,0.8958837772397095,0.8933002481389578,413.0,403.0,370.0,360.0
holdout,chuandian,M_SR,107,0.1,7,0.9948259523615998,74,0.9200968523002422,0.9181141439205955,413.0,403.0,380.0,370.0
holdout,chuandian,M_SR,107,0.5,18,0.9839351595964052,97,0.9200968523002422,0.9181141439205955,413.0,403.0,380.0,370.0
holdout,chuandian,M_SR,107,1.0,12,0.9721310924203957,109,0.9200968523002422,0.9181141439205955,413.0,403.0,380.0,370.0
holdout,chuandian,M_SR,107,1.5,11,0.9608478329193276,115,0.9200968523002422,0.9181141439205955,413.0,403.0,380.0,370.0
holdout,chuandian,M_SR,107,2.0,5,0.9498764940116788,120,0.9200968523002422,0.9181141439205955,413.0,403.0,380.0,370.0
holdout,chuandian,M_SR,107,3.0,5,0.9283567117754763,126,0.9200968523002422,0.9181141439205955,413.0,403.0,380.0,370.0
holdout,chuandian,M_SR,108,0.1,18,0.9944423854144784,78,0.9443099273607748,0.9429280397022333,413.0,403.0,390.0,380.0
holdout,chuandian,M_SR,108,0.5,17,0.983561684520455,102,0.9200968523002422,0.9181141439205955,413.0,403.0,380.0,370.0
holdout,chuandian,M_SR,108,1.0,14,0.971562924833729,110,0.9200968523002422,0.9181141439205955,413.0,403.0,380.0,370.0
holdout,chuandian,M_SR,108,1.5,3,0.9599590345538723,111,0.9200968523002422,0.9181141439205955,413.0,403.0,380.0,370.0
holdout,chuandian,M_SR,108,2.0,7,0.9491702126791736,117,0.9200968523002422,0.9181141439205955,413.0,403.0,380.0,370.0
holdout,chuandian,M_SR,108,3.0,6,0.928063417547059,126,0.9200968523002422,0.9181141439205955,413.0,403.0,380.0,370.0
holdout,chuandian,M_SR,109,0.1,10,0.9944093623175446,68,0.9152542372881356,0.913151364764268,413.0,403.0,378.0,368.0
holdout,chuandian,M_SR,109,0.5,15,0.9831817484370421,92,0.9878934624697336,0.9875930521091811,413.0,403.0,408.0,398.0
holdout,chuandian,M_SR,109,1.0,13,0.9712298320265992,104,0.9830508474576272,0.9826302729528535,413.0,403.0,406.0,396.0
holdout,chuandian,M_SR,109,1.5,7,0.9597032327409276,111,0.9830508474576272,0.9826302729528535,413.0,403.0,406.0,396.0
holdout,chuandian,M_SR,109,2.0,10,0.9485915838845493,116,0.9636803874092009,0.9627791563275434,413.0,403.0,398.0,388.0
holdout,chuandian,M_SR,109,3.0,7,0.9278696630925436,127,0.8910411622276029,0.8883374689826302,413.0,403.0,368.0,358.0
holdout,chuandian,M_SR,110,0.1,11,0.9942468779117299,73,0.9539951573849879,0.9528535980148883,413.0,403.0,394.0,384.0
holdout,chuandian,M_SR,110,0.5,12345,0.9826794212796099,102,0.9636803874092009,0.9627791563275434,413.0,403.0,398.0,388.0
holdout,chuandian,M_SR,110,1.0,2,0.9711660647665878,111,0.9636803874092009,0.9627791563275434,413.0,403.0,398.0,388.0
holdout,chuandian,M_SR,110,1.5,12345,0.9601170362722758,117,0.9539951573849879,0.9528535980148883,413.0,403.0,394.0,384.0
holdout,chuandian,M_SR,110,2.0,18,0.9496367893800576,120,0.9539951573849879,0.9528535980148883,413.0,403.0,394.0,384.0
holdout,chuandian,M_SR,110,3.0,9,0.9288269439856283,128,0.9539951573849879,0.9528535980148883,413.0,403.0,394.0,384.0
holdout,chuandian,M_SR,111,0.1,8,0.9949094451522044,72,0.8958837772397095,0.8933002481389578,413.0,403.0,370.0,360.0
holdout,chuandian,M_SR,111,0.5,14,0.9838986242795352,94,0.9200968523002422,0.9181141439205955,413.0,403.0,380.0,370.0
holdout,chuandian,M_SR,111,1.0,8,0.9717598034249353,106,0.8958837772397095,0.8933002481389578,413.0,403.0,370.0,360.0
holdout,chuandian,M_SR,111,1.5,7,0.9602267822171944,111,0.8958837772397095,0.8933002481389578,413.0,403.0,370.0,360.0
holdout,chuandian,M_SR,111,2.0,2,0.9489579071620386,117,0.8958837772397095,0.8933002481389578,413.0,403.0,370.0,360.0
holdout,chuandian,M_SR,111,3.0,12345,0.9271921940537047,126,0.8958837772397095,0.8933002481389578,413.0,403.0,370.0,360.0
holdout,chuandian,M_SR,112,0.1,12345,0.9939096728652366,73,0.9225181598062954,0.9205955334987593,413.0,403.0,381.0,371.0
holdout,chuandian,M_SR,112,0.5,11,0.9823607216738192,99,0.9661016949152542,0.9652605459057072,413.0,403.0,399.0,389.0
holdout,chuandian,M_SR,112,1.0,6,0.9705161832991663,110,0.8305084745762712,0.826302729528536,413.0,403.0,343.0,333.0
holdout,chuandian,M_SR,112,1.5,6,0.959312142269272,116,0.8305084745762712,0.826302729528536,413.0,403.0,343.0,333.0
holdout,chuandian,M_SR,112,2.0,3,0.9484360308842832,121,0.8305084745762712,0.826302729528536,413.0,403.0,343.0,333.0
holdout,chuandian,M_SR,112,3.0,1,0.9273135487769852,128,0.8305084745762712,0.826302729528536,413.0,403.0,343.0,333.0
holdout,chuandian,M_SR,113,0.1,14,0.9947574840419421,77,0.9443099273607748,0.9429280397022333,413.0,403.0,390.0,380.0
holdout,chuandian,M_SR,113,0.5,14,0.9842566567884905,101,0.9733656174334141,0.9727047146401985,413.0,403.0,402.0,392.0
holdout,chuandian,M_SR,113,1.0,8,0.9723558953998971,111,0.9200968523002422,0.9181141439205955,413.0,403.0,380.0,370.0
holdout,chuandian,M_SR,113,1.5,7,0.9606620145313659,115,0.9200968523002422,0.9181141439205955,413.0,403.0,380.0,370.0
holdout,chuandian,M_SR,113,2.0,17,0.9491244265647798,121,0.9200968523002422,0.9181141439205955,413.0,403.0,380.0,370.0
holdout,chuandian,M_SR,113,3.0,18,0.9269871628588108,128,0.9200968523002422,0.9181141439205955,413.0,403.0,380.0,370.0
holdout,chuandian,M_SR,114,0.1,5,0.9943621380642903,71,0.9394673123486683,0.9379652605459057,413.0,403.0,388.0,378.0
holdout,chuandian,M_SR,114,0.5,17,0.9826281061041582,95,0.9443099273607748,0.9429280397022333,413.0,403.0,390.0,380.0
holdout,chuandian,M_SR,114,1.0,2,0.9695171426593873,105,0.9200968523002422,0.9181141439205955,413.0,403.0,380.0,370.0
holdout,chuandian,M_SR,114,1.5,5,0.957677319412098,111,0.9200968523002422,0.9181141439205955,413.0,403.0,380.0,370.0
holdout,chuandian,M_SR,114,2.0,2,0.9459983854171111,113,0.9200968523002422,0.9181141439205955,413.0,403.0,380.0,370.0
holdout,chuandian,M_SR,114,3.0,19,0.9236230104228446,123,0.9200968523002422,0.9181141439205955,413.0,403.0,380.0,370.0
holdout,chuandian,M_SR,115,0.1,4,0.9949010176161385,76,0.9225181598062954,0.9205955334987593,413.0,403.0,381.0,371.0
holdout,chuandian,M_SR,115,0.5,19,0.9843277121250411,102,0.9661016949152542,0.9652605459057072,413.0,403.0,399.0,389.0
holdout,chuandian,M_SR,115,1.0,8,0.9728142665521593,114,0.8280871670702179,0.8238213399503722,413.0,403.0,342.0,332.0
holdout,chuandian,M_SR,115,1.5,8,0.9619617448681224,120,0.8280871670702179,0.8238213399503722,413.0,403.0,342.0,332.0
holdout,chuandian,M_SR,115,2.0,17,0.9512688186161343,124,0.8280871670702179,0.8238213399503722,413.0,403.0,342.0,332.0
holdout,chuandian,M_SR,115,3.0,5,0.9303190400475942,131,0.8280871670702179,0.8238213399503722,413.0,403.0,342.0,332.0
holdout,chuandian,M_SR,116,0.1,8,0.9935402525693247,69,0.9636803874092009,0.9627791563275434,413.0,403.0,398.0,388.0
holdout,chuandian,M_SR,116,0.5,9,0.9810141580373343,95,0.9636803874092009,0.9627791563275434,413.0,403.0,398.0,388.0
holdout,chuandian,M_SR,116,1.0,8,0.9687464853722698,108,0.9636803874092009,0.9627791563275434,413.0,403.0,398.0,388.0
holdout,chuandian,M_SR,116,1.5,4,0.9574439617263026,110,0.9636803874092009,0.9627791563275434,413.0,403.0,398.0,388.0
holdout,chuandian,M_SR,116,2.0,6,0.9467302067060442,117,0.9636803874092009,0.9627791563275434,413.0,403.0,398.0,388.0
holdout,chuandian,M_SR,116,3.0,2,0.9256751139267381,123,0.9636803874092009,0.9627791563275434,413.0,403.0,398.0,388.0
holdout,chuandian,M_SR,117,0.1,7,0.9947609556755603,81,0.8910411622276029,0.8883374689826302,413.0,403.0,368.0,358.0
holdout,chuandian,M_SR,117,0.5,12,0.9841414915544188,107,0.8910411622276029,0.8883374689826302,413.0,403.0,368.0,358.0
holdout,chuandian,M_SR,117,1.0,17,0.9725781766384589,114,0.8910411622276029,0.8883374689826302,413.0,403.0,368.0,358.0
holdout,chuandian,M_SR,117,1.5,5,0.9615012830529442,122,0.8910411622276029,0.8883374689826302,413.0,403.0,368.0,358.0
holdout,chuandian,M_SR,117,2.0,15,0.950964304061882,127,0.8910411622276029,0.8883374689826302,413.0,403.0,368.0,358.0
holdout,chuandian,M_SR,117,3.0,5,0.9303967377920235,135,0.8910411622276029,0.8883374689826302,413.0,403.0,368.0,358.0
holdout,chuandian,M_SR,118,0.1,2,0.9943341720622505,74,0.8716707021791767,0.8684863523573201,413.0,403.0,360.0,350.0
holdout,chuandian,M_SR,118,0.5,14,0.9836795216107987,98,0.8716707021791767,0.8684863523573201,413.0,403.0,360.0,350.0
holdout,chuandian,M_SR,118,1.0,17,0.9721491641672229,109,0.847457627118644,0.8436724565756824,413.0,403.0,350.0,340.0
holdout,chuandian,M_SR,118,1.5,18,0.9609803711488933,112,0.847457627118644,0.8436724565756824,413.0,403.0,350.0,340.0
holdout,chuandian,M_SR,118,2.0,6,0.9501309781308369,119,0.847457627118644,0.8436724565756824,413.0,403.0,350.0,340.0
holdout,chuandian,M_SR,118,3.0,16,0.9294701152757471,125,0.847457627118644,0.8436724565756824,413.0,403.0,350.0,340.0
holdout,chuandian,M_SR,119,0.1,8,0.9941407685402102,68,0.8958837772397095,0.8933002481389578,413.0,403.0,370.0,360.0
holdout,chuandian,M_SR,119,0.5,8,0.9824845835026,98,0.9539951573849879,0.9528535980148883,413.0,403.0,394.0,384.0
holdout,chuandian,M_SR,119,1.0,2,0.9710971958682009,110,0.9539951573849879,0.9528535980148883,413.0,403.0,394.0,384.0
holdout,chuandian,M_SR,119,1.5,14,0.9605057682007957,117,0.9539951573849879,0.9528535980148883,413.0,403.0,394.0,384.0
holdout,chuandian,M_SR,119,2.0,5,0.9503688435358036,123,0.9539951573849879,0.9528535980148883,413.0,403.0,394.0,384.0
holdout,chuandian,M_SR,119,3.0,5,0.9303756726176817,131,0.8910411622276029,0.8883374689826302,413.0,403.0,368.0,358.0
holdout,chuandian,M_SR,120,0.1,11,0.994145668663029,73,0.8910411622276029,0.8883374689826302,413.0,403.0,368.0,358.0
holdout,chuandian,M_SR,120,0.5,19,0.9824397435116637,98,0.8910411622276029,0.8883374689826302,413.0,403.0,368.0,358.0
holdout,chuandian,M_SR,120,1.0,18,0.9700094393251293,108,0.8910411622276029,0.8883374689826302,413.0,403.0,368.0,358.0
holdout,chuandian,M_SR,120,1.5,10,0.9580762675958197,115,0.8910411622276029,0.8883374689826302,413.0,403.0,368.0,358.0
holdout,chuandian,M_SR,120,2.0,14,0.9469485561995239,122,0.8910411622276029,0.8883374689826302,413.0,403.0,368.0,358.0
holdout,chuandian,M_SR,120,3.0,13,0.9249444729217832,127,0.8910411622276029,0.8883374689826302,413.0,403.0,368.0,358.0
holdout,chuandian,M_SR,121,0.1,4,0.9946300261311855,72,0.9782082324455206,0.9776674937965261,413.0,403.0,404.0,394.0
holdout,chuandian,M_SR,121,0.5,12345,0.9847019568498637,97,0.8861985472154964,0.8833746898263027,413.0,403.0,366.0,356.0
holdout,chuandian,M_SR,121,1.0,3,0.9731618819804293,105,0.8861985472154964,0.8833746898263027,413.0,403.0,366.0,356.0
holdout,chuandian,M_SR,121,1.5,2,0.9618753291810329,110,0.8861985472154964,0.8833746898263027,413.0,403.0,366.0,356.0
holdout,chuandian,M_SR,121,2.0,16,0.9507600339800213,116,0.8861985472154964,0.8833746898263027,413.0,403.0,366.0,356.0
holdout,chuandian,M_SR,121,3.0,3,0.9298714499269326,127,0.8861985472154964,0.8833746898263027,413.0,403.0,366.0,356.0
holdout,chuandian,M_SR,122,0.1,12345,0.9945283556519136,71,0.8934624697336562,0.890818858560794,413.0,403.0,369.0,359.0
holdout,chuandian,M_SR,122,0.5,1,0.9827308876730603,94,0.9757869249394673,0.9751861042183623,413.0,403.0,403.0,393.0
holdout,chuandian,M_SR,122,1.0,1,0.9708616943362237,107,0.8038740920096852,0.7990074441687345,413.0,403.0,332.0,322.0
holdout,chuandian,M_SR,122,1.5,3,0.9600549931893517,115,0.8038740920096852,0.7990074441687345,413.0,403.0,332.0,322.0
holdout,chuandian,M_SR,122,2.0,11,0.9495397611662131,119,0.8716707021791767,0.8684863523573201,413.0,403.0,360.0,350.0
holdout,chuandian,M_SR,122,3.0,8,0.9291845705740901,125,0.8038740920096852,0.7990074441687345,413.0,403.0,332.0,322.0
holdout,chuandian,M_SR,123,0.1,8,0.994521312792051,76,0.9757869249394673,0.9751861042183623,413.0,403.0,403.0,393.0
holdout,chuandian,M_SR,123,0.5,11,0.9837862513777333,98,0.9733656174334141,0.9727047146401985,413.0,403.0,402.0,392.0
holdout,chuandian,M_SR,123,1.0,8,0.9719387263789917,107,0.9733656174334141,0.9727047146401985,413.0,403.0,402.0,392.0
holdout,chuandian,M_SR,123,1.5,11,0.961007756492982,117,0.9200968523002422,0.9181141439205955,413.0,403.0,380.0,370.0
holdout,chuandian,M_SR,123,2.0,11,0.9507100539721742,125,0.9200968523002422,0.9181141439205955,413.0,403.0,380.0,370.0
holdout,chuandian,M_SR,123,3.0,3,0.9305292064388935,132,0.9200968523002422,0.9181141439205955,413.0,403.0,380.0,370.0
holdout,chuandian,M_SR,124,0.1,1,0.9944966299323932,73,0.9757869249394673,0.9751861042183623,413.0,403.0,403.0,393.0
holdout,chuandian,M_SR,124,0.5,2,0.9826737351365117,99,0.8910411622276029,0.8883374689826302,413.0,403.0,368.0,358.0
holdout,chuandian,M_SR,124,1.0,7,0.9690763483311322,109,0.9636803874092009,0.9627791563275434,413.0,403.0,398.0,388.0
holdout,chuandian,M_SR,124,1.5,14,0.9568059884402105,118,0.8910411622276029,0.8883374689826302,413.0,403.0,368.0,358.0
holdout,chuandian,M_SR,124,2.0,16,0.9458466275915777,120,0.9636803874092009,0.9627791563275434,413.0,403.0,398.0,388.0
holdout,chuandian,M_SR,124,3.0,1,0.9244512089368817,127,0.9636803874092009,0.9627791563275434,413.0,403.0,398.0,388.0
holdout,chuandian,M_SR,125,0.1,11,0.9943017270345493,73,0.847457627118644,0.8436724565756824,413.0,403.0,350.0,340.0
holdout,chuandian,M_SR,125,0.5,9,0.9828477874122366,98,0.847457627118644,0.8436724565756824,413.0,403.0,350.0,340.0
holdout,chuandian,M_SR,125,1.0,12,0.9702765522692249,107,0.847457627118644,0.8436724565756824,413.0,403.0,350.0,340.0
holdout,chuandian,M_SR,125,1.5,5,0.9583771727921901,118,0.9200968523002422,0.9181141439205955,413.0,403.0,380.0,370.0
holdout,chuandian,M_SR,125,2.0,19,0.9474292201370502,124,0.9200968523002422,0.9181141439205955,413.0,403.0,380.0,370.0
holdout,chuandian,M_SR,125,3.0,3,0.925943513710895,127,0.9200968523002422,0.9181141439205955,413.0,403.0,380.0,370.0
holdout,chuandian,M_SR,126,0.1,2,0.9948516125082926,75,0.9443099273607748,0.9429280397022333,413.0,403.0,390.0,380.0
holdout,chuandian,M_SR,126,0.5,18,0.9841803518466553,96,0.9200968523002422,0.9181141439205955,413.0,403.0,380.0,370.0
holdout,chuandian,M_SR,126,1.0,15,0.9731029961153788,113,0.9200968523002422,0.9181141439205955,413.0,403.0,380.0,370.0
holdout,chuandian,M_SR,126,1.5,15,0.9626128243611725,119,0.9200968523002422,0.9181141439205955,413.0,403.0,380.0,370.0
holdout,chuandian,M_SR,126,2.0,3,0.9525042877864671,124,0.9200968523002422,0.9181141439205955,413.0,403.0,380.0,370.0
holdout,chuandian,M_SR,126,3.0,19,0.9324996123000329,130,0.9200968523002422,0.9181141439205955,413.0,403.0,380.0,370.0
holdout,chuandian,M_SR,127,0.1,9,0.9944946387507051,71,0.8958837772397095,0.8933002481389578,413.0,403.0,370.0,360.0
holdout,chuandian,M_SR,127,0.5,16,0.9830338754561002,94,0.8958837772397095,0.8933002481389578,413.0,403.0,370.0,360.0
holdout,chuandian,M_SR,127,1.0,11,0.9718782844029208,109,0.8958837772397095,0.8933002481389578,413.0,403.0,370.0,360.0
holdout,chuandian,M_SR,127,1.5,11,0.9617029846572764,116,0.8958837772397095,0.8933002481389578,413.0,403.0,370.0,360.0
holdout,chuandian,M_SR,127,2.0,1,0.9516760572839298,119,0.8958837772397095,0.8933002481389578,413.0,403.0,370.0,360.0
holdout,chuandian,M_SR,127,3.0,8,0.9321178242488964,126,0.8958837772397095,0.8933002481389578,413.0,403.0,370.0,360.0
holdout,chuandian,M_SR,128,0.1,10,0.9938648290798697,76,0.8765133171912833,0.8734491315136477,413.0,403.0,362.0,352.0
holdout,chuandian,M_SR,128,0.5,2,0.982880397817669,104,0.8523002421307506,0.8486352357320099,413.0,403.0,352.0,342.0
holdout,chuandian,M_SR,128,1.0,18,0.9711532498557361,111,0.8523002421307506,0.8486352357320099,413.0,403.0,352.0,342.0
holdout,chuandian,M_SR,128,1.5,11,0.9604414867032691,115,0.9733656174334141,0.9727047146401985,413.0,403.0,402.0,392.0
holdout,chuandian,M_SR,128,2.0,19,0.9501975951139748,124,0.8523002421307506,0.8486352357320099,413.0,403.0,352.0,342.0
holdout,chuandian,M_SR,128,3.0,19,0.9299611076130152,132,0.8523002421307506,0.8486352357320099,413.0,403.0,352.0,342.0
holdout,chuandian,M_SR,129,0.1,3,0.9941938003376044,71,0.9200968523002422,0.9181141439205955,413.0,403.0,380.0,370.0
holdout,chuandian,M_SR,129,0.5,6,0.9838645507203861,92,0.9636803874092009,0.9627791563275434,413.0,403.0,398.0,388.0
holdout,chuandian,M_SR,129,1.0,2,0.9724365117102866,103,0.9733656174334141,0.9727047146401985,413.0,403.0,402.0,392.0
holdout,chuandian,M_SR,129,1.5,16,0.9614964872623218,114,0.9733656174334141,0.9727047146401985,413.0,403.0,402.0,392.0
holdout,chuandian,M_SR,129,2.0,16,0.9507788429432199,120,0.9733656174334141,0.9727047146401985,413.0,403.0,402.0,392.0
holdout,chuandian,M_SR,129,3.0,4,0.9304017846305392,124,0.9733656174334141,0.9727047146401985,413.0,403.0,402.0,392.0
holdout,chuandian,M_SR,130,0.1,5,0.9948259149174353,77,0.9661016949152542,0.9652605459057072,413.0,403.0,399.0,389.0
holdout,chuandian,M_SR,130,0.5,6,0.9836722565283688,98,0.9636803874092009,0.9627791563275434,413.0,403.0,398.0,388.0
holdout,chuandian,M_SR,130,1.0,2,0.9713645452802993,108,0.9636803874092009,0.9627791563275434,413.0,403.0,398.0,388.0
holdout,chuandian,M_SR,130,1.5,2,0.9595894186717006,119,0.9636803874092009,0.9627791563275434,413.0,403.0,398.0,388.0
holdout,chuandian,M_SR,130,2.0,4,0.9484967077194619,123,0.9636803874092009,0.9627791563275434,413.0,403.0,398.0,388.0
holdout,chuandian,M_SR,130,3.0,4,0.9271593093063868,132,0.9636803874092009,0.9627791563275434,413.0,403.0,398.0,388.0
holdout,chuandian,M_SR,131,0.1,3,0.9947545762051065,74,0.9443099273607748,0.9429280397022333,413.0,403.0,390.0,380.0
holdout,chuandian,M_SR,131,0.5,18,0.9839093580719586,96,0.9733656174334141,0.9727047146401985,413.0,403.0,402.0,392.0
holdout,chuandian,M_SR,131,1.0,17,0.9729902593607953,110,0.9733656174334141,0.9727047146401985,413.0,403.0,402.0,392.0
holdout,chuandian,M_SR,131,1.5,16,0.9625797315235889,118,0.9733656174334141,0.9727047146401985,413.0,403.0,402.0,392.0
holdout,chuandian,M_SR,131,2.0,16,0.9525622148091277,122,0.9733656174334141,0.9727047146401985,413.0,403.0,402.0,392.0
holdout,chuandian,M_SR,131,3.0,4,0.9332565582824913,131,0.9733656174334141,0.9727047146401985,413.0,403.0,402.0,392.0
holdout,chuandian,M_SR,132,0.1,10,0.994722909207746,76,0.9200968523002422,0.9181141439205955,413.0,403.0,380.0,370.0
holdout,chuandian,M_SR,132,0.5,13,0.9841454969473987,98,0.9200968523002422,0.9181141439205955,413.0,403.0,380.0,370.0
holdout,chuandian,M_SR,132,1.0,7,0.9726339565390654,109,0.9200968523002422,0.9181141439205955,413.0,403.0,380.0,370.0
holdout,chuandian,M_SR,132,1.5,14,0.9620383225592877,115,0.9200968523002422,0.9181141439205955,413.0,403.0,380.0,370.0
holdout,chuandian,M_SR,132,2.0,1,0.9515782431707811,119,0.9200968523002422,0.9181141439205955,413.0,403.0,380.0,370.0
holdout,chuandian,M_SR,132,3.0,9,0.9308614096208466,125,0.9200968523002422,0.9181141439205955,413.0,403.0,380.0,370.0
holdout,chuandian,M_SR,133,0.1,13,0.9937627146331303,68,0.9152542372881356,0.913151364764268,413.0,403.0,378.0,368.0
holdout,chuandian,M_SR,133,0.5,8,0.9809233678266535,96,0.8958837772397095,0.8933002481389578,413.0,403.0,370.0,360.0
holdout,chuandian,M_SR,133,1.0,16,0.9684454924177145,104,0.8958837772397095,0.8933002481389578,413.0,403.0,370.0,360.0
holdout,chuandian,M_SR,133,1.5,6,0.9572244396129006,117,0.8958837772397095,0.8933002481389578,413.0,403.0,370.0,360.0
holdout,chuandian,M_SR,133,2.0,3,0.9466748020682291,123,0.8958837772397095,0.8933002481389578,413.0,403.0,370.0,360.0
holdout,chuandian,M_SR,133,3.0,17,0.926261964444505,126,0.8958837772397095,0.8933002481389578,413.0,403.0,370.0,360.0
holdout,chuandian,M_SR,134,0.1,7,0.9943915349782012,70,0.910411622276029,0.9081885856079405,413.0,403.0,376.0,366.0
holdout,chuandian,M_SR,134,0.5,7,0.98328492688311,92,0.910411622276029,0.9081885856079405,413.0,403.0,376.0,366.0
holdout,chuandian,M_SR,134,1.0,5,0.971463990451384,105,0.910411622276029,0.9081885856079405,413.0,403.0,376.0,366.0
holdout,chuandian,M_SR,134,1.5,5,0.9605147955100468,113,0.910411622276029,0.9081885856079405,413.0,403.0,376.0,366.0
holdout,chuandian,M_SR,134,2.0,16,0.9503193662876908,120,0.910411622276029,0.9081885856079405,413.0,403.0,376.0,366.0
holdout,chuandian,M_SR,134,3.0,16,0.9299949188355542,124,0.910411622276029,0.9081885856079405,413.0,403.0,376.0,366.0
holdout,chuandian,M_SR,135,0.1,12345,0.9948138800849409,71,0.9636803874092009,0.9627791563275434,413.0,403.0,398.0,388.0
holdout,chuandian,M_SR,135,0.5,2,0.983581813117344,95,0.9636803874092009,0.9627791563275434,413.0,403.0,398.0,388.0
holdout,chuandian,M_SR,135,1.0,1,0.9713111911259906,101,0.9636803874092009,0.9627791563275434,413.0,403.0,398.0,388.0
holdout,chuandian,M_SR,135,1.5,4,0.9595775636295343,110,0.9636803874092009,0.9627791563275434,413.0,403.0,398.0,388.0
holdout,chuandian,M_SR,135,2.0,4,0.9480589276317495,115,0.9636803874092009,0.9627791563275434,413.0,403.0,398.0,388.0
holdout,chuandian,M_SR,135,3.0,10,0.9256202182261729,122,0.9636803874092009,0.9627791563275434,413.0,403.0,398.0,388.0
holdout,chuandian,M_SR,136,0.1,12,0.9946137266452227,70,0.9394673123486683,0.9379652605459057,413.0,403.0,388.0,378.0
holdout,chuandian,M_SR,136,0.5,19,0.9839149072409084,95,0.9443099273607748,0.9429280397022333,413.0,403.0,390.0,380.0
holdout,chuandian,M_SR,136,1.0,9,0.9722057387280997,108,0.9200968523002422,0.9181141439205955,413.0,403.0,380.0,370.0
holdout,chuandian,M_SR,136,1.5,9,0.9607325235648897,113,0.9200968523002422,0.9181141439205955,413.0,403.0,380.0,370.0
holdout,chuandian,M_SR,136,2.0,18,0.949394490111927,118,0.9200968523002422,0.9181141439205955,413.0,403.0,380.0,370.0
holdout,chuandian,M_SR,136,3.0,18,0.9281128064218522,125,0.9200968523002422,0.9181141439205955,413.0,403.0,380.0,370.0
holdout,chuandian,M_SR,137,0.1,4,0.9947094086987558,75,0.9225181598062954,0.9205955334987593,413.0,403.0,381.0,371.0
holdout,chuandian,M_SR,137,0.5,12345,0.9843712942779133,98,0.9225181598062954,0.9205955334987593,413.0,403.0,381.0,371.0
holdout,chuandian,M_SR,137,1.0,12345,0.973048253719733,108,0.9200968523002422,0.9181141439205955,413.0,403.0,380.0,370.0
holdout,chuandian,M_SR,137,1.5,11,0.9621661702371473,117,0.9200968523002422,0.9181141439205955,413.0,403.0,380.0,370.0
holdout,chuandian,M_SR,137,2.0,14,0.9521351286365999,124,0.9200968523002422,0.9181141439205955,413.0,403.0,380.0,370.0
holdout,chuandian,M_SR,137,3.0,12345,0.9325374271448748,127,0.9200968523002422,0.9181141439205955,413.0,403.0,380.0,370.0
holdout,chuandian,M_SR,138,0.1,15,0.994517338736707,76,0.9443099273607748,0.9429280397022333,413.0,403.0,390.0,380.0
holdout,chuandian,M_SR,138,0.5,11,0.9830032854202911,102,0.9200968523002422,0.9181141439205955,413.0,403.0,380.0,370.0
holdout,chuandian,M_SR,138,1.0,16,0.9715940077405955,113,0.9200968523002422,0.9181141439205955,413.0,403.0,380.0,370.0
holdout,chuandian,M_SR,138,1.5,8,0.9609404002217707,117,0.9200968523002422,0.9181141439205955,413.0,403.0,380.0,370.0
holdout,chuandian,M_SR,138,2.0,9,0.9505221719510152,123,0.9200968523002422,0.9181141439205955,413.0,403.0,380.0,370.0
holdout,chuandian,M_SR,138,3.0,10,0.9307596866283546,129,0.9200968523002422,0.9181141439205955,413.0,403.0,380.0,370.0
holdout,chuandian,M_SR,139,0.1,3,0.9948702820654687,72,0.8910411622276029,0.8883374689826302,413.0,403.0,368.0,358.0
holdout,chuandian,M_SR,139,0.5,5,0.9840213479913096,101,0.8910411622276029,0.8883374689826302,413.0,403.0,368.0,358.0
holdout,chuandian,M_SR,139,1.0,7,0.9724847047044658,111,0.9636803874092009,0.9627791563275434,413.0,403.0,398.0,388.0
holdout,chuandian,M_SR,139,1.5,3,0.9615813725795176,119,0.8910411622276029,0.8883374689826302,413.0,403.0,368.0,358.0
holdout,chuandian,M_SR,139,2.0,14,0.9512948218326511,129,0.8910411622276029,0.8883374689826302,413.0,403.0,368.0,358.0
holdout,chuandian,M_SR,139,3.0,12,0.9310175482908937,136,0.8910411622276029,0.8883374689826302,413.0,403.0,368.0,358.0
holdout,chuandian,M_SR,140,0.1,4,0.9946223253024223,74,0.9636803874092009,0.9627791563275434,413.0,403.0,398.0,388.0
holdout,chuandian,M_SR,140,0.5,15,0.9835396300508955,96,0.9636803874092009,0.9627791563275434,413.0,403.0,398.0,388.0
holdout,chuandian,M_SR,140,1.0,17,0.9717421675290668,108,0.9636803874092009,0.9627791563275434,413.0,403.0,398.0,388.0
holdout,chuandian,M_SR,140,1.5,17,0.960527952059278,115,0.9200968523002422,0.9181141439205955,413.0,403.0,380.0,370.0
holdout,chuandian,M_SR,140,2.0,9,0.9502087493765327,120,0.910411622276029,0.9081885856079405,413.0,403.0,376.0,366.0
holdout,chuandian,M_SR,140,3.0,19,0.930130465291994,128,0.910411622276029,0.9081885856079405,413.0,403.0,376.0,366.0
holdout,chuandian,M_SR,141,0.1,11,0.9943426144036361,77,0.8910411622276029,0.8883374689826302,413.0,403.0,368.0,358.0
holdout,chuandian,M_SR,141,0.5,16,0.9837924973692773,103,0.8910411622276029,0.8883374689826302,413.0,403.0,368.0,358.0
holdout,chuandian,M_SR,141,1.0,11,0.972485340589549,115,0.8910411622276029,0.8883374689826302,413.0,403.0,368.0,358.0
holdout,chuandian,M_SR,141,1.5,17,0.9618478642721517,122,0.9636803874092009,0.9627791563275434,413.0,403.0,398.0,388.0
holdout,chuandian,M_SR,141,2.0,1,0.9513129056486116,126,0.9636803874092009,0.9627791563275434,413.0,403.0,398.0,388.0
holdout,chuandian,M_SR,141,3.0,1,0.9305256647140033,133,0.9636803874092009,0.9627791563275434,413.0,403.0,398.0,388.0
holdout,chuandian,M_SR,142,0.1,12345,0.9941062890125668,73,0.9757869249394673,0.9751861042183623,413.0,403.0,403.0,393.0
holdout,chuandian,M_SR,142,0.5,19,0.9830154775588431,97,0.9975786924939467,0.9975186104218362,413.0,403.0,412.0,402.0
holdout,chuandian,M_SR,142,1.0,10,0.9718747406595549,108,0.9733656174334141,0.9727047146401985,413.0,403.0,402.0,392.0
holdout,chuandian,M_SR,142,1.5,4,0.9614637836042395,116,0.8958837772397095,0.8933002481389578,413.0,403.0,370.0,360.0
holdout,chuandian,M_SR,142,2.0,3,0.9512509423333719,118,0.8958837772397095,0.8933002481389578,413.0,403.0,370.0,360.0
holdout,chuandian,M_SR,142,3.0,1,0.9310043525645934,124,0.8958837772397095,0.8933002481389578,413.0,403.0,370.0,360.0
holdout,chuandian,M_SR,143,0.1,12345,0.9943555721976828,69,0.9467312348668281,0.9454094292803971,413.0,403.0,391.0,381.0
holdout,chuandian,M_SR,143,0.5,5,0.9831915212383749,99,0.9661016949152542,0.9652605459057072,413.0,403.0,399.0,389.0
holdout,chuandian,M_SR,143,1.0,2,0.9715055209849993,114,0.8716707021791767,0.8684863523573201,413.0,403.0,360.0,350.0
holdout,chuandian,M_SR,143,1.5,11,0.9604371541192018,122,0.8716707021791767,0.8684863523573201,413.0,403.0,360.0,350.0
holdout,chuandian,M_SR,143,2.0,8,0.9505212156923332,126,0.8280871670702179,0.8238213399503722,413.0,403.0,342.0,332.0
holdout,chuandian,M_SR,143,3.0,8,0.930965230380391,132,0.8280871670702179,0.8238213399503722,413.0,403.0,342.0,332.0
holdout,chuandian,M_SR,144,0.1,2,0.9945016868293879,72,0.8983050847457628,0.8957816377171216,413.0,403.0,371.0,361.0
holdout,chuandian,M_SR,144,0.5,6,0.9829724354798764,96,0.8958837772397095,0.8933002481389578,413.0,403.0,370.0,360.0
holdout,chuandian,M_SR,144,1.0,12,0.9700932425311288,105,0.9733656174334141,0.9727047146401985,413.0,403.0,402.0,392.0
holdout,chuandian,M_SR,144,1.5,12,0.9583286396527666,113,0.8958837772397095,0.8933002481389578,413.0,403.0,370.0,360.0
holdout,chuandian,M_SR,144,2.0,5,0.9470265110781608,119,0.8958837772397095,0.8933002481389578,413.0,403.0,370.0,360.0
holdout,chuandian,M_SR,144,3.0,1,0.9250507057366452,128,0.8958837772397095,0.8933002481389578,413.0,403.0,370.0,360.0
holdout,chuandian,M_SR,145,0.1,4,0.9944894761835298,72,0.9200968523002422,0.9181141439205955,413.0,403.0,380.0,370.0
holdout,chuandian,M_SR,145,0.5,6,0.9831261488918921,97,0.8958837772397095,0.8933002481389578,413.0,403.0,370.0,360.0
holdout,chuandian,M_SR,145,1.0,7,0.9708737746632344,107,0.8958837772397095,0.8933002481389578,413.0,403.0,370.0,360.0
holdout,chuandian,M_SR,145,1.5,10,0.9593963111638117,112,0.8958837772397095,0.8933002481389578,413.0,403.0,370.0,360.0
holdout,chuandian,M_SR,145,2.0,19,0.948473880299333,116,0.8958837772397095,0.8933002481389578,413.0,403.0,370.0,360.0
holdout,chuandian,M_SR,145,3.0,12,0.9267993140731332,120,0.8958837772397095,0.8933002481389578,413.0,403.0,370.0,360.0
holdout,chuandian,M_SR,146,0.1,12,0.9947518851459514,76,0.9128329297820823,0.9106699751861043,413.0,403.0,377.0,367.0
holdout,chuandian,M_SR,146,0.5,4,0.9828917211104687,98,0.910411622276029,0.9081885856079405,413.0,403.0,376.0,366.0
holdout,chuandian,M_SR,146,1.0,6,0.9701541292049428,112,0.910411622276029,0.9081885856079405,413.0,403.0,376.0,366.0
holdout,chuandian,M_SR,146,1.5,13,0.9583932647717607,121,0.910411622276029,0.9081885856079405,413.0,403.0,376.0,366.0
holdout,chuandian,M_SR,146,2.0,15,0.9473306851106101,124,0.910411622276029,0.9081885856079405,413.0,403.0,376.0,366.0
holdout,chuandian,M_SR,146,3.0,6,0.9260889527461134,128,0.910411622276029,0.9081885856079405,413.0,403.0,376.0,366.0
holdout,chuandian,M_SR,147,0.1,12345,0.9945248413131851,70,0.910411622276029,0.9081885856079405,413.0,403.0,376.0,366.0
holdout,chuandian,M_SR,147,0.5,1,0.9833150113995622,94,0.910411622276029,0.9081885856079405,413.0,403.0,376.0,366.0
holdout,chuandian,M_SR,147,1.0,2,0.9710898995204404,108,0.910411622276029,0.9081885856079405,413.0,403.0,376.0,366.0
holdout,chuandian,M_SR,147,1.5,14,0.9599141226871866,116,0.910411622276029,0.9081885856079405,413.0,403.0,376.0,366.0
holdout,chuandian,M_SR,147,2.0,6,0.9496594242887858,123,0.910411622276029,0.9081885856079405,413.0,403.0,376.0,366.0
holdout,chuandian,M_SR,147,3.0,18,0.9301702354422002,131,0.910411622276029,0.9081885856079405,413.0,403.0,376.0,366.0
holdout,chuandian,M_SR,148,0.1,15,0.9946248714845308,77,0.8498789346246973,0.8461538461538461,413.0,403.0,351.0,341.0
holdout,chuandian,M_SR,148,0.5,18,0.9839383676861537,97,0.847457627118644,0.8436724565756824,413.0,403.0,350.0,340.0
holdout,chuandian,M_SR,148,1.0,12,0.9726874164701539,108,0.847457627118644,0.8436724565756824,413.0,403.0,350.0,340.0
holdout,chuandian,M_SR,148,1.5,18,0.9622745868428461,115,0.847457627118644,0.8436724565756824,413.0,403.0,350.0,340.0
holdout,chuandian,M_SR,148,2.0,18,0.9520331125936748,118,0.8426150121065376,0.8387096774193549,413.0,403.0,348.0,338.0
holdout,chuandian,M_SR,148,3.0,12,0.9320536939322406,125,0.8426150121065376,0.8387096774193549,413.0,403.0,348.0,338.0
holdout,chuandian,M_SR,149,0.1,8,0.9946150682067209,71,0.9225181598062954,0.9205955334987593,413.0,403.0,381.0,371.0
holdout,chuandian,M_SR,149,0.5,8,0.9840743302495712,100,0.9200968523002422,0.9181141439205955,413.0,403.0,380.0,370.0
holdout,chuandian,M_SR,149,1.0,8,0.9728871512775986,110,0.9200968523002422,0.9181141439205955,413.0,403.0,380.0,370.0
holdout,chuandian,M_SR,149,1.5,13,0.9624992438596507,115,0.9200968523002422,0.9181141439205955,413.0,403.0,380.0,370.0
holdout,chuandian,M_SR,149,2.0,13,0.9524058779044968,120,0.9200968523002422,0.9181141439205955,413.0,403.0,380.0,370.0
holdout,chuandian,M_SR,149,3.0,7,0.9323486982718444,129,0.9200968523002422,0.9181141439205955,413.0,403.0,380.0,370.0
holdout,chuandian,M_SR,150,0.1,12345,0.9946341287934969,77,0.8958837772397095,0.8933002481389578,413.0,403.0,370.0,360.0
holdout,chuandian,M_SR,150,0.5,1,0.9840072249449842,98,0.8958837772397095,0.8933002481389578,413.0,403.0,370.0,360.0
holdout,chuandian,M_SR,150,1.0,12,0.9729854023021646,107,0.847457627118644,0.8436724565756824,413.0,403.0,350.0,340.0
holdout,chuandian,M_SR,150,1.5,1,0.962573444123077,119,0.847457627118644,0.8436724565756824,413.0,403.0,350.0,340.0
holdout,chuandian,M_SR,150,2.0,16,0.9524906812032852,127,0.847457627118644,0.8436724565756824,413.0,403.0,350.0,340.0
holdout,chuandian,M_SR,150,3.0,16,0.9327444361700743,135,0.847457627118644,0.8436724565756824,413.0,403.0,350.0,340.0
holdout,chuandian,M_SR,151,0.1,18,0.9948856023601357,70,0.8958837772397095,0.8933002481389578,413.0,403.0,370.0,360.0
holdout,chuandian,M_SR,151,0.5,6,0.9837441497535877,90,0.9733656174334141,0.9727047146401985,413.0,403.0,402.0,392.0
holdout,chuandian,M_SR,151,1.0,11,0.9713534301448707,104,0.8958837772397095,0.8933002481389578,413.0,403.0,370.0,360.0
holdout,chuandian,M_SR,151,1.5,13,0.9596764487758197,110,0.8958837772397095,0.8933002481389578,413.0,403.0,370.0,360.0
holdout,chuandian,M_SR,151,2.0,8,0.9491969700475941,114,0.8958837772397095,0.8933002481389578,413.0,403.0,370.0,360.0
holdout,chuandian,M_SR,151,3.0,5,0.9285236793382713,124,0.8958837772397095,0.8933002481389578,413.0,403.0,370.0,360.0
holdout,chuandian,M_SR,152,0.1,19,0.9944030435401906,74,0.8958837772397095,0.8933002481389578,413.0,403.0,370.0,360.0
holdout,chuandian,M_SR,152,0.5,16,0.9837620024362206,105,0.9200968523002422,0.9181141439205955,413.0,403.0,380.0,370.0
holdout,chuandian,M_SR,152,1.0,4,0.9725391803995251,115,0.8958837772397095,0.8933002481389578,413.0,403.0,370.0,360.0
holdout,chuandian,M_SR,152,1.5,9,0.962208438121228,121,0.8910411622276029,0.8883374689826302,413.0,403.0,368.0,358.0
holdout,chuandian,M_SR,152,2.0,18,0.9520039016245513,126,0.8958837772397095,0.8933002481389578,413.0,403.0,370.0,360.0
holdout,chuandian,M_SR,152,3.0,2,0.9317703366813336,129,0.8958837772397095,0.8933002481389578,413.0,403.0,370.0,360.0
holdout,chuandian,M_SR,153,0.1,8,0.9947394417254696,78,0.9200968523002422,0.9181141439205955,413.0,403.0,380.0,370.0
holdout,chuandian,M_SR,153,0.5,13,0.9834897959898599,100,0.9200968523002422,0.9181141439205955,413.0,403.0,380.0,370.0
holdout,chuandian,M_SR,153,1.0,16,0.9717700914565887,111,0.9200968523002422,0.9181141439205955,413.0,403.0,380.0,370.0
holdout,chuandian,M_SR,153,1.5,16,0.9611812991064878,117,0.9200968523002422,0.9181141439205955,413.0,403.0,380.0,370.0
holdout,chuandian,M_SR,153,2.0,13,0.950973954407073,123,0.9200968523002422,0.9181141439205955,413.0,403.0,380.0,370.0
holdout,chuandian,M_SR,153,3.0,13,0.9313204510034825,132,0.9200968523002422,0.9181141439205955,413.0,403.0,380.0,370.0
holdout,chuandian,M_SR,154,0.1,2,0.9944715368071358,74,0.9200968523002422,0.9181141439205955,413.0,403.0,380.0,370.0
holdout,chuandian,M_SR,154,0.5,19,0.9837167048540402,100,0.9200968523002422,0.9181141439205955,413.0,403.0,380.0,370.0
holdout,chuandian,M_SR,154,1.0,14,0.9719580821638304,112,0.9200968523002422,0.9181141439205955,413.0,403.0,380.0,370.0
holdout,chuandian,M_SR,154,1.5,14,0.9606578862320126,115,0.9200968523002422,0.9181141439205955,413.0,403.0,380.0,370.0
holdout,chuandian,M_SR,154,2.0,16,0.9497913088093047,122,0.9200968523002422,0.9181141439205955,413.0,403.0,380.0,370.0
holdout,chuandian,M_SR,154,3.0,16,0.9292518792033055,128,0.9200968523002422,0.9181141439205955,413.0,403.0,380.0,370.0
holdout,chuandian,M_SR,155,0.1,2,0.9945935449471184,75,0.9733656174334141,0.9727047146401985,413.0,403.0,402.0,392.0
holdout,chuandian,M_SR,155,0.5,6,0.9840542894674049,95,0.8910411622276029,0.8883374689826302,413.0,403.0,368.0,358.0
holdout,chuandian,M_SR,155,1.0,7,0.9726391729443533,106,0.9636803874092009,0.9627791563275434,413.0,403.0,398.0,388.0
holdout,chuandian,M_SR,155,1.5,9,0.9615612889930375,113,0.8910411622276029,0.8883374689826302,413.0,403.0,368.0,358.0
holdout,chuandian,M_SR,155,2.0,12345,0.9506513652373777,115,0.8910411622276029,0.8883374689826302,413.0,403.0,368.0,358.0
holdout,chuandian,M_SR,155,3.0,9,0.9295939612507789,125,0.8910411622276029,0.8883374689826302,413.0,403.0,368.0,358.0
holdout,chuandian,M_SR,156,0.1,17,0.9947205818245085,76,0.9733656174334141,0.9727047146401985,413.0,403.0,402.0,392.0
holdout,chuandian,M_SR,156,0.5,16,0.9840052274207893,99,0.9733656174334141,0.9727047146401985,413.0,403.0,402.0,392.0
holdout,chuandian,M_SR,156,1.0,7,0.9725729275075163,110,0.9733656174334141,0.9727047146401985,413.0,403.0,402.0,392.0
holdout,chuandian,M_SR,156,1.5,15,0.9619704377326306,113,0.9733656174334141,0.9727047146401985,413.0,403.0,402.0,392.0
holdout,chuandian,M_SR,156,2.0,14,0.9517519666762478,120,0.9733656174334141,0.9727047146401985,413.0,403.0,402.0,392.0
holdout,chuandian,M_SR,156,3.0,2,0.9319909353747512,128,0.9733656174334141,0.9727047146401985,413.0,403.0,402.0,392.0
holdout,chuandian,M_SR,157,0.1,8,0.9941193350415657,76,0.8716707021791767,0.8684863523573201,413.0,403.0,360.0,350.0
holdout,chuandian,M_SR,157,0.5,5,0.9837043161633169,101,0.847457627118644,0.8436724565756824,413.0,403.0,350.0,340.0
holdout,chuandian,M_SR,157,1.0,16,0.9724031315878987,110,0.847457627118644,0.8436724565756824,413.0,403.0,350.0,340.0
holdout,chuandian,M_SR,157,1.5,9,0.9616370346388677,119,0.9200968523002422,0.9181141439205955,413.0,403.0,380.0,370.0
holdout,chuandian,M_SR,157,2.0,11,0.9510516553332633,123,0.8958837772397095,0.8933002481389578,413.0,403.0,370.0,360.0
holdout,chuandian,M_SR,157,3.0,3,0.9299924343484132,128,0.8958837772397095,0.8933002481389578,413.0,403.0,370.0,360.0
holdout,chuandian,M_SR,158,0.1,6,0.9943075810285054,73,0.9467312348668281,0.9454094292803971,413.0,403.0,391.0,381.0
holdout,chuandian,M_SR,158,0.5,15,0.9827219250496801,100,0.8498789346246973,0.8461538461538461,413.0,403.0,351.0,341.0
holdout,chuandian,M_SR,158,1.0,18,0.9709703671008579,107,0.847457627118644,0.8436724565756824,413.0,403.0,350.0,340.0
holdout,chuandian,M_SR,158,1.5,19,0.9595926970912421,111,0.9200968523002422,0.9181141439205955,413.0,403.0,380.0,370.0
holdout,chuandian,M_SR,158,2.0,18,0.9486709360516354,116,0.9200968523002422,0.9181141439205955,413.0,403.0,380.0,370.0
holdout,chuandian,M_SR,158,3.0,15,0.92749139870015,127,0.9200968523002422,0.9181141439205955,413.0,403.0,380.0,370.0
holdout,chuandian,M_SR,159,0.1,10,0.9942219682045854,71,0.9636803874092009,0.9627791563275434,413.0,403.0,398.0,388.0
holdout,chuandian,M_SR,159,0.5,14,0.9823629254392762,93,0.8910411622276029,0.8883374689826302,413.0,403.0,368.0,358.0
holdout,chuandian,M_SR,159,1.0,17,0.9696764853519705,108,0.8910411622276029,0.8883374689826302,413.0,403.0,368.0,358.0
holdout,chuandian,M_SR,159,1.5,4,0.9587941018792067,114,0.8910411622276029,0.8883374689826302,413.0,403.0,368.0,358.0
holdout,chuandian,M_SR,159,2.0,7,0.9480817498057157,122,0.8910411622276029,0.8883374689826302,413.0,403.0,368.0,358.0
holdout,chuandian,M_SR,159,3.0,18,0.9273525271704063,127,0.8910411622276029,0.8883374689826302,413.0,403.0,368.0,358.0
holdout,chuandian,M_SR,160,0.1,13,0.9941324683744069,74,0.9200968523002422,0.9181141439205955,413.0,403.0,380.0,370.0
holdout,chuandian,M_SR,160,0.5,12345,0.9823794742872057,95,0.9200968523002422,0.9181141439205955,413.0,403.0,380.0,370.0
holdout,chuandian,M_SR,160,1.0,12345,0.9699231478411462,105,0.9200968523002422,0.9181141439205955,413.0,403.0,380.0,370.0
holdout,chuandian,M_SR,160,1.5,12345,0.9581556790249317,112,0.9200968523002422,0.9181141439205955,413.0,403.0,380.0,370.0
holdout,chuandian,M_SR,160,2.0,14,0.9469293365633735,117,0.9200968523002422,0.9181141439205955,413.0,403.0,380.0,370.0
holdout,chuandian,M_SR,160,3.0,16,0.9260537865542181,128,0.9200968523002422,0.9181141439205955,413.0,403.0,380.0,370.0
holdout,chuandian,M_SR,161,0.1,7,0.9937660729189791,72,0.9878934624697336,0.9875930521091811,413.0,403.0,408.0,398.0
holdout,chuandian,M_SR,161,0.5,6,0.9830781286221938,97,0.9878934624697336,0.9875930521091811,413.0,403.0,408.0,398.0
holdout,chuandian,M_SR,161,1.0,17,0.9716567744571212,108,0.9636803874092009,0.9627791563275434,413.0,403.0,398.0,388.0
holdout,chuandian,M_SR,161,1.5,7,0.9607573609219329,114,0.9636803874092009,0.9627791563275434,413.0,403.0,398.0,388.0
holdout,chuandian,M_SR,161,2.0,2,0.9503281707618696,125,0.9636803874092009,0.9627791563275434,413.0,403.0,398.0,388.0
holdout,chuandian,M_SR,161,3.0,10,0.9303663948885611,130,0.9636803874092009,0.9627791563275434,413.0,403.0,398.0,388.0
holdout,chuandian,M_SR,162,0.1,2,0.9944462854085429,75,0.9636803874092009,0.9627791563275434,413.0,403.0,398.0,388.0
holdout,chuandian,M_SR,162,0.5,3,0.9825939583160714,94,0.9636803874092009,0.9627791563275434,413.0,403.0,398.0,388.0
holdout,chuandian,M_SR,162,1.0,19,0.9702943227148503,103,0.9636803874092009,0.9627791563275434,413.0,403.0,398.0,388.0
holdout,chuandian,M_SR,162,1.5,19,0.9585847563479026,110,0.9636803874092009,0.9627791563275434,413.0,403.0,398.0,388.0
holdout,chuandian,M_SR,162,2.0,16,0.947273244361345,116,0.8910411622276029,0.8883374689826302,413.0,403.0,368.0,358.0
holdout,chuandian,M_SR,162,3.0,4,0.9253484837162912,121,0.8910411622276029,0.8883374689826302,413.0,403.0,368.0,358.0
holdout,chuandian,M_SR,163,0.1,18,0.9945712221551738,75,0.9394673123486683,0.9379652605459057,413.0,403.0,388.0,378.0
holdout,chuandian,M_SR,163,0.5,18,0.9838872084571321,101,0.9394673123486683,0.9379652605459057,413.0,403.0,388.0,378.0
holdout,chuandian,M_SR,163,1.0,12,0.9722535348650467,110,0.9394673123486683,0.9379652605459057,413.0,403.0,388.0,378.0
holdout,chuandian,M_SR,163,1.5,15,0.961489097105633,116,0.9394673123486683,0.9379652605459057,413.0,403.0,388.0,378.0
holdout,chuandian,M_SR,163,2.0,4,0.9508157802095282,121,0.9394673123486683,0.9379652605459057,413.0,403.0,388.0,378.0
holdout,chuandian,M_SR,163,3.0,12345,0.9303911451374326,126,0.9200968523002422,0.9181141439205955,413.0,403.0,380.0,370.0
holdout,chuandian,M_SR,164,0.1,8,0.9938156430332683,74,0.9830508474576272,0.9826302729528535,413.0,403.0,406.0,396.0
holdout,chuandian,M_SR,164,0.5,17,0.9828255637290603,98,0.9830508474576272,0.9826302729528535,413.0,403.0,406.0,396.0
holdout,chuandian,M_SR,164,1.0,5,0.9715081941554544,110,0.9830508474576272,0.9826302729528535,413.0,403.0,406.0,396.0
holdout,chuandian,M_SR,164,1.5,3,0.9609190755620776,117,0.9830508474576272,0.9826302729528535,413.0,403.0,406.0,396.0
holdout,chuandian,M_SR,164,2.0,3,0.9507457688319312,122,0.9830508474576272,0.9826302729528535,413.0,403.0,406.0,396.0
holdout,chuandian,M_SR,164,3.0,6,0.9306423208781849,131,0.9830508474576272,0.9826302729528535,413.0,403.0,406.0,396.0
holdout,chuandian,M_SR,165,0.1,12345,0.9944599914847497,74,0.9200968523002422,0.9181141439205955,413.0,403.0,380.0,370.0
holdout,chuandian,M_SR,165,0.5,1,0.9840244649982296,100,0.9200968523002422,0.9181141439205955,413.0,403.0,380.0,370.0
holdout,chuandian,M_SR,165,1.0,6,0.9730447723265033,109,0.8958837772397095,0.8933002481389578,413.0,403.0,370.0,360.0
holdout,chuandian,M_SR,165,1.5,9,0.9624855783219333,116,0.8958837772397095,0.8933002481389578,413.0,403.0,370.0,360.0
holdout,chuandian,M_SR,165,2.0,11,0.952234875554102,122,0.8958837772397095,0.8933002481389578,413.0,403.0,370.0,360.0
holdout,chuandian,M_SR,165,3.0,18,0.9322199516862181,128,0.8958837772397095,0.8933002481389578,413.0,403.0,370.0,360.0
holdout,chuandian,M_SR,166,0.1,5,0.9942833062056842,71,0.9975786924939467,0.9975186104218362,413.0,403.0,412.0,402.0
holdout,chuandian,M_SR,166,0.5,2,0.9831673526962152,100,0.9733656174334141,0.9727047146401985,413.0,403.0,402.0,392.0
holdout,chuandian,M_SR,166,1.0,9,0.9709055185300656,109,0.9636803874092009,0.9627791563275434,413.0,403.0,398.0,388.0
holdout,chuandian,M_SR,166,1.5,4,0.9590509625223761,117,0.9636803874092009,0.9627791563275434,413.0,403.0,398.0,388.0
holdout,chuandian,M_SR,166,2.0,12345,0.9479280929011037,122,0.8910411622276029,0.8883374689826302,413.0,403.0,368.0,358.0
holdout,chuandian,M_SR,166,3.0,7,0.9266054916674669,128,0.8910411622276029,0.8883374689826302,413.0,403.0,368.0,358.0
holdout,chuandian,M_SR,167,0.1,2,0.9943770930633631,79,0.9975786924939467,0.9975186104218362,413.0,403.0,412.0,402.0
holdout,chuandian,M_SR,167,0.5,6,0.982924015505922,105,0.9200968523002422,0.9181141439205955,413.0,403.0,380.0,370.0
holdout,chuandian,M_SR,167,1.0,6,0.9702740825031423,114,0.9200968523002422,0.9181141439205955,413.0,403.0,380.0,370.0
holdout,chuandian,M_SR,167,1.5,6,0.9581569891478832,124,0.9200968523002422,0.9181141439205955,413.0,403.0,380.0,370.0
holdout,chuandian,M_SR,167,2.0,8,0.9468006303807402,132,0.9200968523002422,0.9181141439205955,413.0,403.0,380.0,370.0
holdout,chuandian,M_SR,167,3.0,1,0.9245223932665203,134,0.9636803874092009,0.9627791563275434,413.0,403.0,398.0,388.0
holdout,chuandian,M_SR,168,0.1,10,0.9945374973425796,72,0.9636803874092009,0.9627791563275434,413.0,403.0,398.0,388.0
holdout,chuandian,M_SR,168,0.5,3,0.9842050233649081,102,0.8910411622276029,0.8883374689826302,413.0,403.0,368.0,358.0
holdout,chuandian,M_SR,168,1.0,2,0.973061839842476,107,0.9636803874092009,0.9627791563275434,413.0,403.0,398.0,388.0
holdout,chuandian,M_SR,168,1.5,8,0.9620851479701757,114,0.9636803874092009,0.9627791563275434,413.0,403.0,398.0,388.0
holdout,chuandian,M_SR,168,2.0,1,0.951341856117817,118,0.9636803874092009,0.9627791563275434,413.0,403.0,398.0,388.0
holdout,chuandian,M_SR,168,3.0,11,0.9302333875522082,129,0.9636803874092009,0.9627791563275434,413.0,403.0,398.0,388.0
holdout,chuandian,M_SR,169,0.1,9,0.9934814250380744,74,0.9200968523002422,0.9181141439205955,413.0,403.0,380.0,370.0
holdout,chuandian,M_SR,169,0.5,7,0.9813804450150926,99,0.9152542372881356,0.913151364764268,413.0,403.0,378.0,368.0
holdout,chuandian,M_SR,169,1.0,18,0.9691633457248721,107,0.9152542372881356,0.913151364764268,413.0,403.0,378.0,368.0
holdout,chuandian,M_SR,169,1.5,1,0.9576218073661286,113,0.8910411622276029,0.8883374689826302,413.0,403.0,368.0,358.0
holdout,chuandian,M_SR,169,2.0,19,0.9469002910622659,118,0.8910411622276029,0.8883374689826302,413.0,403.0,368.0,358.0
holdout,chuandian,M_SR,169,3.0,19,0.926318151682447,127,0.8910411622276029,0.8883374689826302,413.0,403.0,368.0,358.0
holdout,chuandian,M_SR,170,0.1,1,0.994624046078054,74,0.9636803874092009,0.9627791563275434,413.0,403.0,398.0,388.0
holdout,chuandian,M_SR,170,0.5,11,0.9829841723329442,101,0.9636803874092009,0.9627791563275434,413.0,403.0,398.0,388.0
holdout,chuandian,M_SR,170,1.0,4,0.9706822419423823,110,0.9636803874092009,0.9627791563275434,413.0,403.0,398.0,388.0
holdout,chuandian,M_SR,170,1.5,19,0.9588771903257111,115,0.9636803874092009,0.9627791563275434,413.0,403.0,398.0,388.0
holdout,chuandian,M_SR,170,2.0,1,0.9471264692893431,122,0.9636803874092009,0.9627791563275434,413.0,403.0,398.0,388.0
holdout,chuandian,M_SR,170,3.0,16,0.9256656415286124,130,0.9636803874092009,0.9627791563275434,413.0,403.0,398.0,388.0
holdout,chuandian,M_SR,171,0.1,12345,0.994535215391928,73,0.8958837772397095,0.8933002481389578,413.0,403.0,370.0,360.0
holdout,chuandian,M_SR,171,0.5,12345,0.9836574576496735,97,0.8958837772397095,0.8933002481389578,413.0,403.0,370.0,360.0
holdout,chuandian,M_SR,171,1.0,11,0.9723335549768191,112,0.8958837772397095,0.8933002481389578,413.0,403.0,370.0,360.0
holdout,chuandian,M_SR,171,1.5,5,0.9619520030164606,119,0.8958837772397095,0.8933002481389578,413.0,403.0,370.0,360.0
holdout,chuandian,M_SR,171,2.0,8,0.951736329506336,124,0.8958837772397095,0.8933002481389578,413.0,403.0,370.0,360.0
holdout,chuandian,M_SR,171,3.0,7,0.9317251437467403,131,0.8958837772397095,0.8933002481389578,413.0,403.0,370.0,360.0
holdout,chuandian,M_SR,172,0.1,5,0.9947056958531033,74,0.9467312348668281,0.9454094292803971,413.0,403.0,391.0,381.0
holdout,chuandian,M_SR,172,0.5,5,0.9835412264669376,99,0.9200968523002422,0.9181141439205955,413.0,403.0,380.0,370.0
holdout,chuandian,M_SR,172,1.0,8,0.9715959018719506,109,0.9200968523002422,0.9181141439205955,413.0,403.0,380.0,370.0
holdout,chuandian,M_SR,172,1.5,1,0.9604165432610069,118,0.9200968523002422,0.9181141439205955,413.0,403.0,380.0,370.0
holdout,chuandian,M_SR,172,2.0,12345,0.9500362185416097,124,0.9200968523002422,0.9181141439205955,413.0,403.0,380.0,370.0
holdout,chuandian,M_SR,172,3.0,9,0.9299864054229461,128,0.9200968523002422,0.9181141439205955,413.0,403.0,380.0,370.0
holdout,chuandian,M_SR,173,0.1,5,0.9943266510791772,72,0.9878934624697336,0.9875930521091811,413.0,403.0,408.0,398.0
holdout,chuandian,M_SR,173,0.5,6,0.9834170098810358,95,0.9636803874092009,0.9627791563275434,413.0,403.0,398.0,388.0
holdout,chuandian,M_SR,173,1.0,17,0.9720109774733778,104,0.9636803874092009,0.9627791563275434,413.0,403.0,398.0,388.0
holdout,chuandian,M_SR,173,1.5,16,0.9609656957122165,110,0.9636803874092009,0.9627791563275434,413.0,403.0,398.0,388.0
holdout,chuandian,M_SR,173,2.0,15,0.950464451102548,118,0.9636803874092009,0.9627791563275434,413.0,403.0,398.0,388.0
holdout,chuandian,M_SR,173,3.0,15,0.9299610422883365,125,0.9636803874092009,0.9627791563275434,413.0,403.0,398.0,388.0
holdout,chuandian,M_SR,174,0.1,9,0.9946873021527061,73,0.9733656174334141,0.9727047146401985,413.0,403.0,402.0,392.0
holdout,chuandian,M_SR,174,0.5,3,0.984198955877914,95,0.9636803874092009,0.9627791563275434,413.0,403.0,398.0,388.0
holdout,chuandian,M_SR,174,1.0,8,0.9726694959513066,108,0.9636803874092009,0.9627791563275434,413.0,403.0,398.0,388.0
holdout,chuandian,M_SR,174,1.5,9,0.9622419585799268,113,0.9636803874092009,0.9627791563275434,413.0,403.0,398.0,388.0
holdout,chuandian,M_SR,174,2.0,10,0.9518897486396668,120,0.9636803874092009,0.9627791563275434,413.0,403.0,398.0,388.0
holdout,chuandian,M_SR,174,3.0,14,0.9315460505168655,130,0.9636803874092009,0.9627791563275434,413.0,403.0,398.0,388.0
holdout,chuandian,M_SR,175,0.1,12345,0.9948795795526033,75,0.8958837772397095,0.8933002481389578,413.0,403.0,370.0,360.0
holdout,chuandian,M_SR,175,0.5,7,0.9846037210813924,96,0.8958837772397095,0.8933002481389578,413.0,403.0,370.0,360.0
holdout,chuandian,M_SR,175,1.0,8,0.9733239024581375,108,0.8958837772397095,0.8933002481389578,413.0,403.0,370.0,360.0
holdout,chuandian,M_SR,175,1.5,7,0.9624707899878726,115,0.9200968523002422,0.9181141439205955,413.0,403.0,380.0,370.0
holdout,chuandian,M_SR,175,2.0,8,0.9517015260441195,123,0.847457627118644,0.8436724565756824,413.0,403.0,350.0,340.0
holdout,chuandian,M_SR,175,3.0,12345,0.930387785491531,130,0.847457627118644,0.8436724565756824,413.0,403.0,350.0,340.0
holdout,chuandian,M_SR,176,0.1,13,0.9941938365679464,74,0.9346246973365617,0.9330024813895782,413.0,403.0,386.0,376.0
holdout,chuandian,M_SR,176,0.5,4,0.9831193408956569,97,0.9200968523002422,0.9181141439205955,413.0,403.0,380.0,370.0
holdout,chuandian,M_SR,176,1.0,3,0.9712187586975738,104,0.9200968523002422,0.9181141439205955,413.0,403.0,380.0,370.0
holdout,chuandian,M_SR,176,1.5,17,0.9600340136066474,111,0.9200968523002422,0.9181141439205955,413.0,403.0,380.0,370.0
holdout,chuandian,M_SR,176,2.0,7,0.9496383289828197,117,0.9200968523002422,0.9181141439205955,413.0,403.0,380.0,370.0
holdout,chuandian,M_SR,176,3.0,17,0.9290798454293976,124,0.910411622276029,0.9081885856079405,413.0,403.0,376.0,366.0
holdout,chuandian,M_SR,177,0.1,11,0.9944944391286192,72,0.847457627118644,0.8436724565756824,413.0,403.0,350.0,340.0
holdout,chuandian,M_SR,177,0.5,3,0.9826188755624946,94,0.9733656174334141,0.9727047146401985,413.0,403.0,402.0,392.0
holdout,chuandian,M_SR,177,1.0,2,0.9703275523266858,108,0.8523002421307506,0.8486352357320099,413.0,403.0,352.0,342.0
holdout,chuandian,M_SR,177,1.5,3,0.9590382994581609,112,0.8523002421307506,0.8486352357320099,413.0,403.0,352.0,342.0
holdout,chuandian,M_SR,177,2.0,15,0.948378135288917,118,0.847457627118644,0.8436724565756824,413.0,403.0,350.0,340.0
holdout,chuandian,M_SR,177,3.0,12345,0.9273689124401625,128,0.847457627118644,0.8436724565756824,413.0,403.0,350.0,340.0
holdout,chuandian,M_SR,178,0.1,18,0.995093265968607,74,0.9733656174334141,0.9727047146401985,413.0,403.0,402.0,392.0
holdout,chuandian,M_SR,178,0.5,16,0.9844462523240505,98,0.9733656174334141,0.9727047146401985,413.0,403.0,402.0,392.0
holdout,chuandian,M_SR,178,1.0,1,0.9729191620649466,112,0.9733656174334141,0.9727047146401985,413.0,403.0,402.0,392.0
holdout,chuandian,M_SR,178,1.5,13,0.9617564620989594,117,0.8958837772397095,0.8933002481389578,413.0,403.0,370.0,360.0
holdout,chuandian,M_SR,178,2.0,4,0.9508507554358926,122,0.8958837772397095,0.8933002481389578,413.0,403.0,370.0,360.0
holdout,chuandian,M_SR,178,3.0,4,0.9295021010525162,127,0.8958837772397095,0.8933002481389578,413.0,403.0,370.0,360.0
holdout,chuandian,M_SR,179,0.1,8,0.9944504243507547,77,0.9636803874092009,0.9627791563275434,413.0,403.0,398.0,388.0
holdout,chuandian,M_SR,179,0.5,11,0.9829952526582211,102,0.9636803874092009,0.9627791563275434,413.0,403.0,398.0,388.0
holdout,chuandian,M_SR,179,1.0,3,0.9723282020448156,114,0.9636803874092009,0.9627791563275434,413.0,403.0,398.0,388.0
holdout,chuandian,M_SR,179,1.5,14,0.9620277602889142,119,0.9636803874092009,0.9627791563275434,413.0,403.0,398.0,388.0
holdout,chuandian,M_SR,179,2.0,12,0.9520017476483842,126,0.9636803874092009,0.9627791563275434,413.0,403.0,398.0,388.0
holdout,chuandian,M_SR,179,3.0,15,0.9330522287634633,133,0.8910411622276029,0.8883374689826302,413.0,403.0,368.0,358.0
holdout,chuandian,M_SR,180,0.1,9,0.9940717274622061,71,0.9200968523002422,0.9181141439205955,413.0,403.0,380.0,370.0
holdout,chuandian,M_SR,180,0.5,2,0.9823101415554235,97,0.9200968523002422,0.9181141439205955,413.0,403.0,380.0,370.0
holdout,chuandian,M_SR,180,1.0,7,0.9701642586376299,111,0.847457627118644,0.8436724565756824,413.0,403.0,350.0,340.0
holdout,chuandian,M_SR,180,1.5,2,0.9587249842849626,116,0.847457627118644,0.8436724565756824,413.0,403.0,350.0,340.0
holdout,chuandian,M_SR,180,2.0,14,0.9477940367371004,120,0.847457627118644,0.8436724565756824,413.0,403.0,350.0,340.0
holdout,chuandian,M_SR,180,3.0,14,0.926439176527344,129,0.847457627118644,0.8436724565756824,413.0,403.0,350.0,340.0
holdout,chuandian,M_SR,181,0.1,1,0.9944289419247963,76,0.910411622276029,0.9081885856079405,413.0,403.0,376.0,366.0
holdout,chuandian,M_SR,181,0.5,11,0.9840379378587848,98,0.910411622276029,0.9081885856079405,413.0,403.0,376.0,366.0
holdout,chuandian,M_SR,181,1.0,11,0.9724948965098568,113,0.910411622276029,0.9081885856079405,413.0,403.0,376.0,366.0
holdout,chuandian,M_SR,181,1.5,16,0.9618875416888695,117,0.910411622276029,0.9081885856079405,413.0,403.0,376.0,366.0
holdout,chuandian,M_SR,181,2.0,16,0.9514633766322484,122,0.910411622276029,0.9081885856079405,413.0,403.0,376.0,366.0
holdout,chuandian,M_SR,181,3.0,1,0.9311765092376403,126,0.910411622276029,0.9081885856079405,413.0,403.0,376.0,366.0
holdout,chuandian,M_SR,182,0.1,15,0.9943522843744128,72,0.9467312348668281,0.9454094292803971,413.0,403.0,391.0,381.0
holdout,chuandian,M_SR,182,0.5,10,0.9831822491236564,95,0.9443099273607748,0.9429280397022333,413.0,403.0,390.0,380.0
holdout,chuandian,M_SR,182,1.0,7,0.9712618095422643,111,0.9443099273607748,0.9429280397022333,413.0,403.0,390.0,380.0
holdout,chuandian,M_SR,182,1.5,7,0.9601260605992658,116,0.9443099273607748,0.9429280397022333,413.0,403.0,390.0,380.0
holdout,chuandian,M_SR,182,2.0,1,0.9494985170607525,124,0.9443099273607748,0.9429280397022333,413.0,403.0,390.0,380.0
holdout,chuandian,M_SR,182,3.0,1,0.9285965716133551,131,0.9200968523002422,0.9181141439205955,413.0,403.0,380.0,370.0
holdout,chuandian,M_SR,183,0.1,15,0.9948173524948892,74,0.8958837772397095,0.8933002481389578,413.0,403.0,370.0,360.0
holdout,chuandian,M_SR,183,0.5,16,0.9832275968785659,96,0.8958837772397095,0.8933002481389578,413.0,403.0,370.0,360.0
holdout,chuandian,M_SR,183,1.0,9,0.9708985695623679,109,0.8958837772397095,0.8933002481389578,413.0,403.0,370.0,360.0
holdout,chuandian,M_SR,183,1.5,6,0.9594202415925999,113,0.8958837772397095,0.8933002481389578,413.0,403.0,370.0,360.0
holdout,chuandian,M_SR,183,2.0,10,0.9484845790267997,119,0.8958837772397095,0.8933002481389578,413.0,403.0,370.0,360.0
holdout,chuandian,M_SR,183,3.0,16,0.9271267996794451,124,0.8958837772397095,0.8933002481389578,413.0,403.0,370.0,360.0
holdout,chuandian,M_SR,184,0.1,3,0.9949606757183519,75,0.9564164648910412,0.9553349875930521,413.0,403.0,395.0,385.0
holdout,chuandian,M_SR,184,0.5,8,0.9845587200090256,105,0.9539951573849879,0.9528535980148883,413.0,403.0,394.0,384.0
holdout,chuandian,M_SR,184,1.0,11,0.9737356944746688,117,0.9539951573849879,0.9528535980148883,413.0,403.0,394.0,384.0
holdout,chuandian,M_SR,184,1.5,12,0.9638745861193738,125,0.9539951573849879,0.9528535980148883,413.0,403.0,394.0,384.0
holdout,chuandian,M_SR,184,2.0,6,0.9542266580187259,129,0.9539951573849879,0.9528535980148883,413.0,403.0,394.0,384.0
holdout,chuandian,M_SR,184,3.0,13,0.9356858272568129,136,0.9539951573849879,0.9528535980148883,413.0,403.0,394.0,384.0
holdout,chuandian,M_SR,185,0.1,16,0.9944078951388228,76,0.9128329297820823,0.9106699751861043,413.0,403.0,377.0,367.0
holdout,chuandian,M_SR,185,0.5,10,0.9830503235751511,103,0.910411622276029,0.9081885856079405,413.0,403.0,376.0,366.0
holdout,chuandian,M_SR,185,1.0,17,0.9719323703381662,114,0.910411622276029,0.9081885856079405,413.0,403.0,376.0,366.0
holdout,chuandian,M_SR,185,1.5,1,0.9614487528981894,121,0.910411622276029,0.9081885856079405,413.0,403.0,376.0,366.0
holdout,chuandian,M_SR,185,2.0,16,0.951347851240865,124,0.910411622276029,0.9081885856079405,413.0,403.0,376.0,366.0
holdout,chuandian,M_SR,185,3.0,6,0.9315610564970228,132,0.910411622276029,0.9081885856079405,413.0,403.0,376.0,366.0
holdout,chuandian,M_SR,186,0.1,12345,0.9945521910995964,73,0.9443099273607748,0.9429280397022333,413.0,403.0,390.0,380.0
holdout,chuandian,M_SR,186,0.5,7,0.9838653951507221,99,0.9975786924939467,0.9975186104218362,413.0,403.0,412.0,402.0
holdout,chuandian,M_SR,186,1.0,3,0.9731802016369832,111,0.9733656174334141,0.9727047146401985,413.0,403.0,402.0,392.0
holdout,chuandian,M_SR,186,1.5,15,0.963030809865105,116,0.9733656174334141,0.9727047146401985,413.0,403.0,402.0,392.0
holdout,chuandian,M_SR,186,2.0,8,0.9530521535146431,121,0.9733656174334141,0.9727047146401985,413.0,403.0,402.0,392.0
holdout,chuandian,M_SR,186,3.0,9,0.9331792484753152,128,0.9733656174334141,0.9727047146401985,413.0,403.0,402.0,392.0
holdout,chuandian,M_SR,187,0.1,13,0.9941970631006347,74,0.9636803874092009,0.9627791563275434,413.0,403.0,398.0,388.0
holdout,chuandian,M_SR,187,0.5,3,0.9832112062068409,100,0.9636803874092009,0.9627791563275434,413.0,403.0,398.0,388.0
holdout,chuandian,M_SR,187,1.0,14,0.9709873159290723,112,0.9636803874092009,0.9627791563275434,413.0,403.0,398.0,388.0
holdout,chuandian,M_SR,187,1.5,5,0.9598038782446883,120,0.9636803874092009,0.9627791563275434,413.0,403.0,398.0,388.0
holdout,chuandian,M_SR,187,2.0,10,0.9493291266624359,122,0.9636803874092009,0.9627791563275434,413.0,403.0,398.0,388.0
holdout,chuandian,M_SR,187,3.0,4,0.9285982293178812,128,0.9636803874092009,0.9627791563275434,413.0,403.0,398.0,388.0
holdout,chuandian,M_SR,188,0.1,9,0.9945044161043975,75,0.9443099273607748,0.9429280397022333,413.0,403.0,390.0,380.0
holdout,chuandian,M_SR,188,0.5,8,0.9836482869534818,104,0.9200968523002422,0.9181141439205955,413.0,403.0,380.0,370.0
holdout,chuandian,M_SR,188,1.0,10,0.9719323153078425,114,0.9200968523002422,0.9181141439205955,413.0,403.0,380.0,370.0
holdout,chuandian,M_SR,188,1.5,2,0.9609480579451164,116,0.9200968523002422,0.9181141439205955,413.0,403.0,380.0,370.0
holdout,chuandian,M_SR,188,2.0,10,0.9503208469498892,122,0.9200968523002422,0.9181141439205955,413.0,403.0,380.0,370.0
holdout,chuandian,M_SR,188,3.0,10,0.9293561861034467,127,0.9200968523002422,0.9181141439205955,413.0,403.0,380.0,370.0
holdout,chuandian,M_SR,189,0.1,12,0.9931860094909533,74,0.847457627118644,0.8436724565756824,413.0,403.0,350.0,340.0
holdout,chuandian,M_SR,189,0.5,4,0.9803723126018231,95,0.847457627118644,0.8436724565756824,413.0,403.0,350.0,340.0
holdout,chuandian,M_SR,189,1.0,18,0.9675992551454401,105,0.847457627118644,0.8436724565756824,413.0,403.0,350.0,340.0
holdout,chuandian,M_SR,189,1.5,8,0.9553988262188855,107,0.847457627118644,0.8436724565756824,413.0,403.0,350.0,340.0
holdout,chuandian,M_SR,189,2.0,12345,0.9435873206170956,108,0.847457627118644,0.8436724565756824,413.0,403.0,350.0,340.0
holdout,chuandian,M_SR,189,3.0,7,0.9210517660706307,119,0.847457627118644,0.8436724565756824,413.0,403.0,350.0,340.0
holdout,chuandian,M_SR,190,0.1,1,0.9943686422665927,75,0.8716707021791767,0.8684863523573201,413.0,403.0,360.0,350.0
holdout,chuandian,M_SR,190,0.5,12345,0.9833142639082032,101,0.8716707021791767,0.8684863523573201,413.0,403.0,360.0,350.0
holdout,chuandian,M_SR,190,1.0,15,0.9716121441821454,109,0.8523002421307506,0.8486352357320099,413.0,403.0,352.0,342.0
holdout,chuandian,M_SR,190,1.5,17,0.9604374342457251,119,0.9200968523002422,0.9181141439205955,413.0,403.0,380.0,370.0
holdout,chuandian,M_SR,190,2.0,12345,0.9496846430189723,122,0.9200968523002422,0.9181141439205955,413.0,403.0,380.0,370.0
holdout,chuandian,M_SR,190,3.0,12345,0.92830006570844,128,0.9200968523002422,0.9181141439205955,413.0,403.0,380.0,370.0
holdout,chuandian,M_SR,191,0.1,19,0.9940412020075573,72,0.9200968523002422,0.9181141439205955,413.0,403.0,380.0,370.0
holdout,chuandian,M_SR,191,0.5,2,0.9827403064860949,100,0.9200968523002422,0.9181141439205955,413.0,403.0,380.0,370.0
holdout,chuandian,M_SR,191,1.0,18,0.9704841456828932,111,0.8958837772397095,0.8933002481389578,413.0,403.0,370.0,360.0
holdout,chuandian,M_SR,191,1.5,18,0.9591955351689156,118,0.8958837772397095,0.8933002481389578,413.0,403.0,370.0,360.0
holdout,chuandian,M_SR,191,2.0,4,0.9485576757503398,123,0.8958837772397095,0.8933002481389578,413.0,403.0,370.0,360.0
holdout,chuandian,M_SR,191,3.0,5,0.9278121218950078,129,0.8958837772397095,0.8933002481389578,413.0,403.0,370.0,360.0
holdout,chuandian,M_SR,192,0.1,5,0.9945011584093064,73,0.9975786924939467,0.9975186104218362,413.0,403.0,412.0,402.0
holdout,chuandian,M_SR,192,0.5,4,0.9831188841857496,103,0.9733656174334141,0.9727047146401985,413.0,403.0,402.0,392.0
holdout,chuandian,M_SR,192,1.0,16,0.9716071646289147,110,0.9733656174334141,0.9727047146401985,413.0,403.0,402.0,392.0
holdout,chuandian,M_SR,192,1.5,12345,0.960839803353916,115,0.9733656174334141,0.9727047146401985,413.0,403.0,402.0,392.0
holdout,chuandian,M_SR,192,2.0,4,0.9506572389169944,120,0.9200968523002422,0.9181141439205955,413.0,403.0,380.0,370.0
holdout,chuandian,M_SR,192,3.0,3,0.9306083546547654,130,0.9733656174334141,0.9727047146401985,413.0,403.0,402.0,392.0
holdout,chuandian,M_SR,193,0.1,3,0.994431743401313,72,0.9636803874092009,0.9627791563275434,413.0,403.0,398.0,388.0
holdout,chuandian,M_SR,193,0.5,7,0.9831974312430681,105,0.9636803874092009,0.9627791563275434,413.0,403.0,398.0,388.0
holdout,chuandian,M_SR,193,1.0,17,0.9704255290127646,115,0.8910411622276029,0.8883374689826302,413.0,403.0,368.0,358.0
holdout,chuandian,M_SR,193,1.5,19,0.9580983660440403,119,0.8910411622276029,0.8883374689826302,413.0,403.0,368.0,358.0
holdout,chuandian,M_SR,193,2.0,6,0.9466041118391569,124,0.8910411622276029,0.8883374689826302,413.0,403.0,368.0,358.0
holdout,chuandian,M_SR,193,3.0,16,0.9238551113063973,133,0.8910411622276029,0.8883374689826302,413.0,403.0,368.0,358.0
holdout,chuandian,M_SR,194,0.1,5,0.9947643410768956,68,0.9636803874092009,0.9627791563275434,413.0,403.0,398.0,388.0
holdout,chuandian,M_SR,194,0.5,1,0.9828052990917233,93,0.9636803874092009,0.9627791563275434,413.0,403.0,398.0,388.0
holdout,chuandian,M_SR,194,1.0,16,0.9708237187710895,111,0.9636803874092009,0.9627791563275434,413.0,403.0,398.0,388.0
holdout,chuandian,M_SR,194,1.5,2,0.9598615079376602,115,0.9636803874092009,0.9627791563275434,413.0,403.0,398.0,388.0
holdout,chuandian,M_SR,194,2.0,15,0.9495206911413459,121,0.9636803874092009,0.9627791563275434,413.0,403.0,398.0,388.0
holdout,chuandian,M_SR,194,3.0,19,0.9290420519256416,127,0.9636803874092009,0.9627791563275434,413.0,403.0,398.0,388.0
holdout,chuandian,M_SR,195,0.1,17,0.9945617493592561,73,0.9200968523002422,0.9181141439205955,413.0,403.0,380.0,370.0
holdout,chuandian,M_SR,195,0.5,11,0.9837755913864463,94,0.9200968523002422,0.9181141439205955,413.0,403.0,380.0,370.0
holdout,chuandian,M_SR,195,1.0,18,0.9725047011528335,106,0.9200968523002422,0.9181141439205955,413.0,403.0,380.0,370.0
holdout,chuandian,M_SR,195,1.5,1,0.9621407369549537,114,0.9200968523002422,0.9181141439205955,413.0,403.0,380.0,370.0
holdout,chuandian,M_SR,195,2.0,12345,0.951893954397205,119,0.9394673123486683,0.9379652605459057,413.0,403.0,388.0,378.0
holdout,chuandian,M_SR,195,3.0,8,0.9315219383507913,129,0.9200968523002422,0.9181141439205955,413.0,403.0,380.0,370.0
holdout,chuandian,M_SR,196,0.1,6,0.9943411700262235,73,0.9225181598062954,0.9205955334987593,413.0,403.0,381.0,371.0
holdout,chuandian,M_SR,196,0.5,11,0.9829537791714869,97,0.9200968523002422,0.9181141439205955,413.0,403.0,380.0,370.0
holdout,chuandian,M_SR,196,1.0,6,0.9708722958574842,109,0.9200968523002422,0.9181141439205955,413.0,403.0,380.0,370.0
holdout,chuandian,M_SR,196,1.5,6,0.9592413303332178,115,0.9200968523002422,0.9181141439205955,413.0,403.0,380.0,370.0
holdout,chuandian,M_SR,196,2.0,6,0.9482205966560063,118,0.9200968523002422,0.9181141439205955,413.0,403.0,380.0,370.0
holdout,chuandian,M_SR,196,3.0,6,0.9268524851622106,124,0.9200968523002422,0.9181141439205955,413.0,403.0,380.0,370.0
holdout,chuandian,M_SR,197,0.1,1,0.9948193494987327,73,0.8450363196125908,0.8411910669975186,413.0,403.0,349.0,339.0
holdout,chuandian,M_SR,197,0.5,19,0.9831052141288437,93,0.7530266343825666,0.7468982630272953,413.0,403.0,311.0,301.0
holdout,chuandian,M_SR,197,1.0,4,0.9701328239830024,104,0.7578692493946732,0.7518610421836228,413.0,403.0,313.0,303.0
holdout,chuandian,M_SR,197,1.5,15,0.9579841533586264,110,0.8208232445520581,0.8163771712158809,413.0,403.0,339.0,329.0
holdout,chuandian,M_SR,197,2.0,14,0.9465200360128461,120,0.7530266343825666,0.7468982630272953,413.0,403.0,311.0,301.0
holdout,chuandian,M_SR,197,3.0,4,0.9246626622558302,128,0.7530266343825666,0.7468982630272953,413.0,403.0,311.0,301.0
holdout,chuandian,M_SR,198,0.1,11,0.9945045935173675,76,0.9200968523002422,0.9181141439205955,413.0,403.0,380.0,370.0
holdout,chuandian,M_SR,198,0.5,3,0.9833171610906786,99,0.9200968523002422,0.9181141439205955,413.0,403.0,380.0,370.0
holdout,chuandian,M_SR,198,1.0,3,0.9707176247189008,107,0.9200968523002422,0.9181141439205955,413.0,403.0,380.0,370.0
holdout,chuandian,M_SR,198,1.5,3,0.9593331741017306,115,0.9200968523002422,0.9181141439205955,413.0,403.0,380.0,370.0
holdout,chuandian,M_SR,198,2.0,5,0.9483059109974756,122,0.9200968523002422,0.9181141439205955,413.0,403.0,380.0,370.0
holdout,chuandian,M_SR,198,3.0,1,0.9266985893849372,131,0.9200968523002422,0.9181141439205955,413.0,403.0,380.0,370.0
holdout,chuandian,M_SR,199,0.1,2,0.9944286504743121,72,0.9757869249394673,0.9751861042183623,413.0,403.0,403.0,393.0
holdout,chuandian,M_SR,199,0.5,12345,0.9832163618324155,98,0.8837772397094431,0.8808933002481389,413.0,403.0,365.0,355.0
holdout,chuandian,M_SR,199,1.0,6,0.9714215078489775,110,0.8837772397094431,0.8808933002481389,413.0,403.0,365.0,355.0
holdout,chuandian,M_SR,199,1.5,19,0.9604255753577441,117,0.8837772397094431,0.8808933002481389,413.0,403.0,365.0,355.0
holdout,chuandian,M_SR,199,2.0,10,0.9499255932261133,123,0.8837772397094431,0.8808933002481389,413.0,403.0,365.0,355.0
holdout,chuandian,M_SR,199,3.0,2,0.929232617884775,128,0.8837772397094431,0.8808933002481389,413.0,403.0,365.0,355.0
holdout,southern_california,observed,-1,0.1,6,0.9857241880952808,26,0.9936724263811146,0.9936585365853658,4109.0,4100.0,4083.0,4074.0
holdout,southern_california,observed,-1,0.5,19,0.9631056902884984,50,0.9936724263811146,0.9936585365853658,4109.0,4100.0,4083.0,4074.0
holdout,southern_california,observed,-1,1.0,16,0.944300868906028,69,0.7731808225845704,0.7726829268292683,4109.0,4100.0,3177.0,3168.0
holdout,southern_california,observed,-1,1.5,14,0.9289701714019544,75,0.7731808225845704,0.7726829268292683,4109.0,4100.0,3177.0,3168.0
holdout,southern_california,observed,-1,2.0,12345,0.916629221477687,84,0.8126064735945485,0.8121951219512196,4109.0,4100.0,3339.0,3330.0
holdout,southern_california,observed,-1,3.0,16,0.8967615258637864,94,0.8126064735945485,0.8121951219512196,4109.0,4100.0,3339.0,3330.0
holdout,southern_california,M_SR,0,0.1,6,0.984585263382428,29,0.9547335118033585,0.9546341463414634,4109.0,4100.0,3923.0,3914.0
holdout,southern_california,M_SR,0,0.5,12,0.9598622130399559,50,0.9532733025066926,0.953170731707317,4109.0,4100.0,3917.0,3908.0
holdout,southern_california,M_SR,0,1.0,12,0.9390488347254171,62,0.9530299342905817,0.9529268292682926,4109.0,4100.0,3916.0,3907.0
holdout,southern_california,M_SR,0,1.5,12,0.9233593268746081,71,0.8252616208323194,0.8248780487804878,4109.0,4100.0,3391.0,3382.0
holdout,southern_california,M_SR,0,2.0,2,0.9110190650753155,81,0.8252616208323194,0.8248780487804878,4109.0,4100.0,3391.0,3382.0
holdout,southern_california,M_SR,0,3.0,5,0.8895422347106392,91,0.7889997566317839,0.7885365853658537,4109.0,4100.0,3242.0,3233.0
holdout,southern_california,M_SR,1,0.1,5,0.9832586209997662,29,0.8659041129228523,0.865609756097561,4109.0,4100.0,3558.0,3549.0
holdout,southern_california,M_SR,1,0.5,8,0.9587321042514815,50,0.8663908493550743,0.8660975609756097,4109.0,4100.0,3560.0,3551.0
holdout,southern_california,M_SR,1,1.0,11,0.9367131815854525,62,0.8649306400584084,0.8646341463414634,4109.0,4100.0,3554.0,3545.0
holdout,southern_california,M_SR,1,1.5,3,0.9217030654947809,71,0.8639571671939644,0.8636585365853658,4109.0,4100.0,3550.0,3541.0
holdout,southern_california,M_SR,1,2.0,15,0.9094664086964775,75,0.8639571671939644,0.8636585365853658,4109.0,4100.0,3550.0,3541.0
holdout,southern_california,M_SR,1,3.0,4,0.8876597090327163,94,0.8639571671939644,0.8636585365853658,4109.0,4100.0,3550.0,3541.0
holdout,southern_california,M_SR,2,0.1,2,0.9845970378048968,25,0.9936724263811146,0.9936585365853658,4109.0,4100.0,4083.0,4074.0
holdout,southern_california,M_SR,2,0.5,7,0.9596987917712166,47,0.9547335118033585,0.9546341463414634,4109.0,4100.0,3923.0,3914.0
holdout,southern_california,M_SR,2,1.0,16,0.9388322959716567,60,0.9542467753711366,0.9541463414634146,4109.0,4100.0,3921.0,3912.0
holdout,southern_california,M_SR,2,1.5,1,0.9213084185998262,72,0.5709418349963494,0.57,4109.0,4100.0,2346.0,2337.0
holdout,southern_california,M_SR,2,2.0,7,0.9088694266512927,81,0.5709418349963494,0.57,4109.0,4100.0,2346.0,2337.0
holdout,southern_california,M_SR,2,3.0,14,0.8875733116606832,95,0.5709418349963494,0.57,4109.0,4100.0,2346.0,2337.0
holdout,southern_california,M_SR,3,0.1,9,0.984004772673233,28,0.9936724263811146,0.9936585365853658,4109.0,4100.0,4083.0,4074.0
holdout,southern_california,M_SR,3,0.5,1,0.9590348225887272,48,0.9936724263811146,0.9936585365853658,4109.0,4100.0,4083.0,4074.0
holdout,southern_california,M_SR,3,1.0,18,0.9385657354327926,64,0.9936724263811146,0.9936585365853658,4109.0,4100.0,4083.0,4074.0
holdout,southern_california,M_SR,3,1.5,1,0.9231965782470293,76,0.9569238257483572,0.9568292682926829,4109.0,4100.0,3932.0,3923.0
holdout,southern_california,M_SR,3,2.0,16,0.9110193652336525,85,0.9569238257483572,0.9568292682926829,4109.0,4100.0,3932.0,3923.0
holdout,southern_california,M_SR,3,3.0,16,0.8884292726055084,96,0.7897298612801168,0.7892682926829269,4109.0,4100.0,3245.0,3236.0
holdout,southern_california,M_SR,4,0.1,4,0.9838424679498766,28,0.8659041129228523,0.865609756097561,4109.0,4100.0,3558.0,3549.0
holdout,southern_california,M_SR,4,0.5,19,0.9592240103288837,49,0.8264784619128742,0.8260975609756097,4109.0,4100.0,3396.0,3387.0
holdout,southern_california,M_SR,4,1.0,14,0.938280074261749,64,0.8264784619128742,0.8260975609756097,4109.0,4100.0,3396.0,3387.0
holdout,southern_california,M_SR,4,1.5,19,0.9220080330347057,71,0.8264784619128742,0.8260975609756097,4109.0,4100.0,3396.0,3387.0
holdout,southern_california,M_SR,4,2.0,16,0.9105309903132618,85,0.8053054271112193,0.8048780487804879,4109.0,4100.0,3309.0,3300.0
holdout,southern_california,M_SR,4,3.0,16,0.8898285481421193,92,0.8053054271112193,0.8048780487804879,4109.0,4100.0,3309.0,3300.0
holdout,southern_california,M_SR,5,0.1,4,0.9833736867655649,25,0.8659041129228523,0.865609756097561,4109.0,4100.0,3558.0,3549.0
holdout,southern_california,M_SR,5,0.5,5,0.9582308372169497,48,0.8659041129228523,0.865609756097561,4109.0,4100.0,3558.0,3549.0
holdout,southern_california,M_SR,5,1.0,18,0.9380669406187118,66,0.8654173764906303,0.8651219512195122,4109.0,4100.0,3556.0,3547.0
holdout,southern_california,M_SR,5,1.5,9,0.9240899762237079,80,0.8654173764906303,0.8651219512195122,4109.0,4100.0,3556.0,3547.0
holdout,southern_california,M_SR,5,2.0,8,0.912659218286304,85,0.8654173764906303,0.8651219512195122,4109.0,4100.0,3556.0,3547.0
holdout,southern_california,M_SR,5,3.0,1,0.8910963836849347,100,0.8654173764906303,0.8651219512195122,4109.0,4100.0,3556.0,3547.0
holdout,southern_california,M_SR,6,0.1,12345,0.9837321455295691,28,0.9936724263811146,0.9936585365853658,4109.0,4100.0,4083.0,4074.0
holdout,southern_california,M_SR,6,0.5,4,0.9568735334396513,50,0.8264784619128742,0.8260975609756097,4109.0,4100.0,3396.0,3387.0
holdout,southern_california,M_SR,6,1.0,7,0.9364119979301088,70,0.5449014358724751,0.5439024390243903,4109.0,4100.0,2239.0,2230.0
holdout,southern_california,M_SR,6,1.5,11,0.9202634286297285,75,0.8264784619128742,0.8260975609756097,4109.0,4100.0,3396.0,3387.0
holdout,southern_california,M_SR,6,2.0,12,0.9077530856854874,87,0.8264784619128742,0.8260975609756097,4109.0,4100.0,3396.0,3387.0
holdout,southern_california,M_SR,6,3.0,6,0.8865191127844791,104,0.5449014358724751,0.5439024390243903,4109.0,4100.0,2239.0,2230.0
holdout,southern_california,M_SR,7,0.1,1,0.983620139033876,28,0.9542467753711366,0.9541463414634146,4109.0,4100.0,3921.0,3912.0
holdout,southern_california,M_SR,7,0.5,17,0.9574275662782672,47,0.8267218301289851,0.8263414634146341,4109.0,4100.0,3397.0,3388.0
holdout,southern_california,M_SR,7,1.0,15,0.9366199173105152,65,0.8262350936967632,0.8258536585365853,4109.0,4100.0,3395.0,3386.0
holdout,southern_california,M_SR,7,1.5,8,0.9222428959359399,74,0.8257483572645412,0.8253658536585365,4109.0,4100.0,3393.0,3384.0
holdout,southern_california,M_SR,7,2.0,8,0.9104937579053711,83,0.8257483572645412,0.8253658536585365,4109.0,4100.0,3393.0,3384.0
holdout,southern_california,M_SR,7,3.0,10,0.8895823642695426,92,0.8257483572645412,0.8253658536585365,4109.0,4100.0,3393.0,3384.0
holdout,southern_california,M_SR,8,0.1,6,0.9835954369050641,25,0.9936724263811146,0.9936585365853658,4109.0,4100.0,4083.0,4074.0
holdout,southern_california,M_SR,8,0.5,9,0.9591031184505353,48,0.8264784619128742,0.8260975609756097,4109.0,4100.0,3396.0,3387.0
holdout,southern_california,M_SR,8,1.0,6,0.9384233118572318,63,0.8262350936967632,0.8258536585365853,4109.0,4100.0,3395.0,3386.0
holdout,southern_california,M_SR,8,1.5,3,0.9234522315417204,78,0.8252616208323194,0.8248780487804878,4109.0,4100.0,3391.0,3382.0
holdout,southern_california,M_SR,8,2.0,11,0.911058637158154,81,0.8252616208323194,0.8248780487804878,4109.0,4100.0,3391.0,3382.0
holdout,southern_california,M_SR,8,3.0,11,0.8903154486677498,99,0.8252616208323194,0.8248780487804878,4109.0,4100.0,3391.0,3382.0
holdout,southern_california,M_SR,9,0.1,1,0.9841260148020384,29,0.9557069846678024,0.9556097560975609,4109.0,4100.0,3927.0,3918.0
holdout,southern_california,M_SR,9,0.5,1,0.9590246591712964,51,0.9547335118033585,0.9546341463414634,4109.0,4100.0,3923.0,3914.0
holdout,southern_california,M_SR,9,1.0,12345,0.9381416552934033,63,0.9883183256266732,0.9882926829268293,4109.0,4100.0,4061.0,4052.0
holdout,southern_california,M_SR,9,1.5,19,0.9239049161813426,78,0.8147967875395473,0.814390243902439,4109.0,4100.0,3348.0,3339.0
holdout,southern_california,M_SR,9,2.0,12345,0.9120691862378493,85,0.8143100511073254,0.8139024390243902,4109.0,4100.0,3346.0,3337.0
holdout,southern_california,M_SR,9,3.0,15,0.8903681087610833,97,0.4835726454125091,0.4824390243902439,4109.0,4100.0,1987.0,1978.0
holdout,southern_california,M_SR,10,0.1,9,0.9841158619028313,27,0.8659041129228523,0.865609756097561,4109.0,4100.0,3558.0,3549.0
holdout,southern_california,M_SR,10,0.5,15,0.9586553272139566,48,0.8527622292528596,0.8524390243902439,4109.0,4100.0,3504.0,3495.0
holdout,southern_california,M_SR,10,1.0,14,0.9390898161516468,60,0.8505719153078608,0.8502439024390244,4109.0,4100.0,3495.0,3486.0
holdout,southern_california,M_SR,10,1.5,14,0.9219184989701559,71,0.8505719153078608,0.8502439024390244,4109.0,4100.0,3495.0,3486.0
holdout,southern_california,M_SR,10,2.0,14,0.9097265988440645,83,0.8140666828912144,0.8136585365853658,4109.0,4100.0,3345.0,3336.0
holdout,southern_california,M_SR,10,3.0,7,0.889263631373668,94,0.8140666828912144,0.8136585365853658,4109.0,4100.0,3345.0,3336.0
holdout,southern_california,M_SR,11,0.1,9,0.9845663145968534,27,0.8264784619128742,0.8260975609756097,4109.0,4100.0,3396.0,3387.0
holdout,southern_california,M_SR,11,0.5,13,0.9591747070330366,50,0.8264784619128742,0.8260975609756097,4109.0,4100.0,3396.0,3387.0
holdout,southern_california,M_SR,11,1.0,19,0.9396209322983973,61,0.8264784619128742,0.8260975609756097,4109.0,4100.0,3396.0,3387.0
holdout,southern_california,M_SR,11,1.5,6,0.9233692588684163,71,0.8262350936967632,0.8258536585365853,4109.0,4100.0,3395.0,3386.0
holdout,southern_california,M_SR,11,2.0,3,0.9112468354889101,80,0.6330007301046483,0.6321951219512195,4109.0,4100.0,2601.0,2592.0
holdout,southern_california,M_SR,11,3.0,12345,0.8911359393285339,95,0.6315405208079825,0.6307317073170732,4109.0,4100.0,2595.0,2586.0
holdout,southern_california,M_SR,12,0.1,6,0.9831469505908927,28,0.9936724263811146,0.9936585365853658,4109.0,4100.0,4083.0,4074.0
holdout,southern_california,M_SR,12,0.5,9,0.9572435071903913,51,0.9542467753711366,0.9541463414634146,4109.0,4100.0,3921.0,3912.0
holdout,southern_california,M_SR,12,1.0,12,0.9363910094086402,64,0.9936724263811146,0.9936585365853658,4109.0,4100.0,4083.0,4074.0
holdout,southern_california,M_SR,12,1.5,4,0.9212970591767298,76,0.9542467753711366,0.9541463414634146,4109.0,4100.0,3921.0,3912.0
holdout,southern_california,M_SR,12,2.0,18,0.909337559100327,82,0.9542467753711366,0.9541463414634146,4109.0,4100.0,3921.0,3912.0
holdout,southern_california,M_SR,12,3.0,17,0.8884618374578236,95,0.8264784619128742,0.8260975609756097,4109.0,4100.0,3396.0,3387.0
holdout,southern_california,M_SR,13,0.1,19,0.9842714427413276,27,0.9936724263811146,0.9936585365853658,4109.0,4100.0,4083.0,4074.0
holdout,southern_california,M_SR,13,0.5,17,0.9601500626617242,52,0.9542467753711366,0.9541463414634146,4109.0,4100.0,3921.0,3912.0
holdout,southern_california,M_SR,13,1.0,8,0.9396702032431744,65,0.8143100511073254,0.8139024390243902,4109.0,4100.0,3346.0,3337.0
holdout,southern_california,M_SR,13,1.5,16,0.9245890235490247,74,0.8143100511073254,0.8139024390243902,4109.0,4100.0,3346.0,3337.0
holdout,southern_california,M_SR,13,2.0,16,0.9121360969813729,85,0.8143100511073254,0.8139024390243902,4109.0,4100.0,3346.0,3337.0
holdout,southern_california,M_SR,13,3.0,9,0.8905134844696959,100,0.8143100511073254,0.8139024390243902,4109.0,4100.0,3346.0,3337.0
holdout,southern_california,M_SR,14,0.1,7,0.9843928933687889,29,0.9941591628133366,0.9941463414634146,4109.0,4100.0,4085.0,4076.0
holdout,southern_california,M_SR,14,0.5,7,0.9608909594094378,51,0.9576539303966902,0.9575609756097561,4109.0,4100.0,3935.0,3926.0
holdout,southern_california,M_SR,14,1.0,11,0.9407456463359086,65,0.9561937211000243,0.9560975609756097,4109.0,4100.0,3929.0,3920.0
holdout,southern_california,M_SR,14,1.5,12,0.9241398849617309,79,0.9559503528839134,0.9558536585365853,4109.0,4100.0,3928.0,3919.0
holdout,southern_california,M_SR,14,2.0,12345,0.9113828236037842,86,0.9559503528839134,0.9558536585365853,4109.0,4100.0,3928.0,3919.0
holdout,southern_california,M_SR,14,3.0,18,0.8907205064304207,96,0.4585057191530786,0.4573170731707317,4109.0,4100.0,1884.0,1875.0
holdout,southern_california,M_SR,15,0.1,18,0.983970022700039,26,0.9941591628133366,0.9941463414634146,4109.0,4100.0,4085.0,4076.0
holdout,southern_california,M_SR,15,0.5,4,0.958851710230486,51,0.7736675590167924,0.7731707317073171,4109.0,4100.0,3179.0,3170.0
holdout,southern_california,M_SR,15,1.0,2,0.9385321001447149,68,0.7731808225845704,0.7726829268292683,4109.0,4100.0,3177.0,3168.0
holdout,southern_california,M_SR,15,1.5,2,0.9232616555914169,80,0.7731808225845704,0.7726829268292683,4109.0,4100.0,3177.0,3168.0
holdout,southern_california,M_SR,15,2.0,16,0.9110969068149994,86,0.7722073497201265,0.7717073170731708,4109.0,4100.0,3173.0,3164.0
holdout,southern_california,M_SR,15,3.0,5,0.8902514299186782,96,0.7722073497201265,0.7717073170731708,4109.0,4100.0,3173.0,3164.0
holdout,southern_california,M_SR,16,0.1,15,0.9850026184304234,30,0.8269651983450961,0.8265853658536585,4109.0,4100.0,3398.0,3389.0
holdout,southern_california,M_SR,16,0.5,19,0.9598148077000875,51,0.8255049890484303,0.8251219512195122,4109.0,4100.0,3392.0,3383.0
holdout,southern_california,M_SR,16,1.0,4,0.9390711946872694,66,0.5439279630080311,0.5429268292682927,4109.0,4100.0,2235.0,2226.0
holdout,southern_california,M_SR,16,1.5,19,0.9225636424726137,77,0.5195911413969335,0.5185365853658537,4109.0,4100.0,2135.0,2126.0
holdout,southern_california,M_SR,16,2.0,19,0.9109761686378368,84,0.5195911413969335,0.5185365853658537,4109.0,4100.0,2135.0,2126.0
holdout,southern_california,M_SR,16,3.0,19,0.8901110239227205,96,0.5195911413969335,0.5185365853658537,4109.0,4100.0,2135.0,2126.0
holdout,southern_california,M_SR,17,0.1,9,0.9841240062975587,30,0.9542467753711366,0.9541463414634146,4109.0,4100.0,3921.0,3912.0
holdout,southern_california,M_SR,17,0.5,6,0.9594327710548173,47,0.8269651983450961,0.8265853658536585,4109.0,4100.0,3398.0,3389.0
holdout,southern_california,M_SR,17,1.0,7,0.9378946991305557,63,0.8128498418106596,0.812439024390244,4109.0,4100.0,3340.0,3331.0
holdout,southern_california,M_SR,17,1.5,6,0.9222725247317379,73,0.8128498418106596,0.812439024390244,4109.0,4100.0,3340.0,3331.0
holdout,southern_california,M_SR,17,2.0,6,0.9105146033749486,84,0.8128498418106596,0.812439024390244,4109.0,4100.0,3340.0,3331.0
holdout,southern_california,M_SR,17,3.0,15,0.8903208184818703,98,0.8128498418106596,0.812439024390244,4109.0,4100.0,3340.0,3331.0
holdout,southern_california,M_SR,18,0.1,3,0.984160966068775,27,0.9936724263811146,0.9936585365853658,4109.0,4100.0,4083.0,4074.0
holdout,southern_california,M_SR,18,0.5,11,0.9580127932857765,49,0.8262350936967632,0.8258536585365853,4109.0,4100.0,3395.0,3386.0
holdout,southern_california,M_SR,18,1.0,10,0.9363623291503925,63,0.8656607447067413,0.8653658536585366,4109.0,4100.0,3557.0,3548.0
holdout,southern_california,M_SR,18,1.5,8,0.9211251635220803,73,0.8262350936967632,0.8258536585365853,4109.0,4100.0,3395.0,3386.0
holdout,southern_california,M_SR,18,2.0,8,0.9091895971360054,82,0.8262350936967632,0.8258536585365853,4109.0,4100.0,3395.0,3386.0
holdout,southern_california,M_SR,18,3.0,8,0.8885483327308047,95,0.6113409588707714,0.6104878048780488,4109.0,4100.0,2512.0,2503.0
holdout,southern_california,M_SR,19,0.1,11,0.983384102222707,27,0.9941591628133366,0.9941463414634146,4109.0,4100.0,4085.0,4076.0
holdout,southern_california,M_SR,19,0.5,12345,0.95750635225837,51,0.9547335118033585,0.9546341463414634,4109.0,4100.0,3923.0,3914.0
holdout,southern_california,M_SR,19,1.0,15,0.9362220767987942,68,0.9165247018739353,0.9163414634146342,4109.0,4100.0,3766.0,3757.0
holdout,southern_california,M_SR,19,1.5,5,0.9211247285220225,77,0.9165247018739353,0.9163414634146342,4109.0,4100.0,3766.0,3757.0
holdout,southern_california,M_SR,19,2.0,5,0.9077404340039331,80,0.9165247018739353,0.9163414634146342,4109.0,4100.0,3766.0,3757.0
holdout,southern_california,M_SR,19,3.0,19,0.8845357890358662,89,0.7765879776101241,0.7760975609756098,4109.0,4100.0,3191.0,3182.0
holdout,southern_california,M_SR,20,0.1,15,0.9840005741600346,28,0.9542467753711366,0.9541463414634146,4109.0,4100.0,3921.0,3912.0
holdout,southern_california,M_SR,20,0.5,10,0.9593411276794926,54,0.9542467753711366,0.9541463414634146,4109.0,4100.0,3921.0,3912.0
holdout,southern_california,M_SR,20,1.0,4,0.939213018332737,66,0.9542467753711366,0.9541463414634146,4109.0,4100.0,3921.0,3912.0
holdout,southern_california,M_SR,20,1.5,10,0.9245706281319717,74,0.9542467753711366,0.9541463414634146,4109.0,4100.0,3921.0,3912.0
holdout,southern_california,M_SR,20,2.0,8,0.9123218347010479,85,0.5570698466780238,0.5560975609756098,4109.0,4100.0,2289.0,2280.0
holdout,southern_california,M_SR,20,3.0,4,0.8920004034487,97,0.5570698466780238,0.5560975609756098,4109.0,4100.0,2289.0,2280.0
holdout,southern_california,M_SR,21,0.1,14,0.9841019697600494,28,0.9941591628133366,0.9941463414634146,4109.0,4100.0,4085.0,4076.0
holdout,southern_california,M_SR,21,0.5,14,0.9595412892072203,48,0.9941591628133366,0.9941463414634146,4109.0,4100.0,4085.0,4076.0
holdout,southern_california,M_SR,21,1.0,12345,0.9386901724785192,61,0.8264784619128742,0.8260975609756097,4109.0,4100.0,3396.0,3387.0
holdout,southern_california,M_SR,21,1.5,5,0.9234061644970477,72,0.8264784619128742,0.8260975609756097,4109.0,4100.0,3396.0,3387.0
holdout,southern_california,M_SR,21,2.0,3,0.9116018518976258,82,0.8264784619128742,0.8260975609756097,4109.0,4100.0,3396.0,3387.0
holdout,southern_california,M_SR,21,3.0,2,0.8903984022753486,93,0.7658797761012411,0.7653658536585366,4109.0,4100.0,3147.0,3138.0
holdout,southern_california,M_SR,22,0.1,3,0.9821493422289459,25,0.9941591628133366,0.9941463414634146,4109.0,4100.0,4085.0,4076.0
holdout,southern_california,M_SR,22,0.5,5,0.9567792820318699,46,0.8663908493550743,0.8660975609756097,4109.0,4100.0,3560.0,3551.0
holdout,southern_california,M_SR,22,1.0,8,0.9349847157558435,59,0.8661474811389632,0.8658536585365854,4109.0,4100.0,3559.0,3550.0
holdout,southern_california,M_SR,22,1.5,12345,0.9195929266604896,73,0.8661474811389632,0.8658536585365854,4109.0,4100.0,3559.0,3550.0
holdout,southern_california,M_SR,22,2.0,12345,0.9066248418982792,82,0.8661474811389632,0.8658536585365854,4109.0,4100.0,3559.0,3550.0
holdout,southern_california,M_SR,22,3.0,4,0.8843482758361016,95,0.8296422487223168,0.8292682926829268,4109.0,4100.0,3409.0,3400.0
holdout,southern_california,M_SR,23,0.1,9,0.983880126032663,27,0.9941591628133366,0.9941463414634146,4109.0,4100.0,4085.0,4076.0
holdout,southern_california,M_SR,23,0.5,2,0.9585928083504411,52,0.5714285714285714,0.5704878048780487,4109.0,4100.0,2348.0,2339.0
holdout,southern_california,M_SR,23,1.0,4,0.9388256427445183,63,0.5714285714285714,0.5704878048780487,4109.0,4100.0,2348.0,2339.0
holdout,southern_california,M_SR,23,1.5,6,0.9237848517381124,69,0.5714285714285714,0.5704878048780487,4109.0,4100.0,2348.0,2339.0
holdout,southern_california,M_SR,23,2.0,6,0.9112141766060561,77,0.7736675590167924,0.7731707317073171,4109.0,4100.0,3179.0,3170.0
holdout,southern_california,M_SR,23,3.0,7,0.8879344997046583,94,0.7736675590167924,0.7731707317073171,4109.0,4100.0,3179.0,3170.0
holdout,southern_california,M_SR,24,0.1,14,0.982510928574481,25,0.9941591628133366,0.9941463414634146,4109.0,4100.0,4085.0,4076.0
holdout,southern_california,M_SR,24,0.5,7,0.9571920461914677,50,0.6337308347529813,0.6329268292682927,4109.0,4100.0,2604.0,2595.0
holdout,southern_california,M_SR,24,1.0,13,0.9356281162483756,63,0.6458992455585301,0.6451219512195122,4109.0,4100.0,2654.0,2645.0
holdout,southern_california,M_SR,24,1.5,11,0.9207876204687091,74,0.6458992455585301,0.6451219512195122,4109.0,4100.0,2654.0,2645.0
holdout,southern_california,M_SR,24,2.0,8,0.9085036037382688,84,0.6337308347529813,0.6329268292682927,4109.0,4100.0,2604.0,2595.0
holdout,southern_california,M_SR,24,3.0,2,0.8873766520252617,98,0.6332440983207593,0.6324390243902439,4109.0,4100.0,2602.0,2593.0
holdout,southern_california,M_SR,25,0.1,6,0.9839883031903448,30,0.9542467753711366,0.9541463414634146,4109.0,4100.0,3921.0,3912.0
holdout,southern_california,M_SR,25,0.5,12345,0.9598281849703884,52,0.8143100511073254,0.8139024390243902,4109.0,4100.0,3346.0,3337.0
holdout,southern_california,M_SR,25,1.0,12345,0.9379913521306181,63,0.8143100511073254,0.8139024390243902,4109.0,4100.0,3346.0,3337.0
holdout,southern_california,M_SR,25,1.5,7,0.922008544951727,74,0.8143100511073254,0.8139024390243902,4109.0,4100.0,3346.0,3337.0
holdout,southern_california,M_SR,25,2.0,8,0.9088124302721113,79,0.43100511073253833,0.4297560975609756,4109.0,4100.0,1771.0,1762.0
holdout,southern_california,M_SR,25,3.0,12345,0.8872728187159532,94,0.43076174251642735,0.4295121951219512,4109.0,4100.0,1770.0,1761.0
holdout,southern_california,M_SR,26,0.1,18,0.9838409019575134,25,0.5709418349963494,0.57,4109.0,4100.0,2346.0,2337.0
holdout,southern_california,M_SR,26,0.5,15,0.9587140087135416,48,0.5704550985641276,0.5695121951219512,4109.0,4100.0,2344.0,2335.0
holdout,southern_california,M_SR,26,1.0,16,0.9381430353311307,63,0.5704550985641276,0.5695121951219512,4109.0,4100.0,2344.0,2335.0
holdout,southern_california,M_SR,26,1.5,6,0.9227929711505889,76,0.5689948892674617,0.5680487804878048,4109.0,4100.0,2338.0,2329.0
holdout,southern_california,M_SR,26,2.0,7,0.910878865367101,81,0.5689948892674617,0.5680487804878048,4109.0,4100.0,2338.0,2329.0
holdout,southern_california,M_SR,26,3.0,7,0.88798360408996,91,0.5689948892674617,0.5680487804878048,4109.0,4100.0,2338.0,2329.0
holdout,southern_california,M_SR,27,0.1,16,0.9845340524189259,26,0.9542467753711366,0.9541463414634146,4109.0,4100.0,3921.0,3912.0
holdout,southern_california,M_SR,27,0.5,18,0.9603185241201411,54,0.9936724263811146,0.9936585365853658,4109.0,4100.0,4083.0,4074.0
holdout,southern_california,M_SR,27,1.0,12345,0.9410226171290692,68,0.4422000486736432,0.44097560975609756,4109.0,4100.0,1817.0,1808.0
holdout,southern_california,M_SR,27,1.5,7,0.9257776759613333,73,0.4422000486736432,0.44097560975609756,4109.0,4100.0,1817.0,1808.0
holdout,southern_california,M_SR,27,2.0,16,0.9139048901638206,82,0.4422000486736432,0.44097560975609756,4109.0,4100.0,1817.0,1808.0
holdout,southern_california,M_SR,27,3.0,18,0.8935552685375459,95,0.4422000486736432,0.44097560975609756,4109.0,4100.0,1817.0,1808.0
holdout,southern_california,M_SR,28,0.1,2,0.9842818472235793,28,0.8663908493550743,0.8660975609756097,4109.0,4100.0,3560.0,3551.0
holdout,southern_california,M_SR,28,0.5,6,0.9603188242904754,49,0.8649306400584084,0.8646341463414634,4109.0,4100.0,3554.0,3545.0
holdout,southern_california,M_SR,28,1.0,14,0.9398829561778294,65,0.8634704307617426,0.8631707317073171,4109.0,4100.0,3548.0,3539.0
holdout,southern_california,M_SR,28,1.5,19,0.9246207263393684,73,0.8634704307617426,0.8631707317073171,4109.0,4100.0,3548.0,3539.0
holdout,southern_california,M_SR,28,2.0,12,0.9113157002722482,81,0.8634704307617426,0.8631707317073171,4109.0,4100.0,3548.0,3539.0
holdout,southern_california,M_SR,28,3.0,19,0.8885056046956558,87,0.8634704307617426,0.8631707317073171,4109.0,4100.0,3548.0,3539.0
holdout,southern_california,M_SR,29,0.1,3,0.983854527378881,28,0.9934290581650036,0.9934146341463415,4109.0,4100.0,4082.0,4073.0
holdout,southern_california,M_SR,29,0.5,6,0.9575753684575067,47,0.9540034071550255,0.9539024390243902,4109.0,4100.0,3920.0,3911.0
holdout,southern_california,M_SR,29,1.0,6,0.9364675135371202,62,0.9540034071550255,0.9539024390243902,4109.0,4100.0,3920.0,3911.0
holdout,southern_california,M_SR,29,1.5,5,0.9221101116578827,78,0.9540034071550255,0.9539024390243902,4109.0,4100.0,3920.0,3911.0
holdout,southern_california,M_SR,29,2.0,16,0.9099122256988917,85,0.9540034071550255,0.9539024390243902,4109.0,4100.0,3920.0,3911.0
holdout,southern_california,M_SR,29,3.0,1,0.8883493525891595,95,0.5706984667802385,0.5697560975609756,4109.0,4100.0,2345.0,2336.0
holdout,southern_california,M_SR,30,0.1,13,0.9833409576155193,30,0.9941591628133366,0.9941463414634146,4109.0,4100.0,4085.0,4076.0
holdout,southern_california,M_SR,30,0.5,14,0.9582061760639571,48,0.9941591628133366,0.9941463414634146,4109.0,4100.0,4085.0,4076.0
holdout,southern_california,M_SR,30,1.0,3,0.9384525340769017,67,0.9547335118033585,0.9546341463414634,4109.0,4100.0,3923.0,3914.0
holdout,southern_california,M_SR,30,1.5,6,0.9221865629060595,79,0.9547335118033585,0.9546341463414634,4109.0,4100.0,3923.0,3914.0
holdout,southern_california,M_SR,30,2.0,6,0.9094035953925302,85,0.9532733025066926,0.953170731707317,4109.0,4100.0,3917.0,3908.0
holdout,southern_california,M_SR,30,3.0,12345,0.8877281313878512,98,0.9532733025066926,0.953170731707317,4109.0,4100.0,3917.0,3908.0
holdout,southern_california,M_SR,31,0.1,4,0.984426776509308,28,0.9936724263811146,0.9936585365853658,4109.0,4100.0,4083.0,4074.0
holdout,southern_california,M_SR,31,0.5,9,0.9594664065332011,52,0.8264784619128742,0.8260975609756097,4109.0,4100.0,3396.0,3387.0
holdout,southern_california,M_SR,31,1.0,12345,0.9388203035922088,66,0.5682647846191288,0.5673170731707317,4109.0,4100.0,2335.0,2326.0
holdout,southern_california,M_SR,31,1.5,6,0.924337135616679,77,0.8269651983450961,0.8265853658536585,4109.0,4100.0,3398.0,3389.0
holdout,southern_california,M_SR,31,2.0,15,0.9123317158091447,83,0.5685081528352397,0.567560975609756,4109.0,4100.0,2336.0,2327.0
holdout,southern_california,M_SR,31,3.0,6,0.8902799825855611,95,0.7902165977123388,0.7897560975609756,4109.0,4100.0,3247.0,3238.0
holdout,southern_california,M_SR,32,0.1,17,0.9831977531593211,27,0.8659041129228523,0.865609756097561,4109.0,4100.0,3558.0,3549.0
holdout,southern_california,M_SR,32,0.5,3,0.9568786478678764,55,0.8264784619128742,0.8260975609756097,4109.0,4100.0,3396.0,3387.0
holdout,southern_california,M_SR,32,1.0,6,0.9361800731337298,66,0.8264784619128742,0.8260975609756097,4109.0,4100.0,3396.0,3387.0
holdout,southern_california,M_SR,32,1.5,5,0.9210457477503998,74,0.8264784619128742,0.8260975609756097,4109.0,4100.0,3396.0,3387.0
holdout,southern_california,M_SR,32,2.0,5,0.9098156532979947,81,0.7658797761012411,0.7653658536585366,4109.0,4100.0,3147.0,3138.0
holdout,southern_california,M_SR,32,3.0,17,0.8891202703393474,94,0.7658797761012411,0.7653658536585366,4109.0,4100.0,3147.0,3138.0
holdout,southern_california,M_SR,33,0.1,8,0.9833942243555671,25,0.8269651983450961,0.8265853658536585,4109.0,4100.0,3398.0,3389.0
holdout,southern_california,M_SR,33,0.5,4,0.9593034582991681,51,0.8269651983450961,0.8265853658536585,4109.0,4100.0,3398.0,3389.0
holdout,southern_california,M_SR,33,1.0,6,0.9394250456580391,65,0.8267218301289851,0.8263414634146341,4109.0,4100.0,3397.0,3388.0
holdout,southern_california,M_SR,33,1.5,12345,0.9233975246225,75,0.8267218301289851,0.8263414634146341,4109.0,4100.0,3397.0,3388.0
holdout,southern_california,M_SR,33,2.0,6,0.9104547698154192,78,0.8267218301289851,0.8263414634146341,4109.0,4100.0,3397.0,3388.0
holdout,southern_california,M_SR,33,3.0,12345,0.8885689851002186,95,0.5702117303480165,0.5692682926829268,4109.0,4100.0,2343.0,2334.0
holdout,southern_california,M_SR,34,0.1,18,0.9841357811845369,28,0.9542467753711366,0.9541463414634146,4109.0,4100.0,3921.0,3912.0
holdout,southern_california,M_SR,34,0.5,19,0.9593943703527757,50,0.9542467753711366,0.9541463414634146,4109.0,4100.0,3921.0,3912.0
holdout,southern_california,M_SR,34,1.0,19,0.9394198953087944,68,0.9542467753711366,0.9541463414634146,4109.0,4100.0,3921.0,3912.0
holdout,southern_california,M_SR,34,1.5,3,0.9238910916464608,80,0.9542467753711366,0.9541463414634146,4109.0,4100.0,3921.0,3912.0
holdout,southern_california,M_SR,34,2.0,7,0.9115952393641427,85,0.8143100511073254,0.8139024390243902,4109.0,4100.0,3346.0,3337.0
holdout,southern_california,M_SR,34,3.0,6,0.8892286766315171,97,0.9542467753711366,0.9541463414634146,4109.0,4100.0,3921.0,3912.0
holdout,southern_california,M_SR,35,0.1,13,0.9837439070016922,29,0.9941591628133366,0.9941463414634146,4109.0,4100.0,4085.0,4076.0
holdout,southern_california,M_SR,35,0.5,9,0.9584459575502052,52,0.8663908493550743,0.8660975609756097,4109.0,4100.0,3560.0,3551.0
holdout,southern_california,M_SR,35,1.0,3,0.9381340582008674,63,0.8663908493550743,0.8660975609756097,4109.0,4100.0,3560.0,3551.0
holdout,southern_california,M_SR,35,1.5,19,0.9241673125091006,77,0.8663908493550743,0.8660975609756097,4109.0,4100.0,3560.0,3551.0
holdout,southern_california,M_SR,35,2.0,19,0.9121689963464569,81,0.8259917254806523,0.8256097560975609,4109.0,4100.0,3394.0,3385.0
holdout,southern_california,M_SR,35,3.0,17,0.891471440651867,98,0.7887563884156729,0.7882926829268293,4109.0,4100.0,3241.0,3232.0
holdout,southern_california,M_SR,36,0.1,17,0.9831828219407265,28,0.8663908493550743,0.8660975609756097,4109.0,4100.0,3560.0,3551.0
holdout,southern_california,M_SR,36,0.5,11,0.9576756559653972,55,0.4422000486736432,0.44097560975609756,4109.0,4100.0,1817.0,1808.0
holdout,southern_california,M_SR,36,1.0,19,0.9377901754528364,66,0.4422000486736432,0.44097560975609756,4109.0,4100.0,1817.0,1808.0
holdout,southern_california,M_SR,36,1.5,11,0.9213908032472029,72,0.4422000486736432,0.44097560975609756,4109.0,4100.0,1817.0,1808.0
holdout,southern_california,M_SR,36,2.0,11,0.9078597045224235,79,0.4422000486736432,0.44097560975609756,4109.0,4100.0,1817.0,1808.0
holdout,southern_california,M_SR,36,3.0,5,0.8864332878580984,94,0.4422000486736432,0.44097560975609756,4109.0,4100.0,1817.0,1808.0
holdout,southern_california,M_SR,37,0.1,5,0.9839772335086732,27,0.8659041129228523,0.865609756097561,4109.0,4100.0,3558.0,3549.0
holdout,southern_california,M_SR,37,0.5,13,0.9604594005011249,48,0.8659041129228523,0.865609756097561,4109.0,4100.0,3558.0,3549.0
holdout,southern_california,M_SR,37,1.0,12345,0.9405792764832249,65,0.5580433195424678,0.5570731707317074,4109.0,4100.0,2293.0,2284.0
holdout,southern_california,M_SR,37,1.5,13,0.9262330344834069,78,0.6845947919201752,0.6839024390243903,4109.0,4100.0,2813.0,2804.0
holdout,southern_california,M_SR,37,2.0,1,0.9141266135808668,86,0.6845947919201752,0.6839024390243903,4109.0,4100.0,2813.0,2804.0
holdout,southern_california,M_SR,37,3.0,18,0.8929997522448232,97,0.6845947919201752,0.6839024390243903,4109.0,4100.0,2813.0,2804.0
holdout,southern_california,M_SR,38,0.1,1,0.9836986337730064,29,0.9924555853005598,0.9924390243902439,4109.0,4100.0,4078.0,4069.0
holdout,southern_california,M_SR,38,0.5,6,0.9583200402683494,50,0.9934290581650036,0.9934146341463415,4109.0,4100.0,4082.0,4073.0
holdout,southern_california,M_SR,38,1.0,11,0.938814814567678,65,0.8525188610367486,0.8521951219512195,4109.0,4100.0,3503.0,3494.0
holdout,southern_california,M_SR,38,1.5,1,0.9232595881372991,76,0.8525188610367486,0.8521951219512195,4109.0,4100.0,3503.0,3494.0
holdout,southern_california,M_SR,38,2.0,14,0.9118728896470567,82,0.8525188610367486,0.8521951219512195,4109.0,4100.0,3503.0,3494.0
holdout,southern_california,M_SR,38,3.0,5,0.892238403154258,96,0.7765879776101241,0.7760975609756098,4109.0,4100.0,3191.0,3182.0
holdout,southern_california,M_SR,39,0.1,11,0.9841090281939716,27,0.9547335118033585,0.9546341463414634,4109.0,4100.0,3923.0,3914.0
holdout,southern_california,M_SR,39,0.5,11,0.9599999107427092,47,0.9547335118033585,0.9546341463414634,4109.0,4100.0,3923.0,3914.0
holdout,southern_california,M_SR,39,1.0,3,0.9386199424246578,61,0.9527865660744707,0.9526829268292683,4109.0,4100.0,3915.0,3906.0
holdout,southern_california,M_SR,39,1.5,9,0.921883343491077,72,0.9527865660744707,0.9526829268292683,4109.0,4100.0,3915.0,3906.0
holdout,southern_california,M_SR,39,2.0,13,0.909295626460357,78,0.9162813336578243,0.9160975609756098,4109.0,4100.0,3765.0,3756.0
holdout,southern_california,M_SR,39,3.0,15,0.8873598059033315,91,0.9162813336578243,0.9160975609756098,4109.0,4100.0,3765.0,3756.0
holdout,southern_california,M_SR,40,0.1,6,0.9823174373973268,27,0.9939157945972256,0.9939024390243902,4109.0,4100.0,4084.0,4075.0
holdout,southern_california,M_SR,40,0.5,11,0.9567505171656963,52,0.6008761255779995,0.6,4109.0,4100.0,2469.0,2460.0
holdout,southern_california,M_SR,40,1.0,13,0.935875060602296,64,0.5582866877585787,0.5573170731707318,4109.0,4100.0,2294.0,2285.0
holdout,southern_california,M_SR,40,1.5,8,0.9188930461115712,73,0.5582866877585787,0.5573170731707318,4109.0,4100.0,2294.0,2285.0
holdout,southern_california,M_SR,40,2.0,1,0.9066115787195195,80,0.5582866877585787,0.5573170731707318,4109.0,4100.0,2294.0,2285.0
holdout,southern_california,M_SR,40,3.0,12345,0.886032641126941,93,0.5994159162813336,0.5985365853658536,4109.0,4100.0,2463.0,2454.0
holdout,southern_california,M_SR,41,0.1,4,0.9835192335080523,27,0.9936724263811146,0.9936585365853658,4109.0,4100.0,4083.0,4074.0
holdout,southern_california,M_SR,41,0.5,13,0.9578683984254897,52,0.9912387442200049,0.9912195121951219,4109.0,4100.0,4073.0,4064.0
holdout,southern_california,M_SR,41,1.0,10,0.9368863364072905,66,0.9912387442200049,0.9912195121951219,4109.0,4100.0,4073.0,4064.0
holdout,southern_california,M_SR,41,1.5,7,0.9218208990453902,74,0.9532733025066926,0.953170731707317,4109.0,4100.0,3917.0,3908.0
holdout,southern_california,M_SR,41,2.0,13,0.9097630305571778,82,0.9532733025066926,0.953170731707317,4109.0,4100.0,3917.0,3908.0
holdout,southern_california,M_SR,41,3.0,9,0.8895419499243943,99,0.9532733025066926,0.953170731707317,4109.0,4100.0,3917.0,3908.0
holdout,southern_california,M_SR,42,0.1,9,0.9837660898578034,26,0.9934290581650036,0.9934146341463415,4109.0,4100.0,4082.0,4073.0
holdout,southern_california,M_SR,42,0.5,6,0.9582981559898881,52,0.8656607447067413,0.8653658536585366,4109.0,4100.0,3557.0,3548.0
holdout,southern_california,M_SR,42,1.0,11,0.9372769687920728,67,0.6451691409101972,0.644390243902439,4109.0,4100.0,2651.0,2642.0
holdout,southern_california,M_SR,42,1.5,12345,0.9214406015986889,79,0.8262350936967632,0.8258536585365853,4109.0,4100.0,3395.0,3386.0
holdout,southern_california,M_SR,42,2.0,12345,0.9101754261832026,86,0.6454125091263081,0.6446341463414634,4109.0,4100.0,2652.0,2643.0
holdout,southern_california,M_SR,42,3.0,11,0.8896704911583543,95,0.7731808225845704,0.7726829268292683,4109.0,4100.0,3177.0,3168.0
holdout,southern_california,M_SR,43,0.1,16,0.9839550016283499,26,0.9941591628133366,0.9941463414634146,4109.0,4100.0,4085.0,4076.0
holdout,southern_california,M_SR,43,0.5,15,0.959022471161575,50,0.9547335118033585,0.9546341463414634,4109.0,4100.0,3923.0,3914.0
holdout,southern_california,M_SR,43,1.0,19,0.9388353860819196,69,0.9535166707228035,0.9534146341463414,4109.0,4100.0,3918.0,3909.0
holdout,southern_california,M_SR,43,1.5,16,0.9256931668564886,77,0.9542467753711366,0.9541463414634146,4109.0,4100.0,3921.0,3912.0
holdout,southern_california,M_SR,43,2.0,19,0.9134906225235812,81,0.9535166707228035,0.9534146341463414,4109.0,4100.0,3918.0,3909.0
holdout,southern_california,M_SR,43,3.0,12,0.891476094519726,92,0.9535166707228035,0.9534146341463414,4109.0,4100.0,3918.0,3909.0
holdout,southern_california,M_SR,44,0.1,10,0.9847437874750572,26,0.8269651983450961,0.8265853658536585,4109.0,4100.0,3398.0,3389.0
holdout,southern_california,M_SR,44,0.5,15,0.9584013646697166,48,0.8269651983450961,0.8265853658536585,4109.0,4100.0,3398.0,3389.0
holdout,southern_california,M_SR,44,1.0,19,0.9359739328182773,60,0.7663665125334631,0.7658536585365854,4109.0,4100.0,3149.0,3140.0
holdout,southern_california,M_SR,44,1.5,10,0.9196286060188187,71,0.7658797761012411,0.7653658536585366,4109.0,4100.0,3147.0,3138.0
holdout,southern_california,M_SR,44,2.0,19,0.9070255816760255,82,0.7658797761012411,0.7653658536585366,4109.0,4100.0,3147.0,3138.0
holdout,southern_california,M_SR,44,3.0,3,0.8868311550586174,101,0.6609880749574105,0.6602439024390244,4109.0,4100.0,2716.0,2707.0
holdout,southern_california,M_SR,45,0.1,4,0.9834927993394988,29,0.9936724263811146,0.9936585365853658,4109.0,4100.0,4083.0,4074.0
holdout,southern_california,M_SR,45,0.5,6,0.9582092006347146,53,0.8264784619128742,0.8260975609756097,4109.0,4100.0,3396.0,3387.0
holdout,southern_california,M_SR,45,1.0,17,0.9379517940154556,64,0.8264784619128742,0.8260975609756097,4109.0,4100.0,3396.0,3387.0
holdout,southern_california,M_SR,45,1.5,8,0.9230240261876475,75,0.8264784619128742,0.8260975609756097,4109.0,4100.0,3396.0,3387.0
holdout,southern_california,M_SR,45,2.0,7,0.9105118646128392,86,0.8264784619128742,0.8260975609756097,4109.0,4100.0,3396.0,3387.0
holdout,southern_california,M_SR,45,3.0,16,0.8899082403475395,100,0.6103674860063276,0.6095121951219512,4109.0,4100.0,2508.0,2499.0
holdout,southern_california,M_SR,46,0.1,18,0.9827279165509833,26,0.9926989535166707,0.9926829268292683,4109.0,4100.0,4079.0,4070.0
holdout,southern_california,M_SR,46,0.5,13,0.9565159116525989,47,0.9926989535166707,0.9926829268292683,4109.0,4100.0,4079.0,4070.0
holdout,southern_california,M_SR,46,1.0,16,0.9356308271351073,63,0.9912387442200049,0.9912195121951219,4109.0,4100.0,4073.0,4064.0
holdout,southern_california,M_SR,46,1.5,16,0.9192994685141274,75,0.7719639815040156,0.7714634146341464,4109.0,4100.0,3172.0,3163.0
holdout,southern_california,M_SR,46,2.0,13,0.906281839861532,81,0.7719639815040156,0.7714634146341464,4109.0,4100.0,3172.0,3163.0
holdout,southern_california,M_SR,46,3.0,16,0.8840270194413368,89,0.7719639815040156,0.7714634146341464,4109.0,4100.0,3172.0,3163.0
holdout,southern_california,M_SR,47,0.1,12345,0.9836334703544288,26,0.6108542224385495,0.61,4109.0,4100.0,2510.0,2501.0
holdout,southern_california,M_SR,47,0.5,3,0.9578063529094146,49,0.6103674860063276,0.6095121951219512,4109.0,4100.0,2508.0,2499.0
holdout,southern_california,M_SR,47,1.0,7,0.9368273945464476,61,0.6103674860063276,0.6095121951219512,4109.0,4100.0,2508.0,2499.0
holdout,southern_california,M_SR,47,1.5,9,0.9209637597579772,74,0.5702117303480165,0.5692682926829268,4109.0,4100.0,2343.0,2334.0
holdout,southern_california,M_SR,47,2.0,12345,0.9087837022871117,80,0.6091506449257726,0.6082926829268293,4109.0,4100.0,2503.0,2494.0
holdout,southern_california,M_SR,47,3.0,13,0.8875164858532233,94,0.5697249939157946,0.568780487804878,4109.0,4100.0,2341.0,2332.0
holdout,southern_california,M_SR,48,0.1,8,0.9835964414521822,27,0.8269651983450961,0.8265853658536585,4109.0,4100.0,3398.0,3389.0
holdout,southern_california,M_SR,48,0.5,13,0.9592763307037686,49,0.8269651983450961,0.8265853658536585,4109.0,4100.0,3398.0,3389.0
holdout,southern_california,M_SR,48,1.0,11,0.9389814239673114,61,0.6458992455585301,0.6451219512195122,4109.0,4100.0,2654.0,2645.0
holdout,southern_california,M_SR,48,1.5,3,0.9229772480652063,76,0.6454125091263081,0.6446341463414634,4109.0,4100.0,2652.0,2643.0
holdout,southern_california,M_SR,48,2.0,3,0.9116386679944093,82,0.6454125091263081,0.6446341463414634,4109.0,4100.0,2652.0,2643.0
holdout,southern_california,M_SR,48,3.0,12,0.8895574116721592,89,0.6441956680457532,0.6434146341463415,4109.0,4100.0,2647.0,2638.0
holdout,southern_california,M_SR,49,0.1,7,0.9829385738762859,27,0.8661474811389632,0.8658536585365854,4109.0,4100.0,3559.0,3550.0
holdout,southern_california,M_SR,49,0.5,9,0.9592436962621448,50,0.8656607447067413,0.8653658536585366,4109.0,4100.0,3557.0,3548.0
holdout,southern_california,M_SR,49,1.0,12345,0.9390161278083895,65,0.8656607447067413,0.8653658536585366,4109.0,4100.0,3557.0,3548.0
holdout,southern_california,M_SR,49,1.5,6,0.9222607275122495,76,0.8656607447067413,0.8653658536585366,4109.0,4100.0,3557.0,3548.0
holdout,southern_california,M_SR,49,2.0,6,0.909578108759182,86,0.8656607447067413,0.8653658536585366,4109.0,4100.0,3557.0,3548.0
holdout,southern_california,M_SR,49,3.0,3,0.8881091629577589,97,0.8651740082745194,0.8648780487804878,4109.0,4100.0,3555.0,3546.0
holdout,southern_california,M_SR,50,0.1,4,0.9842332842488454,27,0.9936724263811146,0.9936585365853658,4109.0,4100.0,4083.0,4074.0
holdout,southern_california,M_SR,50,0.5,5,0.9592862943732389,52,0.9936724263811146,0.9936585365853658,4109.0,4100.0,4083.0,4074.0
holdout,southern_california,M_SR,50,1.0,12,0.9383708810434399,64,0.8649306400584084,0.8646341463414634,4109.0,4100.0,3554.0,3545.0
holdout,southern_california,M_SR,50,1.5,3,0.9200503307033766,74,0.8646872718422974,0.864390243902439,4109.0,4100.0,3553.0,3544.0
holdout,southern_california,M_SR,50,2.0,16,0.9079557073653914,85,0.8646872718422974,0.864390243902439,4109.0,4100.0,3553.0,3544.0
holdout,southern_california,M_SR,50,3.0,5,0.8868392151875134,95,0.8255049890484303,0.8251219512195122,4109.0,4100.0,3392.0,3383.0
holdout,southern_california,M_SR,51,0.1,7,0.9835518200789156,27,0.9936724263811146,0.9936585365853658,4109.0,4100.0,4083.0,4074.0
holdout,southern_california,M_SR,51,0.5,17,0.9596497027560703,50,0.9542467753711366,0.9541463414634146,4109.0,4100.0,3921.0,3912.0
holdout,southern_california,M_SR,51,1.0,4,0.9394292295142972,63,0.9542467753711366,0.9541463414634146,4109.0,4100.0,3921.0,3912.0
holdout,southern_california,M_SR,51,1.5,9,0.9248205320907283,71,0.8264784619128742,0.8260975609756097,4109.0,4100.0,3396.0,3387.0
holdout,southern_california,M_SR,51,2.0,9,0.9123740161542319,83,0.8264784619128742,0.8260975609756097,4109.0,4100.0,3396.0,3387.0
holdout,southern_california,M_SR,51,3.0,5,0.8901664818208793,91,0.8264784619128742,0.8260975609756097,4109.0,4100.0,3396.0,3387.0
holdout,southern_california,M_SR,52,0.1,4,0.9841553834444658,26,0.8663908493550743,0.8660975609756097,4109.0,4100.0,3560.0,3551.0
holdout,southern_california,M_SR,52,0.5,7,0.9588089025668156,48,0.8527622292528596,0.8524390243902439,4109.0,4100.0,3504.0,3495.0
holdout,southern_california,M_SR,52,1.0,13,0.938500429411732,64,0.8522754928206376,0.8519512195121951,4109.0,4100.0,3502.0,3493.0
holdout,southern_california,M_SR,52,1.5,12345,0.9227055651291053,71,0.8522754928206376,0.8519512195121951,4109.0,4100.0,3502.0,3493.0
holdout,southern_california,M_SR,52,2.0,9,0.9107409046495063,85,0.8522754928206376,0.8519512195121951,4109.0,4100.0,3502.0,3493.0
holdout,southern_california,M_SR,52,3.0,15,0.8895217338376732,95,0.8522754928206376,0.8519512195121951,4109.0,4100.0,3502.0,3493.0
holdout,southern_california,M_SR,53,0.1,18,0.9835212322201626,27,0.9936724263811146,0.9936585365853658,4109.0,4100.0,4083.0,4074.0
holdout,southern_california,M_SR,53,0.5,17,0.9579517742161217,48,0.9542467753711366,0.9541463414634146,4109.0,4100.0,3921.0,3912.0
holdout,southern_california,M_SR,53,1.0,17,0.9365035662383523,61,0.9542467753711366,0.9541463414634146,4109.0,4100.0,3921.0,3912.0
holdout,southern_california,M_SR,53,1.5,19,0.9218559704068219,75,0.9542467753711366,0.9541463414634146,4109.0,4100.0,3921.0,3912.0
holdout,southern_california,M_SR,53,2.0,17,0.9094878525927388,81,0.9540034071550255,0.9539024390243902,4109.0,4100.0,3920.0,3911.0
holdout,southern_california,M_SR,53,3.0,3,0.8886590135233252,94,0.8143100511073254,0.8139024390243902,4109.0,4100.0,3346.0,3337.0
holdout,southern_california,M_SR,54,0.1,2,0.9838402936411429,27,0.9936724263811146,0.9936585365853658,4109.0,4100.0,4083.0,4074.0
holdout,southern_california,M_SR,54,0.5,13,0.9584773325006833,49,0.7731808225845704,0.7726829268292683,4109.0,4100.0,3177.0,3168.0
holdout,southern_california,M_SR,54,1.0,13,0.9377459792645557,66,0.7731808225845704,0.7726829268292683,4109.0,4100.0,3177.0,3168.0
holdout,southern_california,M_SR,54,1.5,9,0.9216965379740191,76,0.7731808225845704,0.7726829268292683,4109.0,4100.0,3177.0,3168.0
holdout,southern_california,M_SR,54,2.0,9,0.9092306075829953,83,0.7731808225845704,0.7726829268292683,4109.0,4100.0,3177.0,3168.0
holdout,southern_california,M_SR,54,3.0,11,0.8874100415478139,98,0.6454125091263081,0.6446341463414634,4109.0,4100.0,2652.0,2643.0
holdout,southern_california,M_SR,55,0.1,18,0.9834479378581212,28,0.9936724263811146,0.9936585365853658,4109.0,4100.0,4083.0,4074.0
holdout,southern_california,M_SR,55,0.5,14,0.9613316729677249,52,0.9926989535166707,0.9926829268292683,4109.0,4100.0,4079.0,4070.0
holdout,southern_california,M_SR,55,1.0,18,0.9408839355015762,69,0.6230226332440983,0.6221951219512195,4109.0,4100.0,2560.0,2551.0
holdout,southern_california,M_SR,55,1.5,18,0.9249058017715661,80,0.6230226332440983,0.6221951219512195,4109.0,4100.0,2560.0,2551.0
holdout,southern_california,M_SR,55,2.0,2,0.9128473940171705,88,0.6230226332440983,0.6221951219512195,4109.0,4100.0,2560.0,2551.0
holdout,southern_california,M_SR,55,3.0,6,0.8918108091967795,97,0.6230226332440983,0.6221951219512195,4109.0,4100.0,2560.0,2551.0
holdout,southern_california,M_SR,56,0.1,12,0.9844010748524358,29,0.8663908493550743,0.8660975609756097,4109.0,4100.0,3560.0,3551.0
holdout,southern_california,M_SR,56,0.5,3,0.9580317992277656,47,0.8269651983450961,0.8265853658536585,4109.0,4100.0,3398.0,3389.0
holdout,southern_california,M_SR,56,1.0,3,0.9359689399167511,63,0.6439522998296422,0.6431707317073171,4109.0,4100.0,2646.0,2637.0
holdout,southern_california,M_SR,56,1.5,9,0.9188545577231808,73,0.6439522998296422,0.6431707317073171,4109.0,4100.0,2646.0,2637.0
holdout,southern_california,M_SR,56,2.0,10,0.9059309893952958,80,0.6439522998296422,0.6431707317073171,4109.0,4100.0,2646.0,2637.0
holdout,southern_california,M_SR,56,3.0,12345,0.8861864665598317,93,0.6439522998296422,0.6431707317073171,4109.0,4100.0,2646.0,2637.0
holdout,southern_california,M_SR,57,0.1,15,0.9843964595052733,29,0.9941591628133366,0.9941463414634146,4109.0,4100.0,4085.0,4076.0
holdout,southern_california,M_SR,57,0.5,18,0.9604993891580249,54,0.9926989535166707,0.9926829268292683,4109.0,4100.0,4079.0,4070.0
holdout,southern_california,M_SR,57,1.0,18,0.9392751441287763,61,0.9924555853005598,0.9924390243902439,4109.0,4100.0,4078.0,4069.0
holdout,southern_california,M_SR,57,1.5,8,0.9229825531394575,72,0.9544901435872475,0.954390243902439,4109.0,4100.0,3922.0,3913.0
holdout,southern_california,M_SR,57,2.0,8,0.9109708988276087,82,0.9905086395716719,0.9904878048780488,4109.0,4100.0,4070.0,4061.0
holdout,southern_california,M_SR,57,3.0,18,0.8900987702126787,91,0.8109028960817717,0.8104878048780488,4109.0,4100.0,3332.0,3323.0
holdout,southern_california,M_SR,58,0.1,3,0.9840730907392332,29,0.9941591628133366,0.9941463414634146,4109.0,4100.0,4085.0,4076.0
holdout,southern_california,M_SR,58,0.5,14,0.9599900740731278,48,0.8147967875395473,0.814390243902439,4109.0,4100.0,3348.0,3339.0
holdout,southern_california,M_SR,58,1.0,5,0.939474455578222,64,0.8143100511073254,0.8139024390243902,4109.0,4100.0,3346.0,3337.0
holdout,southern_california,M_SR,58,1.5,17,0.923337335827613,74,0.8143100511073254,0.8139024390243902,4109.0,4100.0,3346.0,3337.0
holdout,southern_california,M_SR,58,2.0,5,0.9101975627753115,83,0.7731808225845704,0.7726829268292683,4109.0,4100.0,3177.0,3168.0
holdout,southern_california,M_SR,58,3.0,12345,0.8891201124174475,97,0.6322706254563154,0.6314634146341463,4109.0,4100.0,2598.0,2589.0
holdout,southern_california,M_SR,59,0.1,9,0.983239379341479,29,0.8659041129228523,0.865609756097561,4109.0,4100.0,3558.0,3549.0
holdout,southern_california,M_SR,59,0.5,16,0.9585686738901393,50,0.8663908493550743,0.8660975609756097,4109.0,4100.0,3560.0,3551.0
holdout,southern_california,M_SR,59,1.0,6,0.9372670387258936,68,0.8298856169384279,0.8295121951219512,4109.0,4100.0,3410.0,3401.0
holdout,southern_california,M_SR,59,1.5,9,0.9230725196964078,82,0.8298856169384279,0.8295121951219512,4109.0,4100.0,3410.0,3401.0
holdout,southern_california,M_SR,59,2.0,14,0.910746659097979,88,0.8293988805062059,0.8290243902439024,4109.0,4100.0,3408.0,3399.0
holdout,southern_california,M_SR,59,3.0,7,0.8885205370138027,99,0.828425407641762,0.8280487804878048,4109.0,4100.0,3404.0,3395.0
holdout,southern_california,M_SR,60,0.1,12345,0.9842118730184413,30,0.8663908493550743,0.8660975609756097,4109.0,4100.0,3560.0,3551.0
holdout,southern_california,M_SR,60,0.5,8,0.9600502515773645,51,0.8644439036261864,0.8641463414634146,4109.0,4100.0,3552.0,3543.0
holdout,southern_california,M_SR,60,1.0,14,0.9389660802655065,63,0.8522754928206376,0.8519512195121951,4109.0,4100.0,3502.0,3493.0
holdout,southern_california,M_SR,60,1.5,15,0.9218873243294309,72,0.8143100511073254,0.8139024390243902,4109.0,4100.0,3346.0,3337.0
holdout,southern_california,M_SR,60,2.0,1,0.9098162740992979,83,0.8522754928206376,0.8519512195121951,4109.0,4100.0,3502.0,3493.0
holdout,southern_california,M_SR,60,3.0,4,0.8890496586283815,94,0.8522754928206376,0.8519512195121951,4109.0,4100.0,3502.0,3493.0
holdout,southern_california,M_SR,61,0.1,18,0.9830670142680245,28,0.9941591628133366,0.9941463414634146,4109.0,4100.0,4085.0,4076.0
holdout,southern_california,M_SR,61,0.5,6,0.958048204316731,48,0.8649306400584084,0.8646341463414634,4109.0,4100.0,3554.0,3545.0
holdout,southern_california,M_SR,61,1.0,19,0.9376213619061053,65,0.8649306400584084,0.8646341463414634,4109.0,4100.0,3554.0,3545.0
holdout,southern_california,M_SR,61,1.5,11,0.9218321081092817,74,0.8649306400584084,0.8646341463414634,4109.0,4100.0,3554.0,3545.0
holdout,southern_california,M_SR,61,2.0,12345,0.9107056423373262,82,0.8649306400584084,0.8646341463414634,4109.0,4100.0,3554.0,3545.0
holdout,southern_california,M_SR,61,3.0,1,0.890539763885533,93,0.8649306400584084,0.8646341463414634,4109.0,4100.0,3554.0,3545.0
holdout,southern_california,M_SR,62,0.1,13,0.9847824406627264,27,0.8659041129228523,0.865609756097561,4109.0,4100.0,3558.0,3549.0
holdout,southern_california,M_SR,62,0.5,14,0.959725882186445,47,0.8264784619128742,0.8260975609756097,4109.0,4100.0,3396.0,3387.0
holdout,southern_california,M_SR,62,1.0,14,0.9395076945090836,63,0.8264784619128742,0.8260975609756097,4109.0,4100.0,3396.0,3387.0
holdout,southern_california,M_SR,62,1.5,16,0.9236560977415574,71,0.5587734241908007,0.5578048780487805,4109.0,4100.0,2296.0,2287.0
holdout,southern_california,M_SR,62,2.0,16,0.911073422611201,80,0.5592601606230226,0.5582926829268293,4109.0,4100.0,2298.0,2289.0
holdout,southern_california,M_SR,62,3.0,17,0.888812037836216,97,0.5981990752007788,0.5973170731707317,4109.0,4100.0,2458.0,2449.0
holdout,southern_california,M_SR,63,0.1,3,0.984142455096848,29,0.8659041129228523,0.865609756097561,4109.0,4100.0,3558.0,3549.0
holdout,southern_california,M_SR,63,0.5,7,0.9592154827666058,49,0.8659041129228523,0.865609756097561,4109.0,4100.0,3558.0,3549.0
holdout,southern_california,M_SR,63,1.0,7,0.9390062732792017,67,0.8264784619128742,0.8260975609756097,4109.0,4100.0,3396.0,3387.0
holdout,southern_california,M_SR,63,1.5,7,0.9246944042388534,77,0.8264784619128742,0.8260975609756097,4109.0,4100.0,3396.0,3387.0
holdout,southern_california,M_SR,63,2.0,7,0.9129458248933368,80,0.8264784619128742,0.8260975609756097,4109.0,4100.0,3396.0,3387.0
holdout,southern_california,M_SR,63,3.0,5,0.8906521017185828,92,0.8264784619128742,0.8260975609756097,4109.0,4100.0,3396.0,3387.0
holdout,southern_california,M_SR,64,0.1,16,0.9841998705200626,28,0.9934290581650036,0.9934146341463415,4109.0,4100.0,4082.0,4073.0
holdout,southern_california,M_SR,64,0.5,14,0.9593382433766425,50,0.8656607447067413,0.8653658536585366,4109.0,4100.0,3557.0,3548.0
holdout,southern_california,M_SR,64,1.0,15,0.9374855673702122,64,0.8656607447067413,0.8653658536585366,4109.0,4100.0,3557.0,3548.0
holdout,southern_california,M_SR,64,1.5,2,0.9224197846351756,76,0.8656607447067413,0.8653658536585366,4109.0,4100.0,3557.0,3548.0
holdout,southern_california,M_SR,64,2.0,12,0.9092345015809791,82,0.8656607447067413,0.8653658536585366,4109.0,4100.0,3557.0,3548.0
holdout,southern_california,M_SR,64,3.0,16,0.8871632012997575,99,0.7047943538573862,0.7041463414634146,4109.0,4100.0,2896.0,2887.0
holdout,southern_california,M_SR,65,0.1,1,0.9847356272894598,28,0.9941591628133366,0.9941463414634146,4109.0,4100.0,4085.0,4076.0
holdout,southern_california,M_SR,65,0.5,19,0.9603129782233258,49,0.9547335118033585,0.9546341463414634,4109.0,4100.0,3923.0,3914.0
holdout,southern_california,M_SR,65,1.0,7,0.9401450077800312,69,0.9530299342905817,0.9529268292682926,4109.0,4100.0,3916.0,3907.0
holdout,southern_california,M_SR,65,1.5,6,0.9249597659334104,78,0.8130932100267705,0.8126829268292682,4109.0,4100.0,3341.0,3332.0
holdout,southern_california,M_SR,65,2.0,6,0.9123968066512068,87,0.8130932100267705,0.8126829268292682,4109.0,4100.0,3341.0,3332.0
holdout,southern_california,M_SR,65,3.0,6,0.8913753027957706,102,0.8130932100267705,0.8126829268292682,4109.0,4100.0,3341.0,3332.0
holdout,southern_california,M_SR,66,0.1,12,0.9833852873748932,28,0.9936724263811146,0.9936585365853658,4109.0,4100.0,4083.0,4074.0
holdout,southern_california,M_SR,66,0.5,11,0.9585375052098355,49,0.9532733025066926,0.953170731707317,4109.0,4100.0,3917.0,3908.0
holdout,southern_california,M_SR,66,1.0,17,0.9379376485289178,65,0.9532733025066926,0.953170731707317,4109.0,4100.0,3917.0,3908.0
holdout,southern_california,M_SR,66,1.5,12345,0.9211177842072061,76,0.9532733025066926,0.953170731707317,4109.0,4100.0,3917.0,3908.0
holdout,southern_california,M_SR,66,2.0,12345,0.9082634863583143,83,0.9532733025066926,0.953170731707317,4109.0,4100.0,3917.0,3908.0
holdout,southern_california,M_SR,66,3.0,15,0.8891268103135703,95,0.5991725480652227,0.5982926829268292,4109.0,4100.0,2462.0,2453.0
holdout,southern_california,M_SR,67,0.1,7,0.9833522132521677,29,0.9941591628133366,0.9941463414634146,4109.0,4100.0,4085.0,4076.0
holdout,southern_california,M_SR,67,0.5,5,0.9587497758608282,50,0.9547335118033585,0.9546341463414634,4109.0,4100.0,3923.0,3914.0
holdout,southern_california,M_SR,67,1.0,14,0.9379031959867923,65,0.9547335118033585,0.9546341463414634,4109.0,4100.0,3923.0,3914.0
holdout,southern_california,M_SR,67,1.5,15,0.9245746265032367,76,0.9547335118033585,0.9546341463414634,4109.0,4100.0,3923.0,3914.0
holdout,southern_california,M_SR,67,2.0,9,0.9123451785247584,82,0.8269651983450961,0.8265853658536585,4109.0,4100.0,3398.0,3389.0
holdout,southern_california,M_SR,67,3.0,10,0.8914416959082592,94,0.6454125091263081,0.6446341463414634,4109.0,4100.0,2652.0,2643.0
holdout,southern_california,M_SR,68,0.1,16,0.9841387308854488,29,0.9941591628133366,0.9941463414634146,4109.0,4100.0,4085.0,4076.0
holdout,southern_california,M_SR,68,0.5,15,0.9594282004400937,51,0.9542467753711366,0.9541463414634146,4109.0,4100.0,3921.0,3912.0
holdout,southern_california,M_SR,68,1.0,12345,0.9390994935358978,69,0.9936724263811146,0.9936585365853658,4109.0,4100.0,4083.0,4074.0
holdout,southern_california,M_SR,68,1.5,12345,0.9238494580840828,79,0.8143100511073254,0.8139024390243902,4109.0,4100.0,3346.0,3337.0
holdout,southern_california,M_SR,68,2.0,12345,0.9118377958606154,85,0.8140666828912144,0.8136585365853658,4109.0,4100.0,3345.0,3336.0
holdout,southern_california,M_SR,68,3.0,17,0.8913033298347264,100,0.8140666828912144,0.8136585365853658,4109.0,4100.0,3345.0,3336.0
holdout,southern_california,M_SR,69,0.1,6,0.9838037611619386,25,0.9941591628133366,0.9941463414634146,4109.0,4100.0,4085.0,4076.0
holdout,southern_california,M_SR,69,0.5,10,0.9600596205886174,46,0.6113409588707714,0.6104878048780488,4109.0,4100.0,2512.0,2503.0
holdout,southern_california,M_SR,69,1.0,10,0.9387548585164284,61,0.555853005597469,0.5548780487804879,4109.0,4100.0,2284.0,2275.0
holdout,southern_california,M_SR,69,1.5,15,0.9220512906054187,71,0.555853005597469,0.5548780487804879,4109.0,4100.0,2284.0,2275.0
holdout,southern_california,M_SR,69,2.0,16,0.9093409056003249,77,0.555853005597469,0.5548780487804879,4109.0,4100.0,2284.0,2275.0
holdout,southern_california,M_SR,69,3.0,16,0.887500607657318,92,0.6096373813579946,0.608780487804878,4109.0,4100.0,2505.0,2496.0
holdout,southern_california,M_SR,70,0.1,6,0.9841963355884645,28,0.8659041129228523,0.865609756097561,4109.0,4100.0,3558.0,3549.0
holdout,southern_california,M_SR,70,0.5,3,0.9588856959615775,47,0.8663908493550743,0.8660975609756097,4109.0,4100.0,3560.0,3551.0
holdout,southern_california,M_SR,70,1.0,19,0.9375243576919171,62,0.8659041129228523,0.865609756097561,4109.0,4100.0,3558.0,3549.0
holdout,southern_california,M_SR,70,1.5,8,0.9220773504561911,75,0.8259917254806523,0.8256097560975609,4109.0,4100.0,3394.0,3385.0
holdout,southern_california,M_SR,70,2.0,8,0.9099908957997868,85,0.8259917254806523,0.8256097560975609,4109.0,4100.0,3394.0,3385.0
holdout,southern_california,M_SR,70,3.0,17,0.8883594900018456,95,0.8259917254806523,0.8256097560975609,4109.0,4100.0,3394.0,3385.0
holdout,southern_california,M_SR,71,0.1,12,0.9840961764072941,28,0.9941591628133366,0.9941463414634146,4109.0,4100.0,4085.0,4076.0
holdout,southern_california,M_SR,71,0.5,1,0.9588365198148129,49,0.8269651983450961,0.8265853658536585,4109.0,4100.0,3398.0,3389.0
holdout,southern_california,M_SR,71,1.0,12345,0.9373336670212877,59,0.8269651983450961,0.8265853658536585,4109.0,4100.0,3398.0,3389.0
holdout,southern_california,M_SR,71,1.5,12345,0.921786606899224,70,0.8264784619128742,0.8260975609756097,4109.0,4100.0,3396.0,3387.0
holdout,southern_california,M_SR,71,2.0,12345,0.9078366261450437,78,0.8111462642978827,0.8107317073170732,4109.0,4100.0,3333.0,3324.0
holdout,southern_california,M_SR,71,3.0,15,0.8852404191845157,95,0.6449257726940861,0.6441463414634147,4109.0,4100.0,2650.0,2641.0
holdout,southern_california,M_SR,72,0.1,4,0.9824717142008991,29,0.9941591628133366,0.9941463414634146,4109.0,4100.0,4085.0,4076.0
holdout,southern_california,M_SR,72,0.5,3,0.9579689763733933,50,0.9922122170844487,0.9921951219512195,4109.0,4100.0,4077.0,4068.0
holdout,southern_california,M_SR,72,1.0,18,0.9378055330384827,63,0.9922122170844487,0.9921951219512195,4109.0,4100.0,4077.0,4068.0
holdout,southern_california,M_SR,72,1.5,16,0.9216094095161669,79,0.9905086395716719,0.9904878048780488,4109.0,4100.0,4070.0,4061.0
holdout,southern_california,M_SR,72,2.0,4,0.9094261126227994,83,0.9905086395716719,0.9904878048780488,4109.0,4100.0,4070.0,4061.0
holdout,southern_california,M_SR,72,3.0,8,0.8877320433014957,92,0.9907520077877829,0.9907317073170732,4109.0,4100.0,4071.0,4062.0
holdout,southern_california,M_SR,73,0.1,17,0.982707840790376,24,0.9941591628133366,0.9941463414634146,4109.0,4100.0,4085.0,4076.0
holdout,southern_california,M_SR,73,0.5,13,0.9586698645074077,50,0.9926989535166707,0.9926829268292683,4109.0,4100.0,4079.0,4070.0
holdout,southern_california,M_SR,73,1.0,8,0.9371847547551362,65,0.9926989535166707,0.9926829268292683,4109.0,4100.0,4079.0,4070.0
holdout,southern_california,M_SR,73,1.5,3,0.9224447121084807,76,0.8629836943295206,0.8626829268292683,4109.0,4100.0,3546.0,3537.0
holdout,southern_california,M_SR,73,2.0,8,0.9088573069210378,82,0.6215624239474324,0.6207317073170732,4109.0,4100.0,2554.0,2545.0
holdout,southern_california,M_SR,73,3.0,12345,0.8872473475393423,95,0.5536626916524702,0.5526829268292683,4109.0,4100.0,2275.0,2266.0
holdout,southern_california,M_SR,74,0.1,2,0.982049012892005,27,0.9936724263811146,0.9936585365853658,4109.0,4100.0,4083.0,4074.0
holdout,southern_california,M_SR,74,0.5,4,0.9570035875900024,50,0.9926989535166707,0.9926829268292683,4109.0,4100.0,4079.0,4070.0
holdout,southern_california,M_SR,74,1.0,12,0.9348250237870149,66,0.9561937211000243,0.9560975609756097,4109.0,4100.0,3929.0,3920.0
holdout,southern_california,M_SR,74,1.5,12,0.9209398856385568,77,0.9167680700900462,0.9165853658536586,4109.0,4100.0,3767.0,3758.0
holdout,southern_california,M_SR,74,2.0,12345,0.9093496099539069,80,0.9167680700900462,0.9165853658536586,4109.0,4100.0,3767.0,3758.0
holdout,southern_california,M_SR,74,3.0,5,0.8886800869324339,98,0.9167680700900462,0.9165853658536586,4109.0,4100.0,3767.0,3758.0
holdout,southern_california,M_SR,75,0.1,16,0.9838266671844008,27,0.9941591628133366,0.9941463414634146,4109.0,4100.0,4085.0,4076.0
holdout,southern_california,M_SR,75,0.5,8,0.9593676464726926,51,0.9941591628133366,0.9941463414634146,4109.0,4100.0,4085.0,4076.0
holdout,southern_california,M_SR,75,1.0,4,0.9393040516230193,66,0.8269651983450961,0.8265853658536585,4109.0,4100.0,3398.0,3389.0
holdout,southern_california,M_SR,75,1.5,10,0.9224163388268432,72,0.8269651983450961,0.8265853658536585,4109.0,4100.0,3398.0,3389.0
holdout,southern_california,M_SR,75,2.0,10,0.9099879320146865,80,0.8269651983450961,0.8265853658536585,4109.0,4100.0,3398.0,3389.0
holdout,southern_california,M_SR,75,3.0,13,0.8890618220180025,97,0.8269651983450961,0.8265853658536585,4109.0,4100.0,3398.0,3389.0
holdout,southern_california,M_SR,76,0.1,7,0.9829461364504991,28,0.8659041129228523,0.865609756097561,4109.0,4100.0,3558.0,3549.0
holdout,southern_california,M_SR,76,0.5,7,0.9585554016349594,51,0.8264784619128742,0.8260975609756097,4109.0,4100.0,3396.0,3387.0
holdout,southern_california,M_SR,76,1.0,8,0.9380564914626225,62,0.8250182526162083,0.8246341463414634,4109.0,4100.0,3390.0,3381.0
holdout,southern_california,M_SR,76,1.5,9,0.9221615722914638,74,0.8250182526162083,0.8246341463414634,4109.0,4100.0,3390.0,3381.0
holdout,southern_california,M_SR,76,2.0,9,0.9099885598563943,83,0.8247748844000974,0.824390243902439,4109.0,4100.0,3389.0,3380.0
holdout,southern_california,M_SR,76,3.0,15,0.8892383397968919,91,0.6437089316135313,0.6429268292682927,4109.0,4100.0,2645.0,2636.0
holdout,southern_california,M_SR,77,0.1,16,0.9835887127104136,27,0.9936724263811146,0.9936585365853658,4109.0,4100.0,4083.0,4074.0
holdout,southern_california,M_SR,77,0.5,15,0.9571540622896177,53,0.8264784619128742,0.8260975609756097,4109.0,4100.0,3396.0,3387.0
holdout,southern_california,M_SR,77,1.0,12,0.9363719541380299,64,0.8264784619128742,0.8260975609756097,4109.0,4100.0,3396.0,3387.0
holdout,southern_california,M_SR,77,1.5,7,0.9207589012039485,75,0.8264784619128742,0.8260975609756097,4109.0,4100.0,3396.0,3387.0
holdout,southern_california,M_SR,77,2.0,7,0.9080250539921991,79,0.8264784619128742,0.8260975609756097,4109.0,4100.0,3396.0,3387.0
holdout,southern_california,M_SR,77,3.0,12,0.8860666518087137,91,0.8264784619128742,0.8260975609756097,4109.0,4100.0,3396.0,3387.0
holdout,southern_california,M_SR,78,0.1,6,0.9830563563282473,26,0.9936724263811146,0.9936585365853658,4109.0,4100.0,4083.0,4074.0
holdout,southern_california,M_SR,78,0.5,3,0.958601287004031,52,0.9547335118033585,0.9546341463414634,4109.0,4100.0,3923.0,3914.0
holdout,southern_california,M_SR,78,1.0,8,0.9385016191645268,68,0.6106108542224385,0.6097560975609756,4109.0,4100.0,2509.0,2500.0
holdout,southern_california,M_SR,78,1.5,19,0.9230937657995375,78,0.6103674860063276,0.6095121951219512,4109.0,4100.0,2508.0,2499.0
holdout,southern_california,M_SR,78,2.0,3,0.9113742266869933,84,0.58603066439523,0.5851219512195122,4109.0,4100.0,2408.0,2399.0
holdout,southern_california,M_SR,78,3.0,7,0.8913589524110772,94,0.5969822341202239,0.5960975609756097,4109.0,4100.0,2453.0,2444.0
holdout,southern_california,M_SR,79,0.1,10,0.9835760574884126,28,0.8663908493550743,0.8660975609756097,4109.0,4100.0,3560.0,3551.0
holdout,southern_california,M_SR,79,0.5,17,0.9603340951676844,52,0.8663908493550743,0.8660975609756097,4109.0,4100.0,3560.0,3551.0
holdout,southern_california,M_SR,79,1.0,7,0.9386679963880111,66,0.8143100511073254,0.8139024390243902,4109.0,4100.0,3346.0,3337.0
holdout,southern_california,M_SR,79,1.5,6,0.9243897737247689,79,0.8140666828912144,0.8136585365853658,4109.0,4100.0,3345.0,3336.0
holdout,southern_california,M_SR,79,2.0,12345,0.9124501099153888,81,0.6454125091263081,0.6446341463414634,4109.0,4100.0,2652.0,2643.0
holdout,southern_california,M_SR,79,3.0,12345,0.8906511426329256,100,0.8140666828912144,0.8136585365853658,4109.0,4100.0,3345.0,3336.0
holdout,southern_california,M_SR,80,0.1,11,0.9834155344389787,25,0.8659041129228523,0.865609756097561,4109.0,4100.0,3558.0,3549.0
holdout,southern_california,M_SR,80,0.5,8,0.9574016019247344,48,0.8659041129228523,0.865609756097561,4109.0,4100.0,3558.0,3549.0
holdout,southern_california,M_SR,80,1.0,9,0.9363680939553564,64,0.8659041129228523,0.865609756097561,4109.0,4100.0,3558.0,3549.0
holdout,southern_california,M_SR,80,1.5,17,0.9219671034255797,70,0.8659041129228523,0.865609756097561,4109.0,4100.0,3558.0,3549.0
holdout,southern_california,M_SR,80,2.0,18,0.9078094936175005,81,0.8659041129228523,0.865609756097561,4109.0,4100.0,3558.0,3549.0
holdout,southern_california,M_SR,80,3.0,17,0.8860552876615717,94,0.8651740082745194,0.8648780487804878,4109.0,4100.0,3555.0,3546.0
holdout,southern_california,M_SR,81,0.1,12,0.9831953767206574,28,0.9941591628133366,0.9941463414634146,4109.0,4100.0,4085.0,4076.0
holdout,southern_california,M_SR,81,0.5,3,0.958404288776364,51,0.9547335118033585,0.9546341463414634,4109.0,4100.0,3923.0,3914.0
holdout,southern_california,M_SR,81,1.0,12,0.9376135387319939,63,0.9931856899488927,0.9931707317073171,4109.0,4100.0,4081.0,4072.0
holdout,southern_california,M_SR,81,1.5,6,0.9233838134853752,76,0.9537600389389146,0.9536585365853658,4109.0,4100.0,3919.0,3910.0
holdout,southern_california,M_SR,81,2.0,18,0.9108420077359644,79,0.9537600389389146,0.9536585365853658,4109.0,4100.0,3919.0,3910.0
holdout,southern_california,M_SR,81,3.0,14,0.8883472647977253,94,0.9537600389389146,0.9536585365853658,4109.0,4100.0,3919.0,3910.0
holdout,southern_california,M_SR,82,0.1,9,0.9822431797158756,24,0.9936724263811146,0.9936585365853658,4109.0,4100.0,4083.0,4074.0
holdout,southern_california,M_SR,82,0.5,3,0.9563228762576612,46,0.9941591628133366,0.9941463414634146,4109.0,4100.0,4085.0,4076.0
holdout,southern_california,M_SR,82,1.0,16,0.935581184970207,66,0.9532733025066926,0.953170731707317,4109.0,4100.0,3917.0,3908.0
holdout,southern_california,M_SR,82,1.5,3,0.9211472929641652,75,0.9926989535166707,0.9926829268292683,4109.0,4100.0,4079.0,4070.0
holdout,southern_california,M_SR,82,2.0,3,0.9092262693730834,88,0.9532733025066926,0.953170731707317,4109.0,4100.0,3917.0,3908.0
holdout,southern_california,M_SR,82,3.0,10,0.8877627531000344,98,0.8133365782428815,0.8129268292682926,4109.0,4100.0,3342.0,3333.0
holdout,southern_california,M_SR,83,0.1,19,0.9845090101064516,28,0.9936724263811146,0.9936585365853658,4109.0,4100.0,4083.0,4074.0
holdout,southern_california,M_SR,83,0.5,8,0.9580949554123458,48,0.9547335118033585,0.9546341463414634,4109.0,4100.0,3923.0,3914.0
holdout,southern_california,M_SR,83,1.0,16,0.9367603057038846,60,0.9544901435872475,0.954390243902439,4109.0,4100.0,3922.0,3913.0
holdout,southern_california,M_SR,83,1.5,9,0.9198063674917978,73,0.9535166707228035,0.9534146341463414,4109.0,4100.0,3918.0,3909.0
holdout,southern_california,M_SR,83,2.0,9,0.9071805127213127,83,0.9535166707228035,0.9534146341463414,4109.0,4100.0,3918.0,3909.0
holdout,southern_california,M_SR,83,3.0,15,0.8855347112595002,94,0.5702117303480165,0.5692682926829268,4109.0,4100.0,2343.0,2334.0
holdout,southern_california,M_SR,84,0.1,2,0.9845744915136185,30,0.9941591628133366,0.9941463414634146,4109.0,4100.0,4085.0,4076.0
holdout,southern_california,M_SR,84,0.5,5,0.9618671113354212,50,0.9547335118033585,0.9546341463414634,4109.0,4100.0,3923.0,3914.0
holdout,southern_california,M_SR,84,1.0,10,0.9421122562501966,68,0.9907520077877829,0.9907317073170732,4109.0,4100.0,4071.0,4062.0
holdout,southern_california,M_SR,84,1.5,6,0.9281455085907875,74,0.9907520077877829,0.9907317073170732,4109.0,4100.0,4071.0,4062.0
holdout,southern_california,M_SR,84,2.0,5,0.9157510829111283,84,0.9527865660744707,0.9526829268292683,4109.0,4100.0,3915.0,3906.0
holdout,southern_california,M_SR,84,3.0,12,0.8943838147596382,95,0.6439522998296422,0.6431707317073171,4109.0,4100.0,2646.0,2637.0
holdout,southern_california,M_SR,85,0.1,7,0.9834078592596068,26,0.9941591628133366,0.9941463414634146,4109.0,4100.0,4085.0,4076.0
holdout,southern_california,M_SR,85,0.5,17,0.9597281700949064,47,0.8147967875395473,0.814390243902439,4109.0,4100.0,3348.0,3339.0
holdout,southern_california,M_SR,85,1.0,3,0.9394493922809897,62,0.8147967875395473,0.814390243902439,4109.0,4100.0,3348.0,3339.0
holdout,southern_california,M_SR,85,1.5,12345,0.9238739311805871,72,0.8143100511073254,0.8139024390243902,4109.0,4100.0,3346.0,3337.0
holdout,southern_california,M_SR,85,2.0,17,0.9115605644834568,80,0.8140666828912144,0.8136585365853658,4109.0,4100.0,3345.0,3336.0
holdout,southern_california,M_SR,85,3.0,1,0.8904789398056944,93,0.8143100511073254,0.8139024390243902,4109.0,4100.0,3346.0,3337.0
holdout,southern_california,M_SR,86,0.1,15,0.9824750124195026,25,0.8267218301289851,0.8263414634146341,4109.0,4100.0,3397.0,3388.0
holdout,southern_california,M_SR,86,0.5,4,0.9580236682240247,47,0.8262350936967632,0.8258536585365853,4109.0,4100.0,3395.0,3386.0
holdout,southern_california,M_SR,86,1.0,15,0.9363673271486298,61,0.42978826965198347,0.42853658536585365,4109.0,4100.0,1766.0,1757.0
holdout,southern_california,M_SR,86,1.5,11,0.9211009474346484,74,0.8252616208323194,0.8248780487804878,4109.0,4100.0,3391.0,3382.0
holdout,southern_california,M_SR,86,2.0,11,0.9093792973104361,84,0.8252616208323194,0.8248780487804878,4109.0,4100.0,3391.0,3382.0
holdout,southern_california,M_SR,86,3.0,8,0.8885724103800144,98,0.42978826965198347,0.42853658536585365,4109.0,4100.0,1766.0,1757.0
holdout,southern_california,M_SR,87,0.1,7,0.9837917244615141,23,0.9936724263811146,0.9936585365853658,4109.0,4100.0,4083.0,4074.0
holdout,southern_california,M_SR,87,0.5,11,0.9592964582224354,50,0.8264784619128742,0.8260975609756097,4109.0,4100.0,3396.0,3387.0
holdout,southern_california,M_SR,87,1.0,12345,0.9401423567764662,69,0.9922122170844487,0.9921951219512195,4109.0,4100.0,4077.0,4068.0
holdout,southern_california,M_SR,87,1.5,7,0.924695209171177,77,0.9922122170844487,0.9921951219512195,4109.0,4100.0,4077.0,4068.0
holdout,southern_california,M_SR,87,2.0,18,0.9112023590747695,83,0.9922122170844487,0.9921951219512195,4109.0,4100.0,4077.0,4068.0
holdout,southern_california,M_SR,87,3.0,15,0.8911052036773273,93,0.9922122170844487,0.9921951219512195,4109.0,4100.0,4077.0,4068.0
holdout,southern_california,M_SR,88,0.1,12345,0.9834163465934731,28,0.5714285714285714,0.5704878048780487,4109.0,4100.0,2348.0,2339.0
holdout,southern_california,M_SR,88,0.5,19,0.9591141259769161,52,0.5699683621319056,0.5690243902439024,4109.0,4100.0,2342.0,2333.0
holdout,southern_california,M_SR,88,1.0,11,0.9392854934004046,67,0.5699683621319056,0.5690243902439024,4109.0,4100.0,2342.0,2333.0
holdout,southern_california,M_SR,88,1.5,4,0.9242563072695267,79,0.5699683621319056,0.5690243902439024,4109.0,4100.0,2342.0,2333.0
holdout,southern_california,M_SR,88,2.0,1,0.9126537175459857,89,0.5699683621319056,0.5690243902439024,4109.0,4100.0,2342.0,2333.0
holdout,southern_california,M_SR,88,3.0,7,0.8919142828175582,98,0.5699683621319056,0.5690243902439024,4109.0,4100.0,2342.0,2333.0
holdout,southern_california,M_SR,89,0.1,13,0.9831631312779954,28,0.9941591628133366,0.9941463414634146,4109.0,4100.0,4085.0,4076.0
holdout,southern_california,M_SR,89,0.5,6,0.9587551888458047,50,0.9547335118033585,0.9546341463414634,4109.0,4100.0,3923.0,3914.0
holdout,southern_california,M_SR,89,1.0,4,0.9385611217966126,67,0.9547335118033585,0.9546341463414634,4109.0,4100.0,3923.0,3914.0
holdout,southern_california,M_SR,89,1.5,2,0.9249823671684123,80,0.9525431978583597,0.9524390243902439,4109.0,4100.0,3914.0,3905.0
holdout,southern_california,M_SR,89,2.0,4,0.9130456361125591,90,0.9525431978583597,0.9524390243902439,4109.0,4100.0,3914.0,3905.0
holdout,southern_california,M_SR,89,3.0,1,0.8928556789731947,100,0.9525431978583597,0.9524390243902439,4109.0,4100.0,3914.0,3905.0
holdout,southern_california,M_SR,90,0.1,1,0.98334139655994,26,0.9936724263811146,0.9936585365853658,4109.0,4100.0,4083.0,4074.0
holdout,southern_california,M_SR,90,0.5,7,0.9593227863117516,49,0.9922122170844487,0.9921951219512195,4109.0,4100.0,4077.0,4068.0
holdout,southern_california,M_SR,90,1.0,18,0.9378057815946287,60,0.9922122170844487,0.9921951219512195,4109.0,4100.0,4077.0,4068.0
holdout,southern_california,M_SR,90,1.5,10,0.9232240608912893,72,0.9919688488683378,0.9919512195121951,4109.0,4100.0,4076.0,4067.0
holdout,southern_california,M_SR,90,2.0,2,0.9099770191991938,82,0.9919688488683378,0.9919512195121951,4109.0,4100.0,4076.0,4067.0
holdout,southern_california,M_SR,90,3.0,6,0.8879753613388007,94,0.6125577999513263,0.6117073170731707,4109.0,4100.0,2517.0,2508.0
holdout,southern_california,M_SR,91,0.1,8,0.9835065104965012,26,0.9941591628133366,0.9941463414634146,4109.0,4100.0,4085.0,4076.0
holdout,southern_california,M_SR,91,0.5,11,0.957724336749493,47,0.9547335118033585,0.9546341463414634,4109.0,4100.0,3923.0,3914.0
holdout,southern_california,M_SR,91,1.0,17,0.9369831256533212,65,0.8649306400584084,0.8646341463414634,4109.0,4100.0,3554.0,3545.0
holdout,southern_california,M_SR,91,1.5,15,0.9216833317194837,78,0.8264784619128742,0.8260975609756097,4109.0,4100.0,3396.0,3387.0
holdout,southern_california,M_SR,91,2.0,15,0.9082343175298437,86,0.8264784619128742,0.8260975609756097,4109.0,4100.0,3396.0,3387.0
holdout,southern_california,M_SR,91,3.0,8,0.8866964156775607,95,0.7899732294962278,0.7895121951219513,4109.0,4100.0,3246.0,3237.0
holdout,southern_california,M_SR,92,0.1,16,0.9828679746120204,24,0.8663908493550743,0.8660975609756097,4109.0,4100.0,3560.0,3551.0
holdout,southern_california,M_SR,92,0.5,11,0.957880808143738,48,0.8264784619128742,0.8260975609756097,4109.0,4100.0,3396.0,3387.0
holdout,southern_california,M_SR,92,1.0,16,0.9373743712542317,63,0.8264784619128742,0.8260975609756097,4109.0,4100.0,3396.0,3387.0
holdout,southern_california,M_SR,92,1.5,4,0.9201875936957096,75,0.8252616208323194,0.8248780487804878,4109.0,4100.0,3391.0,3382.0
holdout,southern_california,M_SR,92,2.0,5,0.9076056195191278,84,0.4419566804575322,0.4407317073170732,4109.0,4100.0,1816.0,1807.0
holdout,southern_california,M_SR,92,3.0,19,0.8863510674926194,99,0.4419566804575322,0.4407317073170732,4109.0,4100.0,1816.0,1807.0
holdout,southern_california,M_SR,93,0.1,11,0.9842551735265951,30,0.47189097103918226,0.47073170731707314,4109.0,4100.0,1939.0,1930.0
holdout,southern_california,M_SR,93,0.5,17,0.959530471785131,52,0.4709174981747384,0.4697560975609756,4109.0,4100.0,1935.0,1926.0
holdout,southern_california,M_SR,93,1.0,7,0.9392082779063483,69,0.4709174981747384,0.4697560975609756,4109.0,4100.0,1935.0,1926.0
holdout,southern_california,M_SR,93,1.5,6,0.9255285022064138,76,0.9926989535166707,0.9926829268292683,4109.0,4100.0,4079.0,4070.0
holdout,southern_california,M_SR,93,2.0,13,0.9130271447970574,80,0.9926989535166707,0.9926829268292683,4109.0,4100.0,4079.0,4070.0
holdout,southern_california,M_SR,93,3.0,5,0.8912607897238591,91,0.6093940131418837,0.6085365853658536,4109.0,4100.0,2504.0,2495.0
holdout,southern_california,M_SR,94,0.1,1,0.983854837621429,26,0.9941591628133366,0.9941463414634146,4109.0,4100.0,4085.0,4076.0
holdout,southern_california,M_SR,94,0.5,11,0.9591315092746527,50,0.8663908493550743,0.8660975609756097,4109.0,4100.0,3560.0,3551.0
holdout,southern_california,M_SR,94,1.0,6,0.9384901004278495,65,0.8659041129228523,0.865609756097561,4109.0,4100.0,3558.0,3549.0
holdout,southern_california,M_SR,94,1.5,19,0.9226153465496373,74,0.8649306400584084,0.8646341463414634,4109.0,4100.0,3554.0,3545.0
holdout,southern_california,M_SR,94,2.0,10,0.9105012743558003,81,0.8649306400584084,0.8646341463414634,4109.0,4100.0,3554.0,3545.0
holdout,southern_california,M_SR,94,3.0,9,0.8874317901008086,92,0.828425407641762,0.8280487804878048,4109.0,4100.0,3404.0,3395.0
holdout,southern_california,M_SR,95,0.1,3,0.9829582332062361,30,0.9941591628133366,0.9941463414634146,4109.0,4100.0,4085.0,4076.0
holdout,southern_california,M_SR,95,0.5,11,0.958023096735972,48,0.9542467753711366,0.9541463414634146,4109.0,4100.0,3921.0,3912.0
holdout,southern_california,M_SR,95,1.0,13,0.9377897665903586,63,0.9542467753711366,0.9541463414634146,4109.0,4100.0,3921.0,3912.0
holdout,southern_california,M_SR,95,1.5,13,0.9231169563386212,72,0.9177415429544902,0.9175609756097561,4109.0,4100.0,3771.0,3762.0
holdout,southern_california,M_SR,95,2.0,11,0.9103058953237844,84,0.9177415429544902,0.9175609756097561,4109.0,4100.0,3771.0,3762.0
holdout,southern_california,M_SR,95,3.0,13,0.8885099001356916,94,0.6103674860063276,0.6095121951219512,4109.0,4100.0,2508.0,2499.0
holdout,southern_california,M_SR,96,0.1,3,0.9837568964444365,26,0.9941591628133366,0.9941463414634146,4109.0,4100.0,4085.0,4076.0
holdout,southern_california,M_SR,96,0.5,14,0.9599161219333326,50,0.9544901435872475,0.954390243902439,4109.0,4100.0,3922.0,3913.0
holdout,southern_california,M_SR,96,1.0,6,0.9396473070835789,66,0.9540034071550255,0.9539024390243902,4109.0,4100.0,3920.0,3911.0
holdout,southern_california,M_SR,96,1.5,6,0.9245742452753051,77,0.9540034071550255,0.9539024390243902,4109.0,4100.0,3920.0,3911.0
holdout,southern_california,M_SR,96,2.0,12345,0.9127774117049725,83,0.9540034071550255,0.9539024390243902,4109.0,4100.0,3920.0,3911.0
holdout,southern_california,M_SR,96,3.0,6,0.8909025052688608,95,0.9525431978583597,0.9524390243902439,4109.0,4100.0,3914.0,3905.0
holdout,southern_california,M_SR,97,0.1,12345,0.9829041294267358,25,0.9542467753711366,0.9541463414634146,4109.0,4100.0,3921.0,3912.0
holdout,southern_california,M_SR,97,0.5,7,0.9575840691897114,49,0.9547335118033585,0.9546341463414634,4109.0,4100.0,3923.0,3914.0
holdout,southern_california,M_SR,97,1.0,19,0.9367284306960216,61,0.9540034071550255,0.9539024390243902,4109.0,4100.0,3920.0,3911.0
holdout,southern_california,M_SR,97,1.5,9,0.9219745394921338,76,0.5706984667802385,0.5697560975609756,4109.0,4100.0,2345.0,2336.0
holdout,southern_california,M_SR,97,2.0,13,0.909741349981477,83,0.5706984667802385,0.5697560975609756,4109.0,4100.0,2345.0,2336.0
holdout,southern_california,M_SR,97,3.0,10,0.8905249059875269,96,0.5706984667802385,0.5697560975609756,4109.0,4100.0,2345.0,2336.0
holdout,southern_california,M_SR,98,0.1,6,0.983446504005477,31,0.9936724263811146,0.9936585365853658,4109.0,4100.0,4083.0,4074.0
holdout,southern_california,M_SR,98,0.5,13,0.9583691741629936,49,0.9542467753711366,0.9541463414634146,4109.0,4100.0,3921.0,3912.0
holdout,southern_california,M_SR,98,1.0,18,0.938263163128014,68,0.8644439036261864,0.8641463414634146,4109.0,4100.0,3552.0,3543.0
holdout,southern_california,M_SR,98,1.5,4,0.924248790937904,77,0.8264784619128742,0.8260975609756097,4109.0,4100.0,3396.0,3387.0
holdout,southern_california,M_SR,98,2.0,4,0.9121317010152995,86,0.7731808225845704,0.7726829268292683,4109.0,4100.0,3177.0,3168.0
holdout,southern_california,M_SR,98,3.0,10,0.8900483869681839,98,0.7729374543684595,0.7724390243902439,4109.0,4100.0,3176.0,3167.0
holdout,southern_california,M_SR,99,0.1,15,0.9837710396306661,33,0.9941591628133366,0.9941463414634146,4109.0,4100.0,4085.0,4076.0
holdout,southern_california,M_SR,99,0.5,8,0.9597123099648113,54,0.8659041129228523,0.865609756097561,4109.0,4100.0,3558.0,3549.0
holdout,southern_california,M_SR,99,1.0,11,0.9398922807264408,69,0.8264784619128742,0.8260975609756097,4109.0,4100.0,3396.0,3387.0
holdout,southern_california,M_SR,99,1.5,11,0.9258859782923389,77,0.8264784619128742,0.8260975609756097,4109.0,4100.0,3396.0,3387.0
holdout,southern_california,M_SR,99,2.0,10,0.913152992819983,86,0.6454125091263081,0.6446341463414634,4109.0,4100.0,2652.0,2643.0
holdout,southern_california,M_SR,99,3.0,8,0.89131060621257,105,0.9542467753711366,0.9541463414634146,4109.0,4100.0,3921.0,3912.0
holdout,southern_california,M_SR,100,0.1,13,0.9829204672426987,24,0.9936724263811146,0.9936585365853658,4109.0,4100.0,4083.0,4074.0
holdout,southern_california,M_SR,100,0.5,6,0.9574425933546078,50,0.9936724263811146,0.9936585365853658,4109.0,4100.0,4083.0,4074.0
holdout,southern_california,M_SR,100,1.0,6,0.9366121757686648,64,0.9936724263811146,0.9936585365853658,4109.0,4100.0,4083.0,4074.0
holdout,southern_california,M_SR,100,1.5,12345,0.9216007444608145,74,0.9929423217327817,0.9929268292682927,4109.0,4100.0,4080.0,4071.0
holdout,southern_california,M_SR,100,2.0,9,0.9103193893036847,83,0.9929423217327817,0.9929268292682927,4109.0,4100.0,4080.0,4071.0
holdout,southern_california,M_SR,100,3.0,9,0.8884420981819465,98,0.9929423217327817,0.9929268292682927,4109.0,4100.0,4080.0,4071.0
holdout,southern_california,M_SR,101,0.1,2,0.983806459059845,28,0.9936724263811146,0.9936585365853658,4109.0,4100.0,4083.0,4074.0
holdout,southern_california,M_SR,101,0.5,12345,0.9590608452998501,51,0.9547335118033585,0.9546341463414634,4109.0,4100.0,3923.0,3914.0
holdout,southern_california,M_SR,101,1.0,7,0.9370668444992671,61,0.9542467753711366,0.9541463414634146,4109.0,4100.0,3921.0,3912.0
holdout,southern_california,M_SR,101,1.5,16,0.9198775766627573,71,0.9530299342905817,0.9529268292682926,4109.0,4100.0,3916.0,3907.0
holdout,southern_california,M_SR,101,2.0,12345,0.9071654920356036,79,0.8252616208323194,0.8248780487804878,4109.0,4100.0,3391.0,3382.0
holdout,southern_california,M_SR,101,3.0,2,0.8857346412239914,95,0.8252616208323194,0.8248780487804878,4109.0,4100.0,3391.0,3382.0
holdout,southern_california,M_SR,102,0.1,2,0.982390843865062,28,0.9941591628133366,0.9941463414634146,4109.0,4100.0,4085.0,4076.0
holdout,southern_california,M_SR,102,0.5,12345,0.9590209523590323,49,0.8269651983450961,0.8265853658536585,4109.0,4100.0,3398.0,3389.0
holdout,southern_california,M_SR,102,1.0,3,0.9381676664650682,63,0.8143100511073254,0.8139024390243902,4109.0,4100.0,3346.0,3337.0
holdout,southern_california,M_SR,102,1.5,3,0.9222644225154244,75,0.8143100511073254,0.8139024390243902,4109.0,4100.0,3346.0,3337.0
holdout,southern_california,M_SR,102,2.0,11,0.9102604150464079,83,0.8143100511073254,0.8139024390243902,4109.0,4100.0,3346.0,3337.0
holdout,southern_california,M_SR,102,3.0,17,0.8886273713495012,99,0.8143100511073254,0.8139024390243902,4109.0,4100.0,3346.0,3337.0
holdout,southern_california,M_SR,103,0.1,7,0.9835803570279319,30,0.8663908493550743,0.8660975609756097,4109.0,4100.0,3560.0,3551.0
holdout,southern_california,M_SR,103,0.5,17,0.9592080645970819,50,0.8269651983450961,0.8265853658536585,4109.0,4100.0,3398.0,3389.0
holdout,southern_california,M_SR,103,1.0,17,0.9388049979820251,65,0.8255049890484303,0.8251219512195122,4109.0,4100.0,3392.0,3383.0
holdout,southern_california,M_SR,103,1.5,17,0.9250192806218163,75,0.5541494280846921,0.5531707317073171,4109.0,4100.0,2277.0,2268.0
holdout,southern_california,M_SR,103,2.0,17,0.9138154701099876,83,0.5541494280846921,0.5531707317073171,4109.0,4100.0,2277.0,2268.0
holdout,southern_california,M_SR,103,3.0,12345,0.8930519106569258,96,0.5541494280846921,0.5531707317073171,4109.0,4100.0,2277.0,2268.0
holdout,southern_california,M_SR,104,0.1,10,0.9837384325730877,28,0.9936724263811146,0.9936585365853658,4109.0,4100.0,4083.0,4074.0
holdout,southern_california,M_SR,104,0.5,1,0.9568109042316354,50,0.9542467753711366,0.9541463414634146,4109.0,4100.0,3921.0,3912.0
holdout,southern_california,M_SR,104,1.0,2,0.9357162487833104,65,0.9532733025066926,0.953170731707317,4109.0,4100.0,3917.0,3908.0
holdout,southern_california,M_SR,104,1.5,11,0.9205160869576666,74,0.9532733025066926,0.953170731707317,4109.0,4100.0,3917.0,3908.0
holdout,southern_california,M_SR,104,2.0,2,0.9082272451157926,86,0.8133365782428815,0.8129268292682926,4109.0,4100.0,3342.0,3333.0
holdout,southern_california,M_SR,104,3.0,15,0.8870222129999011,96,0.7527378924312484,0.7521951219512195,4109.0,4100.0,3093.0,3084.0
holdout,southern_california,M_SR,105,0.1,19,0.9831396201957523,28,0.9936724263811146,0.9936585365853658,4109.0,4100.0,4083.0,4074.0
holdout,southern_california,M_SR,105,0.5,6,0.9592116043696448,55,0.9542467753711366,0.9541463414634146,4109.0,4100.0,3921.0,3912.0
holdout,southern_california,M_SR,105,1.0,6,0.9383426004275967,66,0.9542467753711366,0.9541463414634146,4109.0,4100.0,3921.0,3912.0
holdout,southern_california,M_SR,105,1.5,3,0.921285911880492,72,0.9542467753711366,0.9541463414634146,4109.0,4100.0,3921.0,3912.0
holdout,southern_california,M_SR,105,2.0,13,0.9086648460608944,81,0.8936480895595035,0.8934146341463415,4109.0,4100.0,3672.0,3663.0
holdout,southern_california,M_SR,105,3.0,3,0.8854698230762519,91,0.8936480895595035,0.8934146341463415,4109.0,4100.0,3672.0,3663.0
holdout,southern_california,M_SR,106,0.1,19,0.9836003470005253,27,0.9936724263811146,0.9936585365853658,4109.0,4100.0,4083.0,4074.0
holdout,southern_california,M_SR,106,0.5,10,0.9577008121163063,49,0.9936724263811146,0.9936585365853658,4109.0,4100.0,4083.0,4074.0
holdout,southern_california,M_SR,106,1.0,17,0.9369375495045206,62,0.9936724263811146,0.9936585365853658,4109.0,4100.0,4083.0,4074.0
holdout,southern_california,M_SR,106,1.5,12,0.9219883402988628,70,0.9936724263811146,0.9936585365853658,4109.0,4100.0,4083.0,4074.0
holdout,southern_california,M_SR,106,2.0,15,0.909712931957301,80,0.9936724263811146,0.9936585365853658,4109.0,4100.0,4083.0,4074.0
holdout,southern_california,M_SR,106,3.0,14,0.8886773500613177,95,0.9934290581650036,0.9934146341463415,4109.0,4100.0,4082.0,4073.0
holdout,southern_california,M_SR,107,0.1,10,0.9830961446563867,27,0.8264784619128742,0.8260975609756097,4109.0,4100.0,3396.0,3387.0
holdout,southern_california,M_SR,107,0.5,9,0.9573175415400071,51,0.8264784619128742,0.8260975609756097,4109.0,4100.0,3396.0,3387.0
holdout,southern_california,M_SR,107,1.0,7,0.9357518797681073,61,0.8264784619128742,0.8260975609756097,4109.0,4100.0,3396.0,3387.0
holdout,southern_california,M_SR,107,1.5,6,0.9186333630302774,72,0.8264784619128742,0.8260975609756097,4109.0,4100.0,3396.0,3387.0
holdout,southern_california,M_SR,107,2.0,17,0.9066605776655117,81,0.8264784619128742,0.8260975609756097,4109.0,4100.0,3396.0,3387.0
holdout,southern_california,M_SR,107,3.0,18,0.8855749668974592,93,0.7899732294962278,0.7895121951219513,4109.0,4100.0,3246.0,3237.0
holdout,southern_california,M_SR,108,0.1,6,0.9826830364061093,27,0.9936724263811146,0.9936585365853658,4109.0,4100.0,4083.0,4074.0
holdout,southern_california,M_SR,108,0.5,13,0.9576990477515653,52,0.5699683621319056,0.5690243902439024,4109.0,4100.0,2342.0,2333.0
holdout,southern_california,M_SR,108,1.0,13,0.938535932959154,69,0.7722073497201265,0.7717073170731708,4109.0,4100.0,3173.0,3164.0
holdout,southern_california,M_SR,108,1.5,12345,0.9251919063581513,74,0.7722073497201265,0.7717073170731708,4109.0,4100.0,3173.0,3164.0
holdout,southern_california,M_SR,108,2.0,12345,0.9128973154572025,79,0.7722073497201265,0.7717073170731708,4109.0,4100.0,3173.0,3164.0
holdout,southern_california,M_SR,108,3.0,3,0.8912586842122241,88,0.7722073497201265,0.7717073170731708,4109.0,4100.0,3173.0,3164.0
holdout,southern_california,M_SR,109,0.1,19,0.984374716637114,27,0.9941591628133366,0.9941463414634146,4109.0,4100.0,4085.0,4076.0
holdout,southern_california,M_SR,109,0.5,16,0.9592849822014806,50,0.6098807495741057,0.6090243902439024,4109.0,4100.0,2506.0,2497.0
holdout,southern_california,M_SR,109,1.0,13,0.9389376745227042,63,0.6098807495741057,0.6090243902439024,4109.0,4100.0,2506.0,2497.0
holdout,southern_california,M_SR,109,1.5,9,0.9240494644255777,76,0.6098807495741057,0.6090243902439024,4109.0,4100.0,2506.0,2497.0
holdout,southern_california,M_SR,109,2.0,15,0.912224342611014,83,0.6093940131418837,0.6085365853658536,4109.0,4100.0,2504.0,2495.0
holdout,southern_california,M_SR,109,3.0,16,0.8906236512048581,93,0.6093940131418837,0.6085365853658536,4109.0,4100.0,2504.0,2495.0
holdout,southern_california,M_SR,110,0.1,2,0.9835187038262195,25,0.9941591628133366,0.9941463414634146,4109.0,4100.0,4085.0,4076.0
holdout,southern_california,M_SR,110,0.5,15,0.9576430029263008,51,0.8255049890484303,0.8251219512195122,4109.0,4100.0,3392.0,3383.0
holdout,southern_california,M_SR,110,1.0,8,0.937071526496738,68,0.8634704307617426,0.8631707317073171,4109.0,4100.0,3548.0,3539.0
holdout,southern_california,M_SR,110,1.5,19,0.9219974151355866,76,0.8634704307617426,0.8631707317073171,4109.0,4100.0,3548.0,3539.0
holdout,southern_california,M_SR,110,2.0,8,0.9104958269802167,86,0.8255049890484303,0.8251219512195122,4109.0,4100.0,3392.0,3383.0
holdout,southern_california,M_SR,110,3.0,11,0.8895204112513875,96,0.8255049890484303,0.8251219512195122,4109.0,4100.0,3392.0,3383.0
holdout,southern_california,M_SR,111,0.1,17,0.9839895212058324,27,0.9936724263811146,0.9936585365853658,4109.0,4100.0,4083.0,4074.0
holdout,southern_california,M_SR,111,0.5,15,0.9572659028856302,47,0.9542467753711366,0.9541463414634146,4109.0,4100.0,3921.0,3912.0
holdout,southern_california,M_SR,111,1.0,19,0.9366247722410741,66,0.9542467753711366,0.9541463414634146,4109.0,4100.0,3921.0,3912.0
holdout,southern_california,M_SR,111,1.5,16,0.9216935662835936,77,0.9532733025066926,0.953170731707317,4109.0,4100.0,3917.0,3908.0
holdout,southern_california,M_SR,111,2.0,4,0.9094882861461288,81,0.9167680700900462,0.9165853658536586,4109.0,4100.0,3767.0,3758.0
holdout,southern_california,M_SR,111,3.0,11,0.8892476818529907,98,0.5699683621319056,0.5690243902439024,4109.0,4100.0,2342.0,2333.0
holdout,southern_california,M_SR,112,0.1,13,0.9829308831937291,22,0.8656607447067413,0.8653658536585366,4109.0,4100.0,3557.0,3548.0
holdout,southern_california,M_SR,112,0.5,7,0.9581400040105875,46,0.8262350936967632,0.8258536585365853,4109.0,4100.0,3395.0,3386.0
holdout,southern_california,M_SR,112,1.0,7,0.9363174707026255,59,0.8262350936967632,0.8258536585365853,4109.0,4100.0,3395.0,3386.0
holdout,southern_california,M_SR,112,1.5,12,0.9182710381521694,68,0.8262350936967632,0.8258536585365853,4109.0,4100.0,3395.0,3386.0
holdout,southern_california,M_SR,112,2.0,7,0.9049976440670484,75,0.8247748844000974,0.824390243902439,4109.0,4100.0,3389.0,3380.0
holdout,southern_california,M_SR,112,3.0,19,0.8828021651468795,91,0.7641761985884643,0.7636585365853659,4109.0,4100.0,3140.0,3131.0
holdout,southern_california,M_SR,113,0.1,17,0.9834048495959496,26,0.9936724263811146,0.9936585365853658,4109.0,4100.0,4083.0,4074.0
holdout,southern_california,M_SR,113,0.5,12345,0.9593920234545313,49,0.9926989535166707,0.9926829268292683,4109.0,4100.0,4079.0,4070.0
holdout,southern_california,M_SR,113,1.0,12,0.9382387460463475,63,0.9922122170844487,0.9921951219512195,4109.0,4100.0,4077.0,4068.0
holdout,southern_california,M_SR,113,1.5,10,0.9231809788406876,73,0.9922122170844487,0.9921951219512195,4109.0,4100.0,4077.0,4068.0
holdout,southern_california,M_SR,113,2.0,12,0.9103413207221991,79,0.9922122170844487,0.9921951219512195,4109.0,4100.0,4077.0,4068.0
holdout,southern_california,M_SR,113,3.0,11,0.8877261333246613,91,0.9922122170844487,0.9921951219512195,4109.0,4100.0,4077.0,4068.0
holdout,southern_california,M_SR,114,0.1,6,0.9846954182468939,30,0.9941591628133366,0.9941463414634146,4109.0,4100.0,4085.0,4076.0
holdout,southern_california,M_SR,114,0.5,15,0.9573441086143044,50,0.9941591628133366,0.9941463414634146,4109.0,4100.0,4085.0,4076.0
holdout,southern_california,M_SR,114,1.0,2,0.9361915739559129,64,0.9939157945972256,0.9939024390243902,4109.0,4100.0,4084.0,4075.0
holdout,southern_california,M_SR,114,1.5,12,0.9193695771977362,77,0.9934290581650036,0.9934146341463415,4109.0,4100.0,4082.0,4073.0
holdout,southern_california,M_SR,114,2.0,15,0.9079347355757339,83,0.9936724263811146,0.9936585365853658,4109.0,4100.0,4083.0,4074.0
holdout,southern_california,M_SR,114,3.0,7,0.8875200207666248,92,0.8537357021173034,0.8534146341463414,4109.0,4100.0,3508.0,3499.0
holdout,southern_california,M_SR,115,0.1,8,0.9832851596996851,28,0.9542467753711366,0.9541463414634146,4109.0,4100.0,3921.0,3912.0
holdout,southern_california,M_SR,115,0.5,19,0.959138859251851,53,0.9547335118033585,0.9546341463414634,4109.0,4100.0,3923.0,3914.0
holdout,southern_california,M_SR,115,1.0,14,0.9388364896752213,70,0.5709418349963494,0.57,4109.0,4100.0,2346.0,2337.0
holdout,southern_california,M_SR,115,1.5,14,0.9241495662674354,78,0.5709418349963494,0.57,4109.0,4100.0,2346.0,2337.0
holdout,southern_california,M_SR,115,2.0,14,0.9121895556013104,85,0.5709418349963494,0.57,4109.0,4100.0,2346.0,2337.0
holdout,southern_california,M_SR,115,3.0,4,0.8913069829884691,96,0.7731808225845704,0.7726829268292683,4109.0,4100.0,3177.0,3168.0
holdout,southern_california,M_SR,116,0.1,4,0.9844346401977234,30,0.9936724263811146,0.9936585365853658,4109.0,4100.0,4083.0,4074.0
holdout,southern_california,M_SR,116,0.5,14,0.9586581797751716,51,0.9542467753711366,0.9541463414634146,4109.0,4100.0,3921.0,3912.0
holdout,southern_california,M_SR,116,1.0,19,0.9390355754934168,64,0.9542467753711366,0.9541463414634146,4109.0,4100.0,3921.0,3912.0
holdout,southern_california,M_SR,116,1.5,14,0.9236859111580904,76,0.9542467753711366,0.9541463414634146,4109.0,4100.0,3921.0,3912.0
holdout,southern_california,M_SR,116,2.0,5,0.9116053086333133,85,0.9542467753711366,0.9541463414634146,4109.0,4100.0,3921.0,3912.0
holdout,southern_california,M_SR,116,3.0,16,0.8897617126774382,94,0.8936480895595035,0.8934146341463415,4109.0,4100.0,3672.0,3663.0
holdout,southern_california,M_SR,117,0.1,2,0.9828671343832948,28,0.8537357021173034,0.8534146341463414,4109.0,4100.0,3508.0,3499.0
holdout,southern_california,M_SR,117,0.5,1,0.9578579853754225,51,0.8644439036261864,0.8641463414634146,4109.0,4100.0,3552.0,3543.0
holdout,southern_california,M_SR,117,1.0,8,0.9390988294054923,67,0.8522754928206376,0.8519512195121951,4109.0,4100.0,3502.0,3493.0
holdout,southern_california,M_SR,117,1.5,8,0.9251464458355393,73,0.8522754928206376,0.8519512195121951,4109.0,4100.0,3502.0,3493.0
holdout,southern_california,M_SR,117,2.0,3,0.9118205159510745,81,0.43100511073253833,0.4297560975609756,4109.0,4100.0,1771.0,1762.0
holdout,southern_california,M_SR,117,3.0,9,0.8905624255118122,93,0.43100511073253833,0.4297560975609756,4109.0,4100.0,1771.0,1762.0
holdout,southern_california,M_SR,118,0.1,9,0.9844735258544237,31,0.9941591628133366,0.9941463414634146,4109.0,4100.0,4085.0,4076.0
holdout,southern_california,M_SR,118,0.5,11,0.9584688105814705,50,0.9547335118033585,0.9546341463414634,4109.0,4100.0,3923.0,3914.0
holdout,southern_california,M_SR,118,1.0,1,0.9382602414296053,64,0.8264784619128742,0.8260975609756097,4109.0,4100.0,3396.0,3387.0
holdout,southern_california,M_SR,118,1.5,15,0.9210551807431894,78,0.8247748844000974,0.824390243902439,4109.0,4100.0,3389.0,3380.0
holdout,southern_california,M_SR,118,2.0,19,0.9088742764995422,85,0.8247748844000974,0.824390243902439,4109.0,4100.0,3389.0,3380.0
holdout,southern_california,M_SR,118,3.0,6,0.8885276798255255,95,0.8255049890484303,0.8251219512195122,4109.0,4100.0,3392.0,3383.0
holdout,southern_california,M_SR,119,0.1,14,0.9839240139921472,25,0.9941591628133366,0.9941463414634146,4109.0,4100.0,4085.0,4076.0
holdout,southern_california,M_SR,119,0.5,8,0.9577504088482035,50,0.9547335118033585,0.9546341463414634,4109.0,4100.0,3923.0,3914.0
holdout,southern_california,M_SR,119,1.0,12345,0.9369596631240805,63,0.9532733025066926,0.953170731707317,4109.0,4100.0,3917.0,3908.0
holdout,southern_california,M_SR,119,1.5,13,0.9221403424424224,74,0.9532733025066926,0.953170731707317,4109.0,4100.0,3917.0,3908.0
holdout,southern_california,M_SR,119,2.0,1,0.9096512993562814,82,0.8926746166950597,0.8924390243902439,4109.0,4100.0,3668.0,3659.0
holdout,southern_california,M_SR,119,3.0,17,0.8881205164602695,95,0.8924312484789486,0.8921951219512195,4109.0,4100.0,3667.0,3658.0
holdout,southern_california,M_SR,120,0.1,11,0.9838570251916066,25,0.8264784619128742,0.8260975609756097,4109.0,4100.0,3396.0,3387.0
holdout,southern_california,M_SR,120,0.5,19,0.9596103873942144,51,0.8264784619128742,0.8260975609756097,4109.0,4100.0,3396.0,3387.0
holdout,southern_california,M_SR,120,1.0,19,0.9382801427435588,66,0.8262350936967632,0.8258536585365853,4109.0,4100.0,3395.0,3386.0
holdout,southern_california,M_SR,120,1.5,19,0.9219394956724173,75,0.8262350936967632,0.8258536585365853,4109.0,4100.0,3395.0,3386.0
holdout,southern_california,M_SR,120,2.0,14,0.9092433731132028,80,0.8262350936967632,0.8258536585365853,4109.0,4100.0,3395.0,3386.0
holdout,southern_california,M_SR,120,3.0,12,0.8878004713784329,95,0.8259917254806523,0.8256097560975609,4109.0,4100.0,3394.0,3385.0
holdout,southern_california,M_SR,121,0.1,6,0.9835761140875245,28,0.9941591628133366,0.9941463414634146,4109.0,4100.0,4085.0,4076.0
holdout,southern_california,M_SR,121,0.5,13,0.9595173410263426,55,0.9936724263811146,0.9936585365853658,4109.0,4100.0,4083.0,4074.0
holdout,southern_california,M_SR,121,1.0,6,0.939954732447434,68,0.9936724263811146,0.9936585365853658,4109.0,4100.0,4083.0,4074.0
holdout,southern_california,M_SR,121,1.5,11,0.924103788197138,78,0.9936724263811146,0.9936585365853658,4109.0,4100.0,4083.0,4074.0
holdout,southern_california,M_SR,121,2.0,11,0.9119071170040288,89,0.9936724263811146,0.9936585365853658,4109.0,4100.0,4083.0,4074.0
holdout,southern_california,M_SR,121,3.0,17,0.8914763127834466,97,0.9177415429544902,0.9175609756097561,4109.0,4100.0,3771.0,3762.0
holdout,southern_california,M_SR,122,0.1,13,0.9844491000944189,27,0.8663908493550743,0.8660975609756097,4109.0,4100.0,3560.0,3551.0
holdout,southern_california,M_SR,122,0.5,1,0.9603255284087315,49,0.8663908493550743,0.8660975609756097,4109.0,4100.0,3560.0,3551.0
holdout,southern_california,M_SR,122,1.0,5,0.9396495037428158,67,0.8269651983450961,0.8265853658536585,4109.0,4100.0,3398.0,3389.0
holdout,southern_california,M_SR,122,1.5,12,0.9246927813672834,74,0.8269651983450961,0.8265853658536585,4109.0,4100.0,3398.0,3389.0
holdout,southern_california,M_SR,122,2.0,12,0.9124384031123141,82,0.8269651983450961,0.8265853658536585,4109.0,4100.0,3398.0,3389.0
holdout,southern_california,M_SR,122,3.0,18,0.8908445418093831,94,0.7899732294962278,0.7895121951219513,4109.0,4100.0,3246.0,3237.0
holdout,southern_california,M_SR,123,0.1,12,0.9843439000750995,29,0.8539790703334145,0.8536585365853658,4109.0,4100.0,3509.0,3500.0
holdout,southern_california,M_SR,123,0.5,9,0.960362524787475,54,0.8539790703334145,0.8536585365853658,4109.0,4100.0,3509.0,3500.0
holdout,southern_california,M_SR,123,1.0,7,0.9394901110000832,63,0.8539790703334145,0.8536585365853658,4109.0,4100.0,3509.0,3500.0
holdout,southern_california,M_SR,123,1.5,7,0.9231879549566488,73,0.8534923339011925,0.853170731707317,4109.0,4100.0,3507.0,3498.0
holdout,southern_california,M_SR,123,2.0,6,0.9104596121884082,79,0.8140666828912144,0.8136585365853658,4109.0,4100.0,3345.0,3336.0
holdout,southern_california,M_SR,123,3.0,3,0.8885546922786308,94,0.8140666828912144,0.8136585365853658,4109.0,4100.0,3345.0,3336.0
holdout,southern_california,M_SR,124,0.1,11,0.9839246040744756,27,0.9936724263811146,0.9936585365853658,4109.0,4100.0,4083.0,4074.0
holdout,southern_california,M_SR,124,0.5,12345,0.9597039647826167,49,0.9542467753711366,0.9541463414634146,4109.0,4100.0,3921.0,3912.0
holdout,southern_california,M_SR,124,1.0,13,0.938225185093699,59,0.9542467753711366,0.9541463414634146,4109.0,4100.0,3921.0,3912.0
holdout,southern_california,M_SR,124,1.5,1,0.9225344640790742,70,0.9542467753711366,0.9541463414634146,4109.0,4100.0,3921.0,3912.0
holdout,southern_california,M_SR,124,2.0,13,0.9092012784780862,78,0.7731808225845704,0.7726829268292683,4109.0,4100.0,3177.0,3168.0
holdout,southern_california,M_SR,124,3.0,16,0.8872777658761779,88,0.7731808225845704,0.7726829268292683,4109.0,4100.0,3177.0,3168.0
holdout,southern_california,M_SR,125,0.1,9,0.9841282292367232,27,0.8663908493550743,0.8660975609756097,4109.0,4100.0,3560.0,3551.0
holdout,southern_california,M_SR,125,0.5,4,0.9593926141232292,46,0.8264784619128742,0.8260975609756097,4109.0,4100.0,3396.0,3387.0
holdout,southern_california,M_SR,125,1.0,10,0.9384531582494412,61,0.8646872718422974,0.864390243902439,4109.0,4100.0,3553.0,3544.0
holdout,southern_california,M_SR,125,1.5,12,0.9230875152612118,71,0.8252616208323194,0.8248780487804878,4109.0,4100.0,3391.0,3382.0
holdout,southern_california,M_SR,125,2.0,17,0.9106435220844142,85,0.8252616208323194,0.8248780487804878,4109.0,4100.0,3391.0,3382.0
holdout,southern_california,M_SR,125,3.0,18,0.8900045625551622,99,0.7646629350206863,0.7641463414634146,4109.0,4100.0,3142.0,3133.0
holdout,southern_california,M_SR,126,0.1,2,0.9831709089083399,28,0.9542467753711366,0.9541463414634146,4109.0,4100.0,3921.0,3912.0
holdout,southern_california,M_SR,126,0.5,12345,0.9578900567793907,45,0.9547335118033585,0.9546341463414634,4109.0,4100.0,3923.0,3914.0
holdout,southern_california,M_SR,126,1.0,4,0.9368683234987935,63,0.8269651983450961,0.8265853658536585,4109.0,4100.0,3398.0,3389.0
holdout,southern_california,M_SR,126,1.5,8,0.92125220690304,75,0.7731808225845704,0.7726829268292683,4109.0,4100.0,3177.0,3168.0
holdout,southern_california,M_SR,126,2.0,17,0.9092143700506864,89,0.7717206132879046,0.771219512195122,4109.0,4100.0,3171.0,3162.0
holdout,southern_california,M_SR,126,3.0,14,0.8880443296818563,96,0.6439522998296422,0.6431707317073171,4109.0,4100.0,2646.0,2637.0
holdout,southern_california,M_SR,127,0.1,8,0.9833903551196084,28,0.9926989535166707,0.9926829268292683,4109.0,4100.0,4079.0,4070.0
holdout,southern_california,M_SR,127,0.5,19,0.9587558037230669,54,0.9547335118033585,0.9546341463414634,4109.0,4100.0,3923.0,3914.0
holdout,southern_california,M_SR,127,1.0,12,0.9389070126691181,71,0.9547335118033585,0.9546341463414634,4109.0,4100.0,3923.0,3914.0
holdout,southern_california,M_SR,127,1.5,1,0.9242210986476496,80,0.9532733025066926,0.953170731707317,4109.0,4100.0,3917.0,3908.0
holdout,southern_california,M_SR,127,2.0,7,0.9107173813077937,87,0.8133365782428815,0.8129268292682926,4109.0,4100.0,3342.0,3333.0
holdout,southern_california,M_SR,127,3.0,12,0.8888809302263128,95,0.8926746166950597,0.8924390243902439,4109.0,4100.0,3668.0,3659.0
holdout,southern_california,M_SR,128,0.1,2,0.9836795954631511,28,0.8659041129228523,0.865609756097561,4109.0,4100.0,3558.0,3549.0
holdout,southern_california,M_SR,128,0.5,8,0.9575060351800816,49,0.8264784619128742,0.8260975609756097,4109.0,4100.0,3396.0,3387.0
holdout,southern_california,M_SR,128,1.0,13,0.9364606858230745,58,0.8255049890484303,0.8251219512195122,4109.0,4100.0,3392.0,3383.0
holdout,southern_california,M_SR,128,1.5,5,0.9213970138843216,72,0.8255049890484303,0.8251219512195122,4109.0,4100.0,3392.0,3383.0
holdout,southern_california,M_SR,128,2.0,8,0.9092180133877957,76,0.7889997566317839,0.7885365853658537,4109.0,4100.0,3242.0,3233.0
holdout,southern_california,M_SR,128,3.0,3,0.8887466926479245,92,0.7889997566317839,0.7885365853658537,4109.0,4100.0,3242.0,3233.0
holdout,southern_california,M_SR,129,0.1,6,0.9844191398696902,26,0.9941591628133366,0.9941463414634146,4109.0,4100.0,4085.0,4076.0
holdout,southern_california,M_SR,129,0.5,7,0.9593200356042081,52,0.9919688488683378,0.9919512195121951,4109.0,4100.0,4076.0,4067.0
holdout,southern_california,M_SR,129,1.0,2,0.940561778979431,67,0.9919688488683378,0.9919512195121951,4109.0,4100.0,4076.0,4067.0
holdout,southern_california,M_SR,129,1.5,12345,0.9251885817013683,76,0.9919688488683378,0.9919512195121951,4109.0,4100.0,4076.0,4067.0
holdout,southern_california,M_SR,129,2.0,10,0.9130239033753068,84,0.5706984667802385,0.5697560975609756,4109.0,4100.0,2345.0,2336.0
holdout,southern_california,M_SR,129,3.0,14,0.8914110481088308,95,0.6086639084935508,0.6078048780487805,4109.0,4100.0,2501.0,2492.0
holdout,southern_california,M_SR,130,0.1,15,0.9833531823255429,30,0.9936724263811146,0.9936585365853658,4109.0,4100.0,4083.0,4074.0
holdout,southern_california,M_SR,130,0.5,8,0.9578924235436425,47,0.9557069846678024,0.9556097560975609,4109.0,4100.0,3927.0,3918.0
holdout,southern_california,M_SR,130,1.0,4,0.9373634178413012,59,0.9557069846678024,0.9556097560975609,4109.0,4100.0,3927.0,3918.0
holdout,southern_california,M_SR,130,1.5,7,0.9226853383394084,73,0.5709418349963494,0.57,4109.0,4100.0,2346.0,2337.0
holdout,southern_california,M_SR,130,2.0,4,0.9107475338190455,79,0.5709418349963494,0.57,4109.0,4100.0,2346.0,2337.0
holdout,southern_california,M_SR,130,3.0,11,0.8894741326778252,92,0.5709418349963494,0.57,4109.0,4100.0,2346.0,2337.0
holdout,southern_california,M_SR,131,0.1,17,0.9838591626614539,26,0.8659041129228523,0.865609756097561,4109.0,4100.0,3558.0,3549.0
holdout,southern_california,M_SR,131,0.5,3,0.9571080774465439,45,0.8264784619128742,0.8260975609756097,4109.0,4100.0,3396.0,3387.0
holdout,southern_california,M_SR,131,1.0,1,0.9369730159679949,59,0.8264784619128742,0.8260975609756097,4109.0,4100.0,3396.0,3387.0
holdout,southern_california,M_SR,131,1.5,18,0.9210146084071177,73,0.8264784619128742,0.8260975609756097,4109.0,4100.0,3396.0,3387.0
holdout,southern_california,M_SR,131,2.0,5,0.9082109437600888,77,0.8264784619128742,0.8260975609756097,4109.0,4100.0,3396.0,3387.0
holdout,southern_california,M_SR,131,3.0,4,0.8863251185157702,95,0.6454125091263081,0.6446341463414634,4109.0,4100.0,2652.0,2643.0
holdout,southern_california,M_SR,132,0.1,4,0.9846063318353423,23,0.9941591628133366,0.9941463414634146,4109.0,4100.0,4085.0,4076.0
holdout,southern_california,M_SR,132,0.5,7,0.958551919151436,46,0.9547335118033585,0.9546341463414634,4109.0,4100.0,3923.0,3914.0
holdout,southern_california,M_SR,132,1.0,15,0.9369122534121624,60,0.9532733025066926,0.953170731707317,4109.0,4100.0,3917.0,3908.0
holdout,southern_california,M_SR,132,1.5,7,0.9212795788717169,74,0.9167680700900462,0.9165853658536586,4109.0,4100.0,3767.0,3758.0
holdout,southern_california,M_SR,132,2.0,9,0.9088402271707207,81,0.9167680700900462,0.9165853658536586,4109.0,4100.0,3767.0,3758.0
holdout,southern_california,M_SR,132,3.0,15,0.8876239064296524,93,0.9167680700900462,0.9165853658536586,4109.0,4100.0,3767.0,3758.0
holdout,southern_california,M_SR,133,0.1,12,0.9831038606092026,30,0.9936724263811146,0.9936585365853658,4109.0,4100.0,4083.0,4074.0
holdout,southern_california,M_SR,133,0.5,10,0.961063029112463,55,0.9926989535166707,0.9926829268292683,4109.0,4100.0,4079.0,4070.0
holdout,southern_california,M_SR,133,1.0,7,0.9406026871979725,67,0.5015818934047214,0.5004878048780488,4109.0,4100.0,2061.0,2052.0
holdout,southern_california,M_SR,133,1.5,7,0.9253051437322181,73,0.4164030177658798,0.4151219512195122,4109.0,4100.0,1711.0,1702.0
holdout,southern_california,M_SR,133,2.0,14,0.9129127410378269,83,0.40472134339255295,0.4034146341463415,4109.0,4100.0,1663.0,1654.0
holdout,southern_california,M_SR,133,3.0,8,0.8904708157044318,95,0.36699926989535164,0.36560975609756097,4109.0,4100.0,1508.0,1499.0
holdout,southern_california,M_SR,134,0.1,5,0.9839430016418639,27,0.9934290581650036,0.9934146341463415,4109.0,4100.0,4082.0,4073.0
holdout,southern_california,M_SR,134,0.5,15,0.9596330621900714,50,0.9476758335361402,0.947560975609756,4109.0,4100.0,3894.0,3885.0
holdout,southern_california,M_SR,134,1.0,1,0.9387939659915616,68,0.7722073497201265,0.7717073170731708,4109.0,4100.0,3173.0,3164.0
holdout,southern_california,M_SR,134,1.5,3,0.9228133859366197,78,0.7666098807495741,0.7660975609756098,4109.0,4100.0,3150.0,3141.0
holdout,southern_california,M_SR,134,2.0,5,0.9113179299528985,83,0.7719639815040156,0.7714634146341464,4109.0,4100.0,3172.0,3163.0
holdout,southern_california,M_SR,134,3.0,2,0.8901024124350032,98,0.7719639815040156,0.7714634146341464,4109.0,4100.0,3172.0,3163.0
holdout,southern_california,M_SR,135,0.1,14,0.9840050197835859,30,0.9936724263811146,0.9936585365853658,4109.0,4100.0,4083.0,4074.0
holdout,southern_california,M_SR,135,0.5,10,0.9585691302042141,50,0.8264784619128742,0.8260975609756097,4109.0,4100.0,3396.0,3387.0
holdout,southern_california,M_SR,135,1.0,13,0.9372428350141959,61,0.8264784619128742,0.8260975609756097,4109.0,4100.0,3396.0,3387.0
holdout,southern_california,M_SR,135,1.5,13,0.921441617562735,78,0.8264784619128742,0.8260975609756097,4109.0,4100.0,3396.0,3387.0
holdout,southern_california,M_SR,135,2.0,14,0.9092228663621512,82,0.8264784619128742,0.8260975609756097,4109.0,4100.0,3396.0,3387.0
holdout,southern_california,M_SR,135,3.0,12345,0.8875207425035044,98,0.8264784619128742,0.8260975609756097,4109.0,4100.0,3396.0,3387.0
holdout,southern_california,M_SR,136,0.1,5,0.9840470636019046,30,0.9540034071550255,0.9539024390243902,4109.0,4100.0,3920.0,3911.0
holdout,southern_california,M_SR,136,0.5,14,0.9582751171464602,52,0.9537600389389146,0.9536585365853658,4109.0,4100.0,3919.0,3910.0
holdout,southern_california,M_SR,136,1.0,16,0.9397581545521786,69,0.9540034071550255,0.9539024390243902,4109.0,4100.0,3920.0,3911.0
holdout,southern_california,M_SR,136,1.5,11,0.9243169643091378,82,0.9537600389389146,0.9536585365853658,4109.0,4100.0,3919.0,3910.0
holdout,southern_california,M_SR,136,2.0,1,0.913001992844098,91,0.9537600389389146,0.9536585365853658,4109.0,4100.0,3919.0,3910.0
holdout,southern_california,M_SR,136,3.0,13,0.893521293440032,97,0.9537600389389146,0.9536585365853658,4109.0,4100.0,3919.0,3910.0
holdout,southern_california,M_SR,137,0.1,2,0.9830610214011742,27,0.9936724263811146,0.9936585365853658,4109.0,4100.0,4083.0,4074.0
holdout,southern_california,M_SR,137,0.5,13,0.9564357356531993,53,0.9542467753711366,0.9541463414634146,4109.0,4100.0,3921.0,3912.0
holdout,southern_california,M_SR,137,1.0,8,0.9365432982844316,65,0.9936724263811146,0.9936585365853658,4109.0,4100.0,4083.0,4074.0
holdout,southern_california,M_SR,137,1.5,8,0.9202084114945096,72,0.9936724263811146,0.9936585365853658,4109.0,4100.0,4083.0,4074.0
holdout,southern_california,M_SR,137,2.0,12345,0.9071769270836922,78,0.8126064735945485,0.8121951219512196,4109.0,4100.0,3339.0,3330.0
holdout,southern_california,M_SR,137,3.0,5,0.8848069689037504,88,0.8123631053784376,0.8119512195121952,4109.0,4100.0,3338.0,3329.0
holdout,southern_california,M_SR,138,0.1,16,0.9842914041964576,26,0.8663908493550743,0.8660975609756097,4109.0,4100.0,3560.0,3551.0
holdout,southern_california,M_SR,138,0.5,12345,0.9596908640666557,48,0.8269651983450961,0.8265853658536585,4109.0,4100.0,3398.0,3389.0
holdout,southern_california,M_SR,138,1.0,14,0.9389954149614393,65,0.8269651983450961,0.8265853658536585,4109.0,4100.0,3398.0,3389.0
holdout,southern_california,M_SR,138,1.5,10,0.9241094725798866,71,0.8264784619128742,0.8260975609756097,4109.0,4100.0,3396.0,3387.0
holdout,southern_california,M_SR,138,2.0,12,0.9108197613216381,77,0.8264784619128742,0.8260975609756097,4109.0,4100.0,3396.0,3387.0
holdout,southern_california,M_SR,138,3.0,12345,0.8878180304499635,93,0.7899732294962278,0.7895121951219513,4109.0,4100.0,3246.0,3237.0
holdout,southern_california,M_SR,139,0.1,18,0.9851207718801961,29,0.8663908493550743,0.8660975609756097,4109.0,4100.0,3560.0,3551.0
holdout,southern_california,M_SR,139,0.5,8,0.9607283929806808,52,0.8649306400584084,0.8646341463414634,4109.0,4100.0,3554.0,3545.0
holdout,southern_california,M_SR,139,1.0,2,0.9406512281603261,67,0.8252616208323194,0.8248780487804878,4109.0,4100.0,3391.0,3382.0
holdout,southern_california,M_SR,139,1.5,6,0.9249764583613982,76,0.8133365782428815,0.8129268292682926,4109.0,4100.0,3342.0,3333.0
holdout,southern_california,M_SR,139,2.0,2,0.9114369222538853,87,0.8133365782428815,0.8129268292682926,4109.0,4100.0,3342.0,3333.0
holdout,southern_california,M_SR,139,3.0,11,0.8905086964440706,99,0.8133365782428815,0.8129268292682926,4109.0,4100.0,3342.0,3333.0
holdout,southern_california,M_SR,140,0.1,10,0.9838254387317054,28,0.9936724263811146,0.9936585365853658,4109.0,4100.0,4083.0,4074.0
holdout,southern_california,M_SR,140,0.5,13,0.9572274186860134,50,0.43100511073253833,0.4297560975609756,4109.0,4100.0,1771.0,1762.0
holdout,southern_california,M_SR,140,1.0,11,0.9390903995648309,67,0.43100511073253833,0.4297560975609756,4109.0,4100.0,1771.0,1762.0
holdout,southern_california,M_SR,140,1.5,11,0.9243209666187107,76,0.43100511073253833,0.4297560975609756,4109.0,4100.0,1771.0,1762.0
holdout,southern_california,M_SR,140,2.0,3,0.9115665239931053,83,0.43100511073253833,0.4297560975609756,4109.0,4100.0,1771.0,1762.0
holdout,southern_california,M_SR,140,3.0,2,0.8908037788577208,99,0.43100511073253833,0.4297560975609756,4109.0,4100.0,1771.0,1762.0
holdout,southern_california,M_SR,141,0.1,12345,0.983985952313207,28,0.9941591628133366,0.9941463414634146,4109.0,4100.0,4085.0,4076.0
holdout,southern_california,M_SR,141,0.5,10,0.958257975156276,48,0.9926989535166707,0.9926829268292683,4109.0,4100.0,4079.0,4070.0
holdout,southern_california,M_SR,141,1.0,4,0.9364591321150556,63,0.9532733025066926,0.953170731707317,4109.0,4100.0,3917.0,3908.0
holdout,southern_california,M_SR,141,1.5,12345,0.9200348251533824,69,0.9532733025066926,0.953170731707317,4109.0,4100.0,3917.0,3908.0
holdout,southern_california,M_SR,141,2.0,5,0.9082862097652923,82,0.9532733025066926,0.953170731707317,4109.0,4100.0,3917.0,3908.0
holdout,southern_california,M_SR,141,3.0,19,0.8883006914728595,94,0.8924312484789486,0.8921951219512195,4109.0,4100.0,3667.0,3658.0
holdout,southern_california,M_SR,142,0.1,2,0.985114210935344,28,0.9936724263811146,0.9936585365853658,4109.0,4100.0,4083.0,4074.0
holdout,southern_california,M_SR,142,0.5,1,0.9602756131894494,52,0.9542467753711366,0.9541463414634146,4109.0,4100.0,3921.0,3912.0
holdout,southern_california,M_SR,142,1.0,11,0.9395760460269276,60,0.9542467753711366,0.9541463414634146,4109.0,4100.0,3921.0,3912.0
holdout,southern_california,M_SR,142,1.5,15,0.9244747948423098,74,0.8924312484789486,0.8921951219512195,4109.0,4100.0,3667.0,3658.0
holdout,southern_california,M_SR,142,2.0,15,0.912310458514086,79,0.8924312484789486,0.8921951219512195,4109.0,4100.0,3667.0,3658.0
holdout,southern_california,M_SR,142,3.0,15,0.8895054555759716,93,0.8924312484789486,0.8921951219512195,4109.0,4100.0,3667.0,3658.0
holdout,southern_california,M_SR,143,0.1,6,0.9838237679994329,27,0.9941591628133366,0.9941463414634146,4109.0,4100.0,4085.0,4076.0
holdout,southern_california,M_SR,143,0.5,13,0.9588216713437976,50,0.9547335118033585,0.9546341463414634,4109.0,4100.0,3923.0,3914.0
holdout,southern_california,M_SR,143,1.0,17,0.9364173742551013,66,0.9547335118033585,0.9546341463414634,4109.0,4100.0,3923.0,3914.0
holdout,southern_california,M_SR,143,1.5,17,0.9202396807849066,77,0.9535166707228035,0.9534146341463414,4109.0,4100.0,3918.0,3909.0
holdout,southern_california,M_SR,143,2.0,10,0.9076645136220916,86,0.9532733025066926,0.953170731707317,4109.0,4100.0,3917.0,3908.0
holdout,southern_california,M_SR,143,3.0,19,0.8874372195015139,98,0.9532733025066926,0.953170731707317,4109.0,4100.0,3917.0,3908.0
holdout,southern_california,M_SR,144,0.1,12345,0.9845054732891101,27,0.8663908493550743,0.8660975609756097,4109.0,4100.0,3560.0,3551.0
holdout,southern_california,M_SR,144,0.5,6,0.959670817059654,53,0.8269651983450961,0.8265853658536585,4109.0,4100.0,3398.0,3389.0
holdout,southern_california,M_SR,144,1.0,12345,0.9388959859442395,64,0.8269651983450961,0.8265853658536585,4109.0,4100.0,3398.0,3389.0
holdout,southern_california,M_SR,144,1.5,17,0.9226825374320384,74,0.8269651983450961,0.8265853658536585,4109.0,4100.0,3398.0,3389.0
holdout,southern_california,M_SR,144,2.0,2,0.9092062194749008,84,0.8269651983450961,0.8265853658536585,4109.0,4100.0,3398.0,3389.0
holdout,southern_california,M_SR,144,3.0,3,0.8881990937570559,95,0.8264784619128742,0.8260975609756097,4109.0,4100.0,3396.0,3387.0
holdout,southern_california,M_SR,145,0.1,19,0.9833223014537427,27,0.9936724263811146,0.9936585365853658,4109.0,4100.0,4083.0,4074.0
holdout,southern_california,M_SR,145,0.5,4,0.9585931274765354,50,0.9547335118033585,0.9546341463414634,4109.0,4100.0,3923.0,3914.0
holdout,southern_california,M_SR,145,1.0,3,0.9384720547369139,64,0.9542467753711366,0.9541463414634146,4109.0,4100.0,3921.0,3912.0
holdout,southern_california,M_SR,145,1.5,15,0.9225156531534412,73,0.9542467753711366,0.9541463414634146,4109.0,4100.0,3921.0,3912.0
holdout,southern_california,M_SR,145,2.0,5,0.9091960769449403,82,0.7731808225845704,0.7726829268292683,4109.0,4100.0,3177.0,3168.0
holdout,southern_california,M_SR,145,3.0,5,0.8880717013429437,92,0.7731808225845704,0.7726829268292683,4109.0,4100.0,3177.0,3168.0
holdout,southern_california,M_SR,146,0.1,8,0.9838955040444375,28,0.8269651983450961,0.8265853658536585,4109.0,4100.0,3398.0,3389.0
holdout,southern_california,M_SR,146,0.5,7,0.9586995178596615,49,0.8147967875395473,0.814390243902439,4109.0,4100.0,3348.0,3339.0
holdout,southern_california,M_SR,146,1.0,10,0.9388747814571674,65,0.8143100511073254,0.8139024390243902,4109.0,4100.0,3346.0,3337.0
holdout,southern_california,M_SR,146,1.5,12345,0.9222484044506145,73,0.8143100511073254,0.8139024390243902,4109.0,4100.0,3346.0,3337.0
holdout,southern_california,M_SR,146,2.0,15,0.9094501371448002,78,0.8143100511073254,0.8139024390243902,4109.0,4100.0,3346.0,3337.0
holdout,southern_california,M_SR,146,3.0,7,0.8879311329303975,93,0.8143100511073254,0.8139024390243902,4109.0,4100.0,3346.0,3337.0
holdout,southern_california,M_SR,147,0.1,14,0.9836295986502414,23,0.9542467753711366,0.9541463414634146,4109.0,4100.0,3921.0,3912.0
holdout,southern_california,M_SR,147,0.5,5,0.9578688057573572,48,0.9542467753711366,0.9541463414634146,4109.0,4100.0,3921.0,3912.0
holdout,southern_california,M_SR,147,1.0,9,0.9378132505677099,64,0.9542467753711366,0.9541463414634146,4109.0,4100.0,3921.0,3912.0
holdout,southern_california,M_SR,147,1.5,8,0.9241063327032145,75,0.9542467753711366,0.9541463414634146,4109.0,4100.0,3921.0,3912.0
holdout,southern_california,M_SR,147,2.0,11,0.9124309824461825,82,0.9542467753711366,0.9541463414634146,4109.0,4100.0,3921.0,3912.0
holdout,southern_california,M_SR,147,3.0,3,0.8916765594588622,93,0.8337795083962034,0.8334146341463414,4109.0,4100.0,3426.0,3417.0
holdout,southern_california,M_SR,148,0.1,17,0.9831072805560186,28,0.9934290581650036,0.9934146341463415,4109.0,4100.0,4082.0,4073.0
holdout,southern_california,M_SR,148,0.5,18,0.9593962029793647,52,0.9540034071550255,0.9539024390243902,4109.0,4100.0,3920.0,3911.0
holdout,southern_california,M_SR,148,1.0,15,0.9378276961460218,65,0.9540034071550255,0.9539024390243902,4109.0,4100.0,3920.0,3911.0
holdout,southern_california,M_SR,148,1.5,16,0.9223331412844883,78,0.9160379654417133,0.9158536585365854,4109.0,4100.0,3764.0,3755.0
holdout,southern_california,M_SR,148,2.0,5,0.9108719776979851,82,0.9160379654417133,0.9158536585365854,4109.0,4100.0,3764.0,3755.0
holdout,southern_california,M_SR,148,3.0,18,0.8900997218093585,91,0.9170114383061572,0.916829268292683,4109.0,4100.0,3768.0,3759.0
holdout,southern_california,M_SR,149,0.1,11,0.9833106751396312,26,0.9941591628133366,0.9941463414634146,4109.0,4100.0,4085.0,4076.0
holdout,southern_california,M_SR,149,0.5,2,0.957087425672471,51,0.9540034071550255,0.9539024390243902,4109.0,4100.0,3920.0,3911.0
holdout,southern_california,M_SR,149,1.0,2,0.9376451144865089,66,0.8262350936967632,0.8258536585365853,4109.0,4100.0,3395.0,3386.0
holdout,southern_california,M_SR,149,1.5,13,0.9208138342057461,72,0.8656607447067413,0.8653658536585366,4109.0,4100.0,3557.0,3548.0
holdout,southern_california,M_SR,149,2.0,2,0.9079927165604902,83,0.8656607447067413,0.8653658536585366,4109.0,4100.0,3557.0,3548.0
holdout,southern_california,M_SR,149,3.0,12345,0.8870711921120037,92,0.7897298612801168,0.7892682926829269,4109.0,4100.0,3245.0,3236.0
holdout,southern_california,M_SR,150,0.1,14,0.9838286143341458,28,0.8542224385495254,0.8539024390243902,4109.0,4100.0,3510.0,3501.0
holdout,southern_california,M_SR,150,0.5,2,0.9590193305348003,54,0.8147967875395473,0.814390243902439,4109.0,4100.0,3348.0,3339.0
holdout,southern_california,M_SR,150,1.0,17,0.9390429945045917,68,0.8128498418106596,0.812439024390244,4109.0,4100.0,3340.0,3331.0
holdout,southern_california,M_SR,150,1.5,5,0.9239499194171129,77,0.7761012411779021,0.775609756097561,4109.0,4100.0,3189.0,3180.0
holdout,southern_california,M_SR,150,2.0,7,0.9117664032303112,83,0.7761012411779021,0.775609756097561,4109.0,4100.0,3189.0,3180.0
holdout,southern_california,M_SR,150,3.0,8,0.8901490265489773,94,0.7761012411779021,0.775609756097561,4109.0,4100.0,3189.0,3180.0
holdout,southern_california,M_SR,151,0.1,15,0.9840505602649471,27,0.9542467753711366,0.9541463414634146,4109.0,4100.0,3921.0,3912.0
holdout,southern_california,M_SR,151,0.5,6,0.9584789279587214,51,0.9540034071550255,0.9539024390243902,4109.0,4100.0,3920.0,3911.0
holdout,southern_california,M_SR,151,1.0,16,0.9382486586493395,67,0.9540034071550255,0.9539024390243902,4109.0,4100.0,3920.0,3911.0
holdout,southern_california,M_SR,151,1.5,12,0.9218030694450408,74,0.8247748844000974,0.824390243902439,4109.0,4100.0,3389.0,3380.0
holdout,southern_california,M_SR,151,2.0,5,0.9101183516657286,83,0.8247748844000974,0.824390243902439,4109.0,4100.0,3389.0,3380.0
holdout,southern_california,M_SR,151,3.0,18,0.8880714413948583,91,0.8250182526162083,0.8246341463414634,4109.0,4100.0,3390.0,3381.0
holdout,southern_california,M_SR,152,0.1,5,0.9830895665156619,29,0.9542467753711366,0.9541463414634146,4109.0,4100.0,3921.0,3912.0
holdout,southern_california,M_SR,152,0.5,12345,0.958892133874236,53,0.9542467753711366,0.9541463414634146,4109.0,4100.0,3921.0,3912.0
holdout,southern_california,M_SR,152,1.0,12345,0.9380780684142958,67,0.9542467753711366,0.9541463414634146,4109.0,4100.0,3921.0,3912.0
holdout,southern_california,M_SR,152,1.5,2,0.922586495188234,76,0.9537600389389146,0.9536585365853658,4109.0,4100.0,3919.0,3910.0
holdout,southern_california,M_SR,152,2.0,11,0.9098853429708592,82,0.5704550985641276,0.5695121951219512,4109.0,4100.0,2344.0,2335.0
holdout,southern_california,M_SR,152,3.0,19,0.887616433107193,92,0.5704550985641276,0.5695121951219512,4109.0,4100.0,2344.0,2335.0
holdout,southern_california,M_SR,153,0.1,15,0.9835435715535616,30,0.9941591628133366,0.9941463414634146,4109.0,4100.0,4085.0,4076.0
holdout,southern_california,M_SR,153,0.5,19,0.9576883823620075,49,0.9819907520077877,0.9819512195121951,4109.0,4100.0,4035.0,4026.0
holdout,southern_california,M_SR,153,1.0,16,0.9377245440653313,69,0.9751764419566804,0.9751219512195122,4109.0,4100.0,4007.0,3998.0
holdout,southern_california,M_SR,153,1.5,14,0.9230388104175985,78,0.9751764419566804,0.9751219512195122,4109.0,4100.0,4007.0,3998.0
holdout,southern_california,M_SR,153,2.0,14,0.9107856755879978,84,0.9746897055244585,0.9746341463414634,4109.0,4100.0,4005.0,3996.0
holdout,southern_california,M_SR,153,3.0,11,0.8889195183588796,93,0.9746897055244585,0.9746341463414634,4109.0,4100.0,4005.0,3996.0
holdout,southern_california,M_SR,154,0.1,3,0.9830827565249117,29,0.8659041129228523,0.865609756097561,4109.0,4100.0,3558.0,3549.0
holdout,southern_california,M_SR,154,0.5,5,0.9581563467331635,50,0.8264784619128742,0.8260975609756097,4109.0,4100.0,3396.0,3387.0
holdout,southern_california,M_SR,154,1.0,12345,0.937017336983566,66,0.8264784619128742,0.8260975609756097,4109.0,4100.0,3396.0,3387.0
holdout,southern_california,M_SR,154,1.5,15,0.9215331421142382,72,0.8262350936967632,0.8258536585365853,4109.0,4100.0,3395.0,3386.0
holdout,southern_california,M_SR,154,2.0,15,0.9092952924345751,81,0.8259917254806523,0.8256097560975609,4109.0,4100.0,3394.0,3385.0
holdout,southern_california,M_SR,154,3.0,8,0.8892309425366821,98,0.5546361645169141,0.5536585365853659,4109.0,4100.0,2279.0,2270.0
holdout,southern_california,M_SR,155,0.1,3,0.9827701447523836,24,0.9941591628133366,0.9941463414634146,4109.0,4100.0,4085.0,4076.0
holdout,southern_california,M_SR,155,0.5,12,0.9580622936375457,47,0.9547335118033585,0.9546341463414634,4109.0,4100.0,3923.0,3914.0
holdout,southern_california,M_SR,155,1.0,11,0.9376882592662567,65,0.9922122170844487,0.9921951219512195,4109.0,4100.0,4077.0,4068.0
holdout,southern_california,M_SR,155,1.5,7,0.9232885909392909,78,0.9527865660744707,0.9526829268292683,4109.0,4100.0,3915.0,3906.0
holdout,southern_california,M_SR,155,2.0,7,0.9115665753336057,81,0.9527865660744707,0.9526829268292683,4109.0,4100.0,3915.0,3906.0
holdout,southern_california,M_SR,155,3.0,11,0.8908213357519356,92,0.9527865660744707,0.9526829268292683,4109.0,4100.0,3915.0,3906.0
holdout,southern_california,M_SR,156,0.1,5,0.9842104595648963,30,0.9936724263811146,0.9936585365853658,4109.0,4100.0,4083.0,4074.0
holdout,southern_california,M_SR,156,0.5,5,0.9602837219884967,51,0.8659041129228523,0.865609756097561,4109.0,4100.0,3558.0,3549.0
holdout,southern_california,M_SR,156,1.0,3,0.9405462222208052,67,0.8659041129228523,0.865609756097561,4109.0,4100.0,3558.0,3549.0
holdout,southern_california,M_SR,156,1.5,10,0.9243360321410949,75,0.8654173764906303,0.8651219512195122,4109.0,4100.0,3556.0,3547.0
holdout,southern_california,M_SR,156,2.0,9,0.9117441157191369,82,0.8654173764906303,0.8651219512195122,4109.0,4100.0,3556.0,3547.0
holdout,southern_california,M_SR,156,3.0,12345,0.889836925603331,96,0.8654173764906303,0.8651219512195122,4109.0,4100.0,3556.0,3547.0
holdout,southern_california,M_SR,157,0.1,8,0.9841386896513173,26,0.9941591628133366,0.9941463414634146,4109.0,4100.0,4085.0,4076.0
holdout,southern_california,M_SR,157,0.5,8,0.9592888035382678,55,0.9926989535166707,0.9926829268292683,4109.0,4100.0,4079.0,4070.0
holdout,southern_california,M_SR,157,1.0,6,0.9394611610973179,71,0.9922122170844487,0.9921951219512195,4109.0,4100.0,4077.0,4068.0
holdout,southern_california,M_SR,157,1.5,16,0.9247422389309118,79,0.9922122170844487,0.9921951219512195,4109.0,4100.0,4077.0,4068.0
holdout,southern_california,M_SR,157,2.0,16,0.9114249477168052,85,0.9922122170844487,0.9921951219512195,4109.0,4100.0,4077.0,4068.0
holdout,southern_california,M_SR,157,3.0,15,0.8901810942590768,97,0.9922122170844487,0.9921951219512195,4109.0,4100.0,4077.0,4068.0
holdout,southern_california,M_SR,158,0.1,15,0.9829347768378679,29,0.8269651983450961,0.8265853658536585,4109.0,4100.0,3398.0,3389.0
holdout,southern_california,M_SR,158,0.5,5,0.9588319747373626,52,0.8269651983450961,0.8265853658536585,4109.0,4100.0,3398.0,3389.0
holdout,southern_california,M_SR,158,1.0,1,0.9391048188447569,64,0.8240447797517644,0.8236585365853658,4109.0,4100.0,3386.0,3377.0
holdout,southern_california,M_SR,158,1.5,17,0.924875836469928,75,0.8240447797517644,0.8236585365853658,4109.0,4100.0,3386.0,3377.0
holdout,southern_california,M_SR,158,2.0,19,0.9122455971093395,86,0.8240447797517644,0.8236585365853658,4109.0,4100.0,3386.0,3377.0
holdout,southern_california,M_SR,158,3.0,15,0.8909866448211605,98,0.8255049890484303,0.8251219512195122,4109.0,4100.0,3392.0,3383.0
holdout,southern_california,M_SR,159,0.1,5,0.9834884530476372,27,0.9941591628133366,0.9941463414634146,4109.0,4100.0,4085.0,4076.0
holdout,southern_california,M_SR,159,0.5,2,0.9588912166923094,51,0.9544901435872475,0.954390243902439,4109.0,4100.0,3922.0,3913.0
holdout,southern_california,M_SR,159,1.0,9,0.9381811186485909,64,0.7734241908006815,0.7729268292682927,4109.0,4100.0,3178.0,3169.0
holdout,southern_california,M_SR,159,1.5,16,0.9232421791534638,73,0.7734241908006815,0.7729268292682927,4109.0,4100.0,3178.0,3169.0
holdout,southern_california,M_SR,159,2.0,16,0.9108169847380168,80,0.7734241908006815,0.7729268292682927,4109.0,4100.0,3178.0,3169.0
holdout,southern_california,M_SR,159,3.0,11,0.8858257563878689,93,0.7734241908006815,0.7729268292682927,4109.0,4100.0,3178.0,3169.0
holdout,southern_california,M_SR,160,0.1,4,0.9833751241993866,28,0.9547335118033585,0.9546341463414634,4109.0,4100.0,3923.0,3914.0
holdout,southern_california,M_SR,160,0.5,9,0.9570309083425297,51,0.9537600389389146,0.9536585365853658,4109.0,4100.0,3919.0,3910.0
holdout,southern_california,M_SR,160,1.0,3,0.9364695266369614,60,0.9537600389389146,0.9536585365853658,4109.0,4100.0,3919.0,3910.0
holdout,southern_california,M_SR,160,1.5,5,0.921332000108077,72,0.9172548065222682,0.9170731707317074,4109.0,4100.0,3769.0,3760.0
holdout,southern_california,M_SR,160,2.0,17,0.9090495832288797,82,0.7894864930640059,0.7890243902439025,4109.0,4100.0,3244.0,3235.0
holdout,southern_california,M_SR,160,3.0,18,0.8874498633669894,93,0.7894864930640059,0.7890243902439025,4109.0,4100.0,3244.0,3235.0
holdout,southern_california,M_SR,161,0.1,11,0.98388414343364,31,0.9532733025066926,0.953170731707317,4109.0,4100.0,3917.0,3908.0
holdout,southern_california,M_SR,161,0.5,6,0.9602910882413598,52,0.8133365782428815,0.8129268292682926,4109.0,4100.0,3342.0,3333.0
holdout,southern_california,M_SR,161,1.0,12345,0.939876077196625,63,0.8130932100267705,0.8126829268292682,4109.0,4100.0,3341.0,3332.0
holdout,southern_california,M_SR,161,1.5,11,0.9244069403643249,74,0.8128498418106596,0.812439024390244,4109.0,4100.0,3340.0,3331.0
holdout,southern_california,M_SR,161,2.0,15,0.9119217964564783,79,0.8116330007301047,0.811219512195122,4109.0,4100.0,3335.0,3326.0
holdout,southern_california,M_SR,161,3.0,7,0.890562800874969,101,0.8113896325139937,0.8109756097560976,4109.0,4100.0,3334.0,3325.0
holdout,southern_california,M_SR,162,0.1,17,0.9837428843439049,26,0.9939157945972256,0.9939024390243902,4109.0,4100.0,4084.0,4075.0
holdout,southern_california,M_SR,162,0.5,4,0.9591271978445323,49,0.9544901435872475,0.954390243902439,4109.0,4100.0,3922.0,3913.0
holdout,southern_california,M_SR,162,1.0,2,0.9397650124292299,64,0.7734241908006815,0.7729268292682927,4109.0,4100.0,3178.0,3169.0
holdout,southern_california,M_SR,162,1.5,10,0.9242978703824094,69,0.7736675590167924,0.7731707317073171,4109.0,4100.0,3179.0,3170.0
holdout,southern_california,M_SR,162,2.0,12,0.9114510238326845,78,0.7736675590167924,0.7731707317073171,4109.0,4100.0,3179.0,3170.0
holdout,southern_california,M_SR,162,3.0,14,0.8905428311561752,89,0.7719639815040156,0.7714634146341464,4109.0,4100.0,3172.0,3163.0
holdout,southern_california,M_SR,163,0.1,13,0.9843870245282784,24,0.9941591628133366,0.9941463414634146,4109.0,4100.0,4085.0,4076.0
holdout,southern_california,M_SR,163,0.5,14,0.9605193442190507,50,0.9941591628133366,0.9941463414634146,4109.0,4100.0,4085.0,4076.0
holdout,southern_california,M_SR,163,1.0,8,0.9396054207644711,65,0.8661474811389632,0.8658536585365854,4109.0,4100.0,3559.0,3550.0
holdout,southern_california,M_SR,163,1.5,18,0.9213809777733264,69,0.8661474811389632,0.8658536585365854,4109.0,4100.0,3559.0,3550.0
holdout,southern_california,M_SR,163,2.0,9,0.9087255295788549,84,0.8656607447067413,0.8653658536585366,4109.0,4100.0,3557.0,3548.0
holdout,southern_california,M_SR,163,3.0,5,0.8870285647008572,93,0.8262350936967632,0.8258536585365853,4109.0,4100.0,3395.0,3386.0
holdout,southern_california,M_SR,164,0.1,11,0.9843065684969905,25,0.9941591628133366,0.9941463414634146,4109.0,4100.0,4085.0,4076.0
holdout,southern_california,M_SR,164,0.5,1,0.957656300102845,46,0.9941591628133366,0.9941463414634146,4109.0,4100.0,4085.0,4076.0
holdout,southern_california,M_SR,164,1.0,5,0.9347489631330116,60,0.9810172791433439,0.9809756097560975,4109.0,4100.0,4031.0,4022.0
holdout,southern_california,M_SR,164,1.5,13,0.919333835407343,73,0.9810172791433439,0.9809756097560975,4109.0,4100.0,4031.0,4022.0
holdout,southern_california,M_SR,164,2.0,6,0.9064690873332503,78,0.9810172791433439,0.9809756097560975,4109.0,4100.0,4031.0,4022.0
holdout,southern_california,M_SR,164,3.0,18,0.8828901301495916,91,0.9810172791433439,0.9809756097560975,4109.0,4100.0,4031.0,4022.0
holdout,southern_california,M_SR,165,0.1,7,0.9841287708838339,30,0.9544901435872475,0.954390243902439,4109.0,4100.0,3922.0,3913.0
holdout,southern_california,M_SR,165,0.5,14,0.9614161085247267,48,0.9544901435872475,0.954390243902439,4109.0,4100.0,3922.0,3913.0
holdout,southern_california,M_SR,165,1.0,19,0.9401372674150411,64,0.9530299342905817,0.9529268292682926,4109.0,4100.0,3916.0,3907.0
holdout,southern_california,M_SR,165,1.5,19,0.92479619626027,79,0.9165247018739353,0.9163414634146342,4109.0,4100.0,3766.0,3757.0
holdout,southern_california,M_SR,165,2.0,19,0.9128687593518565,85,0.9165247018739353,0.9163414634146342,4109.0,4100.0,3766.0,3757.0
holdout,southern_california,M_SR,165,3.0,19,0.8923123978694112,96,0.9165247018739353,0.9163414634146342,4109.0,4100.0,3766.0,3757.0
holdout,southern_california,M_SR,166,0.1,9,0.9846267979399901,31,0.9941591628133366,0.9941463414634146,4109.0,4100.0,4085.0,4076.0
holdout,southern_california,M_SR,166,0.5,12345,0.9593166454887635,45,0.8663908493550743,0.8660975609756097,4109.0,4100.0,3560.0,3551.0
holdout,southern_california,M_SR,166,1.0,12345,0.9382351585785422,61,0.8649306400584084,0.8646341463414634,4109.0,4100.0,3554.0,3545.0
holdout,southern_california,M_SR,166,1.5,10,0.9242654722172252,74,0.8043319542467754,0.8039024390243903,4109.0,4100.0,3305.0,3296.0
holdout,southern_california,M_SR,166,2.0,10,0.9121285402382561,81,0.8043319542467754,0.8039024390243903,4109.0,4100.0,3305.0,3296.0
holdout,southern_california,M_SR,166,3.0,10,0.8904642357594827,96,0.7649063032367973,0.764390243902439,4109.0,4100.0,3143.0,3134.0
holdout,southern_california,M_SR,167,0.1,7,0.9826439961372166,28,0.9941591628133366,0.9941463414634146,4109.0,4100.0,4085.0,4076.0
holdout,southern_california,M_SR,167,0.5,5,0.9583835071188441,53,0.9941591628133366,0.9941463414634146,4109.0,4100.0,4085.0,4076.0
holdout,southern_california,M_SR,167,1.0,13,0.9382746983508887,69,0.9926989535166707,0.9926829268292683,4109.0,4100.0,4079.0,4070.0
holdout,southern_california,M_SR,167,1.5,15,0.9232869684197538,78,0.9926989535166707,0.9926829268292683,4109.0,4100.0,4079.0,4070.0
holdout,southern_california,M_SR,167,2.0,1,0.9110480522383343,89,0.9530299342905817,0.9529268292682926,4109.0,4100.0,3916.0,3907.0
holdout,southern_california,M_SR,167,3.0,8,0.8901712561139302,95,0.8926746166950597,0.8924390243902439,4109.0,4100.0,3668.0,3659.0
holdout,southern_california,M_SR,168,0.1,19,0.9839197546909412,26,0.9941591628133366,0.9941463414634146,4109.0,4100.0,4085.0,4076.0
holdout,southern_california,M_SR,168,0.5,6,0.958220613005866,48,0.9922122170844487,0.9921951219512195,4109.0,4100.0,4077.0,4068.0
holdout,southern_california,M_SR,168,1.0,8,0.9382151395226898,67,0.8143100511073254,0.8139024390243902,4109.0,4100.0,3346.0,3337.0
holdout,southern_california,M_SR,168,1.5,8,0.9242914280053676,72,0.8143100511073254,0.8139024390243902,4109.0,4100.0,3346.0,3337.0
holdout,southern_california,M_SR,168,2.0,4,0.9118442426184917,81,0.8143100511073254,0.8139024390243902,4109.0,4100.0,3346.0,3337.0
holdout,southern_california,M_SR,168,3.0,6,0.8908562593337226,98,0.8143100511073254,0.8139024390243902,4109.0,4100.0,3346.0,3337.0
holdout,southern_california,M_SR,169,0.1,18,0.9840432987592008,29,0.9939157945972256,0.9939024390243902,4109.0,4100.0,4084.0,4075.0
holdout,southern_california,M_SR,169,0.5,12345,0.9605138586545443,49,0.9939157945972256,0.9939024390243902,4109.0,4100.0,4084.0,4075.0
holdout,southern_california,M_SR,169,1.0,15,0.9388701838167874,60,0.9924555853005598,0.9924390243902439,4109.0,4100.0,4078.0,4069.0
holdout,southern_california,M_SR,169,1.5,15,0.9216952353512492,67,0.9924555853005598,0.9924390243902439,4109.0,4100.0,4078.0,4069.0
holdout,southern_california,M_SR,169,2.0,12345,0.9091087236210694,75,0.7719639815040156,0.7714634146341464,4109.0,4100.0,3172.0,3163.0
holdout,southern_california,M_SR,169,3.0,12345,0.8872556457791382,89,0.8048186906789974,0.8043902439024391,4109.0,4100.0,3307.0,3298.0
holdout,southern_california,M_SR,170,0.1,17,0.9833334722560526,30,0.656850815283524,0.6560975609756098,4109.0,4100.0,2699.0,2690.0
holdout,southern_california,M_SR,170,0.5,10,0.9603719732422153,47,0.656850815283524,0.6560975609756098,4109.0,4100.0,2699.0,2690.0
holdout,southern_california,M_SR,170,1.0,7,0.9399297110867888,61,0.5444146994402531,0.5434146341463415,4109.0,4100.0,2237.0,2228.0
holdout,southern_california,M_SR,170,1.5,10,0.9236407099958757,73,0.5427111219274763,0.5417073170731708,4109.0,4100.0,2230.0,2221.0
holdout,southern_california,M_SR,170,2.0,18,0.9115934416297912,80,0.28157702604039914,0.28,4109.0,4100.0,1157.0,1148.0
holdout,southern_california,M_SR,170,3.0,8,0.8909342714781111,97,0.28157702604039914,0.28,4109.0,4100.0,1157.0,1148.0
holdout,southern_california,M_SR,171,0.1,6,0.984003579262229,29,0.9936724263811146,0.9936585365853658,4109.0,4100.0,4083.0,4074.0
holdout,southern_california,M_SR,171,0.5,5,0.9598372841491507,50,0.9936724263811146,0.9936585365853658,4109.0,4100.0,4083.0,4074.0
holdout,southern_california,M_SR,171,1.0,5,0.9388942803831906,68,0.9922122170844487,0.9921951219512195,4109.0,4100.0,4077.0,4068.0
holdout,southern_california,M_SR,171,1.5,17,0.9243388590813031,74,0.9542467753711366,0.9541463414634146,4109.0,4100.0,3921.0,3912.0
holdout,southern_california,M_SR,171,2.0,15,0.9120250510598292,81,0.9527865660744707,0.9526829268292683,4109.0,4100.0,3915.0,3906.0
holdout,southern_california,M_SR,171,3.0,15,0.8909015298469901,97,0.9527865660744707,0.9526829268292683,4109.0,4100.0,3915.0,3906.0
holdout,southern_california,M_SR,172,0.1,14,0.9825437315584411,27,0.9941591628133366,0.9941463414634146,4109.0,4100.0,4085.0,4076.0
holdout,southern_california,M_SR,172,0.5,10,0.956863729339083,46,0.9547335118033585,0.9546341463414634,4109.0,4100.0,3923.0,3914.0
holdout,southern_california,M_SR,172,1.0,1,0.9369061235820907,62,0.9167680700900462,0.9165853658536586,4109.0,4100.0,3767.0,3758.0
holdout,southern_california,M_SR,172,1.5,10,0.91997119959307,80,0.9167680700900462,0.9165853658536586,4109.0,4100.0,3767.0,3758.0
holdout,southern_california,M_SR,172,2.0,15,0.9081780627357596,87,0.9167680700900462,0.9165853658536586,4109.0,4100.0,3767.0,3758.0
holdout,southern_california,M_SR,172,3.0,5,0.8873800637235637,100,0.9167680700900462,0.9165853658536586,4109.0,4100.0,3767.0,3758.0
holdout,southern_california,M_SR,173,0.1,1,0.9835359022180833,24,0.9941591628133366,0.9941463414634146,4109.0,4100.0,4085.0,4076.0
holdout,southern_california,M_SR,173,0.5,2,0.9576599410967046,47,0.8269651983450961,0.8265853658536585,4109.0,4100.0,3398.0,3389.0
holdout,southern_california,M_SR,173,1.0,10,0.9377554680620476,63,0.8269651983450961,0.8265853658536585,4109.0,4100.0,3398.0,3389.0
holdout,southern_california,M_SR,173,1.5,14,0.923057527103201,78,0.8269651983450961,0.8265853658536585,4109.0,4100.0,3398.0,3389.0
holdout,southern_california,M_SR,173,2.0,13,0.9109792729818161,89,0.6458992455585301,0.6451219512195122,4109.0,4100.0,2654.0,2645.0
holdout,southern_california,M_SR,173,3.0,2,0.8913692478661424,97,0.6458992455585301,0.6451219512195122,4109.0,4100.0,2654.0,2645.0
holdout,southern_california,M_SR,174,0.1,10,0.9826340719127925,27,0.8663908493550743,0.8660975609756097,4109.0,4100.0,3560.0,3551.0
holdout,southern_california,M_SR,174,0.5,4,0.9575473181517223,50,0.9926989535166707,0.9926829268292683,4109.0,4100.0,4079.0,4070.0
holdout,southern_california,M_SR,174,1.0,8,0.9372225943167648,64,0.9924555853005598,0.9924390243902439,4109.0,4100.0,4078.0,4069.0
holdout,southern_california,M_SR,174,1.5,17,0.921384136790095,77,0.9924555853005598,0.9924390243902439,4109.0,4100.0,4078.0,4069.0
holdout,southern_california,M_SR,174,2.0,15,0.9101983720834285,86,0.9924555853005598,0.9924390243902439,4109.0,4100.0,4078.0,4069.0
holdout,southern_california,M_SR,174,3.0,4,0.8895473069944609,98,0.645655877342419,0.6448780487804878,4109.0,4100.0,2653.0,2644.0
holdout,southern_california,M_SR,175,0.1,9,0.9846909701511479,28,0.9941591628133366,0.9941463414634146,4109.0,4100.0,4085.0,4076.0
holdout,southern_california,M_SR,175,0.5,10,0.960072974165051,48,0.8147967875395473,0.814390243902439,4109.0,4100.0,3348.0,3339.0
holdout,southern_california,M_SR,175,1.0,2,0.9405104562218637,60,0.8135799464589925,0.813170731707317,4109.0,4100.0,3343.0,3334.0
holdout,southern_california,M_SR,175,1.5,2,0.9248887741122775,74,0.404234606960331,0.4029268292682927,4109.0,4100.0,1661.0,1652.0
holdout,southern_california,M_SR,175,2.0,17,0.9124044327780814,84,0.404234606960331,0.4029268292682927,4109.0,4100.0,1661.0,1652.0
holdout,southern_california,M_SR,175,3.0,13,0.890585608451978,91,0.8135799464589925,0.813170731707317,4109.0,4100.0,3343.0,3334.0
holdout,southern_california,M_SR,176,0.1,6,0.983367444825708,22,0.9941591628133366,0.9941463414634146,4109.0,4100.0,4085.0,4076.0
holdout,southern_california,M_SR,176,0.5,13,0.9593596509474431,47,0.8269651983450961,0.8265853658536585,4109.0,4100.0,3398.0,3389.0
holdout,southern_california,M_SR,176,1.0,13,0.9385081852921388,61,0.8649306400584084,0.8646341463414634,4109.0,4100.0,3554.0,3545.0
holdout,southern_california,M_SR,176,1.5,7,0.9226554369910819,74,0.8267218301289851,0.8263414634146341,4109.0,4100.0,3397.0,3388.0
holdout,southern_california,M_SR,176,2.0,19,0.9113055924292287,80,0.8267218301289851,0.8263414634146341,4109.0,4100.0,3397.0,3388.0
holdout,southern_california,M_SR,176,3.0,11,0.8887699961024444,92,0.8247748844000974,0.824390243902439,4109.0,4100.0,3389.0,3380.0
holdout,southern_california,M_SR,177,0.1,19,0.9840045191577204,31,0.8663908493550743,0.8660975609756097,4109.0,4100.0,3560.0,3551.0
holdout,southern_california,M_SR,177,0.5,3,0.9604474123295417,54,0.8269651983450961,0.8265853658536585,4109.0,4100.0,3398.0,3389.0
holdout,southern_california,M_SR,177,1.0,16,0.9410197896735001,65,0.8269651983450961,0.8265853658536585,4109.0,4100.0,3398.0,3389.0
holdout,southern_california,M_SR,177,1.5,6,0.9249025689947884,74,0.8259917254806523,0.8256097560975609,4109.0,4100.0,3394.0,3385.0
holdout,southern_california,M_SR,177,2.0,15,0.9114765982009926,81,0.8259917254806523,0.8256097560975609,4109.0,4100.0,3394.0,3385.0
holdout,southern_california,M_SR,177,3.0,5,0.8903716542315547,93,0.8238014115356534,0.8234146341463414,4109.0,4100.0,3385.0,3376.0
holdout,southern_california,M_SR,178,0.1,19,0.9826236294289415,24,0.656850815283524,0.6560975609756098,4109.0,4100.0,2699.0,2690.0
holdout,southern_california,M_SR,178,0.5,3,0.9579281454799227,50,0.5449014358724751,0.5439024390243903,4109.0,4100.0,2239.0,2230.0
holdout,southern_california,M_SR,178,1.0,16,0.9369410234162154,67,0.5449014358724751,0.5439024390243903,4109.0,4100.0,2239.0,2230.0
holdout,southern_california,M_SR,178,1.5,19,0.9216101744204674,76,0.5449014358724751,0.5439024390243903,4109.0,4100.0,2239.0,2230.0
holdout,southern_california,M_SR,178,2.0,14,0.90955030017536,86,0.42370406424920903,0.4224390243902439,4109.0,4100.0,1741.0,1732.0
holdout,southern_california,M_SR,178,3.0,8,0.8870883079413635,99,0.42370406424920903,0.4224390243902439,4109.0,4100.0,1741.0,1732.0
holdout,southern_california,M_SR,179,0.1,7,0.9824881470666286,29,0.9941591628133366,0.9941463414634146,4109.0,4100.0,4085.0,4076.0
holdout,southern_california,M_SR,179,0.5,9,0.9584667884289279,54,0.7736675590167924,0.7731707317073171,4109.0,4100.0,3179.0,3170.0
holdout,southern_california,M_SR,179,1.0,4,0.9370658018028983,66,0.7722073497201265,0.7717073170731708,4109.0,4100.0,3173.0,3164.0
holdout,southern_california,M_SR,179,1.5,12345,0.9218518843340465,79,0.7722073497201265,0.7717073170731708,4109.0,4100.0,3173.0,3164.0
holdout,southern_california,M_SR,179,2.0,1,0.9086758815927252,82,0.7722073497201265,0.7717073170731708,4109.0,4100.0,3173.0,3164.0
holdout,southern_california,M_SR,179,3.0,14,0.8861093088549912,96,0.7722073497201265,0.7717073170731708,4109.0,4100.0,3173.0,3164.0
holdout,southern_california,M_SR,180,0.1,16,0.9833743122418139,28,0.9941591628133366,0.9941463414634146,4109.0,4100.0,4085.0,4076.0
holdout,southern_california,M_SR,180,0.5,11,0.9590436609743049,51,0.6244828425407641,0.6236585365853659,4109.0,4100.0,2566.0,2557.0
holdout,southern_california,M_SR,180,1.0,4,0.9393695654509445,63,0.5972256023363349,0.5963414634146341,4109.0,4100.0,2454.0,2445.0
holdout,southern_california,M_SR,180,1.5,12345,0.9251366171683134,75,0.9172548065222682,0.9170731707317074,4109.0,4100.0,3769.0,3760.0
holdout,southern_california,M_SR,180,2.0,16,0.9130188728689153,83,0.5728887807252373,0.5719512195121951,4109.0,4100.0,2354.0,2345.0
holdout,southern_california,M_SR,180,3.0,3,0.8916005761521535,95,0.5731321489413482,0.5721951219512195,4109.0,4100.0,2355.0,2346.0
holdout,southern_california,M_SR,181,0.1,15,0.9840433642273284,23,0.8663908493550743,0.8660975609756097,4109.0,4100.0,3560.0,3551.0
holdout,southern_california,M_SR,181,0.5,12,0.9602765435220129,52,0.8264784619128742,0.8260975609756097,4109.0,4100.0,3396.0,3387.0
holdout,southern_california,M_SR,181,1.0,13,0.9398190713133698,64,0.8264784619128742,0.8260975609756097,4109.0,4100.0,3396.0,3387.0
holdout,southern_california,M_SR,181,1.5,14,0.9238540252435544,75,0.8264784619128742,0.8260975609756097,4109.0,4100.0,3396.0,3387.0
holdout,southern_california,M_SR,181,2.0,12,0.9113966233801065,77,0.8264784619128742,0.8260975609756097,4109.0,4100.0,3396.0,3387.0
holdout,southern_california,M_SR,181,3.0,5,0.8892541913497626,93,0.8264784619128742,0.8260975609756097,4109.0,4100.0,3396.0,3387.0
holdout,southern_california,M_SR,182,0.1,3,0.9836105210061681,27,0.9936724263811146,0.9936585365853658,4109.0,4100.0,4083.0,4074.0
holdout,southern_california,M_SR,182,0.5,15,0.95825445435755,49,0.9926989535166707,0.9926829268292683,4109.0,4100.0,4079.0,4070.0
holdout,southern_california,M_SR,182,1.0,16,0.9384299611971151,66,0.8259917254806523,0.8256097560975609,4109.0,4100.0,3394.0,3385.0
holdout,southern_california,M_SR,182,1.5,7,0.9218979748508423,72,0.8259917254806523,0.8256097560975609,4109.0,4100.0,3394.0,3385.0
holdout,southern_california,M_SR,182,2.0,6,0.9085716599901253,79,0.8259917254806523,0.8256097560975609,4109.0,4100.0,3394.0,3385.0
holdout,southern_california,M_SR,182,3.0,9,0.886296751332397,91,0.8259917254806523,0.8256097560975609,4109.0,4100.0,3394.0,3385.0
holdout,southern_california,M_SR,183,0.1,8,0.9832778260059339,28,0.8663908493550743,0.8660975609756097,4109.0,4100.0,3560.0,3551.0
holdout,southern_california,M_SR,183,0.5,11,0.9586665619194563,50,0.8649306400584084,0.8646341463414634,4109.0,4100.0,3554.0,3545.0
holdout,southern_california,M_SR,183,1.0,11,0.9386830322413197,63,0.8649306400584084,0.8646341463414634,4109.0,4100.0,3554.0,3545.0
holdout,southern_california,M_SR,183,1.5,7,0.9232373390613331,72,0.8649306400584084,0.8646341463414634,4109.0,4100.0,3554.0,3545.0
holdout,southern_california,M_SR,183,2.0,9,0.9105473329387387,83,0.8649306400584084,0.8646341463414634,4109.0,4100.0,3554.0,3545.0
holdout,southern_california,M_SR,183,3.0,8,0.8905048799495814,94,0.8578729617911901,0.8575609756097561,4109.0,4100.0,3525.0,3516.0
holdout,southern_california,M_SR,184,0.1,8,0.9842452175280624,26,0.9941591628133366,0.9941463414634146,4109.0,4100.0,4085.0,4076.0
holdout,southern_california,M_SR,184,0.5,12345,0.9601376788395206,54,0.9547335118033585,0.9546341463414634,4109.0,4100.0,3923.0,3914.0
holdout,southern_california,M_SR,184,1.0,13,0.9398903543737651,66,0.8269651983450961,0.8265853658536585,4109.0,4100.0,3398.0,3389.0
holdout,southern_california,M_SR,184,1.5,3,0.923312627080982,71,0.8269651983450961,0.8265853658536585,4109.0,4100.0,3398.0,3389.0
holdout,southern_california,M_SR,184,2.0,12345,0.9110280593160268,82,0.8250182526162083,0.8246341463414634,4109.0,4100.0,3390.0,3381.0
holdout,southern_california,M_SR,184,3.0,19,0.8893432621175817,91,0.8250182526162083,0.8246341463414634,4109.0,4100.0,3390.0,3381.0
holdout,southern_california,M_SR,185,0.1,6,0.9844489643465764,28,0.8659041129228523,0.865609756097561,4109.0,4100.0,3558.0,3549.0
holdout,southern_california,M_SR,185,0.5,19,0.9603968375298575,50,0.8264784619128742,0.8260975609756097,4109.0,4100.0,3396.0,3387.0
holdout,southern_california,M_SR,185,1.0,19,0.940397643643469,63,0.8262350936967632,0.8258536585365853,4109.0,4100.0,3395.0,3386.0
holdout,southern_california,M_SR,185,1.5,3,0.9247460796645418,67,0.8262350936967632,0.8258536585365853,4109.0,4100.0,3395.0,3386.0
holdout,southern_california,M_SR,185,2.0,3,0.9111249995199534,78,0.8259917254806523,0.8256097560975609,4109.0,4100.0,3394.0,3385.0
holdout,southern_california,M_SR,185,3.0,19,0.8888552771628749,95,0.8259917254806523,0.8256097560975609,4109.0,4100.0,3394.0,3385.0
holdout,southern_california,M_SR,186,0.1,2,0.9837122698220312,27,0.6239961061085422,0.6231707317073171,4109.0,4100.0,2564.0,2555.0
holdout,southern_california,M_SR,186,0.5,12345,0.9591361808491031,48,0.6239961061085422,0.6231707317073171,4109.0,4100.0,2564.0,2555.0
holdout,southern_california,M_SR,186,1.0,8,0.9385411688441728,65,0.5814066682891215,0.5804878048780487,4109.0,4100.0,2389.0,2380.0
holdout,southern_california,M_SR,186,1.5,7,0.9217471241009252,74,0.5814066682891215,0.5804878048780487,4109.0,4100.0,2389.0,2380.0
holdout,southern_california,M_SR,186,2.0,13,0.9091335214114318,80,0.5814066682891215,0.5804878048780487,4109.0,4100.0,2389.0,2380.0
holdout,southern_california,M_SR,186,3.0,1,0.8878013574571962,96,0.5551229009491361,0.5541463414634147,4109.0,4100.0,2281.0,2272.0
holdout,southern_california,M_SR,187,0.1,16,0.9843002630683806,26,0.9936724263811146,0.9936585365853658,4109.0,4100.0,4083.0,4074.0
holdout,southern_california,M_SR,187,0.5,10,0.9587231455185975,50,0.9941591628133366,0.9941463414634146,4109.0,4100.0,4085.0,4076.0
holdout,southern_california,M_SR,187,1.0,10,0.9387801091195827,64,0.5714285714285714,0.5704878048780487,4109.0,4100.0,2348.0,2339.0
holdout,southern_california,M_SR,187,1.5,9,0.9247911391104711,75,0.9936724263811146,0.9936585365853658,4109.0,4100.0,4083.0,4074.0
holdout,southern_california,M_SR,187,2.0,9,0.9125201562193905,79,0.8656607447067413,0.8653658536585366,4109.0,4100.0,3557.0,3548.0
holdout,southern_california,M_SR,187,3.0,10,0.8913807857181132,98,0.5689948892674617,0.5680487804878048,4109.0,4100.0,2338.0,2329.0
holdout,southern_california,M_SR,188,0.1,12345,0.9845311155393089,30,0.9936724263811146,0.9936585365853658,4109.0,4100.0,4083.0,4074.0
holdout,southern_california,M_SR,188,0.5,11,0.9604006329823456,44,0.9936724263811146,0.9936585365853658,4109.0,4100.0,4083.0,4074.0
holdout,southern_california,M_SR,188,1.0,19,0.9396037647006055,65,0.9926989535166707,0.9926829268292683,4109.0,4100.0,4079.0,4070.0
holdout,southern_california,M_SR,188,1.5,9,0.9232777249261785,72,0.9321002677050377,0.9319512195121952,4109.0,4100.0,3830.0,3821.0
holdout,southern_california,M_SR,188,2.0,14,0.9095353538439805,82,0.8926746166950597,0.8924390243902439,4109.0,4100.0,3668.0,3659.0
holdout,southern_california,M_SR,188,3.0,12,0.8872314646197923,93,0.7527378924312484,0.7521951219512195,4109.0,4100.0,3093.0,3084.0
holdout,southern_california,M_SR,189,0.1,15,0.9831377914886814,28,0.9936724263811146,0.9936585365853658,4109.0,4100.0,4083.0,4074.0
holdout,southern_california,M_SR,189,0.5,7,0.9584381037632943,51,0.9922122170844487,0.9921951219512195,4109.0,4100.0,4077.0,4068.0
holdout,southern_california,M_SR,189,1.0,9,0.9379322059573844,68,0.8644439036261864,0.8641463414634146,4109.0,4100.0,3552.0,3543.0
holdout,southern_california,M_SR,189,1.5,8,0.9231795077707797,75,0.858116330007301,0.8578048780487805,4109.0,4100.0,3526.0,3517.0
holdout,southern_california,M_SR,189,2.0,11,0.9112451340095359,81,0.8576295935750791,0.8573170731707317,4109.0,4100.0,3524.0,3515.0
holdout,southern_california,M_SR,189,3.0,11,0.8893375225479331,94,0.8576295935750791,0.8573170731707317,4109.0,4100.0,3524.0,3515.0
holdout,southern_california,M_SR,190,0.1,14,0.9838026832051228,28,0.9941591628133366,0.9941463414634146,4109.0,4100.0,4085.0,4076.0
holdout,southern_california,M_SR,190,0.5,12,0.9571937674785557,50,0.9941591628133366,0.9941463414634146,4109.0,4100.0,4085.0,4076.0
holdout,southern_california,M_SR,190,1.0,9,0.9353062191863034,64,0.9939157945972256,0.9939024390243902,4109.0,4100.0,4084.0,4075.0
holdout,southern_california,M_SR,190,1.5,9,0.9195131955688026,76,0.9924555853005598,0.9924390243902439,4109.0,4100.0,4078.0,4069.0
holdout,southern_california,M_SR,190,2.0,17,0.9074132642902214,84,0.9924555853005598,0.9924390243902439,4109.0,4100.0,4078.0,4069.0
holdout,southern_california,M_SR,190,3.0,19,0.8859555063256317,97,0.9922122170844487,0.9921951219512195,4109.0,4100.0,4077.0,4068.0
holdout,southern_california,M_SR,191,0.1,4,0.9833718679387153,26,0.9936724263811146,0.9936585365853658,4109.0,4100.0,4083.0,4074.0
holdout,southern_california,M_SR,191,0.5,4,0.9587729643467965,50,0.6239961061085422,0.6231707317073171,4109.0,4100.0,2564.0,2555.0
holdout,southern_california,M_SR,191,1.0,11,0.9380649025087145,64,0.5986858116330007,0.5978048780487805,4109.0,4100.0,2460.0,2451.0
holdout,southern_california,M_SR,191,1.5,10,0.9225092843549666,70,0.7731808225845704,0.7726829268292683,4109.0,4100.0,3177.0,3168.0
holdout,southern_california,M_SR,191,2.0,15,0.9095971980246992,81,0.7731808225845704,0.7726829268292683,4109.0,4100.0,3177.0,3168.0
holdout,southern_california,M_SR,191,3.0,13,0.8883941582795792,93,0.7731808225845704,0.7726829268292683,4109.0,4100.0,3177.0,3168.0
holdout,southern_california,M_SR,192,0.1,1,0.9829934256670542,29,0.8659041129228523,0.865609756097561,4109.0,4100.0,3558.0,3549.0
holdout,southern_california,M_SR,192,0.5,14,0.9596711785021228,51,0.8133365782428815,0.8129268292682926,4109.0,4100.0,3342.0,3333.0
holdout,southern_california,M_SR,192,1.0,15,0.937707938980275,63,0.8133365782428815,0.8129268292682926,4109.0,4100.0,3342.0,3333.0
holdout,southern_california,M_SR,192,1.5,12345,0.9209643802281573,72,0.8133365782428815,0.8129268292682926,4109.0,4100.0,3342.0,3333.0
holdout,southern_california,M_SR,192,2.0,15,0.9084280068442823,80,0.8133365782428815,0.8129268292682926,4109.0,4100.0,3342.0,3333.0
holdout,southern_california,M_SR,192,3.0,9,0.8860324714057018,88,0.7527378924312484,0.7521951219512195,4109.0,4100.0,3093.0,3084.0
holdout,southern_california,M_SR,193,0.1,10,0.9830039494949078,28,0.9926989535166707,0.9926829268292683,4109.0,4100.0,4079.0,4070.0
holdout,southern_california,M_SR,193,0.5,12345,0.9577496283153695,53,0.9547335118033585,0.9546341463414634,4109.0,4100.0,3923.0,3914.0
holdout,southern_california,M_SR,193,1.0,9,0.937857538522016,68,0.5699683621319056,0.5690243902439024,4109.0,4100.0,2342.0,2333.0
holdout,southern_california,M_SR,193,1.5,18,0.9238295847007393,75,0.9532733025066926,0.953170731707317,4109.0,4100.0,3917.0,3908.0
holdout,southern_california,M_SR,193,2.0,11,0.9117341235489731,78,0.9167680700900462,0.9165853658536586,4109.0,4100.0,3767.0,3758.0
holdout,southern_california,M_SR,193,3.0,18,0.8897608013430097,94,0.9167680700900462,0.9165853658536586,4109.0,4100.0,3767.0,3758.0
holdout,southern_california,M_SR,194,0.1,2,0.9843502043040382,27,0.9941591628133366,0.9941463414634146,4109.0,4100.0,4085.0,4076.0
holdout,southern_california,M_SR,194,0.5,19,0.9592317767739583,48,0.9547335118033585,0.9546341463414634,4109.0,4100.0,3923.0,3914.0
holdout,southern_california,M_SR,194,1.0,4,0.9380104220103034,61,0.9542467753711366,0.9541463414634146,4109.0,4100.0,3921.0,3912.0
holdout,southern_california,M_SR,194,1.5,15,0.9226011137316671,72,0.9542467753711366,0.9541463414634146,4109.0,4100.0,3921.0,3912.0
holdout,southern_california,M_SR,194,2.0,15,0.9103308131026779,78,0.9542467753711366,0.9541463414634146,4109.0,4100.0,3921.0,3912.0
holdout,southern_california,M_SR,194,3.0,7,0.8886365978672531,94,0.9542467753711366,0.9541463414634146,4109.0,4100.0,3921.0,3912.0
holdout,southern_california,M_SR,195,0.1,9,0.9843487795714103,32,0.9926989535166707,0.9926829268292683,4109.0,4100.0,4079.0,4070.0
holdout,southern_california,M_SR,195,0.5,19,0.9582946747083514,49,0.9912387442200049,0.9912195121951219,4109.0,4100.0,4073.0,4064.0
holdout,southern_california,M_SR,195,1.0,19,0.9379250899287015,60,0.6098807495741057,0.6090243902439024,4109.0,4100.0,2506.0,2497.0
holdout,southern_california,M_SR,195,1.5,7,0.9217259806873619,75,0.6098807495741057,0.6090243902439024,4109.0,4100.0,2506.0,2497.0
holdout,southern_california,M_SR,195,2.0,1,0.9085906873314139,81,0.8634704307617426,0.8631707317073171,4109.0,4100.0,3548.0,3539.0
holdout,southern_california,M_SR,195,3.0,9,0.8872628343054633,93,0.9912387442200049,0.9912195121951219,4109.0,4100.0,4073.0,4064.0
holdout,southern_california,M_SR,196,0.1,12,0.9832780956589097,27,0.9936724263811146,0.9936585365853658,4109.0,4100.0,4083.0,4074.0
holdout,southern_california,M_SR,196,0.5,7,0.9591394622243762,48,0.9542467753711366,0.9541463414634146,4109.0,4100.0,3921.0,3912.0
holdout,southern_california,M_SR,196,1.0,14,0.9384641304576811,63,0.9542467753711366,0.9541463414634146,4109.0,4100.0,3921.0,3912.0
holdout,southern_california,M_SR,196,1.5,15,0.9223409979339197,75,0.9527865660744707,0.9526829268292683,4109.0,4100.0,3915.0,3906.0
holdout,southern_california,M_SR,196,2.0,7,0.9104343733425293,87,0.9527865660744707,0.9526829268292683,4109.0,4100.0,3915.0,3906.0
holdout,southern_california,M_SR,196,3.0,2,0.8896968640480862,92,0.9527865660744707,0.9526829268292683,4109.0,4100.0,3915.0,3906.0
holdout,southern_california,M_SR,197,0.1,1,0.9834635986891361,27,0.9939157945972256,0.9939024390243902,4109.0,4100.0,4084.0,4075.0
holdout,southern_california,M_SR,197,0.5,12345,0.9585615659321112,53,0.8661474811389632,0.8658536585365854,4109.0,4100.0,3559.0,3550.0
holdout,southern_california,M_SR,197,1.0,1,0.9392212180723375,67,0.8656607447067413,0.8653658536585366,4109.0,4100.0,3557.0,3548.0
holdout,southern_california,M_SR,197,1.5,5,0.9223644227553334,74,0.8656607447067413,0.8653658536585366,4109.0,4100.0,3557.0,3548.0
holdout,southern_california,M_SR,197,2.0,6,0.9102199084072882,82,0.8262350936967632,0.8258536585365853,4109.0,4100.0,3395.0,3386.0
holdout,southern_california,M_SR,197,3.0,8,0.8895294574504751,90,0.8259917254806523,0.8256097560975609,4109.0,4100.0,3394.0,3385.0
holdout,southern_california,M_SR,198,0.1,14,0.9834673463243705,27,0.9941591628133366,0.9941463414634146,4109.0,4100.0,4085.0,4076.0
holdout,southern_california,M_SR,198,0.5,4,0.958719384602417,49,0.9540034071550255,0.9539024390243902,4109.0,4100.0,3920.0,3911.0
holdout,southern_california,M_SR,198,1.0,3,0.9392324866195648,62,0.9540034071550255,0.9539024390243902,4109.0,4100.0,3920.0,3911.0
holdout,southern_california,M_SR,198,1.5,11,0.9242167121514426,75,0.9542467753711366,0.9541463414634146,4109.0,4100.0,3921.0,3912.0
holdout,southern_california,M_SR,198,2.0,10,0.9120851972180192,83,0.8264784619128742,0.8260975609756097,4109.0,4100.0,3396.0,3387.0
holdout,southern_california,M_SR,198,3.0,2,0.8908420341727393,96,0.8262350936967632,0.8258536585365853,4109.0,4100.0,3395.0,3386.0
holdout,southern_california,M_SR,199,0.1,12,0.9837084970613059,25,0.9936724263811146,0.9936585365853658,4109.0,4100.0,4083.0,4074.0
holdout,southern_california,M_SR,199,0.5,15,0.957873543838624,48,0.8342662448284254,0.8339024390243902,4109.0,4100.0,3428.0,3419.0
holdout,southern_california,M_SR,199,1.0,4,0.9366704273364612,65,0.8328060355317596,0.8324390243902439,4109.0,4100.0,3422.0,3413.0
holdout,southern_california,M_SR,199,1.5,10,0.919934644940833,74,0.8255049890484303,0.8251219512195122,4109.0,4100.0,3392.0,3383.0
holdout,southern_california,M_SR,199,2.0,12345,0.9071413573917825,79,0.8255049890484303,0.8251219512195122,4109.0,4100.0,3392.0,3383.0
holdout,southern_california,M_SR,199,3.0,7,0.8841432518797385,92,0.5699683621319056,0.5690243902439024,4109.0,4100.0,2342.0,2333.0
