scope,region,model,realization,C,Cw,accepted,attempts,acceptance,edge_overlap,cached
full,shanxi,observed,-1,0.4969564740742232,0.001719142877096268,,,,,
full,shanxi,M_SR,0,0.39612798055543763,0.0011564682138453333,2688640.0,250809882.0,0.010719832801484273,0.5543918114734587,True
full,shanxi,M_SR,1,0.3921565593379693,0.00109970171229803,2688640.0,250351214.0,0.010739472587498617,0.5596286598428946,True
full,shanxi,M_SR,2,0.3930354218219506,0.0010416436741576766,2688640.0,250108301.0,0.01074990309897791,0.5560580814091883,True
full,shanxi,M_SR,3,0.40369296398086857,0.0011878276453807716,2688640.0,250565087.0,0.010730305774802537,0.5593906212806474,True
full,shanxi,M_SR,4,0.3925397893710819,0.001120977464270968,2688640.0,250541091.0,0.010731333488126304,0.5505831944775054,True
full,shanxi,M_SR,5,0.38895150381291527,0.001053355677030577,2688640.0,249762389.0,0.010764791331332117,0.5560580814091883,True
full,shanxi,M_SR,6,0.39035025056952927,0.0011119249659133504,2688640.0,250546567.0,0.010731098941778755,0.549631040228517,True
full,shanxi,M_SR,7,0.39600405043378584,0.0010446750295266159,2688640.0,250518358.0,0.010732307290629775,0.5541537729112116,True
full,shanxi,M_SR,8,0.392523582198394,0.0010730377011367257,2688640.0,250195507.0,0.010746156204955351,0.5617710069031183,True
full,shanxi,M_SR,9,0.4019626354060432,0.0011435191816499388,2688640.0,250641006.0,0.010727055572063894,0.5548678885979529,True
full,shanxi,M_SR,10,0.3931661833471833,0.001066320140201951,2688640.0,250282976.0,0.010742400633753053,0.552249464413235,True
full,shanxi,M_SR,11,0.40733715262732967,0.0011727523637066494,2688640.0,250543407.0,0.010731234288675574,0.555343965722447,True
full,shanxi,M_SR,12,0.40618835619068905,0.0011507662655269454,2688640.0,250995096.0,0.010711922435329174,0.5565341585336825,True
full,shanxi,M_SR,13,0.39952726654468845,0.0011392051410383105,2688640.0,249891324.0,0.010759237083397101,0.552249464413235,True
full,shanxi,M_SR,14,0.3946441779492874,0.0012207522747868867,2688640.0,250473353.0,0.010734235669372781,0.5493930016662699,True
full,shanxi,M_SR,15,0.39870120003733167,0.0012213646895234903,2688640.0,250286629.0,0.01074224384555517,0.5532016186622233,True
full,shanxi,M_SR,16,0.39486547562225177,0.0010272784859389193,2688640.0,250898351.0,0.010716052892671264,0.5648655082123304,True
full,shanxi,M_SR,17,0.39598694697150694,0.0011406484865340405,2688640.0,250532541.0,0.010731699719598501,0.5558200428469412,True
full,shanxi,M_SR,18,0.4059671005814659,0.001138017966847195,2688640.0,250673541.0,0.010725663304050108,0.5527255415377291,True
full,shanxi,M_SR,19,0.40083210365246275,0.0011748594244819532,2688640.0,250240304.0,0.010744232471840347,0.5615329683408712,True
full,shanxi,M_SR,20,0.40107008536206357,0.0011492560282461847,2688640.0,250450692.0,0.010735206912504758,0.5577243513449178,True
full,shanxi,M_SR,21,0.4004247785637581,0.001182809048025804,2688640.0,250088208.0,0.010750766785453555,0.5562961199714354,True
full,shanxi,M_SR,22,0.3979550212941729,0.0010845344335464165,2688640.0,250426046.0,0.010736263431640015,0.5536776957867174,True
full,shanxi,M_SR,23,0.4033024486073847,0.0011105038732497016,2688640.0,250426906.0,0.010736226561853541,0.5589145441561533,True
full,shanxi,M_SR,24,0.40018304794000514,0.001069205791502221,2688640.0,250478375.0,0.010734020451865356,0.5565341585336825,True
full,shanxi,M_SR,25,0.4054554408481742,0.0011839593441802145,2688640.0,250932220.0,0.010714606518046985,0.5577243513449178,True
full,shanxi,M_SR,26,0.3978487874730516,0.0011009405197446402,2688640.0,250370428.0,0.010738648415778559,0.5648655082123304,True
full,shanxi,M_SR,27,0.4052806744871673,0.0010930606913484241,2688640.0,250217480.0,0.010745212524720495,0.5455843846703166,True
full,shanxi,M_SR,28,0.4035514074620604,0.0012281994430805739,2688640.0,250026310.0,0.010753428309204739,0.5422518447988575,True
full,shanxi,M_SR,29,0.3988231633417042,0.0011405093274052473,2688640.0,250578641.0,0.01072972536394273,0.5520114258509878,True
full,shanxi,M_SR,30,0.39449814391583427,0.0011760888602536416,2688640.0,249949284.0,0.010756742155740682,0.5584384670316591,False
full,shanxi,M_SR,31,0.4005352967489137,0.0011288024526245292,2688640.0,249959872.0,0.010756286513060785,0.5470126160437991,False
full,shanxi,M_SR,32,0.39178020579383255,0.0011590939500304488,2688640.0,250661399.0,0.010726182853547386,0.5539157343489646,False
full,shanxi,M_SR,33,0.3929652097016409,0.0010854069085034046,2688640.0,250493181.0,0.010733385991852609,0.5562961199714354,False
full,shanxi,M_SR,34,0.3920412339439615,0.001255836746144009,2688640.0,251023756.0,0.01071069942878235,0.5622470840276125,False
full,shanxi,M_SR,35,0.40179818312730137,0.0011479302983025239,2688640.0,249760118.0,0.010764889212616403,0.5493930016662699,False
full,shanxi,M_SR,36,0.40057880038223503,0.001178719879472405,2688640.0,250825045.0,0.010719184760835984,0.5558200428469412,False
full,shanxi,M_SR,37,0.3994267477139732,0.0012069959368822853,2688640.0,250346860.0,0.01073965936700784,0.5555820042846942,False
full,shanxi,M_SR,38,0.3989178828051462,0.0011236367145320539,2688640.0,250457193.0,0.01073492826376921,0.5541537729112116,False
full,shanxi,M_SR,39,0.3939192426905714,0.0011269150597153074,2688640.0,250679844.0,0.010725393621993796,0.5591525827184004,False
full,shanxi,M_SR,40,0.40301324571599634,0.0010842149166226279,2688640.0,250007316.0,0.010754245287765899,0.5596286598428946,False
full,shanxi,M_SR,41,0.4006256227412349,0.0011510025345833922,2688640.0,250145465.0,0.010748305990676265,0.5548678885979529,False
full,shanxi,M_SR,42,0.394428358038138,0.0011625058294842104,2688640.0,250652375.0,0.010726569018147145,0.5515353487264937,False
full,shanxi,M_SR,43,0.3999566219922885,0.0011479425398555712,2688640.0,250008378.0,0.010754199605262828,0.5446322304213282,False
full,shanxi,M_SR,44,0.39724325081064804,0.0011690987559445018,2688640.0,250651839.0,0.010726591956103702,0.5555820042846942,False
full,shanxi,M_SR,45,0.39879928359460926,0.0011184561000521568,2688640.0,250834648.0,0.010718774385586476,0.5529635800999761,False
full,shanxi,M_SR,46,0.3986137025154533,0.0011587887090482778,2688640.0,249879418.0,0.01075974972856708,0.5584384670316591,False
full,shanxi,M_SR,47,0.3946253927476088,0.0011398453949955827,2688640.0,250752880.0,0.01072226967044207,0.5546298500357058,False
full,shanxi,M_SR,48,0.39077874316930333,0.0011168846764188002,2688640.0,250110916.0,0.01074979070485672,0.5508212330397524,False
full,shanxi,M_SR,49,0.3976139881622003,0.0010806438460629376,2688640.0,250571520.0,0.010730030292349266,0.5479647702927875,False
full,shanxi,M_SR,50,0.39305997134359943,0.0010830909043948156,2688640.0,250054363.0,0.010752221907841695,0.5582004284694121,False
full,shanxi,M_SR,51,0.40296650104282644,0.0011259194141335117,2688640.0,250605880.0,0.010728559122395691,0.5555820042846942,False
full,shanxi,M_SR,52,0.40163310830786525,0.0011238991351297718,2688640.0,250499337.0,0.010733122219800526,0.5546298500357058,False
full,shanxi,M_SR,53,0.3927550815804856,0.0011200564483525178,2688640.0,250687577.0,0.010725062774052023,0.5572482742204237,False
full,shanxi,M_SR,54,0.4005573538282644,0.0011290316164358856,2688640.0,250272759.0,0.010742839175717082,0.5596286598428946,False
full,shanxi,M_SR,55,0.39617973804688966,0.001036213161688066,2688640.0,250799434.0,0.010720279376707047,0.5512973101642467,False
full,shanxi,M_SR,56,0.397472377558973,0.001056593359462216,2688640.0,250132521.0,0.010748862200129506,0.557962389907165,False
full,shanxi,M_SR,57,0.3979226722807423,0.0011072354051188575,2688640.0,250260601.0,0.010743361077439433,0.5551059271601999,False
full,shanxi,M_SR,58,0.3963134605967898,0.0011077553023441078,2688640.0,250646335.0,0.010726827503781374,0.5534396572244704,False
full,shanxi,M_SR,59,0.4008044474790948,0.0010868010682366582,2688640.0,249952790.0,0.010756591274696314,0.5551059271601999,False
full,shanxi,M_SR,60,0.398933547567468,0.0011026525868877664,2688640.0,250478527.0,0.01073401393804907,0.5479647702927875,False
full,shanxi,M_SR,61,0.3986717594258537,0.0010790318812202416,2688640.0,250404932.0,0.010737168707204217,0.5655796238990717,False
full,shanxi,M_SR,62,0.3992331540937562,0.0010673892800779176,2688640.0,250582880.0,0.010729543853913724,0.5562961199714354,False
full,shanxi,M_SR,63,0.40293393983459985,0.001171613613826561,2688640.0,250261233.0,0.01074333394657254,0.5567721970959295,False
full,shanxi,M_SR,64,0.3962047367719028,0.0011320716972665066,2688640.0,250546183.0,0.010731115388814366,0.5601047369673887,False
full,shanxi,M_SR,65,0.40332479214477845,0.001122242534676284,2688640.0,250783800.0,0.010720947684818558,0.5448702689835754,False
full,shanxi,M_SR,66,0.3935945617544317,0.0012282991028880867,2688640.0,250357381.0,0.010739208044359594,0.5570102356581766,False
full,shanxi,M_SR,67,0.40076209569975757,0.0010733293516987108,2688640.0,250341524.0,0.010739888281578088,0.5570102356581766,False
full,shanxi,M_SR,68,0.40970110353570194,0.0011168481898058153,2688640.0,250317117.0,0.010740935467069957,0.5548678885979529,False
full,shanxi,M_SR,69,0.39556210970731875,0.0011470570696969125,2688640.0,250241575.0,0.010744177900894367,0.5591525827184004,False
full,shanxi,M_SR,70,0.4055546559461798,0.001145516777983965,2688640.0,250691398.0,0.010724899304283268,0.5529635800999761,False
full,shanxi,M_SR,71,0.3957388591514449,0.0011888313302944702,2688640.0,250220990.0,0.010745061795175537,0.5484408474172816,False
full,shanxi,M_SR,72,0.40093582450390336,0.0011486123413789863,2688640.0,250031189.0,0.010753218471476372,0.5574863127826708,False
full,shanxi,M_SR,73,0.40301530438437166,0.0010712643165491395,2688640.0,249660425.0,0.01076918778777213,0.5562961199714354,False
full,shanxi,M_SR,74,0.4057509565999243,0.0011433466377042158,2688640.0,250374253.0,0.010738484360051192,0.5589145441561533,False
full,shanxi,M_SR,75,0.40282513034715706,0.0010733361083378173,2688640.0,250347904.0,0.010739614580515922,0.5517733872887408,False
full,shanxi,M_SR,76,0.4066414584612121,0.0011141211851014366,2688640.0,250358167.0,0.010739174328593004,0.5555820042846942,False
full,shanxi,M_SR,77,0.3954093907308297,0.0010894814314534088,2688640.0,250485224.0,0.010733726952293202,0.5527255415377291,False
full,shanxi,M_SR,78,0.3969943243146558,0.0011427778170543482,2688640.0,250111208.0,0.010749778154683896,0.5605808140918829,False
full,shanxi,M_SR,79,0.39609116986539705,0.0011638280229744793,2688640.0,250557150.0,0.010730645683030797,0.5512973101642467,False
full,shanxi,M_SR,80,0.40715253427987513,0.0011392144889388277,2688640.0,249883507.0,0.010759573660057524,0.5627231611521066,False
full,shanxi,M_SR,81,0.39259038384064027,0.001146171774860578,2688640.0,250265476.0,0.010743151804126591,0.5512973101642467,False
full,shanxi,M_SR,82,0.3963479792204282,0.0011631162748324349,2688640.0,250479586.0,0.010733968555824746,0.5603427755296359,False
full,shanxi,M_SR,83,0.4011790913600518,0.0012215684720617746,2688640.0,250769700.0,0.010721550490350309,0.5586765055939062,False
full,shanxi,M_SR,84,0.3948339156081557,0.0011284741128832253,2688640.0,250565665.0,0.010730281022341987,0.5482028088550345,False
full,shanxi,M_SR,85,0.39956130346823565,0.001157082129796496,2688640.0,250402135.0,0.010737288641728234,0.5532016186622233,False
full,shanxi,M_SR,86,0.4031909833086023,0.0011117414241906772,2688640.0,249828766.0,0.01076193123413178,0.5551059271601999,False
full,shanxi,M_SR,87,0.3963985919606621,0.0011683863507965196,2688640.0,250436415.0,0.010735818910360939,0.555343965722447,False
full,shanxi,M_SR,88,0.40048424560949974,0.0011415394694415154,2688640.0,250568219.0,0.01073017165037997,0.5489169245417758,False
full,shanxi,M_SR,89,0.3907879759980611,0.0011877260709965425,2688640.0,250491308.0,0.010733466248657219,0.5548678885979529,False
full,shanxi,M_SR,90,0.40045535651450564,0.001041420786030634,2688640.0,250535995.0,0.010731551767641213,0.5577243513449178,False
full,shanxi,M_SR,91,0.3932792312938514,0.0010725806597997717,2688640.0,250506311.0,0.010732823413778186,0.5517733872887408,False
full,shanxi,M_SR,92,0.3945640738641434,0.001049821290632592,2688640.0,250852541.0,0.010718009828730418,0.5560580814091883,False
full,shanxi,M_SR,93,0.3977497759224252,0.0011160992170993166,2688640.0,250781459.0,0.010721047762944868,0.5546298500357058,False
full,shanxi,M_SR,94,0.39979704214591594,0.0010937727084915604,2688640.0,250613127.0,0.010728248883786522,0.5532016186622233,False
full,shanxi,M_SR,95,0.3990250525847847,0.001090902199857879,2688640.0,249624729.0,0.010770727767119579,0.5567721970959295,False
full,shanxi,M_SR,96,0.3953262593910355,0.0010840127058873818,2688640.0,250536327.0,0.010731537546648873,0.552249464413235,False
full,shanxi,M_SR,97,0.39978177664375614,0.0010808946921534908,2688640.0,250412509.0,0.010736843821168695,0.5534396572244704,False
full,shanxi,M_SR,98,0.4002938804561601,0.0011868017015765348,2688640.0,250514803.0,0.010732459590421888,0.5586765055939062,False
full,shanxi,M_SR,99,0.4044986896942888,0.0011329520151841953,2688640.0,250556137.0,0.010730689067097168,0.5567721970959295,False
full,shanxi,M_SR,100,0.3985057318469271,0.0011009733417854956,2688640.0,249959761.0,0.010756291289620813,0.5589145441561533,False
full,shanxi,M_SR,101,0.38762855157921805,0.0010026153923491843,2688640.0,250354316.0,0.010739339520713516,0.5517733872887408,False
full,shanxi,M_SR,102,0.3938591135284397,0.0011069686875517643,2688640.0,250253177.0,0.010743679789527706,0.5512973101642467,False
full,shanxi,M_SR,103,0.3975589005006799,0.0011439994786318656,2688640.0,250457388.0,0.010734919905816473,0.5582004284694121,False
full,shanxi,M_SR,104,0.4005316735577317,0.0010998104630988348,2688640.0,249757102.0,0.010765019206540922,0.5562961199714354,False
full,shanxi,M_SR,105,0.3922151918065758,0.0010608720867337313,2688640.0,250455407.0,0.0107350048146495,0.5534396572244704,False
full,shanxi,M_SR,106,0.39848797698594596,0.001075171934743179,2688640.0,250091587.0,0.01075062153130325,0.5589145441561533,False
full,shanxi,M_SR,107,0.3998907371863012,0.0010853710769054908,2688640.0,250505142.0,0.010732873499259348,0.5582004284694121,False
full,shanxi,M_SR,108,0.3951270124650507,0.0011238305692493275,2688640.0,250328525.0,0.010740445979937764,0.5596286598428946,False
full,shanxi,M_SR,109,0.39887828222797506,0.0010855054048724345,2688640.0,250622665.0,0.010727840596539822,0.5617710069031183,False
full,shanxi,M_SR,110,0.4006647125721583,0.0010974356053725905,2688640.0,250410829.0,0.010736915854385834,0.5546298500357058,False
full,shanxi,M_SR,111,0.4043770695824252,0.0012069681224983766,2688640.0,250624507.0,0.01072776175076925,0.5503451559152582,False
full,shanxi,M_SR,112,0.40696318823871197,0.0012359882977637782,2688640.0,250031840.0,0.010753190473661274,0.5551059271601999,False
full,shanxi,M_SR,113,0.39040134442591995,0.0010862225859254438,2688640.0,250457316.0,0.010734922991828277,0.5536776957867174,False
full,shanxi,M_SR,114,0.4028414355180531,0.0011202363322451374,2688640.0,250288396.0,0.010742168006861973,0.557962389907165,False
full,shanxi,M_SR,115,0.39673772849294486,0.0011274619195814017,2688640.0,250469885.0,0.010734384295341534,0.555343965722447,False
full,shanxi,M_SR,116,0.3928899448467259,0.0011231439841118825,2688640.0,250605649.0,0.010728569011626709,0.5584384670316591,False
full,shanxi,M_SR,117,0.40476378157284537,0.0011236273805937975,2688640.0,250354096.0,0.01073934895796552,0.5577243513449178,False
full,shanxi,M_SR,118,0.40022231402892783,0.001122946512691034,2688640.0,250303268.0,0.010741529751021868,0.5512973101642467,False
full,shanxi,M_SR,119,0.39620402782035613,0.0010945100260833704,2688640.0,250014178.0,0.010753950121980682,0.5546298500357058,False
full,shanxi,M_SR,120,0.3940900464670501,0.0010837222399779113,2688640.0,250003047.0,0.010754428925020262,0.552249464413235,False
full,shanxi,M_SR,121,0.3982731510005565,0.0010730017810340188,2688640.0,250286436.0,0.010742252129076623,0.5534396572244704,False
full,shanxi,M_SR,122,0.4090726750039005,0.001158933416903244,2688640.0,250212060.0,0.01074544528349273,0.5582004284694121,False
full,shanxi,M_SR,123,0.39515121870910036,0.0011047518236053315,2688640.0,250037118.0,0.010752963486005306,0.5582004284694121,False
full,shanxi,M_SR,124,0.4042698547169797,0.0011232306461919671,2688640.0,250496606.0,0.0107332392359839,0.552249464413235,False
full,shanxi,M_SR,125,0.39623432741414205,0.0012369098559360011,2688640.0,250413202.0,0.010736814107748202,0.5551059271601999,False
full,shanxi,M_SR,126,0.40895832103547136,0.0011627870888970787,2688640.0,249987564.0,0.010755095001445752,0.5555820042846942,False
full,shanxi,M_SR,127,0.4044648700066348,0.001108611228063778,2688640.0,250259621.0,0.010743403147725537,0.5584384670316591,False
full,shanxi,M_SR,128,0.3968684579957331,0.0011688602250327753,2688640.0,249997321.0,0.010754675247099948,0.5548678885979529,False
full,shanxi,M_SR,129,0.40428639052068793,0.0011165532809761665,2688640.0,249493465.0,0.010776394483919649,0.5539157343489646,False
full,shanxi,M_SR,130,0.39958960637328006,0.001372514477883964,2688640.0,249951769.0,0.01075663521309185,0.552249464413235,False
full,shanxi,M_SR,131,0.40516542282592566,0.0010995388443911978,2688640.0,250345537.0,0.010739716122840248,0.56081885265413,False
full,shanxi,M_SR,132,0.38981673168484043,0.0011334941337896335,2688640.0,249846590.0,0.010761163480358087,0.5517733872887408,False
full,shanxi,M_SR,133,0.39637917997817257,0.0011270590231452365,2688640.0,250986051.0,0.010712308470083065,0.5489169245417758,False
full,shanxi,M_SR,134,0.4033559185795068,0.0011622421081765207,2688640.0,250409232.0,0.010736984329715128,0.5532016186622233,False
full,shanxi,M_SR,135,0.40063179698215234,0.0011318017545781075,2688640.0,250164834.0,0.010747473803612222,0.5551059271601999,False
full,shanxi,M_SR,136,0.39808817919553724,0.001128058602078962,2688640.0,250133235.0,0.01074883151773094,0.549631040228517,False
full,shanxi,M_SR,137,0.39362328396351687,0.001071773035078686,2688640.0,251100534.0,0.01070742446131158,0.5605808140918829,False
full,shanxi,M_SR,138,0.40013335467375155,0.0013406557088776398,2688640.0,250897423.0,0.010716092528379616,0.5539157343489646,False
full,shanxi,M_SR,139,0.4005668325499969,0.0011281142443926087,2688640.0,250348754.0,0.010739578116693961,0.5529635800999761,False
full,shanxi,M_SR,140,0.40259338205207806,0.0011131214775394849,2688640.0,250523203.0,0.010732099732893803,0.5534396572244704,False
full,shanxi,M_SR,141,0.403717890827221,0.0011308043154237095,2688640.0,250202679.0,0.010745848168955857,0.5603427755296359,False
full,shanxi,M_SR,142,0.39578640972917717,0.001151355946822368,2688640.0,250231449.0,0.010744612680558789,0.5527255415377291,False
full,shanxi,M_SR,143,0.3962408386329752,0.0011150930073919455,2688640.0,250148264.0,0.010748185723967288,0.5555820042846942,False
full,shanxi,M_SR,144,0.40028373395886807,0.001198520476104167,2688640.0,250010260.0,0.010754118650970564,0.5586765055939062,False
full,shanxi,M_SR,145,0.4044363916267462,0.0010895428321182896,2688640.0,250337321.0,0.010740068597282784,0.5603427755296359,False
full,shanxi,M_SR,146,0.3985403337840112,0.0010762807509123711,2688640.0,250863667.0,0.010717534476604777,0.5515353487264937,False
full,shanxi,M_SR,147,0.39684558948150855,0.0010911339885417582,2688640.0,250019646.0,0.010753714930065935,0.5565341585336825,False
full,shanxi,M_SR,148,0.3986811534442579,0.0012478946411426542,2688640.0,249929748.0,0.010757582966874355,0.5520114258509878,False
full,shanxi,M_SR,149,0.39081860890427755,0.0010964675716145663,2688640.0,250721945.0,0.010723592623693151,0.5612949297786242,False
full,shanxi,M_SR,150,0.3968754935327159,0.0010850662393250563,2688640.0,250078967.0,0.01075116405131344,0.5512973101642467,False
full,shanxi,M_SR,151,0.405905572483988,0.0011199073624033119,2688640.0,250338482.0,0.010740018787842615,0.5515353487264937,False
full,shanxi,M_SR,152,0.39585697067318065,0.0010769678489987858,2688640.0,250444946.0,0.010735453212140283,0.5596286598428946,False
full,shanxi,M_SR,153,0.4023729192296834,0.0010800228094294843,2688640.0,250358974.0,0.010739139712243748,0.552249464413235,False
full,shanxi,M_SR,154,0.40600151675596124,0.0011380425488202567,2688640.0,250257568.0,0.01074349128175017,0.5539157343489646,False
full,shanxi,M_SR,155,0.3946676135533716,0.0011933795981904649,2688640.0,250084594.0,0.010750922145967935,0.546536538919305,False
full,shanxi,M_SR,156,0.39917003414833707,0.0011281247206811427,2688640.0,250278200.0,0.010742605628456654,0.5565341585336825,False
full,shanxi,M_SR,157,0.391462647359503,0.0010754440831417219,2688640.0,250946271.0,0.010714006585098848,0.5591525827184004,False
full,shanxi,M_SR,158,0.4014847481226583,0.0011291020586414412,2688640.0,250719369.0,0.010723702802554516,0.5510592716019995,False
full,shanxi,M_SR,159,0.4039668637491804,0.0011490229915266934,2688640.0,250923751.0,0.010714968149826518,0.5593906212806474,False
full,shanxi,M_SR,160,0.40099763990762977,0.001087520738502022,2688640.0,250341762.0,0.010739878071162574,0.5574863127826708,False
full,shanxi,M_SR,161,0.39770333208642794,0.0011009642092622987,2688640.0,249737313.0,0.010765872218702057,0.546774577481552,False
full,shanxi,M_SR,162,0.40353990305878074,0.0011705469020901551,2688640.0,250283581.0,0.010742374666598685,0.5517733872887408,False
full,shanxi,M_SR,163,0.3972635816473634,0.0011542619980668479,2688640.0,250345828.0,0.010739703639079617,0.5565341585336825,False
full,shanxi,M_SR,164,0.3982983650146838,0.0011862595915079674,2688640.0,250544184.0,0.01073120100844169,0.5593906212806474,False
full,shanxi,M_SR,165,0.40091421545200456,0.0011581407936095502,2688640.0,250288303.0,0.010742171998345445,0.5536776957867174,False
full,shanxi,M_SR,166,0.4028927212360154,0.0011563991480033008,2688640.0,250762339.0,0.010721865215972484,0.5577243513449178,False
full,shanxi,M_SR,167,0.4071656374092696,0.0013160135983108273,2688640.0,250083269.0,0.010750979106882996,0.5546298500357058,False
full,shanxi,M_SR,168,0.39726763611414423,0.001076845739425371,2688640.0,250456589.0,0.010734954152074634,0.549631040228517,False
full,shanxi,M_SR,169,0.4043470960738875,0.0012500564775672518,2688640.0,250627798.0,0.010727620884256422,0.5560580814091883,False
full,shanxi,M_SR,170,0.3890267335579423,0.0010022512959333956,2688640.0,250265760.0,0.010743139612865939,0.5582004284694121,False
full,shanxi,M_SR,171,0.3922515361631195,0.0011244848047366862,2688640.0,250567060.0,0.010730221282877326,0.549631040228517,False
full,shanxi,M_SR,172,0.39716332765160606,0.0011277776775072547,2688640.0,251408870.0,0.010694292528342378,0.552249464413235,False
full,shanxi,M_SR,173,0.3970119476950712,0.0011383419929487605,2688640.0,250876304.0,0.010716994618989603,0.546774577481552,False
full,shanxi,M_SR,174,0.3952552096650759,0.0012188175437119317,2688640.0,250528427.0,0.010731875947953802,0.5620090454653653,False
full,shanxi,M_SR,175,0.3992992496563047,0.0012811606159518485,2688640.0,250340512.0,0.010739931697511269,0.5512973101642467,False
full,shanxi,M_SR,176,0.3977084920933645,0.0011182094530879036,2688640.0,250286088.0,0.010742267065199405,0.5541537729112116,False
full,shanxi,M_SR,177,0.3912887016636665,0.0010752233522590214,2688640.0,250470153.0,0.010734372809681638,0.5510592716019995,False
full,shanxi,M_SR,178,0.3981351816007635,0.0010554043732708246,2688640.0,249993070.0,0.010754858124667217,0.5567721970959295,False
full,shanxi,M_SR,179,0.4025617135126198,0.0010651924012404033,2688640.0,250516250.0,0.010732397598958152,0.5572482742204237,False
full,shanxi,M_SR,180,0.40050600405214926,0.0012251192717632929,2688640.0,250695702.0,0.010724715176808257,0.5520114258509878,False
full,shanxi,M_SR,181,0.398672593204737,0.0010673408236257077,2688640.0,250235474.0,0.010744439855078261,0.5574863127826708,False
full,shanxi,M_SR,182,0.40273400644880586,0.001153196597986379,2688640.0,250408242.0,0.010737026778854986,0.5558200428469412,False
full,shanxi,M_SR,183,0.39953152495078303,0.0012153742516028178,2688640.0,250661940.0,0.010726159703383769,0.5612949297786242,False
full,shanxi,M_SR,184,0.39586678388136526,0.0011343045043060392,2688640.0,250303238.0,0.010741531038443858,0.552249464413235,False
full,shanxi,M_SR,185,0.3925162949480992,0.0011197180210976824,2688640.0,250458388.0,0.01073487704472489,0.5562961199714354,False
full,shanxi,M_SR,186,0.399123921225837,0.0011176943418591855,2688640.0,251103459.0,0.010707299734967013,0.5589145441561533,False
full,shanxi,M_SR,187,0.39968127810822496,0.0011386648948269026,2688640.0,250085523.0,0.01075088220920329,0.5558200428469412,False
full,shanxi,M_SR,188,0.4022051808295231,0.0012472516078852372,2688640.0,250236511.0,0.01074439532926512,0.5567721970959295,False
full,shanxi,M_SR,189,0.3938615835867662,0.001084359896548421,2688640.0,250072067.0,0.01075146069792753,0.5527255415377291,False
full,shanxi,M_SR,190,0.40553755088353904,0.001105616466903063,2688640.0,250335271.0,0.010740156547896122,0.5548678885979529,False
full,shanxi,M_SR,191,0.39223257785921856,0.0011282946470481962,2688640.0,250336146.0,0.010740119007823984,0.5541537729112116,False
full,shanxi,M_SR,192,0.3944388409664551,0.0010511572371693844,2688640.0,250042502.0,0.010752731949546722,0.5591525827184004,False
full,shanxi,M_SR,193,0.39026400249069104,0.0010219279318178665,2688640.0,250397882.0,0.010737471014231661,0.5515353487264937,False
full,shanxi,M_SR,194,0.3984902487369283,0.001104620245090006,2688640.0,250561739.0,0.010730449152893212,0.5515353487264937,False
full,shanxi,M_SR,195,0.4002231349581081,0.0011565975845549434,2688640.0,250483295.0,0.010733809613930542,0.5539157343489646,False
full,shanxi,M_SR,196,0.4035476049741632,0.0012606597092584496,2688640.0,249833422.0,0.010761730670286379,0.5591525827184004,False
full,shanxi,M_SR,197,0.4026134104836356,0.001132565184982741,2688640.0,250286614.0,0.010742244489351715,0.5589145441561533,False
full,shanxi,M_SR,198,0.3920557166050311,0.0010590285638402092,2688640.0,250180909.0,0.010746783240762788,0.5572482742204237,False
full,shanxi,M_SR,199,0.3987682424791129,0.0011828000940693102,2688640.0,250638451.0,0.010727164923310191,0.5631992382766008,False
full,INGV,observed,-1,0.36710297223602206,0.006517382516186942,,,,,
full,INGV,M_SR,0,0.26608159773799067,0.003131432623885366,1868160.0,182120425.0,0.010257828027800836,0.6217882836587872,True
full,INGV,M_SR,1,0.26032917817653667,0.00305891787181765,1868160.0,181467067.0,0.010294760536356716,0.6241863651935594,True
full,INGV,M_SR,2,0.2790589551204279,0.0035158759848708224,1868160.0,181915616.0,0.010269376764224573,0.6132237067488866,True
full,INGV,M_SR,3,0.257603729548473,0.003029928119109758,1868160.0,182310558.0,0.01024713006473273,0.6180198698184309,True
full,INGV,M_SR,4,0.2619333343290869,0.002912665322368966,1868160.0,182438455.0,0.010239946397265862,0.6272696128811237,True
full,INGV,M_SR,5,0.26404254946188954,0.00313692844156932,1868160.0,182302559.0,0.010247579684276401,0.6334361082562522,True
full,INGV,M_SR,6,0.2606456836168292,0.0032847851444149506,1868160.0,182307496.0,0.010247302173466307,0.6286399451867077,True
full,INGV,M_SR,7,0.2655392760763067,0.0027761152204376447,1868160.0,182149705.0,0.010256179113767985,0.6276121959575197,True
full,INGV,M_SR,8,0.2675026440510821,0.0030913283170663553,1868160.0,181906306.0,0.01026990235291788,0.6351490236382322,True
full,INGV,M_SR,9,0.2641008372960899,0.0028991007421344667,1868160.0,182250178.0,0.010250524967937205,0.6207605344295992,True
full,INGV,M_SR,10,0.2588908155711145,0.003659550528771732,1868160.0,182326612.0,0.010246227796960326,0.6334361082562522,True
full,INGV,M_SR,11,0.2687770099900103,0.002887512569862929,1868160.0,182563449.0,0.010232935509451292,0.6276121959575197,True
full,INGV,M_SR,12,0.26055730331272053,0.0033753266205759787,1868160.0,182324054.0,0.010246371551172287,0.6197327852004111,True
full,INGV,M_SR,13,0.26196808301506425,0.0028879723585016797,1868160.0,182365517.0,0.01024404191500743,0.6279547790339157,True
full,INGV,M_SR,14,0.2646188030084317,0.002765563590570506,1868160.0,182617036.0,0.010229932764870853,0.6300102774922919,True
full,INGV,M_SR,15,0.2695533323675438,0.0028966530592650372,1868160.0,182694944.0,0.010225570336527759,0.6211031175059952,True
full,INGV,M_SR,16,0.2670115617511964,0.0029705598445077122,1868160.0,182108209.0,0.010258516133119512,0.6269270298047277,True
full,INGV,M_SR,17,0.2651277156634038,0.003395938696006023,1868160.0,182358006.0,0.010244463848765708,0.6255566974991436,True
full,INGV,M_SR,18,0.2725657917290562,0.003186119434690562,1868160.0,182078450.0,0.010260192790525183,0.631723192874272,True
full,INGV,M_SR,19,0.27405405672346084,0.002793797907837152,1868160.0,182475336.0,0.010237876750642071,0.6245289482699554,True
full,INGV,M_SR,20,0.2643934407337343,0.0029703846405040265,1868160.0,181701590.0,0.010281473045998111,0.6211031175059952,True
full,INGV,M_SR,21,0.2659577111979622,0.003007501977416084,1868160.0,182095611.0,0.010259225852511074,0.6330935251798561,True
full,INGV,M_SR,22,0.25434556715834294,0.002773745561014509,1868160.0,182382367.0,0.010243095485212121,0.6228160328879754,True
full,INGV,M_SR,23,0.2745698988204562,0.003643957887317115,1868160.0,182273888.0,0.010249191590185424,0.6279547790339157,True
full,INGV,M_SR,24,0.25885001559304704,0.00279484025853817,1868160.0,182338089.0,0.010245582863380783,0.6269270298047277,True
full,INGV,M_SR,25,0.26511468250248155,0.003090176772765183,1868160.0,182301823.0,0.010247621056427944,0.6265844467283316,True
full,INGV,M_SR,26,0.2574472247384466,0.0028573170176101888,1868160.0,182047890.0,0.010261915147711957,0.6265844467283316,True
full,INGV,M_SR,27,0.26843205448224805,0.003529143242334086,1868160.0,182388646.0,0.010242742851438242,0.6221308667351833,True
full,INGV,M_SR,28,0.2628893248900372,0.0029829055888708164,1868160.0,182525332.0,0.010235072466543987,0.6276121959575197,True
full,INGV,M_SR,29,0.26523588727064334,0.0031827196636757954,1868160.0,181728063.0,0.010279975305740204,0.6262418636519356,True
full,INGV,M_SR,30,0.2788621634197232,0.004202062825492574,1868160.0,181947133.0,0.010267597896142722,0.6228160328879754,False
full,INGV,M_SR,31,0.2568930217563075,0.002800821555876051,1868160.0,182120417.0,0.010257828478396246,0.6241863651935594,False
full,INGV,M_SR,32,0.2659332799587322,0.0034502254727959668,1868160.0,182051789.0,0.010261695368453644,0.6245289482699554,False
full,INGV,M_SR,33,0.26366814811931016,0.002998448220020606,1868160.0,181942979.0,0.010267832319047607,0.6286399451867077,False
full,INGV,M_SR,34,0.2781166637949657,0.003947196445392751,1868160.0,182563193.0,0.010232949858627856,0.6262418636519356,False
full,INGV,M_SR,35,0.26922963570161706,0.0032660199591980597,1868160.0,182593314.0,0.0102312618084143,0.6286399451867077,False
full,INGV,M_SR,36,0.26015594489949645,0.0029799832226763924,1868160.0,181926799.0,0.010268745507911674,0.6276121959575197,False
full,INGV,M_SR,37,0.2706975572299124,0.0036160432637824943,1868160.0,182097723.0,0.010259106864285173,0.6296676944158959,False
full,INGV,M_SR,38,0.27098107470910415,0.0030080059096373995,1868160.0,181679059.0,0.010282748106924089,0.6228160328879754,False
full,INGV,M_SR,39,0.26844523396764064,0.0033008298306285945,1868160.0,182273509.0,0.01024921290125599,0.6252141144227475,False
full,INGV,M_SR,40,0.27214219265573125,0.00286608710162295,1868160.0,181943039.0,0.010267828932988197,0.6241863651935594,False
full,INGV,M_SR,41,0.25612107691462943,0.002886138620681447,1868160.0,182042608.0,0.010262212899081297,0.6200753682768071,False
full,INGV,M_SR,42,0.2573451458553167,0.0031226799696962627,1868160.0,182411225.0,0.010241474996947145,0.6262418636519356,False
full,INGV,M_SR,43,0.2574654581610315,0.0029344163512151737,1868160.0,182347756.0,0.010245039703148308,0.631380609797876,False
full,INGV,M_SR,44,0.25818478144399315,0.0032099435197796965,1868160.0,182189098.0,0.010253961518597561,0.6217882836587872,False
full,INGV,M_SR,45,0.26309140469719733,0.0032774237982239104,1868160.0,182437541.0,0.010239997698719257,0.6241863651935594,False
full,INGV,M_SR,46,0.2668639680167374,0.0028110263264899947,1868160.0,182651070.0,0.010228026586430619,0.6248715313463515,False
full,INGV,M_SR,47,0.2708746142865326,0.00344343251269111,1868160.0,181920222.0,0.010269116756025067,0.6272696128811237,False
full,INGV,M_SR,48,0.2540543009645865,0.003026600767053503,1868160.0,182371317.0,0.010243716121214391,0.6200753682768071,False
full,INGV,M_SR,49,0.26883638343769745,0.0031279407807934282,1868160.0,182418977.0,0.010241039779540042,0.6262418636519356,False
full,INGV,M_SR,50,0.2588153208804749,0.003157330342428644,1868160.0,182447557.0,0.01023943554366146,0.6207605344295992,False
full,INGV,M_SR,51,0.26614739127863857,0.0033910628779834527,1868160.0,182324622.0,0.010246339630420294,0.6279547790339157,False
full,INGV,M_SR,52,0.2623780405089993,0.003062050995372149,1868160.0,182565246.0,0.010232834786090666,0.6300102774922919,False
full,INGV,M_SR,53,0.2667738798686411,0.0033861836175528696,1868160.0,182136296.0,0.01025693418076318,0.6272696128811237,False
full,INGV,M_SR,54,0.25702028976501656,0.00338951177963346,1868160.0,182663756.0,0.01022731624986404,0.6296676944158959,False
full,INGV,M_SR,55,0.26793995380267965,0.003019241609749914,1868160.0,182600881.0,0.010230837823832844,0.6293251113394999,False
full,INGV,M_SR,56,0.2652568177714448,0.002987198614312765,1868160.0,182884219.0,0.010214987439676247,0.6272696128811237,False
full,INGV,M_SR,57,0.26590820380946156,0.0031778122653824017,1868160.0,182468960.0,0.010238234492047305,0.6228160328879754,False
full,INGV,M_SR,58,0.2576693056456406,0.003134590830372817,1868160.0,182180227.0,0.010254460820273321,0.6176772867420349,False
full,INGV,M_SR,59,0.25740481657841086,0.003115008147375457,1868160.0,182375330.0,0.010243490717741265,0.6238437821171634,False
full,INGV,M_SR,60,0.26205959922452543,0.003030885890289633,1868160.0,181908548.0,0.010269775777661642,0.6224734498115793,False
full,INGV,M_SR,61,0.27152386471082474,0.0035756480142598397,1868160.0,182195122.0,0.010253622487214559,0.6300102774922919,False
full,INGV,M_SR,62,0.2747108075012263,0.002935225950841672,1868160.0,182025398.0,0.010263183163044094,0.6286399451867077,False
full,INGV,M_SR,63,0.2645439535237113,0.003130191163878376,1868160.0,181736462.0,0.010279500213886633,0.6235011990407674,False
full,INGV,M_SR,64,0.2530987647129739,0.002785654425358695,1868160.0,182051112.0,0.010261733528988277,0.6193902021240151,False
full,INGV,M_SR,65,0.26704497771326885,0.0034635288723159335,1868160.0,182359080.0,0.010244403514209438,0.6221308667351833,False
full,INGV,M_SR,66,0.2780705306071252,0.0029448331687221218,1868160.0,182779042.0,0.010220865475375453,0.631723192874272,False
full,INGV,M_SR,67,0.27197286395680714,0.003548734666767757,1868160.0,181331692.0,0.010302446193465178,0.6310380267214799,False
full,INGV,M_SR,68,0.2603299703983342,0.00345349996941585,1868160.0,182352734.0,0.01024476002646607,0.6306954436450839,False
full,INGV,M_SR,69,0.26414282353190166,0.0037226177006673667,1868160.0,181887705.0,0.010270952618814999,0.6334361082562522,False
full,INGV,M_SR,70,0.2580703973426513,0.0027607066962083014,1868160.0,182702350.0,0.010225155834065627,0.6173347036656389,False
full,INGV,M_SR,71,0.2613193236221457,0.0030382204692679044,1868160.0,182111373.0,0.010258337901828899,0.6228160328879754,False
full,INGV,M_SR,72,0.26242861582213667,0.003473515192697142,1868160.0,182463912.0,0.010238517740428584,0.6200753682768071,False
full,INGV,M_SR,73,0.2565821400933659,0.003064258890408606,1868160.0,182024700.0,0.010263222518702132,0.6269270298047277,False
full,INGV,M_SR,74,0.26624809941716515,0.0034203888814082995,1868160.0,182159536.0,0.010255625596235598,0.6159643713600548,False
full,INGV,M_SR,75,0.2694002751090589,0.0031733524214930904,1868160.0,182234853.0,0.010251386983586503,0.6289825282631039,False
full,INGV,M_SR,76,0.26424423326241386,0.003575717185605405,1868160.0,181976252.0,0.010265954922513736,0.6245289482699554,False
full,INGV,M_SR,77,0.2661697633259931,0.0030580714639216445,1868160.0,182775775.0,0.010221048166804381,0.6296676944158959,False
full,INGV,M_SR,78,0.2633747618749668,0.0032235270197687404,1868160.0,181971478.0,0.010266224248615488,0.6272696128811237,False
full,INGV,M_SR,79,0.26763257538869767,0.0033623234940824286,1868160.0,181996948.0,0.010264787517206058,0.6265844467283316,False
full,INGV,M_SR,80,0.26027035715399527,0.0036543796830093146,1868160.0,182181936.0,0.010254364625919882,0.6193902021240151,False
full,INGV,M_SR,81,0.2548329118705315,0.0029999284588401666,1868160.0,181848628.0,0.01027315971831253,0.6241863651935594,False
full,INGV,M_SR,82,0.2640820662327347,0.002849042215505059,1868160.0,182528355.0,0.010234902955214821,0.6306954436450839,False
full,INGV,M_SR,83,0.2637192412681096,0.003131983431510197,1868160.0,181745847.0,0.010278969400604791,0.6279547790339157,False
full,INGV,M_SR,84,0.259500039269982,0.003044241398969803,1868160.0,182558095.0,0.01023323561740716,0.6306954436450839,False
full,INGV,M_SR,85,0.26821026960494543,0.003977320755447672,1868160.0,182634591.0,0.01022894945459702,0.6252141144227475,False
full,INGV,M_SR,86,0.2666121049386776,0.003102673248082495,1868160.0,182353892.0,0.01024469496927436,0.6231586159643714,False
full,INGV,M_SR,87,0.2600901772694161,0.0040085798250476656,1868160.0,182419949.0,0.010240985211546134,0.6272696128811237,False
full,INGV,M_SR,88,0.25806771180716453,0.002800247575070849,1868160.0,181893372.0,0.010270632620962132,0.6245289482699554,False
full,INGV,M_SR,89,0.2701951144302922,0.002771794919823247,1868160.0,182696189.0,0.010225500653437275,0.6272696128811237,False
full,INGV,M_SR,90,0.26419513754448143,0.003199689150136456,1868160.0,182168162.0,0.010255139973361535,0.6204179513532031,False
full,INGV,M_SR,91,0.25951750686728287,0.0037483330800856408,1868160.0,182274755.0,0.010249142839336143,0.6293251113394999,False
full,INGV,M_SR,92,0.2663401247579991,0.003276352657923936,1868160.0,182419095.0,0.01024103315499948,0.6156217882836588,False
full,INGV,M_SR,93,0.2590378547744483,0.003167446172657502,1868160.0,182136501.0,0.010256922636281456,0.6231586159643714,False
full,INGV,M_SR,94,0.26121705545279317,0.0030953104050256636,1868160.0,182696315.0,0.010225493601225618,0.6200753682768071,False
full,INGV,M_SR,95,0.26524987987939197,0.003261586448823753,1868160.0,182045507.0,0.010262049477551787,0.6286399451867077,False
full,INGV,M_SR,96,0.2712415735406967,0.0038852514478021076,1868160.0,182317070.0,0.010246764057803254,0.6197327852004111,False
full,INGV,M_SR,97,0.266603051528275,0.0029019329578359,1868160.0,182589472.0,0.01023147709195413,0.6217882836587872,False
full,INGV,M_SR,98,0.27598568084449654,0.0033676536678326125,1868160.0,182821366.0,0.010218499297286729,0.6211031175059952,False
full,INGV,M_SR,99,0.26410024967381374,0.0034597155860974817,1868160.0,182159161.0,0.010255646708869064,0.631380609797876,False
full,INGV,M_SR,100,0.2708824107691731,0.003080443346495628,1868160.0,182129024.0,0.01025734371694651,0.6258992805755396,False
full,INGV,M_SR,101,0.25355770233517655,0.0029701999377883498,1868160.0,182028687.0,0.010262997721892044,0.6248715313463515,False
full,INGV,M_SR,102,0.2612530564039501,0.0031652620146383962,1868160.0,182180836.0,0.010254426541329516,0.6279547790339157,False
full,INGV,M_SR,103,0.279158279553496,0.0033031150006287836,1868160.0,182876126.0,0.010215439493725933,0.6228160328879754,False
full,INGV,M_SR,104,0.26979207592413884,0.00308903546758328,1868160.0,182030144.0,0.010262915575125844,0.631723192874272,False
full,INGV,M_SR,105,0.27526576970822697,0.0028850691424411666,1868160.0,182022396.0,0.010263352428346235,0.6269270298047277,False
full,INGV,M_SR,106,0.27442335334899015,0.0030430974692137935,1868160.0,182135016.0,0.010257006263968483,0.6262418636519356,False
full,INGV,M_SR,107,0.2719675828120504,0.00297402038202522,1868160.0,182156969.0,0.010255770120988343,0.631380609797876,False
full,INGV,M_SR,108,0.2613829626840192,0.002813959190988269,1868160.0,182177052.0,0.010254639536048701,0.6279547790339157,False
full,INGV,M_SR,109,0.27387991373643233,0.0028241431571998294,1868160.0,182181529.0,0.010254387534534306,0.6221308667351833,False
full,INGV,M_SR,110,0.25860083995785876,0.0032842377645892467,1868160.0,183147743.0,0.01020028950070108,0.6200753682768071,False
full,INGV,M_SR,111,0.2640551465062149,0.0028796494676169957,1868160.0,182053998.0,0.010261570855477724,0.6265844467283316,False
full,INGV,M_SR,112,0.2618299111421648,0.0033540899052731067,1868160.0,182240564.0,0.010251065728703518,0.6269270298047277,False
full,INGV,M_SR,113,0.25457882241306634,0.00401893187248442,1868160.0,181994694.0,0.010264914646357768,0.6306954436450839,False
full,INGV,M_SR,114,0.27607954399996704,0.0033877399255829166,1868160.0,181741705.0,0.010279203664343305,0.6327509421034601,False
full,INGV,M_SR,115,0.26607271896922136,0.003086342952593117,1868160.0,182573587.0,0.010232367291989503,0.6152792052072628,False
full,INGV,M_SR,116,0.2600589930023792,0.0029295191243770024,1868160.0,182013736.0,0.010263840746612662,0.6197327852004111,False
full,INGV,M_SR,117,0.2697071993392828,0.0029401420552395835,1868160.0,182359768.0,0.010244364864513317,0.6221308667351833,False
full,INGV,M_SR,118,0.2548114637341186,0.003175525487897042,1868160.0,182584141.0,0.010231775825480922,0.6245289482699554,False
full,INGV,M_SR,119,0.26925605777541756,0.0029729190372670715,1868160.0,182258048.0,0.010250082344786223,0.6166495375128469,False
full,INGV,M_SR,120,0.2660362435352825,0.0036677837481832024,1868160.0,182276582.0,0.010249040109826066,0.6241863651935594,False
full,INGV,M_SR,121,0.2566204541562125,0.0027451452060099735,1868160.0,182389288.0,0.010242706797561488,0.6231586159643714,False
full,INGV,M_SR,122,0.2605960063271663,0.003445633688174576,1868160.0,182323796.0,0.01024638605045279,0.6330935251798561,False
full,INGV,M_SR,123,0.25550842611285546,0.0033833076545899464,1868160.0,181742226.0,0.010279174196975006,0.6262418636519356,False
full,INGV,M_SR,124,0.26878152956386125,0.00340673559509175,1868160.0,182472899.0,0.010238013481662282,0.6238437821171634,False
full,INGV,M_SR,125,0.2675238328686149,0.0035350068891429106,1868160.0,182248817.0,0.010250601516936048,0.6176772867420349,False
full,INGV,M_SR,126,0.259941542311594,0.003162950207010785,1868160.0,182300802.0,0.010247678449598922,0.6310380267214799,False
full,INGV,M_SR,127,0.27262029554680817,0.003611140825495836,1868160.0,182374081.0,0.010243560870911257,0.6330935251798561,False
full,INGV,M_SR,128,0.2647457973340874,0.003008260728510698,1868160.0,182196609.0,0.010253538802140933,0.6224734498115793,False
full,INGV,M_SR,129,0.2701996527566887,0.0033456590076893613,1868160.0,182668530.0,0.010227048961307128,0.6221308667351833,False
full,INGV,M_SR,130,0.2623209142008974,0.002987969330740139,1868160.0,183002730.0,0.010208372301331243,0.6272696128811237,False
full,INGV,M_SR,131,0.2724371969398507,0.0039325440761529915,1868160.0,181715278.0,0.010280698577254468,0.6258992805755396,False
full,INGV,M_SR,132,0.2627804955203415,0.003221685437503155,1868160.0,181994766.0,0.010264910585395626,0.6375471051730045,False
full,INGV,M_SR,133,0.25746347414355475,0.0031024484149125326,1868160.0,182303678.0,0.010247516783506693,0.6228160328879754,False
full,INGV,M_SR,134,0.2607950172954733,0.0032614307057748752,1868160.0,182916445.0,0.010213187775434843,0.6265844467283316,False
full,INGV,M_SR,135,0.2723842063233971,0.003262377619131416,1868160.0,182070417.0,0.010260645473229186,0.6279547790339157,False
full,INGV,M_SR,136,0.2768960409785264,0.003694019515509223,1868160.0,182317178.0,0.010246757987884169,0.6269270298047277,False
full,INGV,M_SR,137,0.26947515869381133,0.0033201155951805305,1868160.0,182787544.0,0.010220390072093752,0.6173347036656389,False
full,INGV,M_SR,138,0.2660469479146572,0.003283062447632716,1868160.0,182251599.0,0.010250445045478037,0.6235011990407674,False
full,INGV,M_SR,139,0.26248332167094474,0.003351667326500863,1868160.0,182163583.0,0.01025539775422621,0.6238437821171634,False
full,INGV,M_SR,140,0.2751359906579101,0.003507035755637163,1868160.0,182469043.0,0.010238229834964389,0.6276121959575197,False
full,INGV,M_SR,141,0.26180853256272835,0.0033320574177011387,1868160.0,182189962.0,0.01025391289120528,0.6289825282631039,False
full,INGV,M_SR,142,0.26312841905353296,0.003042360949576412,1868160.0,182515764.0,0.010235609018407857,0.6279547790339157,False
full,INGV,M_SR,143,0.2662048662320756,0.003262242053928212,1868160.0,182248624.0,0.01025061237225034,0.6276121959575197,False
full,INGV,M_SR,144,0.266713904420469,0.003597565332957938,1868160.0,182021174.0,0.010263421331410597,0.6282973621103117,False
full,INGV,M_SR,145,0.2625975276105663,0.002975550352384515,1868160.0,182294708.0,0.01024802102318845,0.6238437821171634,False
full,INGV,M_SR,146,0.2553061369776998,0.0027724880983906373,1868160.0,182274953.0,0.010249131705989248,0.6197327852004111,False
full,INGV,M_SR,147,0.27220206704034555,0.0030995906919042463,1868160.0,182308443.0,0.01024724894392302,0.6310380267214799,False
full,INGV,M_SR,148,0.2601345595114336,0.0026957803436517868,1868160.0,182179226.0,0.010254517164322567,0.6238437821171634,False
full,INGV,M_SR,149,0.2621983795475348,0.0028890461538808197,1868160.0,182585985.0,0.010231672491182717,0.6255566974991436,False
full,INGV,M_SR,150,0.26181763581875567,0.0030875399677149002,1868160.0,182157632.0,0.010255732793013032,0.6248715313463515,False
full,INGV,M_SR,151,0.2645923446787511,0.003096640972494874,1868160.0,182242255.0,0.010250970610520596,0.6224734498115793,False
full,INGV,M_SR,152,0.26412241804382564,0.0031088221545143035,1868160.0,182241465.0,0.01025101504753597,0.6269270298047277,False
full,INGV,M_SR,153,0.26089204666915156,0.0029518323091209547,1868160.0,181981043.0,0.010265684651560109,0.6235011990407674,False
full,INGV,M_SR,154,0.2613428401663088,0.0031129330588613125,1868160.0,182388953.0,0.010242725610689809,0.6276121959575197,False
full,INGV,M_SR,155,0.263046881274118,0.003103242779459442,1868160.0,181893448.0,0.01027062832961416,0.6269270298047277,False
full,INGV,M_SR,156,0.26128510973007446,0.0039005536061948666,1868160.0,182405442.0,0.010241799693673613,0.6211031175059952,False
full,INGV,M_SR,157,0.25972428380136714,0.002710126702185939,1868160.0,181618936.0,0.010286152100351475,0.6300102774922919,False
full,INGV,M_SR,158,0.26427089336945114,0.003337843738903308,1868160.0,181300757.0,0.010304204080074524,0.6252141144227475,False
full,INGV,M_SR,159,0.2606879782127142,0.003353874643654918,1868160.0,182150853.0,0.010256114474522939,0.6235011990407674,False
full,INGV,M_SR,160,0.2641625045790454,0.0027450470241006286,1868160.0,182121283.0,0.010257779701672758,0.6258992805755396,False
full,INGV,M_SR,161,0.2612551327941484,0.0031560663088631017,1868160.0,182920706.0,0.010212949866922118,0.6235011990407674,False
full,INGV,M_SR,162,0.26621303018300113,0.003210340425690091,1868160.0,182270266.0,0.01024939525791881,0.6204179513532031,False
full,INGV,M_SR,163,0.2529955425602095,0.002684332364541417,1868160.0,182598903.0,0.010230948649236956,0.6269270298047277,False
full,INGV,M_SR,164,0.2615776773442132,0.0031175364213665395,1868160.0,182164393.0,0.010255352153260818,0.631723192874272,False
full,INGV,M_SR,165,0.26820850109689914,0.0033811511731176853,1868160.0,182141580.0,0.010256636623005027,0.6255566974991436,False
full,INGV,M_SR,166,0.27133606905674545,0.003349182965083685,1868160.0,182069613.0,0.010260690783145674,0.6214457005823912,False
full,INGV,M_SR,167,0.25546264199828483,0.003279371429402616,1868160.0,182025702.0,0.010263166022565318,0.6228160328879754,False
full,INGV,M_SR,168,0.2600162685135821,0.0028904285876402763,1868160.0,182824452.0,0.01021832681330832,0.6235011990407674,False
full,INGV,M_SR,169,0.270683276005928,0.003559675903851556,1868160.0,182424669.0,0.01024072023943209,0.6235011990407674,False
full,INGV,M_SR,170,0.2617894521362079,0.003287330454894242,1868160.0,181978704.0,0.010265816597968519,0.6306954436450839,False
full,INGV,M_SR,171,0.25280492306613134,0.0028772509327398663,1868160.0,182184625.0,0.010254213274034514,0.6231586159643714,False
full,INGV,M_SR,172,0.2674395984534586,0.0035989324574269353,1868160.0,182349029.0,0.010244968181322206,0.6187050359712231,False
full,INGV,M_SR,173,0.26308338290691774,0.0031159993252681127,1868160.0,181971451.0,0.01026622577186572,0.6217882836587872,False
full,INGV,M_SR,174,0.26843698736954225,0.003618824766162176,1868160.0,182761351.0,0.010221854838444481,0.6224734498115793,False
full,INGV,M_SR,175,0.26337059705122423,0.0028002473681005874,1868160.0,182122126.0,0.01025773222085053,0.6303528605686879,False
full,INGV,M_SR,176,0.2571904938018941,0.0030809109262810394,1868160.0,182271384.0,0.01024933239108998,0.6252141144227475,False
full,INGV,M_SR,177,0.26459157765333285,0.00309144758004363,1868160.0,181546617.0,0.010290249583664784,0.6156217882836588,False
full,INGV,M_SR,178,0.2677893403785441,0.003230256806158202,1868160.0,182554024.0,0.01023346382109879,0.6238437821171634,False
full,INGV,M_SR,179,0.262719530461642,0.0036203322573383568,1868160.0,182242442.0,0.0102509600919417,0.6228160328879754,False
full,INGV,M_SR,180,0.2679637899335362,0.003236826037596601,1868160.0,182465552.0,0.010238425716652533,0.6228160328879754,False
full,INGV,M_SR,181,0.2603539644953715,0.003198941634386204,1868160.0,182061861.0,0.010261127672423386,0.6289825282631039,False
full,INGV,M_SR,182,0.2655265592847258,0.003611752405566815,1868160.0,182296305.0,0.010247931245781421,0.6289825282631039,False
full,INGV,M_SR,183,0.26408567006362227,0.0029543916985873614,1868160.0,182100887.0,0.01025892861246744,0.6207605344295992,False
full,INGV,M_SR,184,0.26186329954491067,0.00294229860824446,1868160.0,182026164.0,0.010263139973657853,0.6341212744090442,False
full,INGV,M_SR,185,0.2652463723254531,0.003516797334182463,1868160.0,181639892.0,0.010284965375337263,0.6211031175059952,False
full,INGV,M_SR,186,0.2621132790338279,0.003392075248082752,1868160.0,182533427.0,0.010234618561125246,0.6282973621103117,False
full,INGV,M_SR,187,0.2677324835235185,0.002782081135297823,1868160.0,181862907.0,0.010272353119264721,0.6241863651935594,False
full,INGV,M_SR,188,0.26663072944683597,0.0031764188090503374,1868160.0,182210788.0,0.010252740907964242,0.6248715313463515,False
full,INGV,M_SR,189,0.26040895808620246,0.0031784985772182485,1868160.0,182479493.0,0.010237643525237107,0.6269270298047277,False
full,INGV,M_SR,190,0.2666201639540959,0.0027362712594159056,1868160.0,182270947.0,0.010249356964168293,0.6235011990407674,False
full,INGV,M_SR,191,0.2688173475004057,0.0035820034434778008,1868160.0,181874717.0,0.010271686085977524,0.6272696128811237,False
full,INGV,M_SR,192,0.2644255106459607,0.0031609848881309567,1868160.0,182768114.0,0.01022147659738941,0.6269270298047277,False
full,INGV,M_SR,193,0.2667587903209777,0.0033948069862902346,1868160.0,182640075.0,0.01022864231741035,0.6238437821171634,False
full,INGV,M_SR,194,0.26866618323216584,0.0035009265056096324,1868160.0,182555390.0,0.010233387247563603,0.6282973621103117,False
full,INGV,M_SR,195,0.26764343417600256,0.0028982656292730145,1868160.0,182138526.0,0.010256808600724044,0.6238437821171634,False
full,INGV,M_SR,196,0.24811252878377107,0.003862674817203265,1868160.0,182403402.0,0.010241914237981153,0.6200753682768071,False
full,INGV,M_SR,197,0.269242552898086,0.0031828039294847944,1868160.0,182202593.0,0.010253202049654695,0.6228160328879754,False
full,INGV,M_SR,198,0.2605096500297108,0.003412517703758983,1868160.0,182452535.0,0.010239156172864356,0.6392600205549845,False
full,INGV,M_SR,199,0.2702721492839761,0.003865812526131307,1868160.0,181982338.0,0.010265611600176276,0.6265844467283316,False
full,chuandian,observed,-1,0.4104973871351195,0.0042418110284263,,,,,
full,chuandian,M_SR,0,0.2770161547773702,0.0028197646938579782,1685120.0,165315837.0,0.010193336770269627,0.6167869350550702,True
full,chuandian,M_SR,1,0.2705113095313328,0.0028564645160832755,1685120.0,165257212.0,0.010196952856738259,0.6179263197873148,True
full,chuandian,M_SR,2,0.2878205920367091,0.002766528526182795,1685120.0,165414924.0,0.010187230748296932,0.6228636536270414,True
full,chuandian,M_SR,3,0.279077047749395,0.002850898459171657,1685120.0,165573045.0,0.010177502020331873,0.6133687808583365,True
full,chuandian,M_SR,4,0.2864898523893689,0.002736689446044158,1685120.0,165217957.0,0.01019937560419053,0.6179263197873148,True
full,chuandian,M_SR,5,0.27867631561988127,0.002992638752075566,1685120.0,165343382.0,0.010191638634801846,0.6281807823775162,True
full,chuandian,M_SR,6,0.28328442194765674,0.002886270104054518,1685120.0,165662693.0,0.010171994487618283,0.6141283706798328,True
full,chuandian,M_SR,7,0.2836399745825428,0.002969142326860612,1685120.0,165501137.0,0.010181924006963166,0.6186859096088112,True
full,chuandian,M_SR,8,0.2906288260283209,0.0028077250615113785,1685120.0,165373880.0,0.010189759108270302,0.6190657045195594,True
full,chuandian,M_SR,9,0.28694861204013644,0.0027743963278306204,1685120.0,165408994.0,0.010187595965912228,0.6259020129130269,True
full,chuandian,M_SR,10,0.2790579352639729,0.0028407736364330512,1685120.0,165518726.0,0.010180842015422473,0.6213444739840486,True
full,chuandian,M_SR,11,0.2828607622296995,0.0028672795387214,1685120.0,165221248.0,0.010199172445423,0.6236232434485378,True
full,chuandian,M_SR,12,0.2890304044676898,0.003074730121539238,1685120.0,165489387.0,0.010182646939165953,0.6175465248765667,True
full,chuandian,M_SR,13,0.2888771915002178,0.0029151631130323276,1685120.0,165648304.0,0.01017287807546765,0.6179263197873148,True
full,chuandian,M_SR,14,0.28420986135423415,0.0029479547042141154,1685120.0,165678767.0,0.010171007610166486,0.6179263197873148,True
full,chuandian,M_SR,15,0.28557144702620374,0.002780086869524018,1685120.0,165169610.0,0.010202361075987284,0.6217242688947968,True
full,chuandian,M_SR,16,0.3022946998712776,0.003044694424753745,1685120.0,165445967.0,0.010185319295211348,0.6186859096088112,True
full,chuandian,M_SR,17,0.2830552504011036,0.0027914179363436467,1685120.0,165054544.0,0.010209473542273395,0.6126091910368401,True
full,chuandian,M_SR,18,0.2834509352931255,0.0028118185778964544,1685120.0,165356767.0,0.01019081366050172,0.6156475503228257,True
full,chuandian,M_SR,19,0.28089953745608287,0.002834728237455058,1685120.0,165280183.0,0.010195535662009765,0.6247626281807824,True
full,chuandian,M_SR,20,0.28956178702033186,0.002972437720314579,1685120.0,165319463.0,0.010193113196841196,0.6137485757690847,True
full,chuandian,M_SR,21,0.29145679763502436,0.0029789228124617794,1685120.0,165294777.0,0.010194635490509177,0.6095708317508546,True
full,chuandian,M_SR,22,0.28664179964727626,0.003039730496920946,1685120.0,165408558.0,0.010187622819370688,0.6183061146980631,True
full,chuandian,M_SR,23,0.280549636306412,0.002902549224428111,1685120.0,165326860.0,0.010192657139922696,0.6148879605013293,True
full,chuandian,M_SR,24,0.28642009118594086,0.002867182632722111,1685120.0,165059270.0,0.010209181223205459,0.6160273452335738,True
full,chuandian,M_SR,25,0.28480800945236595,0.002944052494930236,1685120.0,165487366.0,0.010182771293852123,0.6148879605013293,True
full,chuandian,M_SR,26,0.28668586393872064,0.002895751644902525,1685120.0,165541381.0,0.01017944872647885,0.6213444739840486,True
full,chuandian,M_SR,27,0.2829131925335546,0.0027485933819191067,1685120.0,165176485.0,0.010201936431811102,0.6095708317508546,True
full,chuandian,M_SR,28,0.2948190791541431,0.0030653103262768704,1685120.0,165468336.0,0.010183942382789177,0.6164071401443221,True
full,chuandian,M_SR,29,0.2650777714409189,0.002716565871865501,1685120.0,165390919.0,0.010188709332947113,0.6133687808583365,True
full,chuandian,M_SR,30,0.27973261987437653,0.0028677801121086643,1685120.0,165487638.0,0.010182754557171212,0.6183061146980631,False
full,chuandian,M_SR,31,0.2852783341022771,0.0028438012071963586,1685120.0,165277627.0,0.010195693334827467,0.6213444739840486,False
full,chuandian,M_SR,32,0.2926029355587512,0.00285179128393533,1685120.0,164950340.0,0.010215923168148669,0.6171667299658185,False
full,chuandian,M_SR,33,0.2863768687182602,0.0029399202548394364,1685120.0,165558237.0,0.010178412325084133,0.6289403721990126,False
full,chuandian,M_SR,34,0.2916007030197501,0.00303711901076534,1685120.0,165395858.0,0.010188405080857587,0.6171667299658185,False
full,chuandian,M_SR,35,0.28081890700322576,0.0030093233189563973,1685120.0,165139362.0,0.010204229806822191,0.6148879605013293,False
full,chuandian,M_SR,36,0.28605470257875837,0.002759726473544262,1685120.0,165717237.0,0.010168646487872593,0.6240030383592859,False
full,chuandian,M_SR,37,0.2817793518683957,0.002608628660223197,1685120.0,165406764.0,0.010187733314219242,0.612229396126092,False
full,chuandian,M_SR,38,0.28324279054658974,0.0028597755938548973,1685120.0,165461526.0,0.01018436152945912,0.6171667299658185,False
full,chuandian,M_SR,39,0.27911753575290943,0.0028872924720960745,1685120.0,165248570.0,0.01019748612650627,0.6236232434485378,False
full,chuandian,M_SR,40,0.27796663875805033,0.002872714280958429,1685120.0,165377316.0,0.01018954739838685,0.6251424230915306,False
full,chuandian,M_SR,41,0.2857084314257783,0.002801402110687104,1685120.0,165431302.0,0.010186222193911042,0.6247626281807824,False
full,chuandian,M_SR,42,0.2934194102571475,0.002941975023354296,1685120.0,165569145.0,0.010177741752546949,0.6194454994303077,False
full,chuandian,M_SR,43,0.28299772154047087,0.00303332998016324,1685120.0,165418966.0,0.01018698182407935,0.6217242688947968,False
full,chuandian,M_SR,44,0.2810659573570576,0.002914380605596651,1685120.0,165430456.0,0.010186274285552353,0.6205848841625522,False
full,chuandian,M_SR,45,0.2788221111874121,0.0027716650452043502,1685120.0,165375432.0,0.010189663480365088,0.6152677554120775,False
full,chuandian,M_SR,46,0.2828785253452993,0.0029431202560322224,1685120.0,165304612.0,0.010194028948206237,0.6156475503228257,False
full,chuandian,M_SR,47,0.2834988854226731,0.0028059042713429205,1685120.0,165291226.0,0.010194854504860408,0.6262818078237752,False
full,chuandian,M_SR,48,0.2955132466359266,0.0028924160244315085,1685120.0,165152270.0,0.010203432262844465,0.6175465248765667,False
full,chuandian,M_SR,49,0.2882235256345205,0.0028988101328984947,1685120.0,165621456.0,0.010174527145806519,0.6240030383592859,False
full,chuandian,M_SR,50,0.2847426339264933,0.002801720188684994,1685120.0,165620132.0,0.010174608482983216,0.6152677554120775,False
full,chuandian,M_SR,51,0.28303165904178074,0.0028010007476915095,1685120.0,165477969.0,0.010183349543044005,0.6217242688947968,False
full,chuandian,M_SR,52,0.2845379725306607,0.0029922061607664096,1685120.0,165218489.0,0.010199342762419284,0.6308393467527535,False
full,chuandian,M_SR,53,0.2913010414973481,0.0028833754060349224,1685120.0,165695210.0,0.010169998275749794,0.6202050892518041,False
full,chuandian,M_SR,54,0.27367245287438713,0.002787629915944481,1685120.0,165362567.0,0.010190456223384582,0.6209646790733004,False
full,chuandian,M_SR,55,0.2818246799635798,0.0028375413769929285,1685120.0,165824031.0,0.010162097675698162,0.6156475503228257,False
full,chuandian,M_SR,56,0.28713567222469916,0.0028023647621871228,1685120.0,165355555.0,0.010190888355701144,0.6179263197873148,False
full,chuandian,M_SR,57,0.2832209135969207,0.002877467218245201,1685120.0,165301891.0,0.010194196749993622,0.6160273452335738,False
full,chuandian,M_SR,58,0.2799688845382081,0.0028662748781154586,1685120.0,165128182.0,0.010204920683981126,0.6205848841625522,False
full,chuandian,M_SR,59,0.28472181707598926,0.0028798366900850574,1685120.0,165467835.0,0.010183973217513844,0.6095708317508546,False
full,chuandian,M_SR,60,0.28122258754053236,0.0026982185869892754,1685120.0,165661194.0,0.010172086529812167,0.6118496012153437,False
full,chuandian,M_SR,61,0.28004576545826887,0.0028272832231758713,1685120.0,165228604.0,0.010198718376873776,0.6152677554120775,False
full,chuandian,M_SR,62,0.2900287078989567,0.0029738813790548334,1685120.0,165563378.0,0.010178096269574785,0.6198252943410558,False
full,chuandian,M_SR,63,0.2959401118897423,0.0030963851909294095,1685120.0,165099959.0,0.010206665163375359,0.6198252943410558,False
full,chuandian,M_SR,64,0.28112583857639345,0.002843581963634734,1685120.0,165356434.0,0.010190834183083556,0.6145081655905811,False
full,chuandian,M_SR,65,0.2826946386905481,0.0029870487784529904,1685120.0,165269447.0,0.01019619796997324,0.6183061146980631,False
full,chuandian,M_SR,66,0.2779511131976363,0.0029385602793434323,1685120.0,165737306.0,0.010167415174468928,0.6110900113938473,False
full,chuandian,M_SR,67,0.2821349678607439,0.00279926929907347,1685120.0,165426182.0,0.010186537461161983,0.6194454994303077,False
full,chuandian,M_SR,68,0.27995004297318205,0.002865605822924402,1685120.0,165532199.0,0.010180013376128713,0.6137485757690847,False
full,chuandian,M_SR,69,0.2910266707895876,0.0027256422943103733,1685120.0,165487362.0,0.010182771539980194,0.6240030383592859,False
full,chuandian,M_SR,70,0.28083336808482573,0.002774377697220661,1685120.0,165616105.0,0.010174855881316615,0.6205848841625522,False
full,chuandian,M_SR,71,0.2820881445240685,0.0030178031528682336,1685120.0,165381272.0,0.0101893036594857,0.6194454994303077,False
full,chuandian,M_SR,72,0.27846227195364087,0.0029006837645555368,1685120.0,164999913.0,0.010212853869807798,0.6167869350550702,False
full,chuandian,M_SR,73,0.2866596371268474,0.0028293475205344505,1685120.0,165573616.0,0.010177466922024581,0.6266616027345233,False
full,chuandian,M_SR,74,0.27442661117251627,0.002765393708645183,1685120.0,165071104.0,0.010208449323753236,0.6183061146980631,False
full,chuandian,M_SR,75,0.2926542766193923,0.002880412243724305,1685120.0,165493943.0,0.010182366613864532,0.6129889859475883,False
full,chuandian,M_SR,76,0.28327292854855984,0.0028111218312657747,1685120.0,165418163.0,0.0101870312753987,0.6183061146980631,False
full,chuandian,M_SR,77,0.2855147901867166,0.002778319512348189,1685120.0,165412743.0,0.010187365068965696,0.6274211925560198,False
full,chuandian,M_SR,78,0.28327653743702663,0.002789256929380635,1685120.0,165381113.0,0.010189313455642302,0.6133687808583365,False
full,chuandian,M_SR,79,0.2803630126625165,0.0029625895603305847,1685120.0,165413176.0,0.010187338401627692,0.6126091910368401,False
full,chuandian,M_SR,80,0.27597005126431295,0.0028645017110757688,1685120.0,165431180.0,0.010186229705911546,0.6145081655905811,False
full,chuandian,M_SR,81,0.2881968930449,0.0029686750923221088,1685120.0,165656708.0,0.010172361990919197,0.6198252943410558,False
full,chuandian,M_SR,82,0.296751173201438,0.002849357686868138,1685120.0,165272243.0,0.010196025475372777,0.6110900113938473,False
full,chuandian,M_SR,83,0.2914010883918734,0.0028796322754998703,1685120.0,165045620.0,0.010210025567476435,0.6247626281807824,False
full,chuandian,M_SR,84,0.2868760057825174,0.0028153382164529538,1685120.0,165251598.0,0.010197299272107493,0.6209646790733004,False
full,chuandian,M_SR,85,0.28156307271274084,0.002945805249136701,1685120.0,165504591.0,0.01018171151518087,0.6240030383592859,False
full,chuandian,M_SR,86,0.2940334163683718,0.002855555144810537,1685120.0,165268512.0,0.010196255654555661,0.6175465248765667,False
full,chuandian,M_SR,87,0.28118118547539883,0.0028097452635952023,1685120.0,165363679.0,0.010190387696925877,0.6171667299658185,False
full,chuandian,M_SR,88,0.28252501088000576,0.002942692712276817,1685120.0,165401080.0,0.010188083415174798,0.6293201671097607,False
full,chuandian,M_SR,89,0.2844863061333515,0.002774651926104615,1685120.0,165086868.0,0.010207474527895216,0.6194454994303077,False
full,chuandian,M_SR,90,0.28130510827692073,0.002906653386654106,1685120.0,165191076.0,0.010201035315006967,0.6255222180022788,False
full,chuandian,M_SR,91,0.27723264443420303,0.003184727331040117,1685120.0,164918449.0,0.010217898665782384,0.6217242688947968,False
full,chuandian,M_SR,92,0.28048138821241503,0.0028227431216011323,1685120.0,165323593.0,0.010192858559516065,0.6243828332700342,False
full,chuandian,M_SR,93,0.28516776386904485,0.00291571809138917,1685120.0,165548205.0,0.010179029123269564,0.610330421572351,False
full,chuandian,M_SR,94,0.2906426830931727,0.002917713826551399,1685120.0,164941132.0,0.010216493482050311,0.6194454994303077,False
full,chuandian,M_SR,95,0.2920783713264791,0.002821810278041521,1685120.0,165400876.0,0.01018809598082177,0.6133687808583365,False
full,chuandian,M_SR,96,0.2891934650834212,0.0030204608061195804,1685120.0,165583487.0,0.010176860208288764,0.6167869350550702,False
full,chuandian,M_SR,97,0.2858793986293116,0.002919104705691384,1685120.0,165332545.0,0.010192306662913826,0.6300797569312572,False
full,chuandian,M_SR,98,0.283701895662137,0.002948893130072434,1685120.0,165756332.0,0.010166248128608444,0.6175465248765667,False
full,chuandian,M_SR,99,0.2876274001585433,0.0029951689008506314,1685120.0,165360686.0,0.010190572141192011,0.6232434485377896,False
full,chuandian,M_SR,100,0.2886774445115536,0.00287133968331324,1685120.0,165285578.0,0.010195202874869094,0.6194454994303077,False
full,chuandian,M_SR,101,0.2909621944418348,0.0028502566903528116,1685120.0,165379365.0,0.010189421152995719,0.6228636536270414,False
full,chuandian,M_SR,102,0.290894777634039,0.0029998917036809796,1685120.0,165520002.0,0.010180763530923592,0.6209646790733004,False
full,chuandian,M_SR,103,0.2837269028652608,0.002914801845697176,1685120.0,165580793.0,0.010177025785834955,0.612229396126092,False
full,chuandian,M_SR,104,0.28355215768331576,0.0028551554379802465,1685120.0,165022204.0,0.010211474329842304,0.6137485757690847,False
full,chuandian,M_SR,105,0.28662746373545894,0.0029073131916987176,1685120.0,165317401.0,0.010193240335299005,0.612229396126092,False
full,chuandian,M_SR,106,0.28831234683833173,0.0028105924519062505,1685120.0,165018629.0,0.010211695553475966,0.6205848841625522,False
full,chuandian,M_SR,107,0.2867039643725067,0.0027970320624378987,1685120.0,165392642.0,0.010188603190703006,0.610330421572351,False
full,chuandian,M_SR,108,0.2755314384446083,0.002752266021631943,1685120.0,165201705.0,0.010200378985192677,0.6240030383592859,False
full,chuandian,M_SR,109,0.2819387277683491,0.0029166841712667934,1685120.0,165699143.0,0.01016975688281019,0.6137485757690847,False
full,chuandian,M_SR,110,0.29627788366602037,0.003076924834268567,1685120.0,165549817.0,0.010178930007515501,0.6270413976452716,False
full,chuandian,M_SR,111,0.30227973473704256,0.0029572889838967277,1685120.0,165612222.0,0.01017509444441848,0.6217242688947968,False
full,chuandian,M_SR,112,0.28329053820090316,0.0028433681240228235,1685120.0,165623556.0,0.010174398139356458,0.6205848841625522,False
full,chuandian,M_SR,113,0.27705153316877434,0.0028848767098979366,1685120.0,165494030.0,0.010182361261007421,0.6148879605013293,False
full,chuandian,M_SR,114,0.29970464680855374,0.002997056533659985,1685120.0,165594092.0,0.010176208460383961,0.612229396126092,False
full,chuandian,M_SR,115,0.2770760351012735,0.0027749085539920445,1685120.0,165326612.0,0.010192672429529977,0.6061526775541207,False
full,chuandian,M_SR,116,0.2727190119937732,0.00291517913372036,1685120.0,165257694.0,0.010196923115724947,0.6183061146980631,False
full,chuandian,M_SR,117,0.28275127281028606,0.0028804829082433613,1685120.0,165135750.0,0.010204453003059603,0.6183061146980631,False
full,chuandian,M_SR,118,0.2793695380318485,0.00285218231291242,1685120.0,165604403.0,0.010175574860772271,0.6186859096088112,False
full,chuandian,M_SR,119,0.2843013295707268,0.0028848304689881614,1685120.0,165315541.0,0.010193355021594732,0.6243828332700342,False
full,chuandian,M_SR,120,0.27419726193628646,0.0028772948438444477,1685120.0,165581480.0,0.010176983561205033,0.6262818078237752,False
full,chuandian,M_SR,121,0.2871812989960082,0.002903545959339606,1685120.0,165183199.0,0.010201521766145236,0.6262818078237752,False
full,chuandian,M_SR,122,0.28093496688818437,0.0027893616833149716,1685120.0,165448010.0,0.010185193523935404,0.6262818078237752,False
full,chuandian,M_SR,123,0.2912451342701224,0.0029304860560762174,1685120.0,165114170.0,0.010205786698985314,0.6156475503228257,False
full,chuandian,M_SR,124,0.2855327853658126,0.002875027138349859,1685120.0,165653523.0,0.01017255757367744,0.6179263197873148,False
full,chuandian,M_SR,125,0.2877862336545472,0.0028500296950743644,1685120.0,165681063.0,0.010170866660844637,0.6190657045195594,False
full,chuandian,M_SR,126,0.2919168593818184,0.0028370026420475995,1685120.0,165384381.0,0.010189112114523075,0.6198252943410558,False
full,chuandian,M_SR,127,0.2892594290496897,0.0029832439980847143,1685120.0,165304009.0,0.010194066134233926,0.6164071401443221,False
full,chuandian,M_SR,128,0.28301436845065386,0.003007261023948779,1685120.0,165354132.0,0.010190976056165322,0.6198252943410558,False
full,chuandian,M_SR,129,0.274854592786748,0.0028000900952705877,1685120.0,165442670.0,0.01018552227185405,0.6209646790733004,False
full,chuandian,M_SR,130,0.2784618487449566,0.002863948115511353,1685120.0,165518447.0,0.010180859176379295,0.6133687808583365,False
full,chuandian,M_SR,131,0.2856865889635278,0.0028972190602797715,1685120.0,165947062.0,0.010154563628249109,0.6156475503228257,False
full,chuandian,M_SR,132,0.27766471008740695,0.0028471549001640173,1685120.0,165059222.0,0.010209184192083493,0.6236232434485378,False
full,chuandian,M_SR,133,0.2864769313217498,0.002701625154450068,1685120.0,165438077.0,0.010185805048979141,0.6247626281807824,False
full,chuandian,M_SR,134,0.2890416315640611,0.0029202978451429553,1685120.0,165342724.0,0.010191679193576126,0.6198252943410558,False
full,chuandian,M_SR,135,0.28442443453680205,0.0029514837570111716,1685120.0,165568279.0,0.010177794986925002,0.6156475503228257,False
full,chuandian,M_SR,136,0.2925377521560361,0.002818580474001063,1685120.0,165540114.0,0.010179526637271737,0.6217242688947968,False
full,chuandian,M_SR,137,0.2870297279162831,0.0028401903409714883,1685120.0,165268954.0,0.01019622838539899,0.6167869350550702,False
full,chuandian,M_SR,138,0.2912606067151728,0.002958046768741261,1685120.0,165199242.0,0.010200531065390725,0.6198252943410558,False
full,chuandian,M_SR,139,0.2807829835901506,0.002835385789086661,1685120.0,165375012.0,0.010189689358873637,0.6205848841625522,False
full,chuandian,M_SR,140,0.2907121317232746,0.0027855236198346036,1685120.0,165629365.0,0.010174041299983248,0.6224838587162932,False
full,chuandian,M_SR,141,0.2847177033391164,0.0028769948221297414,1685120.0,165521798.0,0.010180653064196415,0.6228636536270414,False
full,chuandian,M_SR,142,0.27907010977580715,0.0030244296037693756,1685120.0,165413588.0,0.010187313027754406,0.6190657045195594,False
full,chuandian,M_SR,143,0.2892102466762476,0.0030010530751697364,1685120.0,165339806.0,0.010191859061453114,0.6247626281807824,False
full,chuandian,M_SR,144,0.2771003345792519,0.00273906248872551,1685120.0,165489687.0,0.010182628480045405,0.6262818078237752,False
full,chuandian,M_SR,145,0.27804326016616776,0.0030488784381932322,1685120.0,165097074.0,0.010206843520436952,0.6183061146980631,False
full,chuandian,M_SR,146,0.28558924644477723,0.002962527787702448,1685120.0,165486377.0,0.010182832149379884,0.6133687808583365,False
full,chuandian,M_SR,147,0.281147271609351,0.002884718648068277,1685120.0,165612357.0,0.010175086150123448,0.6209646790733004,False
full,chuandian,M_SR,148,0.27936113067730617,0.002784510457620928,1685120.0,165160233.0,0.010202940316752883,0.6186859096088112,False
full,chuandian,M_SR,149,0.283565509595842,0.0027422331442099263,1685120.0,165202036.0,0.010200358547639206,0.6183061146980631,False
full,chuandian,M_SR,150,0.2916700774860442,0.0029276254022035726,1685120.0,165139499.0,0.010204221341376359,0.6255222180022788,False
full,chuandian,M_SR,151,0.2759550676871665,0.0028141874926835243,1685120.0,165386867.0,0.01018895895766621,0.6164071401443221,False
full,chuandian,M_SR,152,0.2766618195767774,0.002823802095252151,1685120.0,165478815.0,0.010183297481312035,0.612229396126092,False
full,chuandian,M_SR,153,0.29236479389057846,0.002998555819195042,1685120.0,165497046.0,0.010182175698773499,0.6202050892518041,False
full,chuandian,M_SR,154,0.28686754667182796,0.0029664854966346133,1685120.0,165470117.0,0.010183832770239716,0.6129889859475883,False
full,chuandian,M_SR,155,0.28083612182169143,0.002990301566047618,1685120.0,165319628.0,0.010193103023435306,0.6190657045195594,False
full,chuandian,M_SR,156,0.2925492701643723,0.0029595232388888236,1685120.0,165395422.0,0.01018843193858171,0.6240030383592859,False
full,chuandian,M_SR,157,0.2792960099784286,0.002890290117892918,1685120.0,165469742.0,0.010183855849609048,0.6095708317508546,False
full,chuandian,M_SR,158,0.294315225158978,0.0028553358903889523,1685120.0,165617481.0,0.010174771345544134,0.6110900113938473,False
full,chuandian,M_SR,159,0.27996137089883344,0.0028782223794708997,1685120.0,165275400.0,0.010195830716488963,0.6186859096088112,False
full,chuandian,M_SR,160,0.2877223101381132,0.002940133969695087,1685120.0,165129803.0,0.010204820507173983,0.6183061146980631,False
full,chuandian,M_SR,161,0.28433105750456106,0.0028592902905122727,1685120.0,165325896.0,0.01019271657236323,0.6145081655905811,False
full,chuandian,M_SR,162,0.28748476298824,0.002833611101540656,1685120.0,165792094.0,0.010164055229316302,0.6232434485377896,False
full,chuandian,M_SR,163,0.29788598875784705,0.002892063593686544,1685120.0,165242939.0,0.010197833627251086,0.6221040638055451,False
full,chuandian,M_SR,164,0.2782794870388848,0.002876506079135332,1685120.0,165386965.0,0.01018895292020142,0.6152677554120775,False
full,chuandian,M_SR,165,0.2880215984481126,0.0029890139173346735,1685120.0,165072642.0,0.010208354210505699,0.6148879605013293,False
full,chuandian,M_SR,166,0.289455014411918,0.0028926786571427505,1685120.0,165283262.0,0.01019534573319348,0.6160273452335738,False
full,chuandian,M_SR,167,0.28094287404873,0.0027204746037341977,1685120.0,165416944.0,0.01018710634625193,0.6205848841625522,False
full,chuandian,M_SR,168,0.27545275176409906,0.002911411148291423,1685120.0,165555109.0,0.010178604636115458,0.6198252943410558,False
full,chuandian,M_SR,169,0.2858015103964554,0.0029113189515164546,1685120.0,165512148.0,0.010181246635745432,0.6236232434485378,False
full,chuandian,M_SR,170,0.28167865961284266,0.002901255633210912,1685120.0,165508106.0,0.01018149527975385,0.6091910368401063,False
full,chuandian,M_SR,171,0.2816336312268396,0.002853138361401502,1685120.0,165175455.0,0.010202000048978222,0.6205848841625522,False
full,chuandian,M_SR,172,0.2921879135326732,0.0030601820307835244,1685120.0,165396552.0,0.01018836233055209,0.633877706038739,False
full,chuandian,M_SR,173,0.28585049365382953,0.002914390673468025,1685120.0,165162149.0,0.010202821955289525,0.6167869350550702,False
full,chuandian,M_SR,174,0.28121117901899495,0.00291221009256496,1685120.0,165762040.0,0.010165898054826063,0.6266616027345233,False
full,chuandian,M_SR,175,0.27832438330344456,0.0028460348863799723,1685120.0,165076313.0,0.010208127195087038,0.6183061146980631,False
full,chuandian,M_SR,176,0.28784112840699994,0.0029122979315698537,1685120.0,165360908.0,0.010190558460165203,0.6194454994303077,False
full,chuandian,M_SR,177,0.2740841091099973,0.002783223042858678,1685120.0,165365594.0,0.01019026968814323,0.610330421572351,False
full,chuandian,M_SR,178,0.2920718369900397,0.0029416740690343464,1685120.0,165599022.0,0.01017590550746127,0.6293201671097607,False
full,chuandian,M_SR,179,0.27488630652224066,0.00287986796521009,1685120.0,165413326.0,0.010187329163552397,0.6145081655905811,False
full,chuandian,M_SR,180,0.28313838373952943,0.0028421140608599163,1685120.0,165701455.0,0.010169614986181021,0.6179263197873148,False
full,chuandian,M_SR,181,0.2927324149994599,0.0029364428859457404,1685120.0,165107598.0,0.010206192933652878,0.6183061146980631,False
full,chuandian,M_SR,182,0.29162992248402,0.0027997953815080095,1685120.0,165532145.0,0.010180016697059051,0.6217242688947968,False
full,chuandian,M_SR,183,0.27436589149374646,0.0030001915627324107,1685120.0,165278290.0,0.01019565243565867,0.6186859096088112,False
full,chuandian,M_SR,184,0.2839605997095231,0.002962797743265527,1685120.0,165259655.0,0.010196802117249973,0.6205848841625522,False
full,chuandian,M_SR,185,0.28699340882732943,0.002895357440959406,1685120.0,165051052.0,0.010209689545026348,0.6209646790733004,False
full,chuandian,M_SR,186,0.2861518996708945,0.0028761775480487875,1685120.0,165522052.0,0.010180637441589958,0.6236232434485378,False
full,chuandian,M_SR,187,0.2793552692597443,0.003028427998852936,1685120.0,165439740.0,0.010185702661283196,0.6255222180022788,False
full,chuandian,M_SR,188,0.28495312525319405,0.0027878617837163197,1685120.0,165292215.0,0.010194793505550156,0.6232434485377896,False
full,chuandian,M_SR,189,0.28593863707443723,0.0028950912634674933,1685120.0,165083380.0,0.010207690198734725,0.612229396126092,False
full,chuandian,M_SR,190,0.27611377028659023,0.002719300486985685,1685120.0,165144147.0,0.01020393414245556,0.6175465248765667,False
full,chuandian,M_SR,191,0.28535749417539896,0.002968676570374132,1685120.0,165515346.0,0.010181049919081218,0.6167869350550702,False
full,chuandian,M_SR,192,0.2834931805370907,0.0028518055240838573,1685120.0,165556846.0,0.010178497843574526,0.6202050892518041,False
full,chuandian,M_SR,193,0.28969031897259706,0.0029222524080397237,1685120.0,165431000.0,0.010186240789211211,0.6247626281807824,False
full,chuandian,M_SR,194,0.28573059904340214,0.002936015201075732,1685120.0,165393905.0,0.010188525387317024,0.6148879605013293,False
full,chuandian,M_SR,195,0.28724530715491736,0.002879041035936795,1685120.0,165358781.0,0.010190689540702407,0.6243828332700342,False
full,chuandian,M_SR,196,0.2844550007601195,0.002752208540907117,1685120.0,165609055.0,0.01017528902631562,0.6209646790733004,False
full,chuandian,M_SR,197,0.2855055600507352,0.0030515333134150985,1685120.0,165528178.0,0.010180260668367896,0.6152677554120775,False
full,chuandian,M_SR,198,0.2886922231173036,0.00292936641065658,1685120.0,165316144.0,0.010193317840754864,0.6152677554120775,False
full,chuandian,M_SR,199,0.2832845845118281,0.0028078921545898984,1685120.0,165414185.0,0.010187276260497247,0.6061526775541207,False
full,southern_california,observed,-1,0.47071575595580145,0.0015524607391120243,,,,,
full,southern_california,M_SR,0,0.3749434303041911,0.0008778483662453847,6030080.0,645834949.0,0.009336874706667508,0.6043302908087455,True
full,southern_california,M_SR,1,0.38379942770589204,0.0008954855415325852,6030080.0,645319818.0,0.009344327931363795,0.6028444067077053,True
full,southern_california,M_SR,2,0.3824986796374607,0.0008850473218918825,6030080.0,645387765.0,0.009343344152178032,0.6032689450222882,True
full,southern_california,M_SR,3,0.37741308114784566,0.0008913974676327671,6030080.0,645959969.0,0.009335067634818095,0.6042241562300997,True
full,southern_california,M_SR,4,0.38393945869378154,0.0008874778822843698,6030080.0,643826750.0,0.009365997917918135,0.6025260029717682,True
full,southern_california,M_SR,5,0.37858871640067093,0.000915635847469227,6030080.0,645708711.0,0.009338700093826053,0.6045425599660369,True
full,southern_california,M_SR,6,0.3800306143715601,0.0009651775903389775,6030080.0,645754586.0,0.009338036663978101,0.6016769263426024,True
full,southern_california,M_SR,7,0.37999230048699845,0.0009063336479887263,6030080.0,645266814.0,0.00934509550029331,0.6008278497134366,True
full,southern_california,M_SR,8,0.375046834212109,0.0009288849668699673,6030080.0,644581581.0,0.009355029957022616,0.601464657185311,True
full,southern_california,M_SR,9,0.3776904114309026,0.0009050800302446139,6030080.0,645807614.0,0.009337269907133674,0.6013585226066652,True
full,southern_california,M_SR,10,0.3801252719686607,0.0008815193511702699,6030080.0,647453413.0,0.009313534964715677,0.6053916365952027,True
full,southern_california,M_SR,11,0.3774279040918094,0.0008488781433736559,6030080.0,646194292.0,0.00933168255221914,0.603375079600934,True
full,southern_california,M_SR,12,0.3788308057730532,0.0009347953800802567,6030080.0,645584419.0,0.009340498039498069,0.6017830609212481,True
full,southern_california,M_SR,13,0.3823825260237403,0.0012258436100273304,6030080.0,644371192.0,0.0093580844005205,0.6026321375504139,True
full,southern_california,M_SR,14,0.3788381451409241,0.0008570982608862174,6030080.0,645915892.0,0.009335704655490966,0.6005094459774994,True
full,southern_california,M_SR,15,0.375606288467552,0.0008731648947320532,6030080.0,646231102.0,0.009331151009813205,0.6056039057524941,True
full,southern_california,M_SR,16,0.37956219121066936,0.001247516689760649,6030080.0,646237599.0,0.009331057198360259,0.6047548291233283,True
full,southern_california,M_SR,17,0.38388823436001407,0.0008705322802563143,6030080.0,645167708.0,0.00934653102631727,0.6032689450222882,True
full,southern_california,M_SR,18,0.37572596949184484,0.0008781416885042446,6030080.0,645313193.0,0.009344423863344137,0.6053916365952027,True
full,southern_california,M_SR,19,0.3772903687279213,0.0008738558933318084,6030080.0,645256887.0,0.009345239270572868,0.6048609637019741,True
full,southern_california,M_SR,20,0.37971268892718923,0.0008918786312942421,6030080.0,645961972.0,0.009335038688624227,0.605285502016557,True
full,southern_california,M_SR,21,0.3803288427242874,0.0012089499543073855,6030080.0,646952604.0,0.00932074461516504,0.6063468478030142,True
full,southern_california,M_SR,22,0.37556800639609356,0.0009062834742811259,6030080.0,645498398.0,0.009341742781521202,0.6050732328592655,True
full,southern_california,M_SR,23,0.37832876046419567,0.000863569698297378,6030080.0,645998836.0,0.009334505983537097,0.6083634047972829,True
full,southern_california,M_SR,24,0.37671345033403947,0.0009102182863330419,6030080.0,645574657.0,0.009340639281011925,0.6068775206962428,True
full,southern_california,M_SR,25,0.3811370454212182,0.0008896396381976175,6030080.0,645114439.0,0.009347302796922826,0.6079388664827,True
full,southern_california,M_SR,26,0.37947183768042414,0.0009312657643811631,6030080.0,645504331.0,0.009341656919107488,0.6044364253873912,True
full,southern_california,M_SR,27,0.3813972552553817,0.0009117333195435236,6030080.0,646287813.0,0.00933033221222137,0.6025260029717682,True
full,southern_california,M_SR,28,0.3832191258690006,0.0008790626307655462,6030080.0,644697940.0,0.009353341504395067,0.6075143281681171,True
full,southern_california,M_SR,29,0.38020428651709653,0.0008460616431321726,6030080.0,645429999.0,0.009342732766284079,0.6044364253873912,True
full,southern_california,M_SR,30,0.3837646569981213,0.0009010365595942421,6030080.0,645985685.0,0.009334696015748399,0.6048609637019741,False
full,southern_california,M_SR,31,0.37887855601081305,0.0008827754727619945,6030080.0,647159715.0,0.009317761690404354,0.6029505412863511,False
full,southern_california,M_SR,32,0.37608118631820947,0.0008804139841230329,6030080.0,645877988.0,0.009336252530717922,0.6027382721290596,False
full,southern_california,M_SR,33,0.38106819660514035,0.0009687213858082283,6030080.0,646358067.0,0.009329318079045495,0.6053916365952027,False
full,southern_california,M_SR,34,0.38141979283908073,0.0008965359488369889,6030080.0,645718464.0,0.009338559041111763,0.6059223094884313,False
full,southern_california,M_SR,35,0.37410929902570855,0.0008603164799308047,6030080.0,645846592.0,0.009336706386150598,0.6015707917639567,False
full,southern_california,M_SR,36,0.38326082887094376,0.000898617351265521,6030080.0,644474650.0,0.009356582140197446,0.6062407132243685,False
full,southern_california,M_SR,37,0.38234801692327064,0.0009544922065156798,6030080.0,644706234.0,0.009353221175770421,0.6035873487582254,False
full,southern_california,M_SR,38,0.383106097101419,0.0009123494271423834,6030080.0,646029030.0,0.009334069708910759,0.6097431543196774,False
full,southern_california,M_SR,39,0.38219317222142024,0.0008895655999595341,6030080.0,644798373.0,0.009351884639448369,0.6063468478030142,False
full,southern_california,M_SR,40,0.3740157082475986,0.0009042787433020099,6030080.0,645041252.0,0.009348363350876045,0.6068775206962428,False
full,southern_california,M_SR,41,0.3774280467658756,0.0009515398429286383,6030080.0,644688571.0,0.009353477432749464,0.6021014646571853,False
full,southern_california,M_SR,42,0.37934116112113925,0.0008662289736138694,6030080.0,646201546.0,0.009331577798484562,0.606028444067077,False
full,southern_california,M_SR,43,0.3715826534532941,0.0008854725775555843,6030080.0,644676925.0,0.00935364640203308,0.6061345786457227,False
full,southern_california,M_SR,44,0.37896133804434035,0.0012526912450801127,6030080.0,645375829.0,0.00934351695405686,0.6001910422415623,False
full,southern_california,M_SR,45,0.3767758946737966,0.000916778549591027,6030080.0,646586147.0,0.009326027209178672,0.6064529823816599,False
full,southern_california,M_SR,46,0.3777295528990049,0.0008535751392769746,6030080.0,646336692.0,0.00932962660891299,0.6028444067077053,False
full,southern_california,M_SR,47,0.37812093433613064,0.0009060411775779432,6030080.0,645014266.0,0.009348754466153157,0.6049670982806198,False
full,southern_california,M_SR,48,0.3790073857515691,0.0008975486539364785,6030080.0,647183168.0,0.009317424027937636,0.600297176820208,False
full,southern_california,M_SR,49,0.3812299955111394,0.0008754527732973712,6030080.0,645560279.0,0.009340847316908728,0.6042241562300997,False
full,southern_california,M_SR,50,0.3774812676737242,0.0008645953824352634,6030080.0,645062919.0,0.00934804934896591,0.6040118870728083,False
full,southern_california,M_SR,51,0.3775172201858225,0.0008753295500745796,6030080.0,646169346.0,0.009332042810956866,0.6070897898535342,False
full,southern_california,M_SR,52,0.37887633501741147,0.0009377944720398796,6030080.0,645900239.0,0.009335930900623185,0.6048609637019741,False
full,southern_california,M_SR,53,0.38445210298053506,0.000930128144910264,6030080.0,645083800.0,0.009347746757863087,0.6042241562300997,False
full,southern_california,M_SR,54,0.3776253604082748,0.0008461086690272501,6030080.0,646692431.0,0.009324494475179655,0.6039057524941626,False
full,southern_california,M_SR,55,0.3860037344840564,0.0009198632612230178,6030080.0,645090360.0,0.00934765169952315,0.6016769263426024,False
full,southern_california,M_SR,56,0.3826586647669525,0.0009299149572255249,6030080.0,645359180.0,0.009343757998452893,0.6073020590108257,False
full,southern_california,M_SR,57,0.3777614362355937,0.0008802592944044013,6030080.0,646305243.0,0.00933008058546726,0.6042241562300997,False
full,southern_california,M_SR,58,0.38205323485683795,0.0012750802647960805,6030080.0,644937814.0,0.009349862683040012,0.5999787730842708,False
full,southern_california,M_SR,59,0.3803966939764648,0.0009728973747993807,6030080.0,645689084.0,0.009338983962132463,0.6066652515389513,False
full,southern_california,M_SR,60,0.38154437490746346,0.0009175433252413992,6030080.0,647205473.0,0.009317102916402562,0.6012523880280195,False
full,southern_california,M_SR,61,0.39063817742808615,0.0009623701090449571,6030080.0,646704628.0,0.009324318613040759,0.604118021651454,False
full,southern_california,M_SR,62,0.37821825982348767,0.0012186818630382699,6030080.0,645425158.0,0.009342802841286208,0.6051793674379112,False
full,southern_california,M_SR,63,0.3818396702230736,0.0009240637995190394,6030080.0,645526532.0,0.009341335640097283,0.6043302908087455,False
full,southern_california,M_SR,64,0.38264247036521926,0.0008579387748703582,6030080.0,644872445.0,0.009350810453685921,0.6034812141795797,False
full,southern_california,M_SR,65,0.37885064799771084,0.0009174627084113379,6030080.0,644975468.0,0.009349316833241167,0.5977499469327107,False
full,southern_california,M_SR,66,0.3810403323545037,0.0008930364587810304,6030080.0,647476393.0,0.009313204412071901,0.6053916365952027,False
full,southern_california,M_SR,67,0.38339165331208935,0.0008859649957935268,6030080.0,644489538.0,0.009356365998915563,0.6050732328592655,False
full,southern_california,M_SR,68,0.3778488735912044,0.0008634006921649813,6030080.0,645579451.0,0.009340569918480878,0.6024198683931224,False
full,southern_california,M_SR,69,0.37683394822032157,0.000896465648399533,6030080.0,645690829.0,0.009338958723231301,0.6075143281681171,False
full,southern_california,M_SR,70,0.38176424345448984,0.0009040999171148007,6030080.0,645190258.0,0.00934620435635902,0.60719592443218,False
full,southern_california,M_SR,71,0.37531266732080226,0.0009400601637333262,6030080.0,645254490.0,0.009345273986392563,0.6013585226066652,False
full,southern_california,M_SR,72,0.3828645120723223,0.0008563367859250791,6030080.0,646636428.0,0.00932530203819572,0.6058161749097856,False
full,southern_california,M_SR,73,0.381638242697499,0.000854180128964744,6030080.0,644557224.0,0.009355383471739663,0.6053916365952027,False
full,southern_california,M_SR,74,0.37459963637796173,0.0008439870434742796,6030080.0,646781481.0,0.009323210662551422,0.6057100403311398,False
full,southern_california,M_SR,75,0.37394631253452687,0.0008084434081010418,6030080.0,645425441.0,0.009342798744743004,0.6029505412863511,False
full,southern_california,M_SR,76,0.37747245339015423,0.0008801606668927431,6030080.0,644892021.0,0.009350526605445471,0.6050732328592655,False
full,southern_california,M_SR,77,0.3859067449385495,0.0009253516470827031,6030080.0,645983099.0,0.009334733384410107,0.6032689450222882,False
full,southern_california,M_SR,78,0.37820286744632536,0.00128938007421431,6030080.0,645574811.0,0.009340637052829498,0.6030566758649968,False
full,southern_california,M_SR,79,0.37385798306268175,0.0012544206823343312,6030080.0,647536620.0,0.009312338196409649,0.6030566758649968,False
full,southern_california,M_SR,80,0.3818768641335116,0.0008804851572476177,6030080.0,646095061.0,0.009333115765761905,0.6048609637019741,False
full,southern_california,M_SR,81,0.38257757834533096,0.0009186553448375257,6030080.0,646046479.0,0.009333817606023977,0.6062407132243685,False
full,southern_california,M_SR,82,0.382197402268263,0.0012317608698721738,6030080.0,646768710.0,0.009323394757300488,0.6032689450222882,False
full,southern_california,M_SR,83,0.3850093094712963,0.0009043460290440321,6030080.0,646363279.0,0.009329242851371822,0.6034812141795797,False
full,southern_california,M_SR,84,0.3775454442478898,0.0008870931430254701,6030080.0,645547273.0,0.009341035509261613,0.6048609637019741,False
full,southern_california,M_SR,85,0.3823436954893583,0.0008784971345242331,6030080.0,644765831.0,0.009352356638762391,0.6068775206962428,False
full,southern_california,M_SR,86,0.3819558851891195,0.0008773863884093071,6030080.0,645227878.0,0.00934565942607954,0.6015707917639567,False
full,southern_california,M_SR,87,0.37819512154285695,0.0009315668362591844,6030080.0,645084341.0,0.009347738918375016,0.6030566758649968,False
full,southern_california,M_SR,88,0.376612137901382,0.0009643295682623497,6030080.0,645768747.0,0.009337831891080972,0.6080450010613457,False
full,southern_california,M_SR,89,0.3788060712006839,0.0008957486931687839,6030080.0,646779145.0,0.009323244335591556,0.6058161749097856,False
full,southern_california,M_SR,90,0.38155553742808224,0.0008728650568734667,6030080.0,645796768.0,0.009337426724315846,0.6070897898535342,False
full,southern_california,M_SR,91,0.37745606491507555,0.0008799003316786388,6030080.0,645554073.0,0.009340937114651277,0.6010401188707281,False
full,southern_california,M_SR,92,0.37646907130625373,0.0008797434788634023,6030080.0,647611356.0,0.009311263528862518,0.603375079600934,False
full,southern_california,M_SR,93,0.3803345338384761,0.0009625628187073635,6030080.0,646304298.0,0.009330094227533668,0.605285502016557,False
full,southern_california,M_SR,94,0.37798698602450326,0.0008662884289017184,6030080.0,644341013.0,0.009358522705119192,0.604118021651454,False
full,southern_california,M_SR,95,0.3797468350168741,0.0008773447201229549,6030080.0,644874466.0,0.009350781148776327,0.6017830609212481,False
full,southern_california,M_SR,96,0.3772535775911214,0.0008969011027771087,6030080.0,646268078.0,0.009330617131301355,0.6046486945446826,False
full,southern_california,M_SR,97,0.37762394384629416,0.0008886826956570617,6030080.0,645521840.0,0.009341403537950009,0.6047548291233283,False
full,southern_california,M_SR,98,0.3826804965851904,0.0009057417244856023,6030080.0,646104917.0,0.009332973393855165,0.6065591169603056,False
full,southern_california,M_SR,99,0.37591787150949496,0.0008900644528326165,6030080.0,644607118.0,0.009354659344608727,0.606028444067077,False
full,southern_california,M_SR,100,0.37159857638109983,0.0008704824722266944,6030080.0,646210568.0,0.009331447516655282,0.6075143281681171,False
full,southern_california,M_SR,101,0.38264110115377137,0.0009242564421895209,6030080.0,646333350.0,0.00932967484967316,0.6017830609212481,False
full,southern_california,M_SR,102,0.380722788457413,0.0009177100606631703,6030080.0,646082771.0,0.009333293303374592,0.6039057524941626,False
full,southern_california,M_SR,103,0.3833561520517236,0.0008886284051475121,6030080.0,645319958.0,0.009344325904143197,0.6037996179155168,False
full,southern_california,M_SR,104,0.38065508384214813,0.0008809727966401398,6030080.0,645085843.0,0.009347717153358767,0.602207599235831,False
full,southern_california,M_SR,105,0.3740675820664605,0.0008677052193400384,6030080.0,646102433.0,0.009333009275326471,0.6045425599660369,False
full,southern_california,M_SR,106,0.3755435561367272,0.0008707895474940691,6030080.0,645616978.0,0.00934002699043023,0.6047548291233283,False
full,southern_california,M_SR,107,0.37437558282676164,0.0008730955085448316,6030080.0,644638534.0,0.009354203451945675,0.6049670982806198,False
full,southern_california,M_SR,108,0.38538643365516373,0.0008981560048396857,6030080.0,644881777.0,0.009350675139328678,0.6030566758649968,False
full,southern_california,M_SR,109,0.3794134001659045,0.0009239398168217986,6030080.0,645232111.0,0.009345598114536492,0.6043302908087455,False
full,southern_california,M_SR,110,0.3781304065684099,0.0008677071383940234,6030080.0,645574897.0,0.009340635808520294,0.6017830609212481,False
full,southern_california,M_SR,111,0.38138024942708454,0.0009162267331260604,6030080.0,645256340.0,0.009345247192766831,0.610273827212906,False
full,southern_california,M_SR,112,0.3810829199459928,0.0009422506224340143,6030080.0,645175215.0,0.009346422273831458,0.6005094459774994,False
full,southern_california,M_SR,113,0.3759665743744087,0.0009334186208308348,6030080.0,644439094.0,0.009357098376157794,0.6069836552748885,False
full,southern_california,M_SR,114,0.3837181013814194,0.000900877178427201,6030080.0,646229330.0,0.009331176596394966,0.6056039057524941,False
full,southern_california,M_SR,115,0.37804658620635917,0.0009170867502008675,6030080.0,644980658.0,0.00934924160159854,0.6085756739545743,False
full,southern_california,M_SR,116,0.38071521309653694,0.0008567599432740751,6030080.0,645907880.0,0.009335820457864673,0.6028444067077053,False
full,southern_california,M_SR,117,0.38132672377759463,0.0008638683185688255,6030080.0,646788015.0,0.009323116477351548,0.601464657185311,False
full,southern_california,M_SR,118,0.38132873596176475,0.000907127317140909,6030080.0,643566801.0,0.00936978102448762,0.6025260029717682,False
full,southern_california,M_SR,119,0.38540258683288137,0.0012412810045852164,6030080.0,646966639.0,0.009320542415170807,0.6042241562300997,False
full,southern_california,M_SR,120,0.38278171524566035,0.0009513401258142286,6030080.0,645766075.0,0.009337870528426257,0.6036934833368711,False
full,southern_california,M_SR,121,0.3802868049303789,0.0008783896183775566,6030080.0,645269544.0,0.009345055963155763,0.5995542347696879,False
full,southern_california,M_SR,122,0.3760951766236378,0.0008583977208607815,6030080.0,645144604.0,0.009346865745466268,0.605285502016557,False
full,southern_california,M_SR,123,0.38313298798930495,0.000916448311287031,6030080.0,645086330.0,0.009347710096414536,0.6083634047972829,False
full,southern_california,M_SR,124,0.3787634507825121,0.0008651303708917692,6030080.0,645395442.0,0.009343233012792178,0.601464657185311,False
full,southern_california,M_SR,125,0.37671529833940265,0.0008303960631366723,6030080.0,646125441.0,0.009332676934477806,0.6039057524941626,False
full,southern_california,M_SR,126,0.3798015566353856,0.0012325033864255452,6030080.0,645334516.0,0.009344115106962604,0.6023137338144767,False
full,southern_california,M_SR,127,0.37710440982458854,0.0008583855082549776,6030080.0,645156100.0,0.009346699194195018,0.6018891954998938,False
full,southern_california,M_SR,128,0.38444702661475244,0.0009074384649745339,6030080.0,646102654.0,0.009333006082962166,0.605285502016557,False
full,southern_california,M_SR,129,0.3758010445544484,0.0008993325683204923,6030080.0,644910854.0,0.009350253546825869,0.6078327319040543,False
full,southern_california,M_SR,130,0.3819974423623798,0.000896711927083785,6030080.0,645777079.0,0.00933771141171147,0.6023137338144767,False
full,southern_california,M_SR,131,0.3840327806531711,0.0008860787568134664,6030080.0,644663909.0,0.00935383525557346,0.6082572702186372,False
full,southern_california,M_SR,132,0.3729109931432419,0.0008826976689838837,6030080.0,645238332.0,0.009345508009899202,0.6050732328592655,False
full,southern_california,M_SR,133,0.3806947398650632,0.0009136428403454961,6030080.0,645371743.0,0.009343576110055998,0.6024198683931224,False
full,southern_california,M_SR,134,0.37428919817274403,0.0008599830109256161,6030080.0,644887802.0,0.009350587778678438,0.6043302908087455,False
full,southern_california,M_SR,135,0.37436338492223187,0.0008734966830059483,6030080.0,645677316.0,0.009339154172794264,0.6075143281681171,False
full,southern_california,M_SR,136,0.3790752821909414,0.0008921663681423746,6030080.0,647161077.0,0.009317742080461986,0.6021014646571853,False
full,southern_california,M_SR,137,0.3775838401389603,0.0008931006608493382,6030080.0,645603432.0,0.009340222962135679,0.6023137338144767,False
full,southern_california,M_SR,138,0.38527653683370094,0.000900260689792962,6030080.0,647227892.0,0.00931678018598123,0.6018891954998938,False
full,southern_california,M_SR,139,0.370939980032113,0.0008489173862265977,6030080.0,646372038.0,0.009329116430621339,0.6005094459774994,False
full,southern_california,M_SR,140,0.3771859723711639,0.0009035652164296571,6030080.0,644861726.0,0.009350965884428998,0.6044364253873912,False
full,southern_california,M_SR,141,0.3758121932579576,0.0008502348976222705,6030080.0,645542882.0,0.009341099047235719,0.605285502016557,False
full,southern_california,M_SR,142,0.374068964556245,0.0008443294459088627,6030080.0,648088702.0,0.009304405371349923,0.5980683506686478,False
full,southern_california,M_SR,143,0.383132679757632,0.0008581660926776719,6030080.0,645343940.0,0.009343978654235136,0.6024198683931224,False
full,southern_california,M_SR,144,0.38042736335820526,0.000871215125906778,6030080.0,647086655.0,0.009318813722097237,0.6036934833368711,False
full,southern_california,M_SR,145,0.3823448616760484,0.0008961288141817431,6030080.0,646307035.0,0.00933005471617681,0.603375079600934,False
full,southern_california,M_SR,146,0.38381503713346377,0.0008680477379124438,6030080.0,645499375.0,0.009341728642262435,0.6016769263426024,False
full,southern_california,M_SR,147,0.3811746099157961,0.0009729030730351527,6030080.0,645506313.0,0.009341628235942596,0.6054977711738484,False
full,southern_california,M_SR,148,0.3760251272960746,0.0008605435522409035,6030080.0,647084747.0,0.00931884119963656,0.6040118870728083,False
full,southern_california,M_SR,149,0.37726823361270606,0.0008700170472105253,6030080.0,646809035.0,0.009322813494712546,0.6080450010613457,False
full,southern_california,M_SR,150,0.3823151903956823,0.0008517689691928972,6030080.0,646128258.0,0.009332636245728167,0.6045425599660369,False
full,southern_california,M_SR,151,0.3805255482464764,0.0008795892077757815,6030080.0,646731226.0,0.009323935133449085,0.606028444067077,False
full,southern_california,M_SR,152,0.37571787370813464,0.0008663286605890576,6030080.0,645027449.0,0.00934856339733846,0.6074081935894714,False
full,southern_california,M_SR,153,0.3820708938266144,0.0012564701627440695,6030080.0,645449297.0,0.009342453432093521,0.6062407132243685,False
full,southern_california,M_SR,154,0.3865462298413117,0.0009049565448791372,6030080.0,645497155.0,0.009341760770425084,0.6063468478030142,False
full,southern_california,M_SR,155,0.3779819905162359,0.0008908681323349154,6030080.0,646357717.0,0.00932932313083221,0.6042241562300997,False
full,southern_california,M_SR,156,0.3804674290622152,0.0009586536733490912,6030080.0,646747506.0,0.009323700430319092,0.6057100403311398,False
full,southern_california,M_SR,157,0.38068895354706844,0.0008877642737701357,6030080.0,645591380.0,0.009340397326866414,0.6075143281681171,False
full,southern_california,M_SR,158,0.37802801658186735,0.00086298168385404,6030080.0,644941559.0,0.009349808390933604,0.6015707917639567,False
full,southern_california,M_SR,159,0.38084558422387804,0.0009556464213121246,6030080.0,644517694.0,0.009355957262516985,0.6030566758649968,False
full,southern_california,M_SR,160,0.3783110897298057,0.0009306303702063555,6030080.0,645709426.0,0.00933868975299735,0.6030566758649968,False
full,southern_california,M_SR,161,0.3793145993965605,0.0009110411472091588,6030080.0,645990017.0,0.00933463341740775,0.6009339842920823,False
full,southern_california,M_SR,162,0.3807595742232277,0.0009351410345117866,6030080.0,644611110.0,0.009354601412315094,0.6093186160050944,False
full,southern_california,M_SR,163,0.3791990913273884,0.000876183149937248,6030080.0,644946386.0,0.009349738413760179,0.6057100403311398,False
full,southern_california,M_SR,164,0.3731404473667429,0.0008920110383097256,6030080.0,645586822.0,0.009340463272343561,0.6031628104436425,False
full,southern_california,M_SR,165,0.38157985210423506,0.0008905457725013981,6030080.0,645733290.0,0.009338344628321702,0.6042241562300997,False
full,southern_california,M_SR,166,0.3792473126463842,0.0009343671323407986,6030080.0,645350929.0,0.009343877461126271,0.6048609637019741,False
full,southern_california,M_SR,167,0.3799612675499969,0.000905514643860174,6030080.0,644768173.0,0.009352322668073135,0.6023137338144767,False
full,southern_california,M_SR,168,0.3841053260760943,0.0009149926125542669,6030080.0,645578655.0,0.009340581435425556,0.6044364253873912,False
full,southern_california,M_SR,169,0.3765296611570567,0.0012192002779293392,6030080.0,645567907.0,0.009340736945896537,0.6015707917639567,False
full,southern_california,M_SR,170,0.38083796096992645,0.000899016563797185,6030080.0,645340250.0,0.00934403208230077,0.5990235618764593,False
full,southern_california,M_SR,171,0.38547075961271277,0.0009113570605700964,6030080.0,643995452.0,0.009363544387266883,0.605285502016557,False
full,southern_california,M_SR,172,0.3800306045699074,0.0008785827100043291,6030080.0,645634581.0,0.00933977233787606,0.6050732328592655,False
full,southern_california,M_SR,173,0.37702824149181435,0.000981815397832158,6030080.0,645806321.0,0.009337288601732345,0.6042241562300997,False
full,southern_california,M_SR,174,0.37582722579350497,0.0008498364015280262,6030080.0,646107474.0,0.009332936458184355,0.6024198683931224,False
full,southern_california,M_SR,175,0.37579112016058625,0.0009607891168350411,6030080.0,646590020.0,0.00932597134734619,0.6039057524941626,False
full,southern_california,M_SR,176,0.3851750826490262,0.000897094182084184,6030080.0,646776648.0,0.009323280329688094,0.6036934833368711,False
full,southern_california,M_SR,177,0.3853055509112436,0.0008934798289641971,6030080.0,645127909.0,0.009347107629163196,0.6067713861175971,False
full,southern_california,M_SR,178,0.3780390691196118,0.0008714333808434959,6030080.0,645584381.0,0.009340498589292853,0.6004033113988537,False
full,southern_california,M_SR,179,0.37489900670483706,0.000865985867386026,6030080.0,643739329.0,0.009367269837881848,0.606028444067077,False
full,southern_california,M_SR,180,0.3788920596198925,0.0008988995604108249,6030080.0,646645831.0,0.009325166437205407,0.6048609637019741,False
full,southern_california,M_SR,181,0.3841356215340286,0.0008705421444320339,6030080.0,643815472.0,0.009366161986240679,0.603375079600934,False
full,southern_california,M_SR,182,0.3861502165521578,0.0008945106181736023,6030080.0,645770328.0,0.009337809029838237,0.605285502016557,False
full,southern_california,M_SR,183,0.3756567954521718,0.0008961689883198957,6030080.0,646822974.0,0.009322612588587492,0.6012523880280195,False
full,southern_california,M_SR,184,0.37692589882172034,0.00088614179689348,6030080.0,645024480.0,0.009348606428084714,0.606028444067077,False
full,southern_california,M_SR,185,0.3805453906980668,0.0009139884692769294,6030080.0,644990930.0,0.009349092707396676,0.6046486945446826,False
full,southern_california,M_SR,186,0.3828601055690571,0.0012422247094791385,6030080.0,645465246.0,0.009342222586527919,0.6077265973254086,False
full,southern_california,M_SR,187,0.3836482523473263,0.0012405768848024465,6030080.0,644745980.0,0.009352644587252797,0.6045425599660369,False
full,southern_california,M_SR,188,0.37255403362607586,0.0008574539900130438,6030080.0,646590493.0,0.009325964525123322,0.6081511356399915,False
full,southern_california,M_SR,189,0.3770448876290491,0.0008399498219094572,6030080.0,646329484.0,0.00932973065483734,0.6049670982806198,False
full,southern_california,M_SR,190,0.3860901496907897,0.0009224450499068242,6030080.0,644229176.0,0.009360147327447338,0.5987051581405222,False
full,southern_california,M_SR,191,0.37839602803611017,0.0008765671785300666,6030080.0,646620836.0,0.009325526899662108,0.6006155805561452,False
full,southern_california,M_SR,192,0.38018254160977055,0.0008832547155555573,6030080.0,644832945.0,0.009351383248571458,0.6050732328592655,False
full,southern_california,M_SR,193,0.3831352654752676,0.0008598925009130994,6030080.0,644189974.0,0.00936071693658492,0.6053916365952027,False
full,southern_california,M_SR,194,0.3733172835353452,0.0008651555071460628,6030080.0,645096687.0,0.00934756001932467,0.6106983655274889,False
full,southern_california,M_SR,195,0.3859930177390428,0.0009114836678833204,6030080.0,643640518.0,0.009368707891071582,0.6016769263426024,False
full,southern_california,M_SR,196,0.3786466199060417,0.0008643114581822323,6030080.0,646738314.0,0.009323832946751938,0.6051793674379112,False
full,southern_california,M_SR,197,0.38048898795617314,0.0009105885619748601,6030080.0,646064734.0,0.009333553872637165,0.6068775206962428,False
full,southern_california,M_SR,198,0.38394954167281187,0.0009069507469695865,6030080.0,645927309.0,0.009335539643517379,0.6023137338144767,False
full,southern_california,M_SR,199,0.3783012740262702,0.0009484613395335834,6030080.0,646201807.0,0.009331574029473428,0.6049670982806198,False
holdout,shanxi,observed,-1,0.4631192501269167,0.0022536853389636246,,,,,
holdout,shanxi,M_SR,0,0.35231769103909893,0.0015910591342137908,2436480.0,182917173.0,0.013320127137543285,0.5119516679800368,True
holdout,shanxi,M_SR,1,0.36590403528748855,0.00145830822857724,2436480.0,182551761.0,0.013346789900317641,0.514053060152351,True
holdout,shanxi,M_SR,2,0.36607849270009335,0.001540467471117919,2436480.0,182894397.0,0.01332178590468247,0.5053848174415551,True
holdout,shanxi,M_SR,3,0.3651775150994749,0.0015168082109295866,2436480.0,182464958.0,0.013353139291545503,0.5095876017861833,True
holdout,shanxi,M_SR,4,0.35940390720218096,0.001488004938390138,2436480.0,182853630.0,0.013324755981054355,0.511163645915419,True
holdout,shanxi,M_SR,5,0.36788848132740215,0.00151092919399753,2436480.0,182631823.0,0.01334093894468764,0.5137903861308116,True
holdout,shanxi,M_SR,6,0.37187188172050833,0.001481469960607993,2436480.0,182477540.0,0.013352218579886598,0.5148410822169688,True
holdout,shanxi,M_SR,7,0.35791622878556484,0.0013309270136630015,2436480.0,182751005.0,0.013332238583311758,0.5064355135277121,True
holdout,shanxi,M_SR,8,0.35770441167524863,0.0014589535626461252,2436480.0,183070532.0,0.013308968807716143,0.5064355135277121,True
holdout,shanxi,M_SR,9,0.3668208244057718,0.001463857263691715,2436480.0,182810272.0,0.013327916278139994,0.501444707118466,True
holdout,shanxi,M_SR,10,0.36632902915352894,0.0015164701609162142,2436480.0,182895672.0,0.01332169303601673,0.5153664302600472,True
holdout,shanxi,M_SR,11,0.3627600480288639,0.0015546266197068582,2436480.0,182872556.0,0.013323376964228575,0.5130023640661938,True
holdout,shanxi,M_SR,12,0.3687578810803021,0.0014902200475656034,2436480.0,182768396.0,0.013330969977982408,0.5059101654846335,True
holdout,shanxi,M_SR,13,0.3716149167006336,0.0014692056310065434,2436480.0,182804344.0,0.013328348477320649,0.5053848174415551,True
holdout,shanxi,M_SR,14,0.3625366492429417,0.0015939963183601229,2436480.0,182629776.0,0.013341088476174882,0.5103756238508012,True
holdout,shanxi,M_SR,15,0.36627398832820435,0.0014007988599263354,2436480.0,182714088.0,0.013334932334281744,0.5109009718938797,True
holdout,shanxi,M_SR,16,0.36112613391780674,0.0015662425860124675,2436480.0,182934848.0,0.013318840158874487,0.5109009718938797,True
holdout,shanxi,M_SR,17,0.3612752615093173,0.00138476746190192,2436480.0,182935021.0,0.013318827563367433,0.4998686629892304,True
holdout,shanxi,M_SR,18,0.37168564029869966,0.0014458236060430176,2436480.0,182653604.0,0.013339348070022204,0.5093249277646441,True
holdout,shanxi,M_SR,19,0.36258229501079897,0.0013703643509423596,2436480.0,182619031.0,0.013341873443628118,0.5103756238508012,True
holdout,shanxi,M_SR,20,0.3710049936995988,0.0014951148806289672,2436480.0,182548004.0,0.013347064589103915,0.5156291042815866,True
holdout,shanxi,M_SR,21,0.36821768825380685,0.001500524588409027,2436480.0,182337968.0,0.013362439138292909,0.5200945626477541,True
holdout,shanxi,M_SR,22,0.3668241400257137,0.0014017489106251128,2436480.0,182654831.0,0.013339258461770441,0.5109009718938797,True
holdout,shanxi,M_SR,23,0.35760529046007106,0.0014415947209898679,2436480.0,182467471.0,0.013352955387867464,0.5174678224323614,True
holdout,shanxi,M_SR,24,0.35995391060034865,0.0013890748874042685,2436480.0,182869150.0,0.013323625116647614,0.5106382978723404,True
holdout,shanxi,M_SR,25,0.35815015175193504,0.0014670112406164643,2436480.0,182880356.0,0.013322808711067908,0.5090622537431048,True
holdout,shanxi,M_SR,26,0.3692110397980251,0.0014299991429587288,2436480.0,182960733.0,0.01331695583007967,0.5064355135277121,True
holdout,shanxi,M_SR,27,0.36360722721194766,0.0014837706785074,2436480.0,182517134.0,0.013349322042280152,0.5101129498292619,True
holdout,shanxi,M_SR,28,0.3631068642706284,0.0014406917314037065,2436480.0,182849163.0,0.013325081504474812,0.514053060152351,True
holdout,shanxi,M_SR,29,0.36736206059025367,0.0013501699749909302,2436480.0,182463252.0,0.013353264141099492,0.5158917783031258,True
holdout,shanxi,M_SR,30,0.37041649997089404,0.0014666211020934513,2436480.0,182755856.0,0.01333188469758255,0.5158917783031258,False
holdout,shanxi,M_SR,31,0.36127528667137154,0.001517201613277479,2436480.0,182960329.0,0.013316985235635426,0.5185185185185185,False
holdout,shanxi,M_SR,32,0.3703848604423978,0.0014443840398529618,2436480.0,182452981.0,0.013354015849157323,0.5119516679800368,False
holdout,shanxi,M_SR,33,0.3571870826549929,0.0014717723839393774,2436480.0,182548581.0,0.013347022401669614,0.5221959548200683,False
holdout,shanxi,M_SR,34,0.3657644642051326,0.0014391521178938687,2436480.0,182679505.0,0.013337456766154474,0.5017073811400052,False
holdout,shanxi,M_SR,35,0.3674670596408923,0.0014858682773291594,2436480.0,182773525.0,0.013330595883621548,0.5161544523246651,False
holdout,shanxi,M_SR,36,0.3660530602684218,0.0013953069387714556,2436480.0,182811124.0,0.013327854162747777,0.508274231678487,False
holdout,shanxi,M_SR,37,0.36860456108153655,0.0014793909767385868,2436480.0,182877401.0,0.013323023985888777,0.51799317047544,False
holdout,shanxi,M_SR,38,0.35628680409854524,0.0013596623775436036,2436480.0,182695616.0,0.013336280603471076,0.5143157341738902,False
holdout,shanxi,M_SR,39,0.36519331315589987,0.0013241371165304047,2436480.0,182644140.0,0.013340039269806302,0.5116889939584975,False
holdout,shanxi,M_SR,40,0.36207569794588484,0.0015015784707639228,2436480.0,182784084.0,0.013329825806934044,0.5103756238508012,False
holdout,shanxi,M_SR,41,0.3705620130178471,0.0014280746056663078,2436480.0,183335952.0,0.013289701083833247,0.5101129498292619,False
holdout,shanxi,M_SR,42,0.36481901362079905,0.0014459145380780554,2436480.0,182437026.0,0.013355183722409507,0.5080115576569477,False
holdout,shanxi,M_SR,43,0.36343624826100146,0.0016159922128918588,2436480.0,182627078.0,0.013341285567740398,0.5116889939584975,False
holdout,shanxi,M_SR,44,0.36921927340287225,0.001416230805570485,2436480.0,182879967.0,0.013322837049724534,0.5101129498292619,False
holdout,shanxi,M_SR,45,0.36127239605482864,0.0013813017879669041,2436480.0,182871510.0,0.013323453172120688,0.5090622537431048,False
holdout,shanxi,M_SR,46,0.35619534036835065,0.0014402036537997172,2436480.0,182634524.0,0.013340741644224944,0.5053848174415551,False
holdout,shanxi,M_SR,47,0.3635673903565636,0.0014942411618976172,2436480.0,183002386.0,0.013313924770357912,0.5164171263462044,False
holdout,shanxi,M_SR,48,0.3622290969474312,0.0015646965798502555,2436480.0,182729888.0,0.013333779310366566,0.5064355135277121,False
holdout,shanxi,M_SR,49,0.35774393118265635,0.0013115567037358187,2436480.0,182855854.0,0.013324593917567441,0.5074862096138691,False
holdout,shanxi,M_SR,50,0.3653891281918665,0.0014381832547214323,2436480.0,182881102.0,0.013322754365292485,0.4990806409246126,False
holdout,shanxi,M_SR,51,0.3745226151869385,0.0014295792176693442,2436480.0,182422629.0,0.013356237728598902,0.5103756238508012,False
holdout,shanxi,M_SR,52,0.3571972255373021,0.0015161366670936103,2436480.0,182765374.0,0.013331190403714,0.5066981875492513,False
holdout,shanxi,M_SR,53,0.3683452376768057,0.0015591006288857377,2436480.0,182874184.0,0.013323258355591623,0.5158917783031258,False
holdout,shanxi,M_SR,54,0.35701618231512877,0.0014302504472288161,2436480.0,182736040.0,0.013333330414733733,0.5143157341738902,False
holdout,shanxi,M_SR,55,0.36079729293477486,0.0015752435512232641,2436480.0,182870331.0,0.01332353907097155,0.5153664302600472,False
holdout,shanxi,M_SR,56,0.3631558252897128,0.0014526011223259436,2436480.0,182779787.0,0.013330139179995872,0.5124770160231154,False
holdout,shanxi,M_SR,57,0.3651083377036369,0.0014634561659172278,2436480.0,182312006.0,0.013364342006088178,0.5066981875492513,False
holdout,shanxi,M_SR,58,0.366751171151305,0.0014236677738083306,2436480.0,182865372.0,0.013323900382845583,0.5106382978723404,False
holdout,shanxi,M_SR,59,0.3611330986376893,0.0013724545290828827,2436480.0,182410409.0,0.013357132486885658,0.5153664302600472,False
holdout,shanxi,M_SR,60,0.3607519599319598,0.0015099880383536136,2436480.0,182888498.0,0.013322215593896998,0.5048594693984765,False
holdout,shanxi,M_SR,61,0.3605375674394321,0.001413573936462117,2436480.0,182863709.0,0.013324021553122933,0.5145784081954294,False
holdout,shanxi,M_SR,62,0.36257955531048086,0.001438035067947441,2436480.0,182613972.0,0.013342243056845617,0.5169424743892829,False
holdout,shanxi,M_SR,63,0.3668772080543645,0.001351046830300105,2436480.0,182970346.0,0.013316256176287714,0.5056474914630943,False
holdout,shanxi,M_SR,64,0.3654879316243768,0.0014823893788618405,2436480.0,183031667.0,0.01331179483821234,0.5069608615707907,False
holdout,shanxi,M_SR,65,0.35615286601726126,0.0015719798277629739,2436480.0,182723034.0,0.013334279464733494,0.5077488836354085,False
holdout,shanxi,M_SR,66,0.3571667492189177,0.0013439031435837506,2436480.0,182930219.0,0.013319177188543136,0.5098502758077226,False
holdout,shanxi,M_SR,67,0.3595411221574142,0.0014095760182074699,2436480.0,182681149.0,0.013337336738559708,0.5066981875492513,False
holdout,shanxi,M_SR,68,0.3636251591143636,0.0014508934230292503,2436480.0,182464208.0,0.013353194178224805,0.5090622537431048,False
holdout,shanxi,M_SR,69,0.36659119184504696,0.0014851023492486743,2436480.0,182564156.0,0.013345883734154256,0.5053848174415551,False
holdout,shanxi,M_SR,70,0.36090653686933616,0.0014099744911744766,2436480.0,182593409.0,0.0133437456113216,0.5048594693984765,False
holdout,shanxi,M_SR,71,0.3585984054867021,0.0014000180082978115,2436480.0,182634528.0,0.013340741352040508,0.5074862096138691,False
holdout,shanxi,M_SR,72,0.36880462520391716,0.001506885170903071,2436480.0,182678672.0,0.013337517583880838,0.5158917783031258,False
holdout,shanxi,M_SR,73,0.36397697105748905,0.0013529741840211799,2436480.0,182356078.0,0.01336111209849556,0.5085369057000263,False
holdout,shanxi,M_SR,74,0.36187734272011257,0.0014473117169122073,2436480.0,182844084.0,0.013325451645457667,0.5195692146046756,False
holdout,shanxi,M_SR,75,0.36607373832468326,0.0014038797268719045,2436480.0,182529118.0,0.013348445588829284,0.5072235355923299,False
holdout,shanxi,M_SR,76,0.37090675184138777,0.001475349659717145,2436480.0,182506090.0,0.01335012985046143,0.5156291042815866,False
holdout,shanxi,M_SR,77,0.35964096601500917,0.0013659538825903585,2436480.0,182240578.0,0.013369580072337128,0.511163645915419,False
holdout,shanxi,M_SR,78,0.3575535241034179,0.0014075452062796308,2436480.0,182530920.0,0.01334831380897001,0.5124770160231154,False
holdout,shanxi,M_SR,79,0.36453015119789933,0.001330778944649276,2436480.0,182841163.0,0.013325664527740944,0.5095876017861833,False
holdout,shanxi,M_SR,80,0.36170281714741076,0.0014422343318335007,2436480.0,182604048.0,0.013342968169029856,0.5064355135277121,False
holdout,shanxi,M_SR,81,0.3745188531845926,0.001487297871046687,2436480.0,182598350.0,0.01334338453770256,0.5127396900446546,False
holdout,shanxi,M_SR,82,0.36171571400148145,0.0013828084437516174,2436480.0,182763467.0,0.013331329504708948,0.5027580772261623,False
holdout,shanxi,M_SR,83,0.3639586624518173,0.0015071536745170327,2436480.0,182841347.0,0.013325651117632599,0.5085369057000263,False
holdout,shanxi,M_SR,84,0.36177146436923424,0.001464507072587867,2436480.0,182778802.0,0.013330211016483191,0.5038087733123194,False
holdout,shanxi,M_SR,85,0.3689211339413235,0.0013915399270960607,2436480.0,182925358.0,0.013319531128100895,0.5158917783031258,False
holdout,shanxi,M_SR,86,0.3576847087560798,0.0015807012789408612,2436480.0,182890135.0,0.013322096350358099,0.5109009718938797,False
holdout,shanxi,M_SR,87,0.3537842040680227,0.0013529678076576383,2436480.0,182574212.0,0.013345148656591217,0.5053848174415551,False
holdout,shanxi,M_SR,88,0.3731678150341082,0.0015547564818116782,2436480.0,183200095.0,0.013299556422173254,0.5064355135277121,False
holdout,shanxi,M_SR,89,0.35634605120745083,0.0013993591857869702,2436480.0,182828670.0,0.013326575093501472,0.5103756238508012,False
holdout,shanxi,M_SR,90,0.3580943456457545,0.0014376612613055076,2436480.0,182376823.0,0.013359592298633254,0.5116889939584975,False
holdout,shanxi,M_SR,91,0.35715580477649694,0.0013786428428558374,2436480.0,182566131.0,0.013345739358413636,0.5009193590753874,False
holdout,shanxi,M_SR,92,0.36327408219838286,0.0013952357442316124,2436480.0,182691344.0,0.013336592455086433,0.5069608615707907,False
holdout,shanxi,M_SR,93,0.367875737836762,0.001360409862631527,2436480.0,182797375.0,0.013328856609675057,0.514053060152351,False
holdout,shanxi,M_SR,94,0.36816959805672184,0.0012933172411887504,2436480.0,182905117.0,0.013321005119829425,0.5161544523246651,False
holdout,shanxi,M_SR,95,0.3693784612343791,0.001794081532495274,2436480.0,182664501.0,0.013338552300318057,0.5109009718938797,False
holdout,shanxi,M_SR,96,0.36392454430342774,0.0013580823977471582,2436480.0,182632154.0,0.01334091476575368,0.511163645915419,False
holdout,shanxi,M_SR,97,0.3578683907675157,0.0014024759414623697,2436480.0,182121758.0,0.013378302662771353,0.5130023640661938,False
holdout,shanxi,M_SR,98,0.36765177365440915,0.0014903522326945842,2436480.0,182515005.0,0.013349477759376551,0.5090622537431048,False
holdout,shanxi,M_SR,99,0.3657203742551869,0.001546752401535994,2436480.0,182695050.0,0.01333632192005202,0.5124770160231154,False
holdout,shanxi,M_SR,100,0.3635850956313356,0.00134181549008285,2436480.0,182581149.0,0.013344641620148858,0.5030207512477016,False
holdout,shanxi,M_SR,101,0.36609395982512977,0.0014234757089211284,2436480.0,182753975.0,0.013332021916349562,0.5145784081954294,False
holdout,shanxi,M_SR,102,0.3650659959560921,0.001456645162132723,2436480.0,182708984.0,0.013335304847406956,0.5135277121092724,False
holdout,shanxi,M_SR,103,0.3634702456104823,0.001391875624958816,2436480.0,182614473.0,0.013342206452606854,0.5095876017861833,False
holdout,shanxi,M_SR,104,0.3691381945084505,0.0015062665534904677,2436480.0,182825773.0,0.013326786262241047,0.5132650380877332,False
holdout,shanxi,M_SR,105,0.36555790559450585,0.0013634339449047467,2436480.0,182763166.0,0.013331351460611051,0.5061728395061729,False
holdout,shanxi,M_SR,106,0.3664112664659824,0.0014081639786532355,2436480.0,182826568.0,0.013326728312265862,0.5114263199369582,False
holdout,shanxi,M_SR,107,0.3600187283373732,0.001379707056225345,2436480.0,182766971.0,0.01333107391707006,0.5090622537431048,False
holdout,shanxi,M_SR,108,0.36567247476614734,0.0013704181773508389,2436480.0,182366418.0,0.013360354536326969,0.5132650380877332,False
holdout,shanxi,M_SR,109,0.3597507430969859,0.0013751995092044108,2436480.0,182548727.0,0.013347011726901826,0.5166798003677436,False
holdout,shanxi,M_SR,110,0.36392557424382277,0.0014506168457392341,2436480.0,182487487.0,0.013351490779200658,0.5098502758077226,False
holdout,shanxi,M_SR,111,0.3674106874918142,0.0014095853739789978,2436480.0,182746946.0,0.013332534706216103,0.512214342001576,False
holdout,shanxi,M_SR,112,0.36033215089784426,0.0014560008412261348,2436480.0,182800571.0,0.013328623574157216,0.5187811925400578,False
holdout,shanxi,M_SR,113,0.35645465727190906,0.0015204031496968149,2436480.0,182578875.0,0.013344807826206619,0.5153664302600472,False
holdout,shanxi,M_SR,114,0.3681471675787721,0.0013858921499517863,2436480.0,183306114.0,0.013291864340105972,0.5064355135277121,False
holdout,shanxi,M_SR,115,0.35956801375559144,0.001540341189010518,2436480.0,182561640.0,0.013346067662407065,0.514053060152351,False
holdout,shanxi,M_SR,116,0.36063199982118666,0.0014466204090863245,2436480.0,182847811.0,0.01332518003182439,0.51799317047544,False
holdout,shanxi,M_SR,117,0.3619592915339396,0.0014331106835924526,2436480.0,182478199.0,0.013352170359813778,0.5095876017861833,False
holdout,shanxi,M_SR,118,0.35662582314404934,0.001415820042376876,2436480.0,182550567.0,0.013346877197045354,0.5132650380877332,False
holdout,shanxi,M_SR,119,0.36577107842668466,0.0013352376293154543,2436480.0,182657017.0,0.013339098820386407,0.5090622537431048,False
holdout,shanxi,M_SR,120,0.3601898037026424,0.0014327972347296244,2436480.0,182752766.0,0.01333211011427318,0.5095876017861833,False
holdout,shanxi,M_SR,121,0.35820269747935846,0.0015156377115078722,2436480.0,182281541.0,0.01336657560954019,0.5059101654846335,False
holdout,shanxi,M_SR,122,0.36957740480815293,0.0014818183340901032,2436480.0,182813873.0,0.013327653749778607,0.5043341213553979,False
holdout,shanxi,M_SR,123,0.36363868642530806,0.001395105547109425,2436480.0,182696626.0,0.01333620687663931,0.5193065405831363,False
holdout,shanxi,M_SR,124,0.36513285459763206,0.001400023115505444,2436480.0,182189376.0,0.013373337422265501,0.5074862096138691,False
holdout,shanxi,M_SR,125,0.3614699549752985,0.0013993805454441865,2436480.0,182557614.0,0.013346361987399769,0.5193065405831363,False
holdout,shanxi,M_SR,126,0.36041846705084496,0.0014587484170276142,2436480.0,182778540.0,0.013330230124389877,0.5064355135277121,False
holdout,shanxi,M_SR,127,0.3729771822311947,0.0014634091243572096,2436480.0,182502616.0,0.013350383974769984,0.5177304964539007,False
holdout,shanxi,M_SR,128,0.35742232833125953,0.001368016570254121,2436480.0,182609861.0,0.013342543423763955,0.5185185185185185,False
holdout,shanxi,M_SR,129,0.3592367440138354,0.0014010176271630347,2436480.0,182605195.0,0.013342884357698585,0.5124770160231154,False
holdout,shanxi,M_SR,130,0.3703306615007784,0.0015228498226635496,2436480.0,182588013.0,0.013344139957314722,0.5114263199369582,False
holdout,shanxi,M_SR,131,0.36627874314355047,0.0014251940395007673,2436480.0,182792797.0,0.013329190427563729,0.511163645915419,False
holdout,shanxi,M_SR,132,0.36625428498663126,0.0015674248792121746,2436480.0,182539626.0,0.013347677177776183,0.514053060152351,False
holdout,shanxi,M_SR,133,0.36439087070572973,0.001429147020096789,2436480.0,182554286.0,0.013346605294164388,0.5098502758077226,False
holdout,shanxi,M_SR,134,0.3686679418089282,0.001445944794411019,2436480.0,182545820.0,0.01334722427497929,0.5166798003677436,False
holdout,shanxi,M_SR,135,0.3622813629300167,0.0014863859379307905,2436480.0,182668260.0,0.0133382778157519,0.5172051484108222,False
holdout,shanxi,M_SR,136,0.3603301675946991,0.0014376680443182602,2436480.0,182323834.0,0.013363475013365505,0.5130023640661938,False
holdout,shanxi,M_SR,137,0.3568011024618462,0.0014472213245457853,2436480.0,182490893.0,0.013351241587710352,0.5130023640661938,False
holdout,shanxi,M_SR,138,0.36562103250992956,0.0014761199530692382,2436480.0,182449993.0,0.013354234549079977,0.5137903861308116,False
holdout,shanxi,M_SR,139,0.37025501141015116,0.00157708511759727,2436480.0,182444023.0,0.01335467153122358,0.5182558444969793,False
holdout,shanxi,M_SR,140,0.3595364203281093,0.00131604739418346,2436480.0,182439055.0,0.013355035192437277,0.5124770160231154,False
holdout,shanxi,M_SR,141,0.3647915403295559,0.0013270466979148413,2436480.0,182720689.0,0.013334450594152477,0.5093249277646441,False
holdout,shanxi,M_SR,142,0.37185982401182444,0.001389415405346531,2436480.0,182671526.0,0.013338039339530124,0.5064355135277121,False
holdout,shanxi,M_SR,143,0.3629818259248117,0.0013777268316427346,2436480.0,182099567.0,0.013379932968209638,0.5017073811400052,False
holdout,shanxi,M_SR,144,0.367264915710971,0.0014607453333777888,2436480.0,183268157.0,0.01329461724220864,0.5137903861308116,False
holdout,shanxi,M_SR,145,0.3706512322778021,0.0015001951818531408,2436480.0,182591386.0,0.013343893451797336,0.5093249277646441,False
holdout,shanxi,M_SR,146,0.36338073587523034,0.0014791004826365582,2436480.0,182616366.0,0.01334206814738609,0.5164171263462044,False
holdout,shanxi,M_SR,147,0.36313818034541895,0.001553407816715423,2436480.0,182701578.0,0.013335845407969055,0.508274231678487,False
holdout,shanxi,M_SR,148,0.36549439201321515,0.0014445492852075874,2436480.0,182743243.0,0.01333280486874144,0.5143157341738902,False
holdout,shanxi,M_SR,149,0.35669219114798684,0.0014189902118212582,2436480.0,182630420.0,0.01334104143219952,0.5064355135277121,False
holdout,shanxi,M_SR,150,0.3700507674004491,0.0014096704565200017,2436480.0,182961918.0,0.013316869579384273,0.5156291042815866,False
holdout,shanxi,M_SR,151,0.3570469494716629,0.0014246443797738847,2436480.0,182806361.0,0.013328201418549106,0.5074862096138691,False
holdout,shanxi,M_SR,152,0.3685913711743118,0.0014535094587665924,2436480.0,183023847.0,0.013312363606912929,0.5106382978723404,False
holdout,shanxi,M_SR,153,0.363232396401034,0.0014823779183740023,2436480.0,182560754.0,0.013346132433261094,0.5116889939584975,False
holdout,shanxi,M_SR,154,0.36984181375062675,0.001543148285867934,2436480.0,182691550.0,0.013336577416963181,0.5143157341738902,False
holdout,shanxi,M_SR,155,0.3624857924762278,0.0014199653171047667,2436480.0,182922316.0,0.013319752632040806,0.5137903861308116,False
holdout,shanxi,M_SR,156,0.3644412342494561,0.0014069597310687435,2436480.0,182712303.0,0.013335062609330692,0.5137903861308116,False
holdout,shanxi,M_SR,157,0.3608772344720594,0.0015804510250675152,2436480.0,182479787.0,0.013352054164771684,0.5098502758077226,False
holdout,shanxi,M_SR,158,0.36549580232072987,0.0014370353498001165,2436480.0,182952523.0,0.013317553428875096,0.5072235355923299,False
holdout,shanxi,M_SR,159,0.36157566381534395,0.0014792403694866884,2436480.0,182643319.0,0.013340099234618048,0.5153664302600472,False
holdout,shanxi,M_SR,160,0.3688157482298688,0.0014015948773301206,2436480.0,182835363.0,0.013326087251512717,0.5038087733123194,False
holdout,shanxi,M_SR,161,0.3686236874099936,0.0014469626660524864,2436480.0,182788093.0,0.013329533450518573,0.5119516679800368,False
holdout,shanxi,M_SR,162,0.3599633384463086,0.0013547652513037898,2436480.0,182339330.0,0.013362339326353782,0.5059101654846335,False
holdout,shanxi,M_SR,163,0.36796383124857185,0.001408394328450227,2436480.0,183134061.0,0.013304351941390083,0.5103756238508012,False
holdout,shanxi,M_SR,164,0.36147443990975203,0.0013768304512860757,2436480.0,182776722.0,0.013330362714350463,0.5085369057000263,False
holdout,shanxi,M_SR,165,0.3670314812940033,0.001411079740200287,2436480.0,182680817.0,0.013337360977534933,0.5208825847123719,False
holdout,shanxi,M_SR,166,0.3693204879658284,0.0013709152716190585,2436480.0,182795950.0,0.013328960515810116,0.5032834252692409,False
holdout,shanxi,M_SR,167,0.3659182254861158,0.0014517516249387516,2436480.0,182853403.0,0.013324772522828028,0.5030207512477016,False
holdout,shanxi,M_SR,168,0.35796624733844146,0.0014000256439685005,2436480.0,182550751.0,0.013346863744208863,0.5011820330969267,False
holdout,shanxi,M_SR,169,0.3520990486808554,0.0012466959676554696,2436480.0,182568725.0,0.01334554973750296,0.5087995797215655,False
holdout,shanxi,M_SR,170,0.366257500812774,0.0013156018239936552,2436480.0,182436914.0,0.01335519192130163,0.5114263199369582,False
holdout,shanxi,M_SR,171,0.3635614077476638,0.0014202099464537593,2436480.0,182458813.0,0.013353589009701603,0.5087995797215655,False
holdout,shanxi,M_SR,172,0.3642168868910716,0.0015111380395948382,2436480.0,182462863.0,0.013353292609466508,0.5177304964539007,False
holdout,shanxi,M_SR,173,0.36656196074245,0.0015541982584823784,2436480.0,182741698.0,0.01333291759169273,0.5064355135277121,False
holdout,shanxi,M_SR,174,0.3593714018749952,0.001487057336791523,2436480.0,182329002.0,0.013363096234136135,0.5072235355923299,False
holdout,shanxi,M_SR,175,0.355080291645791,0.0013806000307475563,2436480.0,182947319.0,0.013317932251305634,0.5053848174415551,False
holdout,shanxi,M_SR,176,0.3707090090395542,0.001503290030695365,2436480.0,182529261.0,0.013348435131176036,0.5148410822169688,False
holdout,shanxi,M_SR,177,0.3663374484296728,0.0013145856002403495,2436480.0,182957913.0,0.013317161089392182,0.5045967953769372,False
holdout,shanxi,M_SR,178,0.3642371330017882,0.0014277648413549076,2436480.0,182505402.0,0.01335018017713251,0.5074862096138691,False
holdout,shanxi,M_SR,179,0.3628452745233876,0.0014210997750145806,2436480.0,182442357.0,0.013354793481428219,0.5145784081954294,False
holdout,shanxi,M_SR,180,0.36543360124335256,0.001475232585023016,2436480.0,182770547.0,0.013330813087734535,0.5101129498292619,False
holdout,shanxi,M_SR,181,0.372115338210896,0.0014632850328524483,2436480.0,182446810.0,0.013354467529467904,0.5040714473338587,False
holdout,shanxi,M_SR,182,0.36208176445172646,0.001355802462369821,2436480.0,183085034.0,0.013307914616330683,0.5109009718938797,False
holdout,shanxi,M_SR,183,0.3640482641923634,0.0013097318134583512,2436480.0,182770783.0,0.013330795874524431,0.5022327291830838,False
holdout,shanxi,M_SR,184,0.3567475584662836,0.0013544357336580392,2436480.0,182696254.0,0.013336234031377568,0.5161544523246651,False
holdout,shanxi,M_SR,185,0.36544517479025757,0.0014436162747091669,2436480.0,182605342.0,0.013342873616479413,0.5177304964539007,False
holdout,shanxi,M_SR,186,0.37067620463128376,0.0015404894404524294,2436480.0,182728951.0,0.013333847683501451,0.5169424743892829,False
holdout,shanxi,M_SR,187,0.3650968384930397,0.001557292932219819,2436480.0,182792139.0,0.01332923840887928,0.5148410822169688,False
holdout,shanxi,M_SR,188,0.3585954732612381,0.0014610235376287112,2436480.0,182335719.0,0.013362603955838187,0.5145784081954294,False
holdout,shanxi,M_SR,189,0.3654602727031927,0.0013983594766454523,2436480.0,182413263.0,0.013356923503966923,0.511163645915419,False
holdout,shanxi,M_SR,190,0.37276070027963387,0.0013597089267988734,2436480.0,182566008.0,0.013345748349824245,0.515103756238508,False
holdout,shanxi,M_SR,191,0.36580963719894966,0.0013709739196271823,2436480.0,182734978.0,0.013333407903986504,0.5156291042815866,False
holdout,shanxi,M_SR,192,0.3542855429322499,0.0013199448231269455,2436480.0,182765496.0,0.013331181504850347,0.514053060152351,False
holdout,shanxi,M_SR,193,0.37369250980793334,0.001579876349452785,2436480.0,182894112.0,0.01332180666373776,0.5087995797215655,False
holdout,shanxi,M_SR,194,0.35592417561883805,0.001449299931315519,2436480.0,182271778.0,0.013367291561724932,0.514053060152351,False
holdout,shanxi,M_SR,195,0.36251363654748564,0.0014536192709756622,2436480.0,182890428.0,0.013322075007665246,0.5087995797215655,False
holdout,shanxi,M_SR,196,0.3546353486698513,0.0013062142476563843,2436480.0,182911487.0,0.013320541207999692,0.5051221434200157,False
holdout,shanxi,M_SR,197,0.3674201738874425,0.0015210541091487178,2436480.0,182635791.0,0.013340649095444825,0.5074862096138691,False
holdout,shanxi,M_SR,198,0.36976331700373066,0.0014035705647638503,2436480.0,182959902.0,0.013317016315411013,0.501444707118466,False
holdout,shanxi,M_SR,199,0.36374357338367086,0.001557029784523868,2436480.0,182827724.0,0.013326644048798639,0.5106382978723404,False
holdout,INGV,observed,-1,0.3458447484630057,0.006022523483790627,,,,,
holdout,INGV,M_SR,0,0.26186188562203105,0.00269157377427982,1084160.0,108707022.0,0.009973228776334246,0.6741440377804014,True
holdout,INGV,M_SR,1,0.2643080132086791,0.003708137132734559,1084160.0,108379259.0,0.010003390039786118,0.6741440377804014,True
holdout,INGV,M_SR,2,0.25980189818562055,0.0030779913016861396,1084160.0,108467169.0,0.009995282535676763,0.6776859504132231,True
holdout,INGV,M_SR,3,0.2636934972951857,0.0030310060010096426,1084160.0,108247054.0,0.010015607445538425,0.6717827626918536,True
holdout,INGV,M_SR,4,0.2547579032242386,0.003419867278778851,1084160.0,108701356.0,0.009973748625546125,0.6723730814639906,True
holdout,INGV,M_SR,5,0.27281804962619083,0.0031968625616406615,1084160.0,108194549.0,0.010020467851850836,0.6741440377804014,True
holdout,INGV,M_SR,6,0.26988865109217475,0.0026603431634163724,1084160.0,108712630.0,0.009972714301916898,0.6765053128689492,True
holdout,INGV,M_SR,7,0.26862901842968745,0.003194579479620738,1084160.0,108375056.0,0.010003777991127404,0.679456906729634,True
holdout,INGV,M_SR,8,0.2597327450522698,0.003185423076084952,1084160.0,108796729.0,0.009965005473648017,0.6824085005903188,True
holdout,INGV,M_SR,9,0.27374994220272875,0.004007104035899029,1084160.0,108485975.0,0.009993549857481578,0.6770956316410862,True
holdout,INGV,M_SR,10,0.2681827015464017,0.003696394459920578,1084160.0,108438945.0,0.009997884062778368,0.6765053128689492,True
holdout,INGV,M_SR,11,0.27370712421690246,0.0033314329049093454,1084160.0,108260219.0,0.010014389496108446,0.6759149940968123,True
holdout,INGV,M_SR,12,0.2520554259533117,0.002621149321810905,1084160.0,108495089.0,0.009992710361295709,0.680047225501771,True
holdout,INGV,M_SR,13,0.2541191694575255,0.0025304163555207346,1084160.0,108487875.0,0.00999337483566712,0.6641086186540732,True
holdout,INGV,M_SR,14,0.26932828295144423,0.0030539014206085076,1084160.0,108117332.0,0.010027624433055746,0.6765053128689492,True
holdout,INGV,M_SR,15,0.2628947904303762,0.0026902365546804118,1084160.0,108277862.0,0.010012757732508608,0.6765053128689492,True
holdout,INGV,M_SR,16,0.27258547800198235,0.0034234461111166156,1084160.0,108112349.0,0.010028086615711217,0.679456906729634,True
holdout,INGV,M_SR,17,0.2656146895560437,0.0032769259669794253,1084160.0,108306912.0,0.010010072118019577,0.6788665879574971,True
holdout,INGV,M_SR,18,0.2642944127640387,0.0028212693957754215,1084160.0,108141619.0,0.0100253723776782,0.6776859504132231,True
holdout,INGV,M_SR,19,0.2547901874271427,0.0025864365346237638,1084160.0,108508409.0,0.00999148370150741,0.6765053128689492,True
holdout,INGV,M_SR,20,0.2596514569162276,0.0028514389877471306,1084160.0,108374117.0,0.010003864668166109,0.6652892561983471,True
holdout,INGV,M_SR,21,0.26148193175756,0.003159318822023191,1084160.0,108700116.0,0.00997386240139799,0.6747343565525383,True
holdout,INGV,M_SR,22,0.2740729517516498,0.0036757914766529075,1084160.0,108482296.0,0.00999388877241315,0.6782762691853601,True
holdout,INGV,M_SR,23,0.26387648910638656,0.0032343607956698012,1084160.0,108462686.0,0.009995695662561777,0.6635182998819362,True
holdout,INGV,M_SR,24,0.2592041063600992,0.003279804671118412,1084160.0,108397106.0,0.010001743035464434,0.6629279811097993,True
holdout,INGV,M_SR,25,0.2583222903099231,0.0027365043979705565,1084160.0,108755673.0,0.009968767330417789,0.6776859504132231,True
holdout,INGV,M_SR,26,0.2611542169186661,0.0031738429131186637,1084160.0,108772359.0,0.009967238092170089,0.6782762691853601,True
holdout,INGV,M_SR,27,0.26757270192282134,0.0035210602368522773,1084160.0,108444770.0,0.009997347036652851,0.6729634002361276,True
holdout,INGV,M_SR,28,0.2734395569938427,0.00277093923571712,1084160.0,108436359.0,0.009998122493212816,0.6747343565525383,True
holdout,INGV,M_SR,29,0.2686142701255617,0.002836063715508148,1084160.0,108611068.0,0.009982039767807089,0.6776859504132231,True
holdout,INGV,M_SR,30,0.2634243990468776,0.004211424799733409,1084160.0,108403848.0,0.010001120993417134,0.6747343565525383,False
holdout,INGV,M_SR,31,0.2622254465086296,0.002767168634151418,1084160.0,108211471.0,0.01001890086125897,0.6841794569067297,False
holdout,INGV,M_SR,32,0.2680699589013685,0.00276496031755858,1084160.0,108697555.0,0.00997409739345103,0.6723730814639906,False
holdout,INGV,M_SR,33,0.2648905427408324,0.0032711349214212906,1084160.0,108690026.0,0.009974788303022395,0.6847697756788665,False
holdout,INGV,M_SR,34,0.2619641223422311,0.0029645676626321666,1084160.0,108651784.0,0.0099782991138001,0.6676505312868949,False
holdout,INGV,M_SR,35,0.2639791838752881,0.0029271576572868145,1084160.0,108223411.0,0.010017795502675479,0.680047225501771,False
holdout,INGV,M_SR,36,0.26783696861737727,0.0032665313574617464,1084160.0,108379893.0,0.010003331522019494,0.6711924439197167,False
holdout,INGV,M_SR,37,0.2752221055624616,0.0030551772382220524,1084160.0,108635554.0,0.009979789857747676,0.679456906729634,False
holdout,INGV,M_SR,38,0.27076130036986396,0.002834394734479431,1084160.0,108303704.0,0.01001036862044903,0.6835891381345927,False
holdout,INGV,M_SR,39,0.27660930307449527,0.003115638825709631,1084160.0,108493343.0,0.00999287117551535,0.6829988193624558,False
holdout,INGV,M_SR,40,0.2670595223347727,0.0029018769742284872,1084160.0,108422950.0,0.009999358991800168,0.6770956316410862,False
holdout,INGV,M_SR,41,0.26730637984209915,0.003933506198067404,1084160.0,108461711.0,0.009995785517342613,0.6770956316410862,False
holdout,INGV,M_SR,42,0.2646172244019117,0.003617288690165257,1084160.0,108199607.0,0.010019999425691074,0.6812278630460449,False
holdout,INGV,M_SR,43,0.25232481341904883,0.0033541407346619084,1084160.0,108276954.0,0.010012841698520628,0.6729634002361276,False
holdout,INGV,M_SR,44,0.25901204078988865,0.0031594698060956198,1084160.0,108192618.0,0.01002064669513774,0.6700118063754428,False
holdout,INGV,M_SR,45,0.2685908372022136,0.003264492025163396,1084160.0,108674472.0,0.00997621594149544,0.6711924439197167,False
holdout,INGV,M_SR,46,0.2688520073785054,0.004303706819343404,1084160.0,108460188.0,0.009995925878350865,0.6812278630460449,False
holdout,INGV,M_SR,47,0.2689813774569229,0.002948934718862293,1084160.0,108114933.0,0.010027846939515746,0.6729634002361276,False
holdout,INGV,M_SR,48,0.2700705845690995,0.003306797757863511,1084160.0,108079191.0,0.01003116316812549,0.6688311688311688,False
holdout,INGV,M_SR,49,0.25530726261858017,0.0032084848983113686,1084160.0,108490978.0,0.009993089010590355,0.6765053128689492,False
holdout,INGV,M_SR,50,0.281861211285835,0.004289510226241827,1084160.0,108664404.0,0.009977140260208853,0.6711924439197167,False
holdout,INGV,M_SR,51,0.26264457699118876,0.002817257252195196,1084160.0,108331875.0,0.010007765489150815,0.6688311688311688,False
holdout,INGV,M_SR,52,0.26169367795464493,0.003552575711889175,1084160.0,108430623.0,0.00999865139574085,0.6694214876033058,False
holdout,INGV,M_SR,53,0.253257187247649,0.002533412067985359,1084160.0,108388898.0,0.010002500440589404,0.666469893742621,False
holdout,INGV,M_SR,54,0.26195632519770745,0.0027128131086245327,1084160.0,108721619.0,0.009971889767388397,0.6871310507674144,False
holdout,INGV,M_SR,55,0.26291838057037487,0.002719852061773679,1084160.0,108558334.0,0.009986888708148376,0.6741440377804014,False
holdout,INGV,M_SR,56,0.2743033479645477,0.0032075088659717903,1084160.0,108187811.0,0.0100210919324359,0.6806375442739079,False
holdout,INGV,M_SR,57,0.2642256868506774,0.002705384128075174,1084160.0,108661615.0,0.009977396341845277,0.6717827626918536,False
holdout,INGV,M_SR,58,0.27541738531234455,0.0026053275528507757,1084160.0,108198376.0,0.01002011342573201,0.6717827626918536,False
holdout,INGV,M_SR,59,0.26476623319146664,0.002675194032757111,1084160.0,108366298.0,0.010004586481306208,0.6735537190082644,False
holdout,INGV,M_SR,60,0.27240915157824763,0.0028117731317277065,1084160.0,108828852.0,0.00996206410410357,0.6776859504132231,False
holdout,INGV,M_SR,61,0.26137146869581945,0.0030130020268589546,1084160.0,108129515.0,0.01002649461620169,0.6635182998819362,False
holdout,INGV,M_SR,62,0.27534563007461177,0.0030952939143113235,1084160.0,108296236.0,0.01001105892544594,0.6776859504132231,False
holdout,INGV,M_SR,63,0.26796091816601714,0.0031965431383755246,1084160.0,108415052.0,0.010000087441732721,0.6788665879574971,False
holdout,INGV,M_SR,64,0.2515837464186211,0.003592983995036551,1084160.0,108762275.0,0.009968162214333968,0.6741440377804014,False
holdout,INGV,M_SR,65,0.2623453881762151,0.0029901567961797045,1084160.0,108588821.0,0.009984084825821988,0.6711924439197167,False
holdout,INGV,M_SR,66,0.26793818233668204,0.0033815514805990033,1084160.0,108375053.0,0.01000377826804846,0.6759149940968123,False
holdout,INGV,M_SR,67,0.25963058410182827,0.0031135656501574665,1084160.0,108457579.0,0.00999616633522679,0.6700118063754428,False
holdout,INGV,M_SR,68,0.25718167946698456,0.003196006122737048,1084160.0,108853084.0,0.009959846429339567,0.6765053128689492,False
holdout,INGV,M_SR,69,0.2679480818427913,0.003823073046157893,1084160.0,108548135.0,0.009987827059396276,0.6788665879574971,False
holdout,INGV,M_SR,70,0.2559615987023656,0.0025961127385793707,1084160.0,108239901.0,0.010016269323823568,0.6782762691853601,False
holdout,INGV,M_SR,71,0.262847207946368,0.003380630890566465,1084160.0,108388446.0,0.010002542152878546,0.6883116883116883,False
holdout,INGV,M_SR,72,0.2770379642977858,0.003567357698867488,1084160.0,108642737.0,0.009979130036092519,0.6723730814639906,False
holdout,INGV,M_SR,73,0.2748743568562218,0.0028423609103033092,1084160.0,108390543.0,0.010002348636633364,0.6782762691853601,False
holdout,INGV,M_SR,74,0.26447747412544237,0.0035803698500579723,1084160.0,108596864.0,0.009983345375424469,0.6753246753246753,False
holdout,INGV,M_SR,75,0.2698513382157761,0.004067279273204026,1084160.0,108373256.0,0.010003944146515262,0.6847697756788665,False
holdout,INGV,M_SR,76,0.2576877960196128,0.003161678085541398,1084160.0,108452906.0,0.00999659704830777,0.6776859504132231,False
holdout,INGV,M_SR,77,0.2567058949209551,0.003552910956854911,1084160.0,108352377.0,0.010005871860106954,0.6717827626918536,False
holdout,INGV,M_SR,78,0.25697663740459015,0.0032151743711003548,1084160.0,108095936.0,0.0100296092537651,0.6788665879574971,False
holdout,INGV,M_SR,79,0.27198934418563797,0.0031527364249182717,1084160.0,108606483.0,0.009982461175913412,0.6818181818181818,False
holdout,INGV,M_SR,80,0.25907335848724417,0.002796097902229891,1084160.0,108340394.0,0.010006978560554247,0.6776859504132231,False
holdout,INGV,M_SR,81,0.27475064418120726,0.0033029075237539216,1084160.0,108777088.0,0.009966804774181857,0.6646989374262101,False
holdout,INGV,M_SR,82,0.26214941365056704,0.003065772987977592,1084160.0,108450189.0,0.009996847492815342,0.6747343565525383,False
holdout,INGV,M_SR,83,0.25414362258985246,0.0027006943052711122,1084160.0,108533462.0,0.009989177346982629,0.6729634002361276,False
holdout,INGV,M_SR,84,0.26359954319854145,0.0031266797252877954,1084160.0,108679088.0,0.009975792214965955,0.6776859504132231,False
holdout,INGV,M_SR,85,0.2613867494477466,0.002610840739903587,1084160.0,108175447.0,0.010022237301224186,0.6711924439197167,False
holdout,INGV,M_SR,86,0.27229353180744365,0.003379373932443686,1084160.0,108271383.0,0.010013356899671264,0.6717827626918536,False
holdout,INGV,M_SR,87,0.25953627808992225,0.0030276124514626848,1084160.0,108770447.0,0.009967413299312817,0.6694214876033058,False
holdout,INGV,M_SR,88,0.2637795250684247,0.0032373968745813635,1084160.0,108292091.0,0.010011442109839766,0.6841794569067297,False
holdout,INGV,M_SR,89,0.27785257821743886,0.003216715268271428,1084160.0,108708774.0,0.009973068043247364,0.6782762691853601,False
holdout,INGV,M_SR,90,0.26148822980246683,0.0026445324454773484,1084160.0,108345960.0,0.010006464477309537,0.6682408500590319,False
holdout,INGV,M_SR,91,0.27206091304428004,0.004107859631100426,1084160.0,108502572.0,0.00999202120296282,0.6723730814639906,False
holdout,INGV,M_SR,92,0.25532867178312324,0.0026294951605197463,1084160.0,108195706.0,0.010020360697124154,0.6735537190082644,False
holdout,INGV,M_SR,93,0.2588220937643974,0.0029523880081036677,1084160.0,108626712.0,0.009980602192948636,0.6711924439197167,False
holdout,INGV,M_SR,94,0.26868856265926594,0.0036281604542935495,1084160.0,108491242.0,0.009993064693645963,0.6806375442739079,False
holdout,INGV,M_SR,95,0.26472606292462453,0.0033440161649272724,1084160.0,108748295.0,0.009969443658863802,0.6741440377804014,False
holdout,INGV,M_SR,96,0.2547953393801975,0.0026743480945807326,1084160.0,108178015.0,0.010021999386843991,0.6658795749704841,False
holdout,INGV,M_SR,97,0.2695073004377633,0.003377558215069631,1084160.0,108747328.0,0.00996953230887659,0.667060212514758,False
holdout,INGV,M_SR,98,0.26788999510592365,0.003219625760219957,1084160.0,108281866.0,0.01001238748508453,0.6700118063754428,False
holdout,INGV,M_SR,99,0.2611289529458918,0.0032997376459434073,1084160.0,108026106.0,0.010036092571919605,0.6900826446280992,False
holdout,INGV,M_SR,100,0.2724326698683976,0.0029599750751857176,1084160.0,108355243.0,0.010005607204443259,0.6735537190082644,False
holdout,INGV,M_SR,101,0.25873690184911835,0.0027626676554098786,1084160.0,108475065.0,0.009994554969844914,0.6741440377804014,False
holdout,INGV,M_SR,102,0.26893244220242973,0.0037230356629585144,1084160.0,108453288.0,0.009996561837756362,0.6865407319952774,False
holdout,INGV,M_SR,103,0.2600402241076973,0.0032923475009772668,1084160.0,108338042.0,0.010007195810313795,0.6646989374262101,False
holdout,INGV,M_SR,104,0.2653439334420395,0.0026874726987633356,1084160.0,108316992.0,0.01000914057879303,0.6723730814639906,False
holdout,INGV,M_SR,105,0.2676880844884713,0.0031868563520465396,1084160.0,108603487.0,0.009982736557989156,0.6676505312868949,False
holdout,INGV,M_SR,106,0.26722901086140394,0.0036599079594796338,1084160.0,108548854.0,0.009987760902570192,0.6706021251475797,False
holdout,INGV,M_SR,107,0.2634226147698931,0.0030462272946618785,1084160.0,108256130.0,0.010014767754952998,0.6717827626918536,False
holdout,INGV,M_SR,108,0.2548011749455657,0.002712001674044994,1084160.0,108277701.0,0.01001277262065252,0.6676505312868949,False
holdout,INGV,M_SR,109,0.26333483973662775,0.0031118886484770916,1084160.0,108421199.0,0.009999520481229875,0.6641086186540732,False
holdout,INGV,M_SR,110,0.26977322562510986,0.0026407284700891227,1084160.0,108481656.0,0.009993947732508803,0.6605667060212514,False
holdout,INGV,M_SR,111,0.26479364050268406,0.0026152419157922037,1084160.0,108415326.0,0.010000062168332179,0.6747343565525383,False
holdout,INGV,M_SR,112,0.26647627885929875,0.0032557089387813833,1084160.0,108387180.0,0.010002658986053516,0.6782762691853601,False
holdout,INGV,M_SR,113,0.2699354470810712,0.0035952087839183308,1084160.0,108599813.0,0.00998307428024761,0.6900826446280992,False
holdout,INGV,M_SR,114,0.2600512790090712,0.003061515003109921,1084160.0,108795240.0,0.009965141857309198,0.6682408500590319,False
holdout,INGV,M_SR,115,0.2749821169027412,0.0031628582986439916,1084160.0,108840625.0,0.009960986534209997,0.680047225501771,False
holdout,INGV,M_SR,116,0.2671155088081151,0.0036204381202974132,1084160.0,108344463.0,0.010006602737049885,0.6706021251475797,False
holdout,INGV,M_SR,117,0.27081817587417145,0.003078817461542919,1084160.0,108315835.0,0.010009247493683633,0.6753246753246753,False
holdout,INGV,M_SR,118,0.27240672627613627,0.0031871857129771738,1084160.0,108321300.0,0.010008742509552599,0.6711924439197167,False
holdout,INGV,M_SR,119,0.2700043441607159,0.0030563582627147765,1084160.0,108675083.0,0.009976159852576326,0.6759149940968123,False
holdout,INGV,M_SR,120,0.25839012799023575,0.0027481836924391216,1084160.0,108204002.0,0.010019592436146679,0.6700118063754428,False
holdout,INGV,M_SR,121,0.26129818395120696,0.0030899310338166064,1084160.0,108155606.0,0.010024075867135357,0.6717827626918536,False
holdout,INGV,M_SR,122,0.27485367960047874,0.003710614463426279,1084160.0,108665242.0,0.009977063318922163,0.6723730814639906,False
holdout,INGV,M_SR,123,0.2621918752894715,0.0027220106636748785,1084160.0,108322059.0,0.01000867237946428,0.6676505312868949,False
holdout,INGV,M_SR,124,0.26527174701411727,0.0028266617732339,1084160.0,108633337.0,0.009979993526296629,0.6729634002361276,False
holdout,INGV,M_SR,125,0.27865297540968287,0.004566994607778999,1084160.0,108390150.0,0.010002384903056228,0.6829988193624558,False
holdout,INGV,M_SR,126,0.2799118464526649,0.00352927157484469,1084160.0,108576158.0,0.009985249247813686,0.6841794569067297,False
holdout,INGV,M_SR,127,0.2553468936613387,0.0028674167556068018,1084160.0,108533088.0,0.00998921176922562,0.6782762691853601,False
holdout,INGV,M_SR,128,0.2797444720092395,0.003236283882228106,1084160.0,108490114.0,0.0099931685941449,0.6706021251475797,False
holdout,INGV,M_SR,129,0.2631792136853603,0.0025397510374522265,1084160.0,108374515.0,0.010003827929472164,0.6688311688311688,False
holdout,INGV,M_SR,130,0.2525582261973663,0.002771992495313409,1084160.0,108816109.0,0.009963230719819251,0.6782762691853601,False
holdout,INGV,M_SR,131,0.2663277548434047,0.0035424324271123094,1084160.0,108340533.0,0.010006965721684238,0.6782762691853601,False
holdout,INGV,M_SR,132,0.25819574175700377,0.002802985983534921,1084160.0,108125547.0,0.010026862569305661,0.6688311688311688,False
holdout,INGV,M_SR,133,0.26565275597637106,0.004357946406717405,1084160.0,108117159.0,0.010027640478418417,0.6776859504132231,False
holdout,INGV,M_SR,134,0.2520653218743716,0.0030998242645392236,1084160.0,108238266.0,0.010016420625215855,0.6782762691853601,False
holdout,INGV,M_SR,135,0.26293231607774875,0.0027241444532416104,1084160.0,108582738.0,0.00998464415218559,0.6759149940968123,False
holdout,INGV,M_SR,136,0.2823362223747293,0.0037608274851271785,1084160.0,108432197.0,0.009998506255480556,0.6806375442739079,False
holdout,INGV,M_SR,137,0.26297478662995577,0.00330152657856501,1084160.0,108506000.0,0.009991705527804914,0.6735537190082644,False
holdout,INGV,M_SR,138,0.26880237144092045,0.0027428898503185956,1084160.0,108803160.0,0.009964416474668567,0.680047225501771,False
holdout,INGV,M_SR,139,0.26828447473299527,0.002753700391318001,1084160.0,108463033.0,0.00999566368386545,0.6747343565525383,False
holdout,INGV,M_SR,140,0.26803739720136155,0.004041595338683118,1084160.0,108501809.0,0.009992091468262985,0.6806375442739079,False
holdout,INGV,M_SR,141,0.25677772418834993,0.0026548525251414734,1084160.0,108605051.0,0.009982592798561458,0.6706021251475797,False
holdout,INGV,M_SR,142,0.26307436882520513,0.0033871460787781673,1084160.0,108486247.0,0.009993524801351088,0.6806375442739079,False
holdout,INGV,M_SR,143,0.2671572458296551,0.0032651455815345255,1084160.0,107880605.0,0.010049628475850687,0.6694214876033058,False
holdout,INGV,M_SR,144,0.26619624800577835,0.0036112253827609146,1084160.0,108463597.0,0.009995611707400778,0.6847697756788665,False
holdout,INGV,M_SR,145,0.26318997682462186,0.003263524257757118,1084160.0,108301138.0,0.010010605798066499,0.6706021251475797,False
holdout,INGV,M_SR,146,0.2611314923860852,0.0027663565637703466,1084160.0,108916478.0,0.00995404937717505,0.6765053128689492,False
holdout,INGV,M_SR,147,0.2758284573571302,0.0032014890062480113,1084160.0,108774549.0,0.009967037417916576,0.6818181818181818,False
holdout,INGV,M_SR,148,0.26419416265811535,0.0027948777403511396,1084160.0,108289490.0,0.010011682574181483,0.6765053128689492,False
holdout,INGV,M_SR,149,0.25976034032710676,0.0032782073743924107,1084160.0,108397696.0,0.01000168859677608,0.6694214876033058,False
holdout,INGV,M_SR,150,0.2689463772232846,0.003249929061306954,1084160.0,108791355.0,0.009965497718086148,0.6806375442739079,False
holdout,INGV,M_SR,151,0.2698611066938117,0.0036149449898229755,1084160.0,108412944.0,0.010000281885159395,0.6717827626918536,False
holdout,INGV,M_SR,152,0.266942157120072,0.0028518025093794016,1084160.0,108561304.0,0.009986615488701204,0.6776859504132231,False
holdout,INGV,M_SR,153,0.273583492161196,0.0031299778703169938,1084160.0,108590025.0,0.009983974126536945,0.6735537190082644,False
holdout,INGV,M_SR,154,0.26798515156041414,0.003072706239594963,1084160.0,108478758.0,0.009994214719899355,0.6676505312868949,False
holdout,INGV,M_SR,155,0.2568901659968211,0.0028695508905486637,1084160.0,108284397.0,0.010012153459191354,0.6806375442739079,False
holdout,INGV,M_SR,156,0.26625587402927287,0.0030423742934094227,1084160.0,108441242.0,0.009997672287818319,0.6735537190082644,False
holdout,INGV,M_SR,157,0.2667963834428112,0.0031041407977729033,1084160.0,108268261.0,0.010013645642650526,0.6776859504132231,False
holdout,INGV,M_SR,158,0.2626530968069506,0.0027527086106504516,1084160.0,108223390.0,0.01001779744655938,0.6688311688311688,False
holdout,INGV,M_SR,159,0.2692369488749352,0.002812300432688423,1084160.0,108711654.0,0.009972803835732276,0.6818181818181818,False
holdout,INGV,M_SR,160,0.2707233117008175,0.0027784252210907227,1084160.0,108499953.0,0.00999226239296159,0.6741440377804014,False
holdout,INGV,M_SR,161,0.2604596200110743,0.003209550298339598,1084160.0,108800392.0,0.00996466998023316,0.6711924439197167,False
holdout,INGV,M_SR,162,0.2555835652975713,0.002979262866411556,1084160.0,108205029.0,0.010019497337780852,0.6818181818181818,False
holdout,INGV,M_SR,163,0.2618749050494499,0.0027229332912286908,1084160.0,108130064.0,0.010026443709494152,0.6546635182998819,False
holdout,INGV,M_SR,164,0.26146015483229196,0.002848621999641347,1084160.0,108479728.0,0.009994125354001624,0.6729634002361276,False
holdout,INGV,M_SR,165,0.2720242396417454,0.0036391328293036854,1084160.0,108897708.0,0.009955765092870458,0.6735537190082644,False
holdout,INGV,M_SR,166,0.27575033774544244,0.003691766625273738,1084160.0,108602393.0,0.009982837118515428,0.6877213695395513,False
holdout,INGV,M_SR,167,0.26296565002000477,0.003016528243413232,1084160.0,108812496.0,0.009963561538005709,0.6747343565525383,False
holdout,INGV,M_SR,168,0.26238476147634254,0.002953633945003577,1084160.0,108638240.0,0.009979543114836911,0.6652892561983471,False
holdout,INGV,M_SR,169,0.2677769305954431,0.0031147719772950853,1084160.0,108467676.0,0.009995235815691303,0.6770956316410862,False
holdout,INGV,M_SR,170,0.26216814648799525,0.003767543483781446,1084160.0,108435999.0,0.009998155686286434,0.666469893742621,False
holdout,INGV,M_SR,171,0.26836723305728466,0.0034698167710041946,1084160.0,108642018.0,0.009979196078629541,0.6641086186540732,False
holdout,INGV,M_SR,172,0.2720869047044756,0.0027517173791215496,1084160.0,108795666.0,0.009965102837828118,0.6853600944510035,False
holdout,INGV,M_SR,173,0.25836864840991314,0.0026684517385250016,1084160.0,108472414.0,0.00999479923070579,0.6759149940968123,False
holdout,INGV,M_SR,174,0.25870325444524184,0.0030029548348966214,1084160.0,108674417.0,0.00997622099044709,0.6741440377804014,False
holdout,INGV,M_SR,175,0.2614545516310826,0.003286049115549479,1084160.0,108511207.0,0.009991226067552636,0.6753246753246753,False
holdout,INGV,M_SR,176,0.2716164680968003,0.003560472298959995,1084160.0,108387346.0,0.010002643666540188,0.6759149940968123,False
holdout,INGV,M_SR,177,0.26844844779238153,0.0029299730116503814,1084160.0,108745712.0,0.009969680459676424,0.679456906729634,False
holdout,INGV,M_SR,178,0.2629852738948044,0.0027071892248553657,1084160.0,108654651.0,0.009978035822875176,0.6723730814639906,False
holdout,INGV,M_SR,179,0.2683801589146281,0.002970262264650112,1084160.0,108899303.0,0.00995561927517571,0.6759149940968123,False
holdout,INGV,M_SR,180,0.2731948998094682,0.0035431928386259258,1084160.0,108490442.0,0.0099931383817203,0.6859504132231405,False
holdout,INGV,M_SR,181,0.25947988222405216,0.0031713471325933366,1084160.0,108745441.0,0.009969705304703303,0.6788665879574971,False
holdout,INGV,M_SR,182,0.2668778151240878,0.0031097006323872758,1084160.0,108628859.0,0.009980404930884895,0.6776859504132231,False
holdout,INGV,M_SR,183,0.2646929702243029,0.0032441012132162265,1084160.0,108132888.0,0.010026181858751428,0.6747343565525383,False
holdout,INGV,M_SR,184,0.27047909177166674,0.003925200645817891,1084160.0,108401194.0,0.010001365852114138,0.6717827626918536,False
holdout,INGV,M_SR,185,0.26975189139685696,0.002662249968427041,1084160.0,108471194.0,0.009994911644468484,0.679456906729634,False
holdout,INGV,M_SR,186,0.26651913615446127,0.003560846227598042,1084160.0,108642795.0,0.009979124708638066,0.6835891381345927,False
holdout,INGV,M_SR,187,0.26247660077627105,0.0027471843528144822,1084160.0,108365862.0,0.010004626733832468,0.6711924439197167,False
holdout,INGV,M_SR,188,0.2732820707331448,0.00348788434955865,1084160.0,108853292.0,0.009959827397778655,0.6717827626918536,False
holdout,INGV,M_SR,189,0.2664156458514446,0.00353307704203985,1084160.0,108482207.0,0.009993896971509807,0.6682408500590319,False
holdout,INGV,M_SR,190,0.265446900062024,0.0032281755736307443,1084160.0,108814019.0,0.009963422084428294,0.680047225501771,False
holdout,INGV,M_SR,191,0.2644205761497069,0.0026449882546536524,1084160.0,108465010.0,0.009995481492142027,0.6706021251475797,False
holdout,INGV,M_SR,192,0.272733842536126,0.0029887908171515654,1084160.0,108626047.0,0.009980663293399602,0.6735537190082644,False
holdout,INGV,M_SR,193,0.27736575002267694,0.003380158977424452,1084160.0,108618490.0,0.009981357685970409,0.6723730814639906,False
holdout,INGV,M_SR,194,0.2701058171242889,0.0031937014910769163,1084160.0,108116107.0,0.010027738050168603,0.6729634002361276,False
holdout,INGV,M_SR,195,0.2717242145641143,0.0035044461473116243,1084160.0,108777538.0,0.009966763542671833,0.6753246753246753,False
holdout,INGV,M_SR,196,0.2575031696879554,0.0027637285533991295,1084160.0,108658162.0,0.009977713409140861,0.6741440377804014,False
holdout,INGV,M_SR,197,0.25602004573770876,0.002696324156303833,1084160.0,108391308.0,0.010002278042442296,0.6770956316410862,False
holdout,INGV,M_SR,198,0.2795783747522683,0.0032600557043448958,1084160.0,108753558.0,0.009968961199411977,0.6753246753246753,False
holdout,INGV,M_SR,199,0.2602738547735243,0.0029038744202949866,1084160.0,108422639.0,0.009999387674007824,0.6723730814639906,False
holdout,chuandian,observed,-1,0.3999319031526084,0.0064868671004726765,,,,,
holdout,chuandian,M_SR,0,0.2985487000604044,0.004415512153768392,1197440.0,118291352.0,0.010122802552802,0.6547300908605024,True
holdout,chuandian,M_SR,1,0.29253162897233187,0.004313373617675617,1197440.0,118151434.0,0.010134790238771034,0.6691608765366115,True
holdout,chuandian,M_SR,2,0.30551638474565396,0.0043752593207734185,1197440.0,118252133.0,0.010126159838486803,0.6686264029930519,True
holdout,chuandian,M_SR,3,0.29832110576464177,0.004204444179281055,1197440.0,118198975.0,0.010130713908475095,0.6664885088188135,True
holdout,chuandian,M_SR,4,0.2856742238788576,0.004202248737275647,1197440.0,118445023.0,0.010109669192263148,0.6590058792089791,True
holdout,chuandian,M_SR,5,0.28721168732771707,0.004177242441514586,1197440.0,118246379.0,0.010126652588659819,0.6638161411010155,True
holdout,chuandian,M_SR,6,0.30234447675344395,0.004082503821983813,1197440.0,118167583.0,0.010133405199630765,0.6622127204703367,True
holdout,chuandian,M_SR,7,0.3022866655171415,0.004398785015015823,1197440.0,118291605.0,0.010122780902330306,0.6670229823623731,True
holdout,chuandian,M_SR,8,0.28461172685533964,0.00445289769677589,1197440.0,118409049.0,0.010112740623396106,0.6718332442544094,True
holdout,chuandian,M_SR,9,0.29409608283842836,0.004084344673535187,1197440.0,118604563.0,0.010096070249843592,0.6643506146445751,True
holdout,chuandian,M_SR,10,0.2964618110341965,0.004362122509729409,1197440.0,118183172.0,0.010132068548642442,0.6680919294494923,True
holdout,chuandian,M_SR,11,0.2806793438010578,0.004200467056385528,1197440.0,118570883.0,0.01009893803354741,0.6654195617316943,True
holdout,chuandian,M_SR,12,0.2994984821894176,0.004215487072102969,1197440.0,118348757.0,0.010117892492947771,0.6680919294494923,True
holdout,chuandian,M_SR,13,0.2996990681692428,0.004235456731600757,1197440.0,118415203.0,0.010112215067519666,0.6557990379476216,True
holdout,chuandian,M_SR,14,0.2925704181621212,0.004417110277844575,1197440.0,118341094.0,0.01011854766189672,0.6648850881881346,True
holdout,chuandian,M_SR,15,0.2908935498266296,0.004165897785323007,1197440.0,118120059.0,0.010137482237458077,0.6563335114911811,True
holdout,chuandian,M_SR,16,0.29979550622196566,0.004361634331145127,1197440.0,118228012.0,0.010128225787979925,0.6793158738642437,True
holdout,chuandian,M_SR,17,0.2784795673015812,0.0042838967816447,1197440.0,118392757.0,0.0101141322353022,0.655264564404062,True
holdout,chuandian,M_SR,18,0.30114637262905125,0.004269811613910594,1197440.0,118335051.0,0.010119064384397823,0.6600748262960984,True
holdout,chuandian,M_SR,19,0.29152026606411985,0.0043516757892065015,1197440.0,118369838.0,0.010116090553406011,0.6638161411010155,True
holdout,chuandian,M_SR,20,0.2946409973557597,0.004618049590897197,1197440.0,118371734.0,0.010115928520570628,0.6670229823623731,True
holdout,chuandian,M_SR,21,0.28104184747210753,0.004287209787000537,1197440.0,118273321.0,0.010124345793925918,0.6632816675574559,True
holdout,chuandian,M_SR,22,0.2857657388802921,0.004176058063888099,1197440.0,118380754.0,0.010115157739238594,0.6622127204703367,True
holdout,chuandian,M_SR,23,0.2918318619309751,0.004056055168362995,1197440.0,118197442.0,0.010130845302049768,0.6622127204703367,True
holdout,chuandian,M_SR,24,0.28460781189066214,0.004265009444593359,1197440.0,118302906.0,0.010121813913852631,0.6563335114911811,True
holdout,chuandian,M_SR,25,0.2877391210891983,0.0043253375328670554,1197440.0,118430688.0,0.010110892879386126,0.6745056119722074,True
holdout,chuandian,M_SR,26,0.28075283328872586,0.004107976717228899,1197440.0,118307874.0,0.010121388877294845,0.6638161411010155,True
holdout,chuandian,M_SR,27,0.295716947874166,0.0041469727799759385,1197440.0,118376767.0,0.01011549842377432,0.6627471940138963,True
holdout,chuandian,M_SR,28,0.29237821156281013,0.004349069143102971,1197440.0,118260238.0,0.010125465839160581,0.6600748262960984,True
holdout,chuandian,M_SR,29,0.2881855647548451,0.004416812790250774,1197440.0,118447073.0,0.010109494221102449,0.6659540352752539,True
holdout,chuandian,M_SR,30,0.3025451412290505,0.004522160336189566,1197440.0,118496489.0,0.010105278309132012,0.6670229823623731,False
holdout,chuandian,M_SR,31,0.2911546269677065,0.004173732882614168,1197440.0,118449096.0,0.010109321560377294,0.6675574559059326,False
holdout,chuandian,M_SR,32,0.2867695245180448,0.004158130456368755,1197440.0,118439294.0,0.01011015820475931,0.6627471940138963,False
holdout,chuandian,M_SR,33,0.2978435110876122,0.004291188047751655,1197440.0,118066548.0,0.010142076822640737,0.65793693212186,False
holdout,chuandian,M_SR,34,0.29180800858210815,0.0045219453094960844,1197440.0,118191911.0,0.010131319392915138,0.6659540352752539,False
holdout,chuandian,M_SR,35,0.2928778350256852,0.00429847021098314,1197440.0,118188377.0,0.01013162233372576,0.6563335114911811,False
holdout,chuandian,M_SR,36,0.2901376908069337,0.0041263042007179795,1197440.0,118198747.0,0.010130733450160854,0.6531266702298236,False
holdout,chuandian,M_SR,37,0.29283726578282965,0.004323380159197402,1197440.0,118513078.0,0.010103863811553355,0.6803848209513629,False
holdout,chuandian,M_SR,38,0.29094335964641577,0.004199124648329291,1197440.0,118399754.0,0.010113534526431532,0.6718332442544094,False
holdout,chuandian,M_SR,39,0.2939606700412995,0.00420839603246344,1197440.0,118185893.0,0.010131835277497966,0.6520577231427044,False
holdout,chuandian,M_SR,40,0.29163554465527075,0.004505628651565441,1197440.0,118429382.0,0.010111004378963997,0.6574024585783004,False
holdout,chuandian,M_SR,41,0.28696697284048145,0.004395684198708606,1197440.0,118525513.0,0.010102803773563925,0.6600748262960984,False
holdout,chuandian,M_SR,42,0.296477687870778,0.004096042458717169,1197440.0,118294229.0,0.010122556359025765,0.6638161411010155,False
holdout,chuandian,M_SR,43,0.2928467974234121,0.004139162813803668,1197440.0,117917918.0,0.010154860434357397,0.6493853554249065,False
holdout,chuandian,M_SR,44,0.29453193939354516,0.00446315019941282,1197440.0,118198029.0,0.0101307949898217,0.6648850881881346,False
holdout,chuandian,M_SR,45,0.2858421057023502,0.004193636951696364,1197440.0,118042913.0,0.01014410750775017,0.6590058792089791,False
holdout,chuandian,M_SR,46,0.29559758198933334,0.004232925767921337,1197440.0,118410426.0,0.010112623021895048,0.6606092998396579,False
holdout,chuandian,M_SR,47,0.30366520905045424,0.004406193845892709,1197440.0,118112628.0,0.01013812003234743,0.6627471940138963,False
holdout,chuandian,M_SR,48,0.3022930685374952,0.004510236123553981,1197440.0,118276206.0,0.010124098840302673,0.65793693212186,False
holdout,chuandian,M_SR,49,0.3004356027909423,0.004190353057525183,1197440.0,118123698.0,0.010137169935197931,0.6680919294494923,False
holdout,chuandian,M_SR,50,0.2917593769218413,0.004610086021699176,1197440.0,118106506.0,0.010138645537443975,0.6638161411010155,False
holdout,chuandian,M_SR,51,0.28442367099147303,0.004133205848426585,1197440.0,118593512.0,0.010097011040536518,0.6654195617316943,False
holdout,chuandian,M_SR,52,0.29650766653832294,0.004338235359314267,1197440.0,118254597.0,0.010125948845777218,0.672367717797969,False
holdout,chuandian,M_SR,53,0.2915117090774434,0.004427247108888462,1197440.0,118422632.0,0.010111580698527288,0.6675574559059326,False
holdout,chuandian,M_SR,54,0.29137891820985545,0.004275226060020647,1197440.0,118334209.0,0.010119136385996378,0.6648850881881346,False
holdout,chuandian,M_SR,55,0.2935218465360779,0.004257643389690398,1197440.0,118391286.0,0.010114257902393255,0.6761090326028861,False
holdout,chuandian,M_SR,56,0.2947321783885668,0.00429712487541951,1197440.0,118293883.0,0.010122585966680966,0.6664885088188135,False
holdout,chuandian,M_SR,57,0.2908612064030189,0.004516349763888378,1197440.0,118230379.0,0.010128023018517094,0.6654195617316943,False
holdout,chuandian,M_SR,58,0.2894142341988309,0.00432158566436733,1197440.0,118351428.0,0.010117664148505246,0.6718332442544094,False
holdout,chuandian,M_SR,59,0.28959702611075633,0.004130849945649761,1197440.0,118437449.0,0.010110315699217736,0.6611437733832175,False
holdout,chuandian,M_SR,60,0.29693710431471243,0.004373470205368087,1197440.0,118508148.0,0.010104284137492385,0.6670229823623731,False
holdout,chuandian,M_SR,61,0.3018163793419236,0.0045365885615482725,1197440.0,117928652.0,0.010153936127413717,0.6654195617316943,False
holdout,chuandian,M_SR,62,0.28824775524977614,0.0042445605714142775,1197440.0,118293368.0,0.010122630036199494,0.6702298236237306,False
holdout,chuandian,M_SR,63,0.2904484913017656,0.004186891881381041,1197440.0,118386577.0,0.01011466021185831,0.6675574559059326,False
holdout,chuandian,M_SR,64,0.28993098585755284,0.004264963110652193,1197440.0,118515707.0,0.010103639680434932,0.6670229823623731,False
holdout,chuandian,M_SR,65,0.29027047197705125,0.004138809405734519,1197440.0,118367766.0,0.010116267633200072,0.6515232495991449,False
holdout,chuandian,M_SR,66,0.2893911917008054,0.004048661681795137,1197440.0,118255096.0,0.010125906117398949,0.6675574559059326,False
holdout,chuandian,M_SR,67,0.29270878286476093,0.004236375161940867,1197440.0,118308264.0,0.010121355512409513,0.6622127204703367,False
holdout,chuandian,M_SR,68,0.30090751859984977,0.004394045931001548,1197440.0,118075310.0,0.010141324210793942,0.6590058792089791,False
holdout,chuandian,M_SR,69,0.28471454910913885,0.004020042039751502,1197440.0,118385501.0,0.010114752143507844,0.6638161411010155,False
holdout,chuandian,M_SR,70,0.28626736236366784,0.004506826801306134,1197440.0,118226650.0,0.010128342467624686,0.6584714056654195,False
holdout,chuandian,M_SR,71,0.2918232670117444,0.0045368428283850334,1197440.0,118178174.0,0.010132497054828415,0.6771779796900054,False
holdout,chuandian,M_SR,72,0.28701338230914614,0.00439851516248189,1197440.0,118064984.0,0.010142211174144572,0.6574024585783004,False
holdout,chuandian,M_SR,73,0.2953705828121347,0.004224590248050971,1197440.0,118464893.0,0.010107973507391763,0.65793693212186,False
holdout,chuandian,M_SR,74,0.29404653250870577,0.004482511890780905,1197440.0,118174637.0,0.010132800323304568,0.6648850881881346,False
holdout,chuandian,M_SR,75,0.2923959482324882,0.004319281211666418,1197440.0,118121164.0,0.010137387403327654,0.6590058792089791,False
holdout,chuandian,M_SR,76,0.28294157022329164,0.00452866623350478,1197440.0,118165602.0,0.010133575082196932,0.6611437733832175,False
holdout,chuandian,M_SR,77,0.2887166299542432,0.004272951106809974,1197440.0,118164218.0,0.01013369377183201,0.6595403527525387,False
holdout,chuandian,M_SR,78,0.2919179580432799,0.004318603428015634,1197440.0,118336513.0,0.010118939367429223,0.6627471940138963,False
holdout,chuandian,M_SR,79,0.28992883228224753,0.004346530698285207,1197440.0,118029311.0,0.010145276540672172,0.6584714056654195,False
holdout,chuandian,M_SR,80,0.294996506387711,0.0042787698008212045,1197440.0,118148223.0,0.010135065679320458,0.6664885088188135,False
holdout,chuandian,M_SR,81,0.29741937975813304,0.004087714373398991,1197440.0,118409356.0,0.010112714404088136,0.6718332442544094,False
holdout,chuandian,M_SR,82,0.2870904812712013,0.004193371593037082,1197440.0,118315446.0,0.010120741124535844,0.6632816675574559,False
holdout,chuandian,M_SR,83,0.2905639669070954,0.004132548778084932,1197440.0,118005897.0,0.010147289503676243,0.6680919294494923,False
holdout,chuandian,M_SR,84,0.3046255273503427,0.004362980211917459,1197440.0,118080099.0,0.010140912906924307,0.6739711384286478,False
holdout,chuandian,M_SR,85,0.2957102023728445,0.004177621630823853,1197440.0,118292147.0,0.0101227345209991,0.669695350080171,False
holdout,chuandian,M_SR,86,0.28113082255301947,0.004212511142101983,1197440.0,118177560.0,0.010132549698944537,0.6627471940138963,False
holdout,chuandian,M_SR,87,0.3008407551759284,0.004365967991010535,1197440.0,118388051.0,0.010114534278463627,0.6632816675574559,False
holdout,chuandian,M_SR,88,0.29374884714133853,0.00450866809888077,1197440.0,118270238.0,0.010124609709502741,0.6686264029930519,False
holdout,chuandian,M_SR,89,0.29637472416293925,0.004290654865088636,1197440.0,118033159.0,0.010144945794427141,0.6654195617316943,False
holdout,chuandian,M_SR,90,0.28036295906334485,0.00411523713171848,1197440.0,118202188.0,0.010130438532999067,0.6659540352752539,False
holdout,chuandian,M_SR,91,0.30248208557447126,0.004156906229581638,1197440.0,118118639.0,0.010137604108357531,0.6787814003206841,False
holdout,chuandian,M_SR,92,0.3021057601947139,0.004350134655789659,1197440.0,118252362.0,0.010126140228809975,0.6686264029930519,False
holdout,chuandian,M_SR,93,0.30524518996968114,0.0041396767843477145,1197440.0,118391535.0,0.010114236630177994,0.6680919294494923,False
holdout,chuandian,M_SR,94,0.30043169482303395,0.004315204293621711,1197440.0,118529404.0,0.010102472125819514,0.6686264029930519,False
holdout,chuandian,M_SR,95,0.29890260085023235,0.004441263903163605,1197440.0,118116615.0,0.010137777822366481,0.672367717797969,False
holdout,chuandian,M_SR,96,0.28606794200775815,0.00435414425920853,1197440.0,118449001.0,0.010109329668386144,0.6712987707108499,False
holdout,chuandian,M_SR,97,0.29787355574385305,0.004310374835170643,1197440.0,118126679.0,0.010136914117428121,0.6622127204703367,False
holdout,chuandian,M_SR,98,0.28653643357270187,0.00417808362275769,1197440.0,118553230.0,0.010100441801543493,0.6606092998396579,False
holdout,chuandian,M_SR,99,0.28408130587393476,0.0042619882702478505,1197440.0,118613947.0,0.010095271511367883,0.655264564404062,False
holdout,chuandian,M_SR,100,0.2931999761590501,0.004204588115436643,1197440.0,118155677.0,0.010134426295911284,0.6654195617316943,False
holdout,chuandian,M_SR,101,0.2890714556512083,0.004214416573215878,1197440.0,118195011.0,0.010131053670277166,0.6648850881881346,False
holdout,chuandian,M_SR,102,0.29065677475790336,0.0042554055877477934,1197440.0,118186867.0,0.010131751779154955,0.6691608765366115,False
holdout,chuandian,M_SR,103,0.2995133185459756,0.00443212705064052,1197440.0,118346461.0,0.01011808878678679,0.65793693212186,False
holdout,chuandian,M_SR,104,0.2959135805033091,0.004283744386485763,1197440.0,118179308.0,0.010132399827556952,0.6702298236237306,False
holdout,chuandian,M_SR,105,0.2831660085776306,0.004115803679412003,1197440.0,118335891.0,0.010118992554845427,0.655264564404062,False
holdout,chuandian,M_SR,106,0.2908208485219743,0.003972318291863715,1197440.0,118121400.0,0.010137367149390373,0.6632816675574559,False
holdout,chuandian,M_SR,107,0.29219022262516675,0.004196330555271923,1197440.0,118071798.0,0.010141625860563249,0.6675574559059326,False
holdout,chuandian,M_SR,108,0.30251807674486164,0.004653350473360349,1197440.0,118160869.0,0.0101339809882407,0.6675574559059326,False
holdout,chuandian,M_SR,109,0.2818279039919317,0.00418069181786152,1197440.0,118236982.0,0.010127457414296992,0.6616782469267771,False
holdout,chuandian,M_SR,110,0.2772098489209629,0.00429063625459343,1197440.0,118026377.0,0.010145528740579744,0.6627471940138963,False
holdout,chuandian,M_SR,111,0.29144508965973753,0.004439292585320257,1197440.0,118313054.0,0.010120945741118305,0.6606092998396579,False
holdout,chuandian,M_SR,112,0.2954187472710217,0.004866136621087777,1197440.0,118046480.0,0.010143800984154716,0.6606092998396579,False
holdout,chuandian,M_SR,113,0.298707883427222,0.004224323240329061,1197440.0,118329794.0,0.01011951394084232,0.6680919294494923,False
holdout,chuandian,M_SR,114,0.28418123173061083,0.004145698306909839,1197440.0,118199335.0,0.010130683053335284,0.6611437733832175,False
holdout,chuandian,M_SR,115,0.29244169770775186,0.004298379776105994,1197440.0,118667148.0,0.010090745586975765,0.6659540352752539,False
holdout,chuandian,M_SR,116,0.2908048586825475,0.004177874044671359,1197440.0,118372977.0,0.010115822296164775,0.6675574559059326,False
holdout,chuandian,M_SR,117,0.3017900425599315,0.004301199265017772,1197440.0,118397598.0,0.010113718692164684,0.6632816675574559,False
holdout,chuandian,M_SR,118,0.301290840090393,0.0042530927483450795,1197440.0,117989819.0,0.010148672234169627,0.6702298236237306,False
holdout,chuandian,M_SR,119,0.2907202644020779,0.004415190563134969,1197440.0,118400467.0,0.010113473623376841,0.6755745590593266,False
holdout,chuandian,M_SR,120,0.29508553391413134,0.00431562079110476,1197440.0,118462511.0,0.010108176754754084,0.6734366648850882,False
holdout,chuandian,M_SR,121,0.30262570922166904,0.004178025749694694,1197440.0,118436416.0,0.010110403881184652,0.6643506146445751,False
holdout,chuandian,M_SR,122,0.2865702401659246,0.004216165805139517,1197440.0,118042158.0,0.010144172389664377,0.6654195617316943,False
holdout,chuandian,M_SR,123,0.2909979091710017,0.004171284532439515,1197440.0,118225379.0,0.010128451353917841,0.6622127204703367,False
holdout,chuandian,M_SR,124,0.29826579483794846,0.004437023455795846,1197440.0,118401587.0,0.010113377956665394,0.6702298236237306,False
holdout,chuandian,M_SR,125,0.302416724975291,0.004432624796419974,1197440.0,118327452.0,0.010119714231656066,0.669695350080171,False
holdout,chuandian,M_SR,126,0.2995830906283425,0.004421169084963371,1197440.0,118123442.0,0.010137191904719471,0.6654195617316943,False
holdout,chuandian,M_SR,127,0.29854147480671955,0.004077861564321903,1197440.0,118192361.0,0.010131280819409302,0.6643506146445751,False
holdout,chuandian,M_SR,128,0.28896551993449293,0.004439184046676224,1197440.0,118214422.0,0.010129390134817898,0.6531266702298236,False
holdout,chuandian,M_SR,129,0.2876715041544934,0.00411707879529093,1197440.0,118111787.0,0.01013819221954537,0.6600748262960984,False
holdout,chuandian,M_SR,130,0.3007350795712952,0.004335690622948819,1197440.0,118230919.0,0.01012797676046145,0.6675574559059326,False
holdout,chuandian,M_SR,131,0.2837966463152561,0.0041800357820676115,1197440.0,118324566.0,0.01011996105694569,0.6627471940138963,False
holdout,chuandian,M_SR,132,0.2964839474866264,0.004161707246777295,1197440.0,118142901.0,0.010135522235060064,0.6627471940138963,False
holdout,chuandian,M_SR,133,0.28793197609710536,0.0041470655730537044,1197440.0,118363259.0,0.010116652837347103,0.6541956173169428,False
holdout,chuandian,M_SR,134,0.30103096237217775,0.004291348799523101,1197440.0,118223132.0,0.010128643859646689,0.6686264029930519,False
holdout,chuandian,M_SR,135,0.2860859362824689,0.004383278346213127,1197440.0,118448265.0,0.010109392484558553,0.6707642971672902,False
holdout,chuandian,M_SR,136,0.2762238038033805,0.003960974629643498,1197440.0,118197856.0,0.010130809817734765,0.6638161411010155,False
holdout,chuandian,M_SR,137,0.2952107388706816,0.004307845190732098,1197440.0,118362473.0,0.010116720018176708,0.6643506146445751,False
holdout,chuandian,M_SR,138,0.30328108505855245,0.0043324367874031456,1197440.0,118139465.0,0.010135817019316958,0.6680919294494923,False
holdout,chuandian,M_SR,139,0.28688401777365724,0.0041210202036861005,1197440.0,118258439.0,0.010125619872252838,0.672367717797969,False
holdout,chuandian,M_SR,140,0.2968755018375631,0.004467287425469609,1197440.0,118499279.0,0.010105040385941927,0.6686264029930519,False
holdout,chuandian,M_SR,141,0.2985868850087408,0.004170278625982169,1197440.0,118353634.0,0.010117475564797614,0.6627471940138963,False
holdout,chuandian,M_SR,142,0.29066147584708657,0.004193108329570319,1197440.0,118389105.0,0.010114444230320012,0.6504543025120256,False
holdout,chuandian,M_SR,143,0.2877454794599865,0.004437122897615063,1197440.0,118283589.0,0.010123466916446033,0.6734366648850882,False
holdout,chuandian,M_SR,144,0.29414235908549646,0.004918219819380952,1197440.0,118416282.0,0.01011212292579833,0.6771779796900054,False
holdout,chuandian,M_SR,145,0.28428293721979825,0.004181610427665067,1197440.0,118162197.0,0.010133867094566632,0.6654195617316943,False
holdout,chuandian,M_SR,146,0.30410680530455386,0.004358221443353115,1197440.0,118226575.0,0.01012834889279335,0.6664885088188135,False
holdout,chuandian,M_SR,147,0.2858514317777652,0.004093584412940845,1197440.0,118272946.0,0.010124377894501758,0.6622127204703367,False
holdout,chuandian,M_SR,148,0.29161198167084573,0.004227627826372144,1197440.0,118224460.0,0.010128530085906081,0.6648850881881346,False
holdout,chuandian,M_SR,149,0.29462755451570966,0.004239529547180973,1197440.0,118331537.0,0.010119364882415074,0.6638161411010155,False
holdout,chuandian,M_SR,150,0.2979784688969706,0.004389612871020288,1197440.0,118147025.0,0.01013516844795711,0.6691608765366115,False
holdout,chuandian,M_SR,151,0.2924260912424938,0.0041079145499950944,1197440.0,118412161.0,0.01011247484960603,0.6622127204703367,False
holdout,chuandian,M_SR,152,0.2925839134003191,0.0043027729129702435,1197440.0,117999015.0,0.010147881319178808,0.6707642971672902,False
holdout,chuandian,M_SR,153,0.297703754704557,0.004217745972440047,1197440.0,118210984.0,0.01012968473386534,0.6659540352752539,False
holdout,chuandian,M_SR,154,0.2814790628092485,0.004116509298394604,1197440.0,118376679.0,0.010115505943531326,0.6702298236237306,False
holdout,chuandian,M_SR,155,0.2881502878749201,0.004249733270329188,1197440.0,118509547.0,0.0101041648568617,0.65793693212186,False
holdout,chuandian,M_SR,156,0.28581272870918406,0.004136680720484093,1197440.0,118286339.0,0.01012323155930965,0.6675574559059326,False
holdout,chuandian,M_SR,157,0.3036834252033003,0.004366203678749308,1197440.0,118359691.0,0.010116957807873967,0.6547300908605024,False
holdout,chuandian,M_SR,158,0.29499794281605013,0.004416850948291825,1197440.0,118374786.0,0.0101156677064658,0.65793693212186,False
holdout,chuandian,M_SR,159,0.29629443920117826,0.00446567376043483,1197440.0,118155444.0,0.010134446280782458,0.675040085515767,False
holdout,chuandian,M_SR,160,0.2909720668693062,0.004357143281426628,1197440.0,118036743.0,0.01014463775910862,0.6691608765366115,False
holdout,chuandian,M_SR,161,0.28797121715893803,0.0043441188733542475,1197440.0,118341927.0,0.010118476438194217,0.6659540352752539,False
holdout,chuandian,M_SR,162,0.29891461338592873,0.004136929666576287,1197440.0,118074090.0,0.010141428995980405,0.6680919294494923,False
holdout,chuandian,M_SR,163,0.30233670336765034,0.004158366481785158,1197440.0,118134062.0,0.010136280592806501,0.6680919294494923,False
holdout,chuandian,M_SR,164,0.2879981692431787,0.004273274446841838,1197440.0,118161489.0,0.01013392781467065,0.6659540352752539,False
holdout,chuandian,M_SR,165,0.2921772990520597,0.004196324313493469,1197440.0,118234831.0,0.010127641659165564,0.672367717797969,False
holdout,chuandian,M_SR,166,0.30019292749945153,0.004183030392872923,1197440.0,118183784.0,0.010132016080987896,0.672367717797969,False
holdout,chuandian,M_SR,167,0.28574089100576894,0.0040802087519204895,1197440.0,118281729.0,0.010123626109658914,0.6536611437733832,False
holdout,chuandian,M_SR,168,0.2858409318600309,0.00446733583434721,1197440.0,118513361.0,0.010103839684371115,0.6638161411010155,False
holdout,chuandian,M_SR,169,0.2905522796351512,0.004392479801625598,1197440.0,118110349.0,0.01013831565259366,0.6627471940138963,False
holdout,chuandian,M_SR,170,0.2965706229844911,0.004215696506578544,1197440.0,118217286.0,0.01012914473438343,0.6659540352752539,False
holdout,chuandian,M_SR,171,0.2941367110197625,0.004310517492356898,1197440.0,118359127.0,0.010117006016781453,0.6691608765366115,False
holdout,chuandian,M_SR,172,0.28685459341828656,0.004120312570089649,1197440.0,118348470.0,0.01011791702926113,0.6509887760555852,False
holdout,chuandian,M_SR,173,0.29394769439407037,0.004021959072721453,1197440.0,118047948.0,0.01014367483965075,0.6712987707108499,False
holdout,chuandian,M_SR,174,0.283120474988266,0.0041312212040411295,1197440.0,118531751.0,0.010102272090791942,0.6541956173169428,False
holdout,chuandian,M_SR,175,0.29977407996197614,0.004277937541591949,1197440.0,117952773.0,0.010151859676923407,0.6787814003206841,False
holdout,chuandian,M_SR,176,0.2845384278056992,0.004400823266188695,1197440.0,118202647.0,0.010130399194867438,0.6643506146445751,False
holdout,chuandian,M_SR,177,0.2976821425923349,0.004420459213806652,1197440.0,118232888.0,0.010127808093463808,0.6745056119722074,False
holdout,chuandian,M_SR,178,0.2884862802071441,0.004260666118788096,1197440.0,118200461.0,0.010130586546527936,0.6654195617316943,False
holdout,chuandian,M_SR,179,0.29251062542388684,0.004093804637554235,1197440.0,118022865.0,0.01014583064052885,0.6584714056654195,False
holdout,chuandian,M_SR,180,0.29218655490868345,0.004449574146921878,1197440.0,118393953.0,0.010114030063680701,0.6664885088188135,False
holdout,chuandian,M_SR,181,0.27714878243337476,0.004136087379049478,1197440.0,118069812.0,0.010141796448358874,0.6611437733832175,False
holdout,chuandian,M_SR,182,0.29225041241603916,0.004485921130853133,1197440.0,118475595.0,0.010107060445655496,0.6520577231427044,False
holdout,chuandian,M_SR,183,0.2927033409100201,0.004325156250140842,1197440.0,118166448.0,0.010133502531953909,0.669695350080171,False
holdout,chuandian,M_SR,184,0.29199702720781867,0.004157959432310129,1197440.0,118328884.0,0.01011959176425597,0.6707642971672902,False
holdout,chuandian,M_SR,185,0.29425295741490687,0.004319310297188698,1197440.0,118127731.0,0.010136823841981694,0.6664885088188135,False
holdout,chuandian,M_SR,186,0.28480651285231984,0.004184403885877717,1197440.0,118338624.0,0.010118758859322211,0.6648850881881346,False
holdout,chuandian,M_SR,187,0.29374341627852946,0.004134496507546432,1197440.0,118635140.0,0.01009346809048314,0.6659540352752539,False
holdout,chuandian,M_SR,188,0.29441068114923225,0.0041784876563730165,1197440.0,118202535.0,0.010130408793686194,0.6691608765366115,False
holdout,chuandian,M_SR,189,0.2896211927597909,0.004246389473849273,1197440.0,118250727.0,0.010126280238429316,0.6686264029930519,False
holdout,chuandian,M_SR,190,0.29093544341824373,0.004196679760638171,1197440.0,118269896.0,0.010124638986746044,0.6638161411010155,False
holdout,chuandian,M_SR,191,0.30101675901039954,0.004264368451169692,1197440.0,118290735.0,0.010122855352957271,0.6670229823623731,False
holdout,chuandian,M_SR,192,0.2902812380725392,0.004432860150593235,1197440.0,118063002.0,0.010142381438005447,0.6787814003206841,False
holdout,chuandian,M_SR,193,0.2941197168183389,0.004429721340812456,1197440.0,118317989.0,0.010120523600177147,0.6606092998396579,False
holdout,chuandian,M_SR,194,0.29585460455572354,0.004232556465248168,1197440.0,118231992.0,0.010127884845245608,0.6745056119722074,False
holdout,chuandian,M_SR,195,0.2806713815623618,0.004141250813332598,1197440.0,118299598.0,0.010122096949137563,0.6563335114911811,False
holdout,chuandian,M_SR,196,0.2855588881988503,0.004159707029237002,1197440.0,118251223.0,0.010126237764154033,0.6643506146445751,False
holdout,chuandian,M_SR,197,0.2909878767510694,0.004314999937023132,1197440.0,118130733.0,0.010136566239710034,0.6638161411010155,False
holdout,chuandian,M_SR,198,0.2820909160107333,0.004027596355194357,1197440.0,118196530.0,0.010130923471272804,0.6568679850347408,False
holdout,chuandian,M_SR,199,0.2797318382682916,0.004660011517314388,1197440.0,118388850.0,0.010114466016014177,0.6659540352752539,False
holdout,southern_california,observed,-1,0.4580886944419383,0.0015976328316688407,,,,,
holdout,southern_california,M_SR,0,0.3804857326547159,0.0012702901711113658,5847040.0,612124048.0,0.009552050796083084,0.598292469352014,True
holdout,southern_california,M_SR,1,0.3800993668625156,0.0011571357892475767,5847040.0,611316392.0,0.00956467072782174,0.6017950963222417,True
holdout,southern_california,M_SR,2,0.3762649798000451,0.000896235912619327,5847040.0,610825803.0,0.009572352659764768,0.6034369527145359,True
holdout,southern_california,M_SR,3,0.3790660190054753,0.0013313404966832116,5847040.0,612255030.0,0.009550007290262686,0.6022329246935202,True
holdout,southern_california,M_SR,4,0.37578364647847684,0.0008844791452723733,5847040.0,610694955.0,0.009574403639866322,0.600262697022767,True
holdout,southern_california,M_SR,5,0.38423311786242936,0.001273204743888509,5847040.0,610627795.0,0.009575456682249454,0.6008099824868651,True
holdout,southern_california,M_SR,6,0.3829581571697493,0.0012928091838467356,5847040.0,612019438.0,0.00955368348937963,0.6026707530647986,True
holdout,southern_california,M_SR,7,0.38375130295784154,0.0012439506416494354,5847040.0,612171957.0,0.009551303245993022,0.6060639229422067,True
holdout,southern_california,M_SR,8,0.3814387181053433,0.0012265218564022158,5847040.0,611733891.0,0.00955814298671904,0.5996059544658494,True
holdout,southern_california,M_SR,9,0.3776561136286763,0.0012466621552727,5847040.0,612263972.0,0.009549867814204818,0.5993870402802102,True
holdout,southern_california,M_SR,10,0.3849605281927431,0.0009028872460159644,5847040.0,612260339.0,0.00954992448073629,0.6000437828371279,True
holdout,southern_california,M_SR,11,0.37408108625010295,0.0008830075238915031,5847040.0,610921007.0,0.00957086093456269,0.5957749562171629,True
holdout,southern_california,M_SR,12,0.37822849199065844,0.0012234713989600302,5847040.0,611547638.0,0.00956105401554997,0.6016856392294221,True
holdout,southern_california,M_SR,13,0.37960921135102144,0.0012674455002149273,5847040.0,611395248.0,0.009563437104110433,0.6042031523642732,True
holdout,southern_california,M_SR,14,0.37683470238666034,0.0009549853223109095,5847040.0,612044497.0,0.009553292331946251,0.6033274956217163,True
holdout,southern_california,M_SR,15,0.3782087278236151,0.0009671758589047656,5847040.0,611664881.0,0.009559221367165593,0.6014667250437828,True
holdout,southern_california,M_SR,16,0.38272913260365693,0.0012532520034052488,5847040.0,613048039.0,0.009537653867285268,0.6032180385288967,True
holdout,southern_california,M_SR,17,0.3844585437860999,0.0012409289147795085,5847040.0,611129903.0,0.009567589429509556,0.6015761821366025,True
holdout,southern_california,M_SR,18,0.37613223469865037,0.0012280388118565734,5847040.0,611993285.0,0.009554091757722472,0.5973073555166375,True
holdout,southern_california,M_SR,19,0.377980486552578,0.0008633825520628913,5847040.0,611546357.0,0.009561074042993604,0.5992775831873906,True
holdout,southern_california,M_SR,20,0.3783843485598552,0.0012058334067915108,5847040.0,612648718.0,0.009543870456609689,0.6019045534150613,True
holdout,southern_california,M_SR,21,0.3771482573750513,0.0008588273224397908,5847040.0,612172698.0,0.009551291684687317,0.5994964973730298,True
holdout,southern_california,M_SR,22,0.3752573578677782,0.0008983598566338623,5847040.0,612204306.0,0.00955079855318757,0.6008099824868651,True
holdout,southern_california,M_SR,23,0.37965447509905936,0.0012506351021569898,5847040.0,612367996.0,0.009548245561807576,0.6014667250437828,True
holdout,southern_california,M_SR,24,0.3730974023785285,0.0009041110157796262,5847040.0,612028500.0,0.009553542032764813,0.5958844133099825,True
holdout,southern_california,M_SR,25,0.37395714680629527,0.000865011823900556,5847040.0,611963381.0,0.00955455862480765,0.5945709281961471,True
holdout,southern_california,M_SR,26,0.3729290390708882,0.000826408883121607,5847040.0,611544874.0,0.009561097228655701,0.6004816112084063,True
holdout,southern_california,M_SR,27,0.37739421393423184,0.0008258057901524274,5847040.0,613043834.0,0.009537719288112112,0.5976357267950964,True
holdout,southern_california,M_SR,28,0.38647263641936797,0.0013381740980252738,5847040.0,612849471.0,0.009540744141394551,0.5992775831873906,True
holdout,southern_california,M_SR,29,0.37919748433389494,0.0008960267877455455,5847040.0,611751278.0,0.009557871328223036,0.6010288966725044,True
holdout,southern_california,M_SR,30,0.38382922579039747,0.001259069903830466,5847040.0,612149693.0,0.009551650628696794,0.5981830122591943,False
holdout,southern_california,M_SR,31,0.3786870979624573,0.0012119373044328623,5847040.0,611945425.0,0.009554838979309307,0.6058450087565674,False
holdout,southern_california,M_SR,32,0.3820956665019601,0.0008647840936753359,5847040.0,611517875.0,0.009561519358694134,0.5991681260945709,False
holdout,southern_california,M_SR,33,0.38390038031721047,0.0012738839029114847,5847040.0,610764721.0,0.009573309981668048,0.6017950963222417,False
holdout,southern_california,M_SR,34,0.38054817370520516,0.0011725999217099467,5847040.0,611685504.0,0.009558899077654127,0.6056260945709282,False
holdout,southern_california,M_SR,35,0.3746098509696545,0.0008640612045753264,5847040.0,612316626.0,0.009549046607138836,0.5988397548161121,False
holdout,southern_california,M_SR,36,0.3812461133521276,0.0012644628444547557,5847040.0,613093553.0,0.00953694582399238,0.6005910683012259,False
holdout,southern_california,M_SR,37,0.3793367865580036,0.0008418796157570963,5847040.0,612195565.0,0.009550934920608253,0.5984019264448336,False
holdout,southern_california,M_SR,38,0.3792940037783446,0.0008278293300002191,5847040.0,611291328.0,0.009565062895837449,0.5961033274956217,False
holdout,southern_california,M_SR,39,0.3722736151696882,0.0008380572378538129,5847040.0,612221695.0,0.009550527280807975,0.6003721541155866,False
holdout,southern_california,M_SR,40,0.3782302203178833,0.001275107031871234,5847040.0,612889524.0,0.009540120643341263,0.5976357267950964,False
holdout,southern_california,M_SR,41,0.38543694230214154,0.0012420562188227304,5847040.0,611972133.0,0.009554421982152577,0.6009194395796847,False
holdout,southern_california,M_SR,42,0.37397828680207323,0.0012781156911813708,5847040.0,611676482.0,0.00955904006785077,0.5941330998248686,False
holdout,southern_california,M_SR,43,0.38568094504813505,0.0012981630711917263,5847040.0,611081124.0,0.009568353153713188,0.6043126094570929,False
holdout,southern_california,M_SR,44,0.37553475703076594,0.0008659309705359891,5847040.0,612845598.0,0.009540804436030231,0.5984019264448336,False
holdout,southern_california,M_SR,45,0.3793216493631219,0.0008959066526860294,5847040.0,611671211.0,0.009559122441680518,0.602014010507881,False
holdout,southern_california,M_SR,46,0.37802229197944437,0.0012385560701069582,5847040.0,611053765.0,0.009568781562126535,0.6015761821366025,False
holdout,southern_california,M_SR,47,0.376991969378201,0.0009421473840636486,5847040.0,610938290.0,0.009570590181865995,0.5996059544658494,False
holdout,southern_california,M_SR,48,0.3760446948160975,0.0007808331766170066,5847040.0,612576218.0,0.009544999998677715,0.602014010507881,False
holdout,southern_california,M_SR,49,0.37415160506977413,0.0012026362065597914,5847040.0,610823966.0,0.0095723814477836,0.604531523642732,False
holdout,southern_california,M_SR,50,0.38226257544319564,0.0013257678703036254,5847040.0,612827675.0,0.009541083470161494,0.6013572679509632,False
holdout,southern_california,M_SR,51,0.3767791563159184,0.0008969828176087941,5847040.0,611865851.0,0.00955608159933083,0.5985113835376532,False
holdout,southern_california,M_SR,52,0.385311168943601,0.0012323482310321703,5847040.0,612301993.0,0.009549274813482438,0.5989492119089317,False
holdout,southern_california,M_SR,53,0.38050221414714513,0.0008511292016332227,5847040.0,612388093.0,0.00954793221297985,0.5999343257443083,False
holdout,southern_california,M_SR,54,0.3778964983985598,0.0008933406014332121,5847040.0,612607888.0,0.009544506550656756,0.5996059544658494,False
holdout,southern_california,M_SR,55,0.38319651365097446,0.0012284337677817825,5847040.0,611331898.0,0.00956442812673256,0.6012478108581436,False
holdout,southern_california,M_SR,56,0.38593453734086786,0.0008970438811292939,5847040.0,613265559.0,0.009534270943788644,0.6004816112084063,False
holdout,southern_california,M_SR,57,0.3760214251361368,0.0008659864597732306,5847040.0,611918321.0,0.009555262196504818,0.6022329246935202,False
holdout,southern_california,M_SR,58,0.3809984440265138,0.0008682082922499327,5847040.0,612574774.0,0.009545022498755393,0.6007005253940455,False
holdout,southern_california,M_SR,59,0.3785154507423502,0.0012578538930384969,5847040.0,611080789.0,0.009568358399170687,0.6033274956217163,False
holdout,southern_california,M_SR,60,0.3753896292756615,0.0012367534741217529,5847040.0,611399088.0,0.009563377039253942,0.6016856392294221,False
holdout,southern_california,M_SR,61,0.37958938317655433,0.0011996136802838629,5847040.0,611244139.0,0.009565801333597737,0.6001532399299475,False
holdout,southern_california,M_SR,62,0.376237479370003,0.0008855323116614877,5847040.0,611157247.0,0.009567161362646822,0.5947898423817863,False
holdout,southern_california,M_SR,63,0.38335378226937217,0.0012353779553338966,5847040.0,612628941.0,0.00954417855358877,0.5981830122591943,False
holdout,southern_california,M_SR,64,0.3752413444070218,0.0011847195520908853,5847040.0,612631768.0,0.009544134511810038,0.6014667250437828,False
holdout,southern_california,M_SR,65,0.37371466556250577,0.0008803115370262411,5847040.0,612171617.0,0.009551308550785032,0.6021234676007006,False
holdout,southern_california,M_SR,66,0.3729759581807507,0.0008737891247774781,5847040.0,611020536.0,0.009569301939141371,0.600262697022767,False
holdout,southern_california,M_SR,67,0.38063186907526764,0.000861519177616548,5847040.0,612060271.0,0.009553046124766363,0.6038747810858144,False
holdout,southern_california,M_SR,68,0.3815434312963118,0.0012279715080373251,5847040.0,610440408.0,0.009578396061880622,0.6033274956217163,False
holdout,southern_california,M_SR,69,0.37604111220752195,0.0012573782946780875,5847040.0,613182774.0,0.009535558153171472,0.5962127845884413,False
holdout,southern_california,M_SR,70,0.3830409198880359,0.0009280901949914243,5847040.0,613274765.0,0.009534127822787557,0.6070490367775832,False
holdout,southern_california,M_SR,71,0.38063773594644956,0.0013259760707835721,5847040.0,612831899.0,0.009541017707369702,0.5976357267950964,False
holdout,southern_california,M_SR,72,0.3864774447884732,0.001241675386640782,5847040.0,612432793.0,0.009547235332318334,0.5991681260945709,False
holdout,southern_california,M_SR,73,0.38240670606997446,0.001288965170535301,5847040.0,612960908.0,0.00953900962310634,0.5993870402802102,False
holdout,southern_california,M_SR,74,0.3778004740159541,0.0012254549284057938,5847040.0,610678988.0,0.00957465397515855,0.6004816112084063,False
holdout,southern_california,M_SR,75,0.379514795892673,0.0012446264860098504,5847040.0,610964072.0,0.009570186313672468,0.6058450087565674,False
holdout,southern_california,M_SR,76,0.38579344962063084,0.0012853229379390248,5847040.0,611265679.0,0.009565464250447473,0.5991681260945709,False
holdout,southern_california,M_SR,77,0.3767599030294159,0.000838963299302634,5847040.0,611977387.0,0.009554339954721236,0.6074868651488616,False
holdout,southern_california,M_SR,78,0.377425967505737,0.0008944544831927493,5847040.0,610773387.0,0.00957317415010422,0.5993870402802102,False
holdout,southern_california,M_SR,79,0.3794525319007048,0.0012592822463877312,5847040.0,613049045.0,0.009537638216205034,0.5989492119089317,False
holdout,southern_california,M_SR,80,0.38078341318937003,0.0008389405491839626,5847040.0,610349493.0,0.009579822818006338,0.6035464098073555,False
holdout,southern_california,M_SR,81,0.38360216065638636,0.0008852455803151525,5847040.0,611722487.0,0.009558321173829923,0.5951182136602452,False
holdout,southern_california,M_SR,82,0.37752976432031937,0.0008687960317123986,5847040.0,612280149.0,0.009549615497986691,0.6024518388791593,False
holdout,southern_california,M_SR,83,0.3889675979625797,0.0009182173800510248,5847040.0,611160121.0,0.009567116372764773,0.5992775831873906,False
holdout,southern_california,M_SR,84,0.3828757356710664,0.0012614533215868093,5847040.0,611418527.0,0.009563072988136651,0.6029991243432574,False
holdout,southern_california,M_SR,85,0.3776740522006088,0.001211842352393606,5847040.0,611550837.0,0.009561004002027062,0.5969789842381786,False
holdout,southern_california,M_SR,86,0.3782854417791631,0.0009298957375381236,5847040.0,612061186.0,0.009553031843453639,0.6005910683012259,False
holdout,southern_california,M_SR,87,0.3805560874547096,0.000895201676215733,5847040.0,612052713.0,0.009553164091603332,0.5999343257443083,False
holdout,southern_california,M_SR,88,0.3827479398448656,0.0012518783225919676,5847040.0,611059992.0,0.009568684051565267,0.6038747810858144,False
holdout,southern_california,M_SR,89,0.3751659648471944,0.0009672423661625228,5847040.0,612822380.0,0.009541165908464374,0.5978546409807356,False
holdout,southern_california,M_SR,90,0.3779347928249497,0.001249824404098444,5847040.0,612115357.0,0.009552186419005331,0.6008099824868651,False
holdout,southern_california,M_SR,91,0.37702989594559283,0.0008362719989797047,5847040.0,611194836.0,0.009566572974121137,0.6000437828371279,False
holdout,southern_california,M_SR,92,0.3764499328917364,0.0008664371078669568,5847040.0,610792380.0,0.009572876465813146,0.6027802101576182,False
holdout,southern_california,M_SR,93,0.37324695332926067,0.0013041256579973764,5847040.0,612442116.0,0.009547089997971334,0.6066112084063048,False
holdout,southern_california,M_SR,94,0.3749724047818183,0.0008623975692576063,5847040.0,612326971.0,0.009548885280116135,0.603108581436077,False
holdout,southern_california,M_SR,95,0.3836096559875804,0.0012724541633077394,5847040.0,611352785.0,0.009564101355978937,0.5953371278458844,False
holdout,southern_california,M_SR,96,0.37931379507925717,0.001251607714563524,5847040.0,611055861.0,0.009568748739978128,0.6009194395796847,False
holdout,southern_california,M_SR,97,0.37771055132683357,0.0012461764207508316,5847040.0,611682529.0,0.00955894556864154,0.6025612959719789,False
holdout,southern_california,M_SR,98,0.3809970636880779,0.0012518852444398337,5847040.0,612021670.0,0.009553648647767652,0.6008099824868651,False
holdout,southern_california,M_SR,99,0.3783436486379476,0.0008613932926000641,5847040.0,610969507.0,0.009570101180188686,0.5980735551663747,False
holdout,southern_california,M_SR,100,0.3795584063759953,0.0012286788524990622,5847040.0,611278946.0,0.009565256644713558,0.6010288966725044,False
holdout,southern_california,M_SR,101,0.3872337210284122,0.0013578562644100468,5847040.0,611023386.0,0.009569257304989632,0.6024518388791593,False
holdout,southern_california,M_SR,102,0.37639972124799015,0.0008706068495079518,5847040.0,611627307.0,0.009559808617243442,0.5985113835376532,False
holdout,southern_california,M_SR,103,0.3770659810445044,0.0012126578335736626,5847040.0,611539180.0,0.009561186251386215,0.6046409807355516,False
holdout,southern_california,M_SR,104,0.380877184718822,0.0012752523983255346,5847040.0,612381900.0,0.009548028770935262,0.5996059544658494,False
holdout,southern_california,M_SR,105,0.38134572784376203,0.0012494705181408708,5847040.0,611841380.0,0.009556463801124402,0.5980735551663747,False
holdout,southern_california,M_SR,106,0.3778983556776741,0.0011946661343428455,5847040.0,612072057.0,0.009552862172239305,0.6004816112084063,False
holdout,southern_california,M_SR,107,0.3797685041385606,0.0009391834880580513,5847040.0,611890005.0,0.009555704378599875,0.5993870402802102,False
holdout,southern_california,M_SR,108,0.37928535694817145,0.001270318302467228,5847040.0,612122292.0,0.009552078198125808,0.6017950963222417,False
holdout,southern_california,M_SR,109,0.3835914429199932,0.000875121598495334,5847040.0,612627516.0,0.009544200753790498,0.6060639229422067,False
holdout,southern_california,M_SR,110,0.3807001496170804,0.0012446929532159653,5847040.0,612990601.0,0.009538547557599501,0.600262697022767,False
holdout,southern_california,M_SR,111,0.3778071021575401,0.0008896912067495351,5847040.0,612364121.0,0.009548305982479336,0.5989492119089317,False
holdout,southern_california,M_SR,112,0.3769235609988179,0.0008336901818652179,5847040.0,611593147.0,0.009560342571987648,0.5986208406304728,False
holdout,southern_california,M_SR,113,0.3704930820498997,0.0009650195009851476,5847040.0,611534842.0,0.009561254074874119,0.6070490367775832,False
holdout,southern_california,M_SR,114,0.3773119044137042,0.000847627407744578,5847040.0,611415207.0,0.009563124915864253,0.5981830122591943,False
holdout,southern_california,M_SR,115,0.3779974508075932,0.0012278602184338466,5847040.0,611170015.0,0.009566961494339672,0.6019045534150613,False
holdout,southern_california,M_SR,116,0.3752961818453054,0.0012664734296999472,5847040.0,611327744.0,0.00956449311745943,0.6033274956217163,False
holdout,southern_california,M_SR,117,0.37694820680131236,0.0008538532457161008,5847040.0,611915427.0,0.00955530738727396,0.6019045534150613,False
holdout,southern_california,M_SR,118,0.37974668970540143,0.0012927947764412248,5847040.0,612500365.0,0.00954618206635681,0.5976357267950964,False
holdout,southern_california,M_SR,119,0.3789699553280027,0.0012607422709793475,5847040.0,612356866.0,0.009548419107625388,0.605407180385289,False
holdout,southern_california,M_SR,120,0.37830182103015786,0.000828277618853567,5847040.0,612689698.0,0.009543232110946967,0.5957749562171629,False
holdout,southern_california,M_SR,121,0.36767480528218405,0.0007843543183719387,5847040.0,611761593.0,0.009557710171583132,0.595993870402802,False
holdout,southern_california,M_SR,122,0.38078538244055427,0.00132209597399224,5847040.0,612831111.0,0.009541029975549006,0.6029991243432574,False
holdout,southern_california,M_SR,123,0.38850899569904884,0.0008920186720537001,5847040.0,611915909.0,0.009555299860654546,0.6055166374781086,False
holdout,southern_california,M_SR,124,0.3800387026469451,0.000948187336067039,5847040.0,612841033.0,0.009540875504659624,0.6075963222416813,False
holdout,southern_california,M_SR,125,0.37176564488344277,0.0012350000812011654,5847040.0,612155827.0,0.00955155491805847,0.5974168126094571,False
holdout,southern_california,M_SR,126,0.3744659813091078,0.0012332847337672358,5847040.0,611934805.0,0.009555004801532738,0.6017950963222417,False
holdout,southern_california,M_SR,127,0.38028282976172856,0.0008635912659001678,5847040.0,611212966.0,0.00956628920728753,0.6027802101576182,False
holdout,southern_california,M_SR,128,0.37769985932616723,0.0008531776492994665,5847040.0,612102849.0,0.009552381612914204,0.6025612959719789,False
holdout,southern_california,M_SR,129,0.37773826753474865,0.001252248015224831,5847040.0,612162529.0,0.009551450346938828,0.6066112084063048,False
holdout,southern_california,M_SR,130,0.3752722590560956,0.000864215561796362,5847040.0,612424603.0,0.009547363008210172,0.6042031523642732,False
holdout,southern_california,M_SR,131,0.38344091005407555,0.0009142097218540909,5847040.0,611746136.0,0.009557951666408236,0.601138353765324,False
holdout,southern_california,M_SR,132,0.37888769704835673,0.000856757428535402,5847040.0,612229212.0,0.009550410018658176,0.5996059544658494,False
holdout,southern_california,M_SR,133,0.3749775946511796,0.0008974701376161618,5847040.0,612646413.0,0.009543906364142868,0.5986208406304728,False
holdout,southern_california,M_SR,134,0.3763748477349999,0.0012393098918458047,5847040.0,611898562.0,0.009555570748342436,0.6007005253940455,False
holdout,southern_california,M_SR,135,0.37031518578590294,0.0008664569708036618,5847040.0,612490019.0,0.009546343317636985,0.5981830122591943,False
holdout,southern_california,M_SR,136,0.37363151959098173,0.001230418184237283,5847040.0,611597828.0,0.00956026939977949,0.6019045534150613,False
holdout,southern_california,M_SR,137,0.3752880345458975,0.0008246496319444549,5847040.0,611398733.0,0.009563382592093137,0.6009194395796847,False
holdout,southern_california,M_SR,138,0.37454841872153843,0.0008456514749361349,5847040.0,612045838.0,0.00955327140056461,0.599715411558669,False
holdout,southern_california,M_SR,139,0.37925678804412977,0.0008499319128621069,5847040.0,613236306.0,0.009534725753827106,0.6029991243432574,False
holdout,southern_california,M_SR,140,0.3791768874097671,0.0011822585146377734,5847040.0,612273037.0,0.009549726423768681,0.5989492119089317,False
holdout,southern_california,M_SR,141,0.37698071242993986,0.000872742732188902,5847040.0,611343992.0,0.009564238917064552,0.6023423817863398,False
holdout,southern_california,M_SR,142,0.37693750861769554,0.0007917271351595783,5847040.0,612458760.0,0.009546830549047907,0.6019045534150613,False
holdout,southern_california,M_SR,143,0.379194960246204,0.0012349647122243275,5847040.0,611596955.0,0.009560283046209738,0.5973073555166375,False
holdout,southern_california,M_SR,144,0.37822320023393785,0.0012653161207345927,5847040.0,612030067.0,0.009553517572528017,0.5990586690017513,False
holdout,southern_california,M_SR,145,0.3795405951616224,0.000859297920549915,5847040.0,611556098.0,0.009560921752103926,0.6038747810858144,False
holdout,southern_california,M_SR,146,0.3794996760519425,0.0012497311066024769,5847040.0,611591856.0,0.009560362752770207,0.6013572679509632,False
holdout,southern_california,M_SR,147,0.375569476996644,0.0008569875025139045,5847040.0,612107964.0,0.009552301789688853,0.6001532399299475,False
holdout,southern_california,M_SR,148,0.37618381010270435,0.001173103837226764,5847040.0,611277628.0,0.009565277268743753,0.6009194395796847,False
holdout,southern_california,M_SR,149,0.3837848401621366,0.0012582507005624158,5847040.0,611268952.0,0.00956541303278888,0.596869527145359,False
holdout,southern_california,M_SR,150,0.37589634846880293,0.0009427369267989558,5847040.0,611181735.0,0.009566778038613997,0.6023423817863398,False
holdout,southern_california,M_SR,151,0.3768781666123334,0.0012016976706622578,5847040.0,612404324.0,0.009547679157144554,0.6010288966725044,False
holdout,southern_california,M_SR,152,0.3791634978658497,0.000938189298639465,5847040.0,611548187.0,0.009561045432385527,0.6046409807355516,False
holdout,southern_california,M_SR,153,0.381392540556297,0.001285826274407418,5847040.0,611287040.0,0.00956512999195926,0.6004816112084063,False
holdout,southern_california,M_SR,154,0.37893839373273336,0.0008088564399578394,5847040.0,612032583.0,0.009553478299046703,0.603984238178634,False
holdout,southern_california,M_SR,155,0.37438982672836996,0.0008419044706580602,5847040.0,611821244.0,0.00955677831938768,0.6015761821366025,False
holdout,southern_california,M_SR,156,0.3818688959721394,0.0012829268592725312,5847040.0,610871401.0,0.00957163813926853,0.6015761821366025,False
holdout,southern_california,M_SR,157,0.37843273546835854,0.0012127242787925976,5847040.0,611784661.0,0.009557349787820196,0.6009194395796847,False
holdout,southern_california,M_SR,158,0.3837588782396092,0.0012462421568958295,5847040.0,611292206.0,0.009565049157521894,0.6036558669001751,False
holdout,southern_california,M_SR,159,0.3760425439430859,0.0008808524858913882,5847040.0,611118359.0,0.009567770160869933,0.6032180385288967,False
holdout,southern_california,M_SR,160,0.3881827875617467,0.0008208574903510598,5847040.0,612042668.0,0.009553320880563184,0.6061733800350263,False
holdout,southern_california,M_SR,161,0.3776676129356383,0.00127706538668937,5847040.0,612139714.0,0.009551806338119731,0.6027802101576182,False
holdout,southern_california,M_SR,162,0.37759188235388613,0.0011819356447176018,5847040.0,612501718.0,0.009546160979094593,0.6055166374781086,False
holdout,southern_california,M_SR,163,0.38107322775639785,0.0008722723386678658,5847040.0,611593682.0,0.00956033420894626,0.6025612959719789,False
holdout,southern_california,M_SR,164,0.37801089042106334,0.0008379450201952668,5847040.0,611463807.0,0.009562364825298646,0.6027802101576182,False
holdout,southern_california,M_SR,165,0.3756286150220907,0.0011531969176877177,5847040.0,610908718.0,0.00957105346137817,0.6001532399299475,False
holdout,southern_california,M_SR,166,0.3777019900379849,0.0012125346356178922,5847040.0,610449359.0,0.009578255614156522,0.600262697022767,False
holdout,southern_california,M_SR,167,0.37840228514888175,0.0012160027151774274,5847040.0,611782609.0,0.009557381844438799,0.600262697022767,False
holdout,southern_california,M_SR,168,0.38035603787653416,0.0012287780991084571,5847040.0,611461612.0,0.009562399151886579,0.6009194395796847,False
holdout,southern_california,M_SR,169,0.3795261533568764,0.0012594643547044922,5847040.0,612001818.0,0.009553958547227714,0.598292469352014,False
holdout,southern_california,M_SR,170,0.37979058230572743,0.0008208147369228301,5847040.0,610362175.0,0.009579623770100104,0.5987302977232924,False
holdout,southern_california,M_SR,171,0.3851759304139196,0.0012414274398018248,5847040.0,612381048.0,0.009548042055018005,0.6050788091068301,False
holdout,southern_california,M_SR,172,0.37798512490932484,0.0013148524193739273,5847040.0,611408102.0,0.009563236046224327,0.6035464098073555,False
holdout,southern_california,M_SR,173,0.3728619553773358,0.0008378117192323811,5847040.0,612212738.0,0.00955066701013333,0.6005910683012259,False
holdout,southern_california,M_SR,174,0.37812163223890516,0.0012256539505554845,5847040.0,611587632.0,0.009560428782510108,0.6003721541155866,False
holdout,southern_california,M_SR,175,0.3772164493076615,0.001158315814364405,5847040.0,613007386.0,0.009538286378820239,0.597745183887916,False
holdout,southern_california,M_SR,176,0.38107155311041474,0.0008986987970806983,5847040.0,610344758.0,0.009579897137414261,0.6013572679509632,False
holdout,southern_california,M_SR,177,0.37967454257454875,0.0009707880220971963,5847040.0,611780289.0,0.009557418088048273,0.5986208406304728,False
holdout,southern_california,M_SR,178,0.38115756494412406,0.0008654006040677986,5847040.0,611242123.0,0.009565832883542942,0.599715411558669,False
holdout,southern_california,M_SR,179,0.3771144412479651,0.0012926697650034874,5847040.0,611005333.0,0.009569540041968833,0.6029991243432574,False
holdout,southern_california,M_SR,180,0.3731959785373048,0.0008104680138199623,5847040.0,611928464.0,0.009555103813572562,0.5986208406304728,False
holdout,southern_california,M_SR,181,0.383208929448429,0.0012172509749942184,5847040.0,612015798.0,0.009553740310474797,0.5980735551663747,False
holdout,southern_california,M_SR,182,0.3794816204602988,0.001280117349075359,5847040.0,611901905.0,0.009555518543450195,0.6003721541155866,False
holdout,southern_california,M_SR,183,0.3763400064359342,0.001291977810394649,5847040.0,611313089.0,0.009564722406917088,0.600262697022767,False
holdout,southern_california,M_SR,184,0.3811571593905274,0.0009220261875300723,5847040.0,612010925.0,0.009553816379993543,0.6033274956217163,False
holdout,southern_california,M_SR,185,0.37767812847573157,0.0013258125655862096,5847040.0,611253650.0,0.009565652491400256,0.6066112084063048,False
holdout,southern_california,M_SR,186,0.38949382097052804,0.0012796789922768833,5847040.0,612649499.0,0.009543858290170576,0.5998248686514887,False
holdout,southern_california,M_SR,187,0.37858677927363155,0.0012497059418969565,5847040.0,611265687.0,0.009565464125258515,0.6050788091068301,False
holdout,southern_california,M_SR,188,0.37608256144812147,0.0009159526384261983,5847040.0,612173322.0,0.009551281948872644,0.6033274956217163,False
holdout,southern_california,M_SR,189,0.3851697544614975,0.0008585149350685804,5847040.0,611362986.0,0.009563941772556052,0.6029991243432574,False
holdout,southern_california,M_SR,190,0.3770694222438014,0.0008729149701553669,5847040.0,611182059.0,0.009566772967071011,0.6026707530647986,False
holdout,southern_california,M_SR,191,0.37884472435344213,0.0009500579730806465,5847040.0,611622702.0,0.00955988059449108,0.5994964973730298,False
holdout,southern_california,M_SR,192,0.37749183230604966,0.0013467492952155171,5847040.0,612209629.0,0.009550715511532734,0.6009194395796847,False
holdout,southern_california,M_SR,193,0.3751204217258665,0.0012217858880135763,5847040.0,611040510.0,0.009568989132979088,0.6044220665499125,False
holdout,southern_california,M_SR,194,0.37142367912840907,0.000777953519810422,5847040.0,611955937.0,0.009554674849081495,0.6024518388791593,False
holdout,southern_california,M_SR,195,0.3803696928552296,0.0008424942916448604,5847040.0,611920592.0,0.009555226734386477,0.6038747810858144,False
holdout,southern_california,M_SR,196,0.3811660283610718,0.0012179489420338428,5847040.0,611559457.0,0.00956086923858983,0.6057355516637478,False
holdout,southern_california,M_SR,197,0.3788607069964944,0.0012418259930768547,5847040.0,611513504.0,0.009561587702893965,0.6062828371278459,False
holdout,southern_california,M_SR,198,0.3807998671096124,0.001226548076085553,5847040.0,611282638.0,0.009565198872865745,0.6004816112084063,False
holdout,southern_california,M_SR,199,0.38421978349449926,0.0008668217473255748,5847040.0,611926929.0,0.00955512778225846,0.6024518388791593,False
