scope,region,model,realization,eta,louvain_seed,Q,communities,budget,retention,downstream_retention,memberships,downstream_memberships,same,downstream_same
full,shanxi,observed,-1,0.1,12345,0.9713638876249205,12,,,,,,,
full,shanxi,observed,-1,0.5,3,0.9376287137768389,23,,,,,,,
full,shanxi,observed,-1,1.0,14,0.9092015407588165,31,,,,,,,
full,shanxi,observed,-1,1.5,14,0.8870197804412459,38,,,,,,,
full,shanxi,observed,-1,2.0,18,0.8687298704720358,42,,,,,,,
full,shanxi,observed,-1,3.0,12345,0.8364315561397089,49,,,,,,,
full,shanxi,M_RW,0,0.1,4,0.9108304829707857,5,40.0,,,,,,
full,shanxi,M_RW,0,0.5,12,0.8371055658556965,25,40.0,,,,,,
full,shanxi,M_RW,0,1.0,14,0.8127199687016433,31,40.0,,,,,,
full,shanxi,M_RW,0,1.5,4,0.7928811876493589,36,40.0,,,,,,
full,shanxi,M_RW,0,2.0,12345,0.7755767657463631,41,40.0,,,,,,
full,shanxi,M_RW,0,3.0,8,0.7436547133652489,48,40.0,,,,,,
full,shanxi,M_RW,1,0.1,15,0.9042525086323977,3,40.0,,,,,,
full,shanxi,M_RW,1,0.5,16,0.838502955285119,18,40.0,,,,,,
full,shanxi,M_RW,1,1.0,12345,0.8105951351832639,28,40.0,,,,,,
full,shanxi,M_RW,1,1.5,2,0.7903791628591591,39,40.0,,,,,,
full,shanxi,M_RW,1,2.0,13,0.7723798656672966,44,40.0,,,,,,
full,shanxi,M_RW,1,3.0,8,0.7405959722311205,52,40.0,,,,,,
full,shanxi,M_RW,2,0.1,12345,0.9084403517930278,3,40.0,,,,,,
full,shanxi,M_RW,2,0.5,13,0.8323556332039636,20,40.0,,,,,,
full,shanxi,M_RW,2,1.0,2,0.8073756994734191,34,40.0,,,,,,
full,shanxi,M_RW,2,1.5,5,0.7876085868874718,39,40.0,,,,,,
full,shanxi,M_RW,2,2.0,16,0.7706630682231561,44,40.0,,,,,,
full,shanxi,M_RW,2,3.0,15,0.7397092923052052,51,40.0,,,,,,
full,shanxi,M_RW,3,0.1,3,0.9045777392225601,3,40.0,,,,,,
full,shanxi,M_RW,3,0.5,12,0.8404439123346955,20,40.0,,,,,,
full,shanxi,M_RW,3,1.0,2,0.8151883981256823,32,40.0,,,,,,
full,shanxi,M_RW,3,1.5,16,0.7947161696139797,38,40.0,,,,,,
full,shanxi,M_RW,3,2.0,12345,0.7786305542480345,44,40.0,,,,,,
full,shanxi,M_RW,3,3.0,6,0.7506410175362249,51,40.0,,,,,,
full,shanxi,M_RW,4,0.1,12,0.9103204855573261,5,40.0,,,,,,
full,shanxi,M_RW,4,0.5,12345,0.8322139178483361,22,40.0,,,,,,
full,shanxi,M_RW,4,1.0,2,0.8026732203275373,31,40.0,,,,,,
full,shanxi,M_RW,4,1.5,2,0.7813866327423313,40,40.0,,,,,,
full,shanxi,M_RW,4,2.0,5,0.7640156870263836,45,40.0,,,,,,
full,shanxi,M_RW,4,3.0,12345,0.732102644481794,51,40.0,,,,,,
full,shanxi,M_RW,5,0.1,18,0.9098397017538118,5,40.0,,,,,,
full,shanxi,M_RW,5,0.5,2,0.8431255073313929,22,40.0,,,,,,
full,shanxi,M_RW,5,1.0,12345,0.8194289340750767,33,40.0,,,,,,
full,shanxi,M_RW,5,1.5,3,0.8002961282857697,41,40.0,,,,,,
full,shanxi,M_RW,5,2.0,12345,0.7838671681451553,44,40.0,,,,,,
full,shanxi,M_RW,5,3.0,8,0.7547813872545428,51,40.0,,,,,,
full,shanxi,M_RW,6,0.1,6,0.9068174465973801,5,40.0,,,,,,
full,shanxi,M_RW,6,0.5,15,0.8394099842224703,23,40.0,,,,,,
full,shanxi,M_RW,6,1.0,1,0.8151128976228845,31,40.0,,,,,,
full,shanxi,M_RW,6,1.5,15,0.7956117782906793,36,40.0,,,,,,
full,shanxi,M_RW,6,2.0,6,0.7778082663275744,46,40.0,,,,,,
full,shanxi,M_RW,6,3.0,7,0.7456142713072641,51,40.0,,,,,,
full,shanxi,M_RW,7,0.1,1,0.9018489177288898,2,40.0,,,,,,
full,shanxi,M_RW,7,0.5,10,0.8368656260512175,20,40.0,,,,,,
full,shanxi,M_RW,7,1.0,12345,0.8093922729785883,34,40.0,,,,,,
full,shanxi,M_RW,7,1.5,17,0.7902910571954778,39,40.0,,,,,,
full,shanxi,M_RW,7,2.0,19,0.7731108722345457,43,40.0,,,,,,
full,shanxi,M_RW,7,3.0,19,0.7408179772184711,51,40.0,,,,,,
full,shanxi,M_RW,8,0.1,12345,0.9153338901839829,6,40.0,,,,,,
full,shanxi,M_RW,8,0.5,6,0.8416360213376547,24,40.0,,,,,,
full,shanxi,M_RW,8,1.0,9,0.8179876822775052,36,40.0,,,,,,
full,shanxi,M_RW,8,1.5,8,0.8007733731147864,40,40.0,,,,,,
full,shanxi,M_RW,8,2.0,12345,0.7853757598608698,45,40.0,,,,,,
full,shanxi,M_RW,8,3.0,12345,0.7564833685828043,52,40.0,,,,,,
full,shanxi,M_RW,9,0.1,18,0.9132217297314396,7,40.0,,,,,,
full,shanxi,M_RW,9,0.5,1,0.8412499255309327,25,40.0,,,,,,
full,shanxi,M_RW,9,1.0,19,0.8183946625473151,34,40.0,,,,,,
full,shanxi,M_RW,9,1.5,14,0.8006251199074763,37,40.0,,,,,,
full,shanxi,M_RW,9,2.0,19,0.7841381341903952,43,40.0,,,,,,
full,shanxi,M_RW,9,3.0,12,0.7545758072734334,52,40.0,,,,,,
full,shanxi,M_RW,10,0.1,2,0.9129030235811312,4,40.0,,,,,,
full,shanxi,M_RW,10,0.5,9,0.8453809578984633,25,40.0,,,,,,
full,shanxi,M_RW,10,1.0,18,0.8230418897269822,30,40.0,,,,,,
full,shanxi,M_RW,10,1.5,13,0.805446207345901,41,40.0,,,,,,
full,shanxi,M_RW,10,2.0,13,0.7893067459337351,43,40.0,,,,,,
full,shanxi,M_RW,10,3.0,8,0.7596115343557273,51,40.0,,,,,,
full,shanxi,M_RW,11,0.1,12345,0.9007846124939639,2,40.0,,,,,,
full,shanxi,M_RW,11,0.5,3,0.8355152686575957,22,40.0,,,,,,
full,shanxi,M_RW,11,1.0,14,0.8108472146919916,32,40.0,,,,,,
full,shanxi,M_RW,11,1.5,9,0.7918714615179369,40,40.0,,,,,,
full,shanxi,M_RW,11,2.0,4,0.7752492386226705,43,40.0,,,,,,
full,shanxi,M_RW,11,3.0,18,0.744543584753427,51,40.0,,,,,,
full,shanxi,M_RW,12,0.1,10,0.9119541016087226,5,40.0,,,,,,
full,shanxi,M_RW,12,0.5,1,0.8469903367427049,20,40.0,,,,,,
full,shanxi,M_RW,12,1.0,15,0.8235067179565255,33,40.0,,,,,,
full,shanxi,M_RW,12,1.5,4,0.8069835853998398,38,40.0,,,,,,
full,shanxi,M_RW,12,2.0,7,0.7928913091272672,46,40.0,,,,,,
full,shanxi,M_RW,12,3.0,12345,0.7667881193080367,53,40.0,,,,,,
full,shanxi,M_RW,13,0.1,3,0.9064357733332407,4,40.0,,,,,,
full,shanxi,M_RW,13,0.5,15,0.842676702768447,23,40.0,,,,,,
full,shanxi,M_RW,13,1.0,1,0.820296891834984,34,40.0,,,,,,
full,shanxi,M_RW,13,1.5,11,0.80142401657771,38,40.0,,,,,,
full,shanxi,M_RW,13,2.0,10,0.7851651299558016,45,40.0,,,,,,
full,shanxi,M_RW,13,3.0,15,0.7553279982541642,50,40.0,,,,,,
full,shanxi,M_RW,14,0.1,9,0.9059265021206849,6,40.0,,,,,,
full,shanxi,M_RW,14,0.5,12,0.8370533719814613,23,40.0,,,,,,
full,shanxi,M_RW,14,1.0,13,0.8133309664976167,35,40.0,,,,,,
full,shanxi,M_RW,14,1.5,12,0.7947319727638198,38,40.0,,,,,,
full,shanxi,M_RW,14,2.0,10,0.7780892726188524,43,40.0,,,,,,
full,shanxi,M_RW,14,3.0,12345,0.7479025459382249,52,40.0,,,,,,
full,shanxi,M_RW,15,0.1,15,0.9117486021672909,5,40.0,,,,,,
full,shanxi,M_RW,15,0.5,3,0.8399520659987483,24,40.0,,,,,,
full,shanxi,M_RW,15,1.0,5,0.8136791040433508,33,40.0,,,,,,
full,shanxi,M_RW,15,1.5,19,0.7950151360238715,40,40.0,,,,,,
full,shanxi,M_RW,15,2.0,4,0.779689499210641,47,40.0,,,,,,
full,shanxi,M_RW,15,3.0,14,0.7528871906650519,54,40.0,,,,,,
full,shanxi,M_RW,16,0.1,12345,0.9094163077604126,4,40.0,,,,,,
full,shanxi,M_RW,16,0.5,7,0.8380344845688602,22,40.0,,,,,,
full,shanxi,M_RW,16,1.0,15,0.8136938305937323,32,40.0,,,,,,
full,shanxi,M_RW,16,1.5,6,0.7937785077026408,40,40.0,,,,,,
full,shanxi,M_RW,16,2.0,4,0.776593119070328,45,40.0,,,,,,
full,shanxi,M_RW,16,3.0,6,0.7456210178945013,54,40.0,,,,,,
full,shanxi,M_RW,17,0.1,2,0.9054725009536684,5,40.0,,,,,,
full,shanxi,M_RW,17,0.5,7,0.833612981170575,22,40.0,,,,,,
full,shanxi,M_RW,17,1.0,8,0.8081395816196039,34,40.0,,,,,,
full,shanxi,M_RW,17,1.5,19,0.7895154038382572,38,40.0,,,,,,
full,shanxi,M_RW,17,2.0,18,0.77260453283601,42,40.0,,,,,,
full,shanxi,M_RW,17,3.0,19,0.7456805119688652,50,40.0,,,,,,
full,shanxi,M_RW,18,0.1,2,0.9063751359503144,5,40.0,,,,,,
full,shanxi,M_RW,18,0.5,2,0.8378885557104727,23,40.0,,,,,,
full,shanxi,M_RW,18,1.0,18,0.8130285925267073,33,40.0,,,,,,
full,shanxi,M_RW,18,1.5,4,0.793687793192437,37,40.0,,,,,,
full,shanxi,M_RW,18,2.0,9,0.7760532735508902,44,40.0,,,,,,
full,shanxi,M_RW,18,3.0,11,0.7465899280430859,51,40.0,,,,,,
full,shanxi,M_RW,19,0.1,11,0.9158237796215399,6,40.0,,,,,,
full,shanxi,M_RW,19,0.5,10,0.8424520389184331,27,40.0,,,,,,
full,shanxi,M_RW,19,1.0,9,0.8226436598565725,39,40.0,,,,,,
full,shanxi,M_RW,19,1.5,19,0.8073512008943441,45,40.0,,,,,,
full,shanxi,M_RW,19,2.0,17,0.7934534386077424,50,40.0,,,,,,
full,shanxi,M_RW,19,3.0,12345,0.7675157056114164,55,40.0,,,,,,
full,shanxi,M_RW,20,0.1,18,0.9113830807610444,7,40.0,,,,,,
full,shanxi,M_RW,20,0.5,12,0.8384360688765151,25,40.0,,,,,,
full,shanxi,M_RW,20,1.0,11,0.8164763139554061,35,40.0,,,,,,
full,shanxi,M_RW,20,1.5,19,0.7990942280332924,40,40.0,,,,,,
full,shanxi,M_RW,20,2.0,15,0.7832083417130027,43,40.0,,,,,,
full,shanxi,M_RW,20,3.0,13,0.7542379148297973,51,40.0,,,,,,
full,shanxi,M_RW,21,0.1,7,0.9142658103765035,7,40.0,,,,,,
full,shanxi,M_RW,21,0.5,12345,0.8421504953449238,22,40.0,,,,,,
full,shanxi,M_RW,21,1.0,9,0.8187579981238281,33,40.0,,,,,,
full,shanxi,M_RW,21,1.5,2,0.8000401783653587,41,40.0,,,,,,
full,shanxi,M_RW,21,2.0,10,0.784727976232283,50,40.0,,,,,,
full,shanxi,M_RW,21,3.0,10,0.7581310669557448,58,40.0,,,,,,
full,shanxi,M_RW,22,0.1,12345,0.9016281883500206,3,40.0,,,,,,
full,shanxi,M_RW,22,0.5,12345,0.8440540745180403,23,40.0,,,,,,
full,shanxi,M_RW,22,1.0,14,0.819550573585828,33,40.0,,,,,,
full,shanxi,M_RW,22,1.5,6,0.8009528549807842,40,40.0,,,,,,
full,shanxi,M_RW,22,2.0,9,0.7856768899422971,44,40.0,,,,,,
full,shanxi,M_RW,22,3.0,15,0.7581379839064281,50,40.0,,,,,,
full,shanxi,M_RW,23,0.1,1,0.903619059036645,3,40.0,,,,,,
full,shanxi,M_RW,23,0.5,19,0.8361761527124101,25,40.0,,,,,,
full,shanxi,M_RW,23,1.0,19,0.8096422084333583,35,40.0,,,,,,
full,shanxi,M_RW,23,1.5,6,0.7905447575554386,44,40.0,,,,,,
full,shanxi,M_RW,23,2.0,5,0.7727477338840477,50,40.0,,,,,,
full,shanxi,M_RW,23,3.0,14,0.7403933896468202,56,40.0,,,,,,
full,shanxi,M_RW,24,0.1,15,0.9046727765011799,3,40.0,,,,,,
full,shanxi,M_RW,24,0.5,19,0.8436322102484942,22,40.0,,,,,,
full,shanxi,M_RW,24,1.0,10,0.8180468334200297,30,40.0,,,,,,
full,shanxi,M_RW,24,1.5,7,0.7991441127842869,41,40.0,,,,,,
full,shanxi,M_RW,24,2.0,10,0.7830858565605482,44,40.0,,,,,,
full,shanxi,M_RW,24,3.0,14,0.7534633007447512,50,40.0,,,,,,
full,shanxi,M_RW,25,0.1,8,0.9071856366709177,6,40.0,,,,,,
full,shanxi,M_RW,25,0.5,16,0.8369678798987497,21,40.0,,,,,,
full,shanxi,M_RW,25,1.0,10,0.8103064160227978,33,40.0,,,,,,
full,shanxi,M_RW,25,1.5,9,0.7901623878516528,40,40.0,,,,,,
full,shanxi,M_RW,25,2.0,17,0.7727006785674645,46,40.0,,,,,,
full,shanxi,M_RW,25,3.0,7,0.7436064196471559,52,40.0,,,,,,
full,shanxi,M_RW,26,0.1,3,0.9068056889609487,6,40.0,,,,,,
full,shanxi,M_RW,26,0.5,7,0.839287302688093,25,40.0,,,,,,
full,shanxi,M_RW,26,1.0,5,0.8144774834012061,33,40.0,,,,,,
full,shanxi,M_RW,26,1.5,16,0.7962373133183377,36,40.0,,,,,,
full,shanxi,M_RW,26,2.0,17,0.7795445353048968,42,40.0,,,,,,
full,shanxi,M_RW,26,3.0,16,0.7484046679595414,47,40.0,,,,,,
full,shanxi,M_RW,27,0.1,4,0.9056163045413685,2,40.0,,,,,,
full,shanxi,M_RW,27,0.5,4,0.8376677322616731,20,40.0,,,,,,
full,shanxi,M_RW,27,1.0,11,0.8123146801724066,29,40.0,,,,,,
full,shanxi,M_RW,27,1.5,18,0.7921608434212333,34,40.0,,,,,,
full,shanxi,M_RW,27,2.0,5,0.7739907243777621,39,40.0,,,,,,
full,shanxi,M_RW,27,3.0,8,0.7436583907281851,49,40.0,,,,,,
full,shanxi,M_RW,28,0.1,11,0.9082195006257019,4,40.0,,,,,,
full,shanxi,M_RW,28,0.5,8,0.8338967403162287,23,40.0,,,,,,
full,shanxi,M_RW,28,1.0,7,0.8106815419496705,33,40.0,,,,,,
full,shanxi,M_RW,28,1.5,8,0.7918911345196042,37,40.0,,,,,,
full,shanxi,M_RW,28,2.0,2,0.7752722203870296,40,40.0,,,,,,
full,shanxi,M_RW,28,3.0,7,0.7449722625782405,48,40.0,,,,,,
full,shanxi,M_RW,29,0.1,2,0.9115412173582702,4,40.0,,,,,,
full,shanxi,M_RW,29,0.5,3,0.8371949983623957,19,40.0,,,,,,
full,shanxi,M_RW,29,1.0,15,0.8120274488499409,31,40.0,,,,,,
full,shanxi,M_RW,29,1.5,18,0.7937258640655414,40,40.0,,,,,,
full,shanxi,M_RW,29,2.0,12345,0.7778585483562434,46,40.0,,,,,,
full,shanxi,M_RW,29,3.0,11,0.7471397349398036,49,40.0,,,,,,
full,shanxi,M_RW,30,0.1,12,0.9131330856370634,7,,,,,,,
full,shanxi,M_RW,30,0.5,12345,0.8418769975979804,20,,,,,,,
full,shanxi,M_RW,30,1.0,18,0.8180793072430408,32,,,,,,,
full,shanxi,M_RW,30,1.5,6,0.798865237747747,40,,,,,,,
full,shanxi,M_RW,30,2.0,11,0.7824391506572868,46,,,,,,,
full,shanxi,M_RW,30,3.0,1,0.7530468367702404,53,,,,,,,
full,shanxi,M_RW,31,0.1,1,0.9078585876464841,6,,,,,,,
full,shanxi,M_RW,31,0.5,12345,0.8460242415577326,24,,,,,,,
full,shanxi,M_RW,31,1.0,6,0.8226990026171785,30,,,,,,,
full,shanxi,M_RW,31,1.5,13,0.8040201306474929,43,,,,,,,
full,shanxi,M_RW,31,2.0,12345,0.7882996284647339,46,,,,,,,
full,shanxi,M_RW,31,3.0,2,0.760862905535071,52,,,,,,,
full,shanxi,M_RW,32,0.1,3,0.9039813602368574,3,,,,,,,
full,shanxi,M_RW,32,0.5,13,0.8408517896601492,24,,,,,,,
full,shanxi,M_RW,32,1.0,2,0.8172205507051662,33,,,,,,,
full,shanxi,M_RW,32,1.5,2,0.7991715853672487,36,,,,,,,
full,shanxi,M_RW,32,2.0,2,0.7829921560064758,41,,,,,,,
full,shanxi,M_RW,32,3.0,13,0.754513036953356,52,,,,,,,
full,shanxi,M_RW,33,0.1,8,0.9081409673446872,6,,,,,,,
full,shanxi,M_RW,33,0.5,3,0.8348093627525481,20,,,,,,,
full,shanxi,M_RW,33,1.0,3,0.8089347383857762,31,,,,,,,
full,shanxi,M_RW,33,1.5,17,0.7907937962749043,42,,,,,,,
full,shanxi,M_RW,33,2.0,1,0.7745933504619398,44,,,,,,,
full,shanxi,M_RW,33,3.0,3,0.7448564783903101,50,,,,,,,
full,shanxi,M_RW,34,0.1,13,0.9055882064218193,3,,,,,,,
full,shanxi,M_RW,34,0.5,12345,0.8329049636768048,18,,,,,,,
full,shanxi,M_RW,34,1.0,16,0.8029784112017798,32,,,,,,,
full,shanxi,M_RW,34,1.5,4,0.7805671103223647,37,,,,,,,
full,shanxi,M_RW,34,2.0,2,0.7599783045802215,44,,,,,,,
full,shanxi,M_RW,34,3.0,15,0.7228939833984493,51,,,,,,,
full,shanxi,M_RW,35,0.1,3,0.9061702339057668,4,,,,,,,
full,shanxi,M_RW,35,0.5,6,0.8370131612008802,21,,,,,,,
full,shanxi,M_RW,35,1.0,19,0.8111878586938045,31,,,,,,,
full,shanxi,M_RW,35,1.5,19,0.7913060393054676,37,,,,,,,
full,shanxi,M_RW,35,2.0,18,0.7741841247903477,41,,,,,,,
full,shanxi,M_RW,35,3.0,5,0.7422145122568405,54,,,,,,,
full,shanxi,M_RW,36,0.1,5,0.9084087888429964,4,,,,,,,
full,shanxi,M_RW,36,0.5,13,0.8414931439808842,21,,,,,,,
full,shanxi,M_RW,36,1.0,10,0.8170735176809208,32,,,,,,,
full,shanxi,M_RW,36,1.5,6,0.7982825026745386,40,,,,,,,
full,shanxi,M_RW,36,2.0,2,0.7824963732585419,44,,,,,,,
full,shanxi,M_RW,36,3.0,2,0.7534576908382438,51,,,,,,,
full,shanxi,M_RW,37,0.1,1,0.902724860127631,3,,,,,,,
full,shanxi,M_RW,37,0.5,3,0.8410575502672571,25,,,,,,,
full,shanxi,M_RW,37,1.0,6,0.8172993028593842,30,,,,,,,
full,shanxi,M_RW,37,1.5,12,0.7984985437618864,41,,,,,,,
full,shanxi,M_RW,37,2.0,13,0.7829014732819642,46,,,,,,,
full,shanxi,M_RW,37,3.0,12345,0.7552105356132159,51,,,,,,,
full,shanxi,M_RW,38,0.1,15,0.9113833965243495,4,,,,,,,
full,shanxi,M_RW,38,0.5,17,0.8342820815675446,20,,,,,,,
full,shanxi,M_RW,38,1.0,14,0.8076387483481796,30,,,,,,,
full,shanxi,M_RW,38,1.5,7,0.7881322420747433,39,,,,,,,
full,shanxi,M_RW,38,2.0,5,0.7714874695707513,42,,,,,,,
full,shanxi,M_RW,38,3.0,13,0.7434184756402782,50,,,,,,,
full,shanxi,M_RW,39,0.1,13,0.9121583105754851,6,,,,,,,
full,shanxi,M_RW,39,0.5,12,0.849216929559086,24,,,,,,,
full,shanxi,M_RW,39,1.0,8,0.828330789296026,33,,,,,,,
full,shanxi,M_RW,39,1.5,2,0.8119384805263645,40,,,,,,,
full,shanxi,M_RW,39,2.0,15,0.797746530874864,46,,,,,,,
full,shanxi,M_RW,39,3.0,15,0.7715759411395136,54,,,,,,,
full,shanxi,M_RW,40,0.1,4,0.9084755117322818,7,,,,,,,
full,shanxi,M_RW,40,0.5,3,0.8449041343821073,21,,,,,,,
full,shanxi,M_RW,40,1.0,6,0.8235183696027204,35,,,,,,,
full,shanxi,M_RW,40,1.5,13,0.8063092758401468,40,,,,,,,
full,shanxi,M_RW,40,2.0,19,0.7916763548233116,46,,,,,,,
full,shanxi,M_RW,40,3.0,5,0.7664039379452201,53,,,,,,,
full,shanxi,M_RW,41,0.1,1,0.9057522396128191,3,,,,,,,
full,shanxi,M_RW,41,0.5,9,0.836822630949654,21,,,,,,,
full,shanxi,M_RW,41,1.0,10,0.8107624005771936,28,,,,,,,
full,shanxi,M_RW,41,1.5,12345,0.7905892173392477,37,,,,,,,
full,shanxi,M_RW,41,2.0,4,0.7736161227842104,44,,,,,,,
full,shanxi,M_RW,41,3.0,15,0.7439401716035944,51,,,,,,,
full,shanxi,M_RW,42,0.1,3,0.9069651303826695,4,,,,,,,
full,shanxi,M_RW,42,0.5,17,0.8382122322681372,25,,,,,,,
full,shanxi,M_RW,42,1.0,6,0.8105059959809329,32,,,,,,,
full,shanxi,M_RW,42,1.5,2,0.7902347231623027,40,,,,,,,
full,shanxi,M_RW,42,2.0,19,0.7736957255255223,48,,,,,,,
full,shanxi,M_RW,42,3.0,14,0.744200690213478,57,,,,,,,
full,shanxi,M_RW,43,0.1,4,0.9145258894044667,6,,,,,,,
full,shanxi,M_RW,43,0.5,11,0.837735485460758,22,,,,,,,
full,shanxi,M_RW,43,1.0,6,0.8107645101974942,31,,,,,,,
full,shanxi,M_RW,43,1.5,15,0.7907632511106195,38,,,,,,,
full,shanxi,M_RW,43,2.0,14,0.7745087393536456,44,,,,,,,
full,shanxi,M_RW,43,3.0,12345,0.7464669183750483,53,,,,,,,
full,shanxi,M_RW,44,0.1,16,0.9036034743788834,3,,,,,,,
full,shanxi,M_RW,44,0.5,6,0.8326125710388106,24,,,,,,,
full,shanxi,M_RW,44,1.0,7,0.8079332023966571,31,,,,,,,
full,shanxi,M_RW,44,1.5,7,0.7875340437285846,40,,,,,,,
full,shanxi,M_RW,44,2.0,17,0.7692041057032515,46,,,,,,,
full,shanxi,M_RW,44,3.0,6,0.7369669706716727,51,,,,,,,
full,shanxi,M_RW,45,0.1,18,0.9062780450317209,4,,,,,,,
full,shanxi,M_RW,45,0.5,17,0.8359381947064617,23,,,,,,,
full,shanxi,M_RW,45,1.0,16,0.8134428095859753,32,,,,,,,
full,shanxi,M_RW,45,1.5,12,0.7949737945728157,39,,,,,,,
full,shanxi,M_RW,45,2.0,15,0.7786954890423895,44,,,,,,,
full,shanxi,M_RW,45,3.0,16,0.7495846060188445,52,,,,,,,
full,shanxi,M_RW,46,0.1,16,0.9108579889121221,5,,,,,,,
full,shanxi,M_RW,46,0.5,11,0.8467311444154397,26,,,,,,,
full,shanxi,M_RW,46,1.0,6,0.8243831614299523,36,,,,,,,
full,shanxi,M_RW,46,1.5,10,0.8066022688351209,44,,,,,,,
full,shanxi,M_RW,46,2.0,13,0.7904716841293223,48,,,,,,,
full,shanxi,M_RW,46,3.0,6,0.761794568446512,57,,,,,,,
full,shanxi,M_RW,47,0.1,7,0.9163561291409763,9,,,,,,,
full,shanxi,M_RW,47,0.5,16,0.8463838660516476,27,,,,,,,
full,shanxi,M_RW,47,1.0,18,0.8240934063074445,36,,,,,,,
full,shanxi,M_RW,47,1.5,16,0.8065905994477844,42,,,,,,,
full,shanxi,M_RW,47,2.0,8,0.7923903026524541,51,,,,,,,
full,shanxi,M_RW,47,3.0,15,0.767035075424935,55,,,,,,,
full,shanxi,M_RW,48,0.1,8,0.9064693408045271,6,,,,,,,
full,shanxi,M_RW,48,0.5,9,0.8412084162017494,26,,,,,,,
full,shanxi,M_RW,48,1.0,12,0.8175132973761331,31,,,,,,,
full,shanxi,M_RW,48,1.5,10,0.7992528915657005,41,,,,,,,
full,shanxi,M_RW,48,2.0,5,0.7829002276189743,46,,,,,,,
full,shanxi,M_RW,48,3.0,12,0.754998381493288,54,,,,,,,
full,shanxi,M_RW,49,0.1,1,0.9073577385076642,3,,,,,,,
full,shanxi,M_RW,49,0.5,17,0.8383609942633383,23,,,,,,,
full,shanxi,M_RW,49,1.0,6,0.81547514997846,31,,,,,,,
full,shanxi,M_RW,49,1.5,2,0.7952292086246177,38,,,,,,,
full,shanxi,M_RW,49,2.0,15,0.778923140183226,43,,,,,,,
full,shanxi,M_RW,49,3.0,12345,0.7503423111699614,50,,,,,,,
full,shanxi,M_RW,50,0.1,7,0.9089173189523281,5,,,,,,,
full,shanxi,M_RW,50,0.5,8,0.8410108042040706,24,,,,,,,
full,shanxi,M_RW,50,1.0,12345,0.8185443996212118,36,,,,,,,
full,shanxi,M_RW,50,1.5,5,0.8010230608267139,40,,,,,,,
full,shanxi,M_RW,50,2.0,5,0.785528437709233,45,,,,,,,
full,shanxi,M_RW,50,3.0,12,0.758133405956937,48,,,,,,,
full,shanxi,M_RW,51,0.1,11,0.9020561286170328,3,,,,,,,
full,shanxi,M_RW,51,0.5,17,0.8430090807067605,19,,,,,,,
full,shanxi,M_RW,51,1.0,5,0.8164129878972647,30,,,,,,,
full,shanxi,M_RW,51,1.5,5,0.7971294193616382,38,,,,,,,
full,shanxi,M_RW,51,2.0,5,0.7795718863740452,39,,,,,,,
full,shanxi,M_RW,51,3.0,6,0.7475710707841655,48,,,,,,,
full,shanxi,M_RW,52,0.1,1,0.9075426885681119,4,,,,,,,
full,shanxi,M_RW,52,0.5,2,0.8390267535195713,21,,,,,,,
full,shanxi,M_RW,52,1.0,7,0.8137532615710047,32,,,,,,,
full,shanxi,M_RW,52,1.5,12,0.7950335306378011,36,,,,,,,
full,shanxi,M_RW,52,2.0,8,0.7780190170549549,41,,,,,,,
full,shanxi,M_RW,52,3.0,9,0.7487617734204147,52,,,,,,,
full,shanxi,M_RW,53,0.1,7,0.9106716177478552,5,,,,,,,
full,shanxi,M_RW,53,0.5,12,0.8423509930480559,26,,,,,,,
full,shanxi,M_RW,53,1.0,2,0.8189953113089347,33,,,,,,,
full,shanxi,M_RW,53,1.5,17,0.8011697736603322,43,,,,,,,
full,shanxi,M_RW,53,2.0,10,0.7846454933046882,46,,,,,,,
full,shanxi,M_RW,53,3.0,7,0.7549814450744332,53,,,,,,,
full,shanxi,M_RW,54,0.1,14,0.9157865109092965,8,,,,,,,
full,shanxi,M_RW,54,0.5,12,0.8394415829138396,23,,,,,,,
full,shanxi,M_RW,54,1.0,4,0.8145823736790836,32,,,,,,,
full,shanxi,M_RW,54,1.5,4,0.7946066984579272,37,,,,,,,
full,shanxi,M_RW,54,2.0,15,0.7785065318321257,46,,,,,,,
full,shanxi,M_RW,54,3.0,15,0.7517636640465588,52,,,,,,,
full,shanxi,M_RW,55,0.1,4,0.9033372202857367,3,,,,,,,
full,shanxi,M_RW,55,0.5,12345,0.8442718911786116,26,,,,,,,
full,shanxi,M_RW,55,1.0,14,0.8228208117335317,34,,,,,,,
full,shanxi,M_RW,55,1.5,7,0.8054356835640362,41,,,,,,,
full,shanxi,M_RW,55,2.0,10,0.7897343740767124,46,,,,,,,
full,shanxi,M_RW,55,3.0,7,0.7619127265468306,52,,,,,,,
full,shanxi,M_RW,56,0.1,7,0.9046200272134727,4,,,,,,,
full,shanxi,M_RW,56,0.5,12,0.840869560666164,23,,,,,,,
full,shanxi,M_RW,56,1.0,18,0.8147138196862735,33,,,,,,,
full,shanxi,M_RW,56,1.5,13,0.794052025795483,40,,,,,,,
full,shanxi,M_RW,56,2.0,13,0.7762953566019671,43,,,,,,,
full,shanxi,M_RW,56,3.0,12345,0.7456925360398234,51,,,,,,,
full,shanxi,M_RW,57,0.1,1,0.9029658795220723,3,,,,,,,
full,shanxi,M_RW,57,0.5,13,0.8339247610774168,19,,,,,,,
full,shanxi,M_RW,57,1.0,13,0.8082951363182331,32,,,,,,,
full,shanxi,M_RW,57,1.5,12345,0.7886744793953265,36,,,,,,,
full,shanxi,M_RW,57,2.0,5,0.7718382144846863,41,,,,,,,
full,shanxi,M_RW,57,3.0,13,0.7434359466144163,50,,,,,,,
full,shanxi,M_RW,58,0.1,4,0.905372434526581,3,,,,,,,
full,shanxi,M_RW,58,0.5,15,0.8428989491269253,23,,,,,,,
full,shanxi,M_RW,58,1.0,5,0.8199970309513454,33,,,,,,,
full,shanxi,M_RW,58,1.5,7,0.8025169220177915,39,,,,,,,
full,shanxi,M_RW,58,2.0,18,0.7875018980366948,47,,,,,,,
full,shanxi,M_RW,58,3.0,12,0.760273622879299,52,,,,,,,
full,shanxi,M_RW,59,0.1,18,0.9075113020138638,4,,,,,,,
full,shanxi,M_RW,59,0.5,2,0.830926313123919,18,,,,,,,
full,shanxi,M_RW,59,1.0,12345,0.8030071884316964,32,,,,,,,
full,shanxi,M_RW,59,1.5,3,0.7836351778909173,38,,,,,,,
full,shanxi,M_RW,59,2.0,8,0.7663964008446376,44,,,,,,,
full,shanxi,M_RW,59,3.0,6,0.7376478077201541,53,,,,,,,
full,shanxi,M_RW,60,0.1,1,0.9020902926549563,2,,,,,,,
full,shanxi,M_RW,60,0.5,3,0.8357869259094912,21,,,,,,,
full,shanxi,M_RW,60,1.0,18,0.8099498926868104,31,,,,,,,
full,shanxi,M_RW,60,1.5,17,0.7895832387268933,39,,,,,,,
full,shanxi,M_RW,60,2.0,19,0.771911161571866,41,,,,,,,
full,shanxi,M_RW,60,3.0,6,0.7408580148050158,53,,,,,,,
full,shanxi,M_RW,61,0.1,8,0.9085821398379352,5,,,,,,,
full,shanxi,M_RW,61,0.5,8,0.8422105246184853,26,,,,,,,
full,shanxi,M_RW,61,1.0,6,0.8201463587333601,38,,,,,,,
full,shanxi,M_RW,61,1.5,9,0.8035148124219584,44,,,,,,,
full,shanxi,M_RW,61,2.0,13,0.7891870181281835,50,,,,,,,
full,shanxi,M_RW,61,3.0,12345,0.7647538462544463,59,,,,,,,
full,shanxi,M_RW,62,0.1,12345,0.9132452854539169,5,,,,,,,
full,shanxi,M_RW,62,0.5,1,0.8382943985970447,24,,,,,,,
full,shanxi,M_RW,62,1.0,8,0.8128829934492513,35,,,,,,,
full,shanxi,M_RW,62,1.5,5,0.7942951470957332,40,,,,,,,
full,shanxi,M_RW,62,2.0,16,0.7781230040604087,45,,,,,,,
full,shanxi,M_RW,62,3.0,8,0.7471997130662089,54,,,,,,,
full,shanxi,M_RW,63,0.1,5,0.9083356002544432,6,,,,,,,
full,shanxi,M_RW,63,0.5,17,0.8314962676575279,20,,,,,,,
full,shanxi,M_RW,63,1.0,12345,0.8032398053007903,33,,,,,,,
full,shanxi,M_RW,63,1.5,16,0.7827182420034635,37,,,,,,,
full,shanxi,M_RW,63,2.0,19,0.7643031758110458,42,,,,,,,
full,shanxi,M_RW,63,3.0,12345,0.7326969504795559,48,,,,,,,
full,shanxi,M_RW,64,0.1,10,0.9079946147435921,7,,,,,,,
full,shanxi,M_RW,64,0.5,12345,0.836753813865303,23,,,,,,,
full,shanxi,M_RW,64,1.0,14,0.8111219817750029,33,,,,,,,
full,shanxi,M_RW,64,1.5,3,0.7913201408956243,41,,,,,,,
full,shanxi,M_RW,64,2.0,12345,0.7744564293996734,43,,,,,,,
full,shanxi,M_RW,64,3.0,19,0.7428486246803327,51,,,,,,,
full,shanxi,M_RW,65,0.1,15,0.9022796837024689,3,,,,,,,
full,shanxi,M_RW,65,0.5,5,0.8497910217517558,22,,,,,,,
full,shanxi,M_RW,65,1.0,4,0.8277566744095619,36,,,,,,,
full,shanxi,M_RW,65,1.5,19,0.8116296283726566,42,,,,,,,
full,shanxi,M_RW,65,2.0,7,0.7967991797338037,48,,,,,,,
full,shanxi,M_RW,65,3.0,7,0.7702909476232367,52,,,,,,,
full,shanxi,M_RW,66,0.1,6,0.9083533568854129,3,,,,,,,
full,shanxi,M_RW,66,0.5,2,0.841581906774083,23,,,,,,,
full,shanxi,M_RW,66,1.0,18,0.8179077342463035,31,,,,,,,
full,shanxi,M_RW,66,1.5,5,0.7998275156223831,37,,,,,,,
full,shanxi,M_RW,66,2.0,13,0.7841724339195226,47,,,,,,,
full,shanxi,M_RW,66,3.0,12345,0.7570953717452681,50,,,,,,,
full,shanxi,M_RW,67,0.1,9,0.9072071255827359,4,,,,,,,
full,shanxi,M_RW,67,0.5,16,0.8391811253881859,22,,,,,,,
full,shanxi,M_RW,67,1.0,11,0.8146947745037595,33,,,,,,,
full,shanxi,M_RW,67,1.5,11,0.7970781267476359,41,,,,,,,
full,shanxi,M_RW,67,2.0,15,0.781507331039392,44,,,,,,,
full,shanxi,M_RW,67,3.0,17,0.7535289770966835,56,,,,,,,
full,shanxi,M_RW,68,0.1,12345,0.9048666266295735,4,,,,,,,
full,shanxi,M_RW,68,0.5,4,0.8350484540830135,24,,,,,,,
full,shanxi,M_RW,68,1.0,4,0.8108957854328962,34,,,,,,,
full,shanxi,M_RW,68,1.5,9,0.7914359085094895,41,,,,,,,
full,shanxi,M_RW,68,2.0,4,0.7740857586310503,44,,,,,,,
full,shanxi,M_RW,68,3.0,18,0.7443104728197927,51,,,,,,,
full,shanxi,M_RW,69,0.1,6,0.9048676801582275,3,,,,,,,
full,shanxi,M_RW,69,0.5,11,0.8381370186526598,24,,,,,,,
full,shanxi,M_RW,69,1.0,1,0.8139842429535927,35,,,,,,,
full,shanxi,M_RW,69,1.5,5,0.7946502264262939,42,,,,,,,
full,shanxi,M_RW,69,2.0,5,0.7792501742637613,46,,,,,,,
full,shanxi,M_RW,69,3.0,12,0.7499782142394992,53,,,,,,,
full,shanxi,M_RW,70,0.1,1,0.9080469132689271,6,,,,,,,
full,shanxi,M_RW,70,0.5,1,0.8442888006207241,24,,,,,,,
full,shanxi,M_RW,70,1.0,9,0.8226524162266158,34,,,,,,,
full,shanxi,M_RW,70,1.5,15,0.8065204075927228,43,,,,,,,
full,shanxi,M_RW,70,2.0,15,0.7924322296129781,49,,,,,,,
full,shanxi,M_RW,70,3.0,11,0.7675463841437243,58,,,,,,,
full,shanxi,M_RW,71,0.1,15,0.9078407734531355,7,,,,,,,
full,shanxi,M_RW,71,0.5,12,0.8452130919672158,24,,,,,,,
full,shanxi,M_RW,71,1.0,10,0.8241212359551673,34,,,,,,,
full,shanxi,M_RW,71,1.5,1,0.8073655107612442,39,,,,,,,
full,shanxi,M_RW,71,2.0,12345,0.7929050343269745,44,,,,,,,
full,shanxi,M_RW,71,3.0,6,0.7677063863610919,52,,,,,,,
full,shanxi,M_RW,72,0.1,3,0.9106195418594893,5,,,,,,,
full,shanxi,M_RW,72,0.5,4,0.8375424648745802,23,,,,,,,
full,shanxi,M_RW,72,1.0,15,0.8152248316029269,31,,,,,,,
full,shanxi,M_RW,72,1.5,12,0.7977473742339034,40,,,,,,,
full,shanxi,M_RW,72,2.0,9,0.7821739187836297,40,,,,,,,
full,shanxi,M_RW,72,3.0,7,0.7548173008739522,51,,,,,,,
full,shanxi,M_RW,73,0.1,11,0.9072741565453296,4,,,,,,,
full,shanxi,M_RW,73,0.5,13,0.8312342082764854,23,,,,,,,
full,shanxi,M_RW,73,1.0,16,0.806665819622228,32,,,,,,,
full,shanxi,M_RW,73,1.5,14,0.7864101860105691,37,,,,,,,
full,shanxi,M_RW,73,2.0,19,0.7680956924707357,43,,,,,,,
full,shanxi,M_RW,73,3.0,9,0.7363399698387215,52,,,,,,,
full,shanxi,M_RW,74,0.1,11,0.9102505158768037,6,,,,,,,
full,shanxi,M_RW,74,0.5,18,0.8344979617036961,21,,,,,,,
full,shanxi,M_RW,74,1.0,10,0.8083057277368709,29,,,,,,,
full,shanxi,M_RW,74,1.5,12345,0.7872545489023539,43,,,,,,,
full,shanxi,M_RW,74,2.0,9,0.7719918647815517,44,,,,,,,
full,shanxi,M_RW,74,3.0,6,0.7440640139130509,56,,,,,,,
full,shanxi,M_RW,75,0.1,9,0.9126492954890005,8,,,,,,,
full,shanxi,M_RW,75,0.5,3,0.8444783151104008,24,,,,,,,
full,shanxi,M_RW,75,1.0,14,0.8233436555884356,37,,,,,,,
full,shanxi,M_RW,75,1.5,12345,0.8085618660166587,45,,,,,,,
full,shanxi,M_RW,75,2.0,8,0.7949161016458268,49,,,,,,,
full,shanxi,M_RW,75,3.0,8,0.7697468594079765,56,,,,,,,
full,shanxi,M_RW,76,0.1,12345,0.8999999999999994,1,,,,,,,
full,shanxi,M_RW,76,0.5,9,0.8389467835613035,23,,,,,,,
full,shanxi,M_RW,76,1.0,16,0.8159089234969711,32,,,,,,,
full,shanxi,M_RW,76,1.5,6,0.7982025410943583,38,,,,,,,
full,shanxi,M_RW,76,2.0,9,0.7822818524696955,42,,,,,,,
full,shanxi,M_RW,76,3.0,13,0.7534296079617002,49,,,,,,,
full,shanxi,M_RW,77,0.1,3,0.9038519217097075,4,,,,,,,
full,shanxi,M_RW,77,0.5,15,0.8376262247117786,21,,,,,,,
full,shanxi,M_RW,77,1.0,1,0.8117666311536084,32,,,,,,,
full,shanxi,M_RW,77,1.5,1,0.7902918063644256,37,,,,,,,
full,shanxi,M_RW,77,2.0,14,0.7712607126474812,41,,,,,,,
full,shanxi,M_RW,77,3.0,12345,0.7378200331504458,50,,,,,,,
full,shanxi,M_RW,78,0.1,11,0.9072614579499262,4,,,,,,,
full,shanxi,M_RW,78,0.5,12,0.8426566468071877,22,,,,,,,
full,shanxi,M_RW,78,1.0,18,0.81878099933798,35,,,,,,,
full,shanxi,M_RW,78,1.5,3,0.7987597672065675,40,,,,,,,
full,shanxi,M_RW,78,2.0,12345,0.7817317632878498,44,,,,,,,
full,shanxi,M_RW,78,3.0,12,0.7518347859855754,53,,,,,,,
full,shanxi,M_RW,79,0.1,6,0.906414856248217,4,,,,,,,
full,shanxi,M_RW,79,0.5,1,0.8422619763417849,24,,,,,,,
full,shanxi,M_RW,79,1.0,12345,0.8188535507761946,33,,,,,,,
full,shanxi,M_RW,79,1.5,9,0.8003539875019968,41,,,,,,,
full,shanxi,M_RW,79,2.0,11,0.7850997279382345,48,,,,,,,
full,shanxi,M_RW,79,3.0,16,0.759494123056599,56,,,,,,,
full,shanxi,M_RW,80,0.1,12345,0.9090119640694043,3,,,,,,,
full,shanxi,M_RW,80,0.5,12,0.8326423418357514,19,,,,,,,
full,shanxi,M_RW,80,1.0,12,0.8070546384779435,29,,,,,,,
full,shanxi,M_RW,80,1.5,18,0.7872402593589305,37,,,,,,,
full,shanxi,M_RW,80,2.0,10,0.7697337005004863,42,,,,,,,
full,shanxi,M_RW,80,3.0,15,0.7410291317846095,52,,,,,,,
full,shanxi,M_RW,81,0.1,12,0.90446979542729,3,,,,,,,
full,shanxi,M_RW,81,0.5,10,0.8370354506120699,21,,,,,,,
full,shanxi,M_RW,81,1.0,13,0.8133851512397818,31,,,,,,,
full,shanxi,M_RW,81,1.5,10,0.7946747615712535,37,,,,,,,
full,shanxi,M_RW,81,2.0,10,0.777459793192933,44,,,,,,,
full,shanxi,M_RW,81,3.0,16,0.7477931843395696,50,,,,,,,
full,shanxi,M_RW,82,0.1,10,0.9043132502706862,4,,,,,,,
full,shanxi,M_RW,82,0.5,4,0.832235547180379,21,,,,,,,
full,shanxi,M_RW,82,1.0,3,0.8079529938428023,30,,,,,,,
full,shanxi,M_RW,82,1.5,12345,0.7865298400387258,36,,,,,,,
full,shanxi,M_RW,82,2.0,15,0.7671151063702296,40,,,,,,,
full,shanxi,M_RW,82,3.0,14,0.7338423917614997,46,,,,,,,
full,shanxi,M_RW,83,0.1,12345,0.9094200491335503,3,,,,,,,
full,shanxi,M_RW,83,0.5,15,0.8366684269704758,21,,,,,,,
full,shanxi,M_RW,83,1.0,13,0.807079517892248,31,,,,,,,
full,shanxi,M_RW,83,1.5,6,0.785696654949389,39,,,,,,,
full,shanxi,M_RW,83,2.0,5,0.768176041628916,43,,,,,,,
full,shanxi,M_RW,83,3.0,6,0.7353548913965235,54,,,,,,,
full,shanxi,M_RW,84,0.1,7,0.9113563705249071,7,,,,,,,
full,shanxi,M_RW,84,0.5,12,0.8421912075868796,27,,,,,,,
full,shanxi,M_RW,84,1.0,10,0.8190312042062673,36,,,,,,,
full,shanxi,M_RW,84,1.5,8,0.8011787250365379,44,,,,,,,
full,shanxi,M_RW,84,2.0,5,0.7851320276001063,48,,,,,,,
full,shanxi,M_RW,84,3.0,10,0.7557783261604052,56,,,,,,,
full,shanxi,M_RW,85,0.1,8,0.9098994842169943,5,,,,,,,
full,shanxi,M_RW,85,0.5,14,0.8409770507778955,21,,,,,,,
full,shanxi,M_RW,85,1.0,14,0.8124022424904173,30,,,,,,,
full,shanxi,M_RW,85,1.5,14,0.7910991667415663,40,,,,,,,
full,shanxi,M_RW,85,2.0,7,0.7743904245827358,46,,,,,,,
full,shanxi,M_RW,85,3.0,3,0.7441412583843282,55,,,,,,,
full,shanxi,M_RW,86,0.1,12,0.9072055825692869,5,,,,,,,
full,shanxi,M_RW,86,0.5,10,0.8339070961374443,22,,,,,,,
full,shanxi,M_RW,86,1.0,17,0.8099613705221492,33,,,,,,,
full,shanxi,M_RW,86,1.5,7,0.7905592834178992,39,,,,,,,
full,shanxi,M_RW,86,2.0,19,0.7745053139306578,48,,,,,,,
full,shanxi,M_RW,86,3.0,1,0.7463856602979916,50,,,,,,,
full,shanxi,M_RW,87,0.1,11,0.9028617651067629,3,,,,,,,
full,shanxi,M_RW,87,0.5,6,0.8470597571279971,22,,,,,,,
full,shanxi,M_RW,87,1.0,3,0.8248874345633307,34,,,,,,,
full,shanxi,M_RW,87,1.5,18,0.8079317730930865,40,,,,,,,
full,shanxi,M_RW,87,2.0,18,0.7927245080950452,45,,,,,,,
full,shanxi,M_RW,87,3.0,11,0.7640665002795065,55,,,,,,,
full,shanxi,M_RW,88,0.1,10,0.9050962222077821,4,,,,,,,
full,shanxi,M_RW,88,0.5,13,0.8431241081538098,21,,,,,,,
full,shanxi,M_RW,88,1.0,6,0.8183596616368847,34,,,,,,,
full,shanxi,M_RW,88,1.5,11,0.7996237126446787,41,,,,,,,
full,shanxi,M_RW,88,2.0,12345,0.7833744428964358,45,,,,,,,
full,shanxi,M_RW,88,3.0,12345,0.7529712774635555,50,,,,,,,
full,shanxi,M_RW,89,0.1,1,0.9052004134170438,4,,,,,,,
full,shanxi,M_RW,89,0.5,7,0.8449257153036107,24,,,,,,,
full,shanxi,M_RW,89,1.0,8,0.821423686122006,34,,,,,,,
full,shanxi,M_RW,89,1.5,17,0.8012528035962733,38,,,,,,,
full,shanxi,M_RW,89,2.0,15,0.7834742782607759,46,,,,,,,
full,shanxi,M_RW,89,3.0,2,0.750488009655631,52,,,,,,,
full,shanxi,M_RW,90,0.1,16,0.9119940806653555,5,,,,,,,
full,shanxi,M_RW,90,0.5,11,0.8494603291004028,24,,,,,,,
full,shanxi,M_RW,90,1.0,14,0.8261802676339799,32,,,,,,,
full,shanxi,M_RW,90,1.5,7,0.8078244736173371,40,,,,,,,
full,shanxi,M_RW,90,2.0,13,0.7913179606866938,46,,,,,,,
full,shanxi,M_RW,90,3.0,17,0.7631372549840494,54,,,,,,,
full,shanxi,M_RW,91,0.1,14,0.9114241455625149,5,,,,,,,
full,shanxi,M_RW,91,0.5,17,0.8398693027346642,23,,,,,,,
full,shanxi,M_RW,91,1.0,8,0.8187091230129224,35,,,,,,,
full,shanxi,M_RW,91,1.5,14,0.8020469512866519,40,,,,,,,
full,shanxi,M_RW,91,2.0,12345,0.7874439700623325,45,,,,,,,
full,shanxi,M_RW,91,3.0,5,0.7615833203435183,58,,,,,,,
full,shanxi,M_RW,92,0.1,19,0.9076504775425082,5,,,,,,,
full,shanxi,M_RW,92,0.5,1,0.8367049347159036,21,,,,,,,
full,shanxi,M_RW,92,1.0,13,0.813586423921178,30,,,,,,,
full,shanxi,M_RW,92,1.5,13,0.7959324538337478,37,,,,,,,
full,shanxi,M_RW,92,2.0,6,0.780115810662239,44,,,,,,,
full,shanxi,M_RW,92,3.0,10,0.7531135939319846,50,,,,,,,
full,shanxi,M_RW,93,0.1,4,0.9059063401406149,4,,,,,,,
full,shanxi,M_RW,93,0.5,15,0.8354222628536874,21,,,,,,,
full,shanxi,M_RW,93,1.0,12,0.8105927801704546,34,,,,,,,
full,shanxi,M_RW,93,1.5,17,0.7926020190500382,41,,,,,,,
full,shanxi,M_RW,93,2.0,3,0.7766679177455085,44,,,,,,,
full,shanxi,M_RW,93,3.0,14,0.7487010387709584,53,,,,,,,
full,shanxi,M_RW,94,0.1,12,0.9134320070262258,5,,,,,,,
full,shanxi,M_RW,94,0.5,17,0.8345194672594997,24,,,,,,,
full,shanxi,M_RW,94,1.0,18,0.8100829576028125,33,,,,,,,
full,shanxi,M_RW,94,1.5,1,0.7907253409453406,41,,,,,,,
full,shanxi,M_RW,94,2.0,4,0.7747526247971371,49,,,,,,,
full,shanxi,M_RW,94,3.0,7,0.7490891503926307,53,,,,,,,
full,shanxi,M_RW,95,0.1,5,0.9118151576576347,4,,,,,,,
full,shanxi,M_RW,95,0.5,18,0.845555063833492,21,,,,,,,
full,shanxi,M_RW,95,1.0,2,0.8215840481265375,30,,,,,,,
full,shanxi,M_RW,95,1.5,17,0.802748300297213,42,,,,,,,
full,shanxi,M_RW,95,2.0,9,0.7866327430516554,48,,,,,,,
full,shanxi,M_RW,95,3.0,2,0.7586037727413286,56,,,,,,,
full,shanxi,M_RW,96,0.1,10,0.9085845853717169,6,,,,,,,
full,shanxi,M_RW,96,0.5,17,0.832633206208349,22,,,,,,,
full,shanxi,M_RW,96,1.0,15,0.8067112749873006,31,,,,,,,
full,shanxi,M_RW,96,1.5,14,0.787098639414646,37,,,,,,,
full,shanxi,M_RW,96,2.0,17,0.770853798664702,45,,,,,,,
full,shanxi,M_RW,96,3.0,19,0.743577298833113,54,,,,,,,
full,shanxi,M_RW,97,0.1,4,0.9104490768542244,5,,,,,,,
full,shanxi,M_RW,97,0.5,12345,0.8363791656329218,18,,,,,,,
full,shanxi,M_RW,97,1.0,15,0.8075712566431378,29,,,,,,,
full,shanxi,M_RW,97,1.5,6,0.7857967711050183,35,,,,,,,
full,shanxi,M_RW,97,2.0,11,0.7675007339694058,42,,,,,,,
full,shanxi,M_RW,97,3.0,1,0.7368026466328264,53,,,,,,,
full,shanxi,M_RW,98,0.1,7,0.902668290456613,2,,,,,,,
full,shanxi,M_RW,98,0.5,9,0.8287315450839841,22,,,,,,,
full,shanxi,M_RW,98,1.0,9,0.8005494424712488,32,,,,,,,
full,shanxi,M_RW,98,1.5,7,0.7799540612374364,38,,,,,,,
full,shanxi,M_RW,98,2.0,5,0.761844377269115,41,,,,,,,
full,shanxi,M_RW,98,3.0,12345,0.7310994937191522,51,,,,,,,
full,shanxi,M_RW,99,0.1,16,0.9028288380103459,3,,,,,,,
full,shanxi,M_RW,99,0.5,12345,0.8371671661223657,22,,,,,,,
full,shanxi,M_RW,99,1.0,4,0.8133113060609588,32,,,,,,,
full,shanxi,M_RW,99,1.5,19,0.7930652303858998,39,,,,,,,
full,shanxi,M_RW,99,2.0,14,0.776616562763699,44,,,,,,,
full,shanxi,M_RW,99,3.0,10,0.7481273219824052,53,,,,,,,
full,shanxi,M_RW,100,0.1,11,0.9039390502985336,3,,,,,,,
full,shanxi,M_RW,100,0.5,1,0.8392726939637493,21,,,,,,,
full,shanxi,M_RW,100,1.0,13,0.8148665782404191,31,,,,,,,
full,shanxi,M_RW,100,1.5,5,0.7955152424467778,36,,,,,,,
full,shanxi,M_RW,100,2.0,5,0.7775868237862928,42,,,,,,,
full,shanxi,M_RW,100,3.0,3,0.7480259761424484,51,,,,,,,
full,shanxi,M_RW,101,0.1,13,0.9024889071844472,2,,,,,,,
full,shanxi,M_RW,101,0.5,10,0.8365235919260355,21,,,,,,,
full,shanxi,M_RW,101,1.0,2,0.8139142777580974,33,,,,,,,
full,shanxi,M_RW,101,1.5,15,0.797461021992877,42,,,,,,,
full,shanxi,M_RW,101,2.0,3,0.7825187230161805,46,,,,,,,
full,shanxi,M_RW,101,3.0,13,0.7547393670250409,53,,,,,,,
full,shanxi,M_RW,102,0.1,15,0.913207396697622,8,,,,,,,
full,shanxi,M_RW,102,0.5,11,0.8410330181552408,22,,,,,,,
full,shanxi,M_RW,102,1.0,11,0.8161081836399787,32,,,,,,,
full,shanxi,M_RW,102,1.5,16,0.7974680660197622,41,,,,,,,
full,shanxi,M_RW,102,2.0,3,0.7813106383814633,45,,,,,,,
full,shanxi,M_RW,102,3.0,6,0.7514825263003466,51,,,,,,,
full,shanxi,M_RW,103,0.1,6,0.9145366682766506,7,,,,,,,
full,shanxi,M_RW,103,0.5,16,0.8385407915936061,22,,,,,,,
full,shanxi,M_RW,103,1.0,9,0.8135382099708662,35,,,,,,,
full,shanxi,M_RW,103,1.5,4,0.7933594362013618,44,,,,,,,
full,shanxi,M_RW,103,2.0,12345,0.7752896475743619,47,,,,,,,
full,shanxi,M_RW,103,3.0,19,0.7453488551713019,56,,,,,,,
full,shanxi,M_RW,104,0.1,10,0.908270410905692,3,,,,,,,
full,shanxi,M_RW,104,0.5,9,0.843953909832393,24,,,,,,,
full,shanxi,M_RW,104,1.0,7,0.820557172853372,33,,,,,,,
full,shanxi,M_RW,104,1.5,7,0.8017390714687983,38,,,,,,,
full,shanxi,M_RW,104,2.0,7,0.7840179676900875,43,,,,,,,
full,shanxi,M_RW,104,3.0,12345,0.7524473218095062,50,,,,,,,
full,shanxi,M_RW,105,0.1,11,0.9105589754877973,5,,,,,,,
full,shanxi,M_RW,105,0.5,10,0.8480459613188388,23,,,,,,,
full,shanxi,M_RW,105,1.0,6,0.8258305728111857,36,,,,,,,
full,shanxi,M_RW,105,1.5,3,0.8076026943326385,40,,,,,,,
full,shanxi,M_RW,105,2.0,19,0.7919791895559616,45,,,,,,,
full,shanxi,M_RW,105,3.0,1,0.7634362631625796,51,,,,,,,
full,shanxi,M_RW,106,0.1,5,0.9082528375342434,4,,,,,,,
full,shanxi,M_RW,106,0.5,17,0.8419062653632705,24,,,,,,,
full,shanxi,M_RW,106,1.0,12,0.8202121882255601,34,,,,,,,
full,shanxi,M_RW,106,1.5,16,0.8036174579723747,41,,,,,,,
full,shanxi,M_RW,106,2.0,14,0.789195153360663,46,,,,,,,
full,shanxi,M_RW,106,3.0,3,0.7630151829509584,54,,,,,,,
full,shanxi,M_RW,107,0.1,3,0.9127059839390108,5,,,,,,,
full,shanxi,M_RW,107,0.5,10,0.83869155837796,20,,,,,,,
full,shanxi,M_RW,107,1.0,8,0.8137829623564715,32,,,,,,,
full,shanxi,M_RW,107,1.5,5,0.7943407334454974,38,,,,,,,
full,shanxi,M_RW,107,2.0,10,0.7766218891452598,43,,,,,,,
full,shanxi,M_RW,107,3.0,7,0.7456431644728824,52,,,,,,,
full,shanxi,M_RW,108,0.1,4,0.9020499830370715,2,,,,,,,
full,shanxi,M_RW,108,0.5,15,0.8344814054398487,22,,,,,,,
full,shanxi,M_RW,108,1.0,7,0.8074923898976974,33,,,,,,,
full,shanxi,M_RW,108,1.5,10,0.7870138415834171,41,,,,,,,
full,shanxi,M_RW,108,2.0,10,0.7692538849350118,46,,,,,,,
full,shanxi,M_RW,108,3.0,2,0.7378334224167002,51,,,,,,,
full,shanxi,M_RW,109,0.1,7,0.9109373317343908,6,,,,,,,
full,shanxi,M_RW,109,0.5,4,0.8339417696132836,22,,,,,,,
full,shanxi,M_RW,109,1.0,8,0.8107475093216375,33,,,,,,,
full,shanxi,M_RW,109,1.5,15,0.7920834912178798,40,,,,,,,
full,shanxi,M_RW,109,2.0,6,0.7746346092719519,43,,,,,,,
full,shanxi,M_RW,109,3.0,8,0.7451343360767712,48,,,,,,,
full,shanxi,M_RW,110,0.1,12,0.908887311518201,5,,,,,,,
full,shanxi,M_RW,110,0.5,3,0.8374372347200383,23,,,,,,,
full,shanxi,M_RW,110,1.0,8,0.8143024147246875,34,,,,,,,
full,shanxi,M_RW,110,1.5,12345,0.795619081538048,38,,,,,,,
full,shanxi,M_RW,110,2.0,14,0.779065813157851,43,,,,,,,
full,shanxi,M_RW,110,3.0,19,0.7487371311852397,53,,,,,,,
full,shanxi,M_RW,111,0.1,15,0.9073039953959801,6,,,,,,,
full,shanxi,M_RW,111,0.5,2,0.8325632406669528,19,,,,,,,
full,shanxi,M_RW,111,1.0,15,0.800848498798495,31,,,,,,,
full,shanxi,M_RW,111,1.5,1,0.7793347822644052,38,,,,,,,
full,shanxi,M_RW,111,2.0,12,0.7606746039870141,41,,,,,,,
full,shanxi,M_RW,111,3.0,10,0.7272395751492013,48,,,,,,,
full,shanxi,M_RW,112,0.1,12345,0.9060149006832275,4,,,,,,,
full,shanxi,M_RW,112,0.5,12,0.8360106277541893,21,,,,,,,
full,shanxi,M_RW,112,1.0,19,0.8104631950934345,29,,,,,,,
full,shanxi,M_RW,112,1.5,9,0.7886969962402074,35,,,,,,,
full,shanxi,M_RW,112,2.0,11,0.7716942950288969,44,,,,,,,
full,shanxi,M_RW,112,3.0,16,0.742619028168532,52,,,,,,,
full,shanxi,M_RW,113,0.1,19,0.9053136474162792,5,,,,,,,
full,shanxi,M_RW,113,0.5,4,0.838577960972157,23,,,,,,,
full,shanxi,M_RW,113,1.0,6,0.8145384971260896,32,,,,,,,
full,shanxi,M_RW,113,1.5,7,0.7940515141338412,39,,,,,,,
full,shanxi,M_RW,113,2.0,12,0.7758089175231359,46,,,,,,,
full,shanxi,M_RW,113,3.0,7,0.7447834443638343,53,,,,,,,
full,shanxi,M_RW,114,0.1,13,0.9075298480704115,6,,,,,,,
full,shanxi,M_RW,114,0.5,16,0.8401735235721028,21,,,,,,,
full,shanxi,M_RW,114,1.0,2,0.816153142265325,31,,,,,,,
full,shanxi,M_RW,114,1.5,4,0.7963743641868222,37,,,,,,,
full,shanxi,M_RW,114,2.0,5,0.7783714507799979,46,,,,,,,
full,shanxi,M_RW,114,3.0,13,0.7462407440259269,50,,,,,,,
full,shanxi,M_RW,115,0.1,12345,0.9020735035534408,2,,,,,,,
full,shanxi,M_RW,115,0.5,12345,0.8338055114707551,20,,,,,,,
full,shanxi,M_RW,115,1.0,16,0.807255807018729,30,,,,,,,
full,shanxi,M_RW,115,1.5,4,0.7861158976071979,37,,,,,,,
full,shanxi,M_RW,115,2.0,12345,0.7676875883007036,41,,,,,,,
full,shanxi,M_RW,115,3.0,16,0.7370883816442861,47,,,,,,,
full,shanxi,M_RW,116,0.1,9,0.9132138364876922,8,,,,,,,
full,shanxi,M_RW,116,0.5,9,0.8362711769167709,24,,,,,,,
full,shanxi,M_RW,116,1.0,7,0.8117814873646944,36,,,,,,,
full,shanxi,M_RW,116,1.5,4,0.79063105025492,43,,,,,,,
full,shanxi,M_RW,116,2.0,4,0.7725164198313714,48,,,,,,,
full,shanxi,M_RW,116,3.0,10,0.7422253282541236,56,,,,,,,
full,shanxi,M_RW,117,0.1,6,0.9093532255317766,5,,,,,,,
full,shanxi,M_RW,117,0.5,5,0.83889162026839,22,,,,,,,
full,shanxi,M_RW,117,1.0,3,0.8144664150052606,35,,,,,,,
full,shanxi,M_RW,117,1.5,4,0.794581469779909,39,,,,,,,
full,shanxi,M_RW,117,2.0,2,0.7777599774884945,45,,,,,,,
full,shanxi,M_RW,117,3.0,10,0.7497765991824187,54,,,,,,,
full,shanxi,M_RW,118,0.1,15,0.9090513566112214,5,,,,,,,
full,shanxi,M_RW,118,0.5,12,0.840004789866044,21,,,,,,,
full,shanxi,M_RW,118,1.0,11,0.8166107188860703,34,,,,,,,
full,shanxi,M_RW,118,1.5,14,0.7984031241498759,41,,,,,,,
full,shanxi,M_RW,118,2.0,4,0.7827172231534372,43,,,,,,,
full,shanxi,M_RW,118,3.0,17,0.7531042963032321,52,,,,,,,
full,shanxi,M_RW,119,0.1,2,0.9138989440031497,6,,,,,,,
full,shanxi,M_RW,119,0.5,6,0.8416668833680128,20,,,,,,,
full,shanxi,M_RW,119,1.0,13,0.8155918201253426,31,,,,,,,
full,shanxi,M_RW,119,1.5,13,0.7961847408412988,39,,,,,,,
full,shanxi,M_RW,119,2.0,5,0.7793259111666547,45,,,,,,,
full,shanxi,M_RW,119,3.0,5,0.7485483155254559,52,,,,,,,
full,shanxi,M_RW,120,0.1,6,0.9078046667959848,4,,,,,,,
full,shanxi,M_RW,120,0.5,4,0.8481388680591442,24,,,,,,,
full,shanxi,M_RW,120,1.0,2,0.8258464906381228,38,,,,,,,
full,shanxi,M_RW,120,1.5,11,0.8098749452210362,45,,,,,,,
full,shanxi,M_RW,120,2.0,10,0.7948032462884477,50,,,,,,,
full,shanxi,M_RW,120,3.0,10,0.76801475416193,59,,,,,,,
full,shanxi,M_RW,121,0.1,10,0.9057070523247107,5,,,,,,,
full,shanxi,M_RW,121,0.5,5,0.8286901222213993,23,,,,,,,
full,shanxi,M_RW,121,1.0,11,0.7990835194954269,31,,,,,,,
full,shanxi,M_RW,121,1.5,11,0.7757656365784033,38,,,,,,,
full,shanxi,M_RW,121,2.0,10,0.7561273689476395,43,,,,,,,
full,shanxi,M_RW,121,3.0,17,0.7212806448511447,49,,,,,,,
full,shanxi,M_RW,122,0.1,6,0.9047889915733904,4,,,,,,,
full,shanxi,M_RW,122,0.5,18,0.8378330381473483,20,,,,,,,
full,shanxi,M_RW,122,1.0,18,0.8110111966967798,33,,,,,,,
full,shanxi,M_RW,122,1.5,13,0.7919490099209612,40,,,,,,,
full,shanxi,M_RW,122,2.0,12345,0.7739259939286545,44,,,,,,,
full,shanxi,M_RW,122,3.0,9,0.7421032955683923,49,,,,,,,
full,shanxi,M_RW,123,0.1,3,0.909472427229453,4,,,,,,,
full,shanxi,M_RW,123,0.5,15,0.8496343190008103,22,,,,,,,
full,shanxi,M_RW,123,1.0,12345,0.8253468397411835,31,,,,,,,
full,shanxi,M_RW,123,1.5,12345,0.8060537589065,41,,,,,,,
full,shanxi,M_RW,123,2.0,13,0.7900689685837382,46,,,,,,,
full,shanxi,M_RW,123,3.0,16,0.7604638837387004,54,,,,,,,
full,shanxi,M_RW,124,0.1,13,0.9101474712200432,4,,,,,,,
full,shanxi,M_RW,124,0.5,15,0.8374979015216945,21,,,,,,,
full,shanxi,M_RW,124,1.0,3,0.8132079270202923,33,,,,,,,
full,shanxi,M_RW,124,1.5,9,0.7935567706342793,37,,,,,,,
full,shanxi,M_RW,124,2.0,4,0.7766643003718999,43,,,,,,,
full,shanxi,M_RW,124,3.0,14,0.7470045786331113,51,,,,,,,
full,shanxi,M_RW,125,0.1,6,0.9034757086166426,3,,,,,,,
full,shanxi,M_RW,125,0.5,19,0.8350565313695874,21,,,,,,,
full,shanxi,M_RW,125,1.0,18,0.8077233346010864,30,,,,,,,
full,shanxi,M_RW,125,1.5,8,0.7866201984649291,37,,,,,,,
full,shanxi,M_RW,125,2.0,15,0.7682941814851144,43,,,,,,,
full,shanxi,M_RW,125,3.0,11,0.7372345553000986,49,,,,,,,
full,shanxi,M_RW,126,0.1,12345,0.9163483346427326,8,,,,,,,
full,shanxi,M_RW,126,0.5,14,0.8408672874450879,25,,,,,,,
full,shanxi,M_RW,126,1.0,9,0.8183292637603663,36,,,,,,,
full,shanxi,M_RW,126,1.5,15,0.8012285254036937,42,,,,,,,
full,shanxi,M_RW,126,2.0,15,0.7862334704584499,48,,,,,,,
full,shanxi,M_RW,126,3.0,3,0.7596218446225991,57,,,,,,,
full,shanxi,M_RW,127,0.1,12345,0.9080193521478688,5,,,,,,,
full,shanxi,M_RW,127,0.5,2,0.8403706327452691,22,,,,,,,
full,shanxi,M_RW,127,1.0,9,0.8154226316308966,35,,,,,,,
full,shanxi,M_RW,127,1.5,15,0.7979980269759999,39,,,,,,,
full,shanxi,M_RW,127,2.0,12,0.7816577525151718,44,,,,,,,
full,shanxi,M_RW,127,3.0,18,0.7538614007799614,56,,,,,,,
full,shanxi,M_RW,128,0.1,12,0.9114201493932619,6,,,,,,,
full,shanxi,M_RW,128,0.5,16,0.8460653515273631,28,,,,,,,
full,shanxi,M_RW,128,1.0,12345,0.8186608457098795,36,,,,,,,
full,shanxi,M_RW,128,1.5,15,0.8003615178832266,45,,,,,,,
full,shanxi,M_RW,128,2.0,19,0.7860498358490782,50,,,,,,,
full,shanxi,M_RW,128,3.0,3,0.760198498404552,63,,,,,,,
full,shanxi,M_RW,129,0.1,3,0.904916729202835,4,,,,,,,
full,shanxi,M_RW,129,0.5,2,0.8300557663715156,20,,,,,,,
full,shanxi,M_RW,129,1.0,1,0.803001850512734,32,,,,,,,
full,shanxi,M_RW,129,1.5,6,0.7815071188664529,39,,,,,,,
full,shanxi,M_RW,129,2.0,2,0.7616596508349512,44,,,,,,,
full,shanxi,M_RW,129,3.0,4,0.7276473623231282,46,,,,,,,
full,shanxi,M_RW,130,0.1,17,0.9079200184697016,6,,,,,,,
full,shanxi,M_RW,130,0.5,13,0.839484233394113,21,,,,,,,
full,shanxi,M_RW,130,1.0,2,0.8144978210484461,35,,,,,,,
full,shanxi,M_RW,130,1.5,4,0.7964700198094316,42,,,,,,,
full,shanxi,M_RW,130,2.0,2,0.7807118553273877,47,,,,,,,
full,shanxi,M_RW,130,3.0,15,0.752197353945526,54,,,,,,,
full,shanxi,M_RW,131,0.1,2,0.9049580833624085,3,,,,,,,
full,shanxi,M_RW,131,0.5,3,0.8322660281019431,20,,,,,,,
full,shanxi,M_RW,131,1.0,4,0.8061832216769593,31,,,,,,,
full,shanxi,M_RW,131,1.5,17,0.7843465488044845,39,,,,,,,
full,shanxi,M_RW,131,2.0,7,0.7666665949604697,45,,,,,,,
full,shanxi,M_RW,131,3.0,5,0.7365093419690809,57,,,,,,,
full,shanxi,M_RW,132,0.1,4,0.9049665540012658,4,,,,,,,
full,shanxi,M_RW,132,0.5,11,0.8472939924392098,24,,,,,,,
full,shanxi,M_RW,132,1.0,19,0.8242808585976521,34,,,,,,,
full,shanxi,M_RW,132,1.5,14,0.8077731392114653,42,,,,,,,
full,shanxi,M_RW,132,2.0,1,0.7925713998754061,49,,,,,,,
full,shanxi,M_RW,132,3.0,15,0.7680009300556947,54,,,,,,,
full,shanxi,M_RW,133,0.1,19,0.9155718552801806,5,,,,,,,
full,shanxi,M_RW,133,0.5,8,0.8460422019086387,23,,,,,,,
full,shanxi,M_RW,133,1.0,2,0.8214462655971113,34,,,,,,,
full,shanxi,M_RW,133,1.5,6,0.8038401634000312,39,,,,,,,
full,shanxi,M_RW,133,2.0,15,0.7876413714634029,44,,,,,,,
full,shanxi,M_RW,133,3.0,6,0.7603228478087022,52,,,,,,,
full,shanxi,M_RW,134,0.1,3,0.9047498276494848,4,,,,,,,
full,shanxi,M_RW,134,0.5,9,0.8348710033859779,20,,,,,,,
full,shanxi,M_RW,134,1.0,10,0.8093619162636878,29,,,,,,,
full,shanxi,M_RW,134,1.5,17,0.7885136470303717,36,,,,,,,
full,shanxi,M_RW,134,2.0,18,0.7715956064065337,43,,,,,,,
full,shanxi,M_RW,134,3.0,15,0.7412945562629024,49,,,,,,,
full,shanxi,M_RW,135,0.1,14,0.90914108018356,4,,,,,,,
full,shanxi,M_RW,135,0.5,3,0.8465999990406177,22,,,,,,,
full,shanxi,M_RW,135,1.0,2,0.8245181143241378,34,,,,,,,
full,shanxi,M_RW,135,1.5,11,0.8070164456317399,39,,,,,,,
full,shanxi,M_RW,135,2.0,11,0.790956162405854,43,,,,,,,
full,shanxi,M_RW,135,3.0,18,0.7601899932740522,47,,,,,,,
full,shanxi,M_RW,136,0.1,6,0.9043459950336367,4,,,,,,,
full,shanxi,M_RW,136,0.5,15,0.8378596970266479,21,,,,,,,
full,shanxi,M_RW,136,1.0,19,0.8115966043805646,30,,,,,,,
full,shanxi,M_RW,136,1.5,9,0.7909370434950405,39,,,,,,,
full,shanxi,M_RW,136,2.0,15,0.7720006542525623,43,,,,,,,
full,shanxi,M_RW,136,3.0,17,0.7380893066539015,50,,,,,,,
full,shanxi,M_RW,137,0.1,15,0.9088058804795233,4,,,,,,,
full,shanxi,M_RW,137,0.5,6,0.8366433597711317,23,,,,,,,
full,shanxi,M_RW,137,1.0,6,0.811040549392654,30,,,,,,,
full,shanxi,M_RW,137,1.5,3,0.7895371137302963,33,,,,,,,
full,shanxi,M_RW,137,2.0,18,0.772502459261777,41,,,,,,,
full,shanxi,M_RW,137,3.0,2,0.7410906264525509,48,,,,,,,
full,shanxi,M_RW,138,0.1,4,0.9086720907666702,5,,,,,,,
full,shanxi,M_RW,138,0.5,12,0.8319768273912984,21,,,,,,,
full,shanxi,M_RW,138,1.0,6,0.8087903407921037,31,,,,,,,
full,shanxi,M_RW,138,1.5,17,0.7896234908198715,36,,,,,,,
full,shanxi,M_RW,138,2.0,6,0.7721516786803273,39,,,,,,,
full,shanxi,M_RW,138,3.0,3,0.7423452314826656,44,,,,,,,
full,shanxi,M_RW,139,0.1,12345,0.9100581313944803,4,,,,,,,
full,shanxi,M_RW,139,0.5,12345,0.840390571006632,23,,,,,,,
full,shanxi,M_RW,139,1.0,5,0.818565008798552,33,,,,,,,
full,shanxi,M_RW,139,1.5,13,0.8007543150948484,39,,,,,,,
full,shanxi,M_RW,139,2.0,9,0.7845320828727735,41,,,,,,,
full,shanxi,M_RW,139,3.0,10,0.7540733441209112,45,,,,,,,
full,shanxi,M_RW,140,0.1,1,0.9048104955242071,4,,,,,,,
full,shanxi,M_RW,140,0.5,18,0.8390154788104802,21,,,,,,,
full,shanxi,M_RW,140,1.0,10,0.8149199834661607,33,,,,,,,
full,shanxi,M_RW,140,1.5,12345,0.7961791779157816,43,,,,,,,
full,shanxi,M_RW,140,2.0,9,0.7807112895423216,46,,,,,,,
full,shanxi,M_RW,140,3.0,6,0.7534892307825737,53,,,,,,,
full,shanxi,M_RW,141,0.1,1,0.9051410229247409,4,,,,,,,
full,shanxi,M_RW,141,0.5,18,0.8322827705967949,20,,,,,,,
full,shanxi,M_RW,141,1.0,16,0.8071032131484089,33,,,,,,,
full,shanxi,M_RW,141,1.5,13,0.7886252391203334,40,,,,,,,
full,shanxi,M_RW,141,2.0,6,0.7716740855014774,42,,,,,,,
full,shanxi,M_RW,141,3.0,15,0.7394389989712659,49,,,,,,,
full,shanxi,M_RW,142,0.1,2,0.9104460162128535,5,,,,,,,
full,shanxi,M_RW,142,0.5,10,0.8358829865759744,21,,,,,,,
full,shanxi,M_RW,142,1.0,4,0.81116838560846,36,,,,,,,
full,shanxi,M_RW,142,1.5,2,0.7931972978992181,40,,,,,,,
full,shanxi,M_RW,142,2.0,12345,0.7775333692799009,45,,,,,,,
full,shanxi,M_RW,142,3.0,3,0.7517631386894174,56,,,,,,,
full,shanxi,M_RW,143,0.1,10,0.9062099947883029,4,,,,,,,
full,shanxi,M_RW,143,0.5,10,0.8380571712509035,20,,,,,,,
full,shanxi,M_RW,143,1.0,6,0.8115476844386972,32,,,,,,,
full,shanxi,M_RW,143,1.5,12,0.7918853288193415,40,,,,,,,
full,shanxi,M_RW,143,2.0,4,0.7758747006340283,45,,,,,,,
full,shanxi,M_RW,143,3.0,19,0.7476275861296103,56,,,,,,,
full,shanxi,M_RW,144,0.1,12345,0.9078371796275065,3,,,,,,,
full,shanxi,M_RW,144,0.5,9,0.8416700331086366,24,,,,,,,
full,shanxi,M_RW,144,1.0,12,0.8169184032250757,33,,,,,,,
full,shanxi,M_RW,144,1.5,4,0.7958548924142825,36,,,,,,,
full,shanxi,M_RW,144,2.0,12,0.7787057519817141,44,,,,,,,
full,shanxi,M_RW,144,3.0,12345,0.7479284679854595,50,,,,,,,
full,shanxi,M_RW,145,0.1,9,0.9049154105512554,4,,,,,,,
full,shanxi,M_RW,145,0.5,12,0.8414185052923475,23,,,,,,,
full,shanxi,M_RW,145,1.0,8,0.8189322203666133,33,,,,,,,
full,shanxi,M_RW,145,1.5,12,0.8003793138806048,42,,,,,,,
full,shanxi,M_RW,145,2.0,19,0.7838451153249251,46,,,,,,,
full,shanxi,M_RW,145,3.0,15,0.754376318422653,52,,,,,,,
full,shanxi,M_RW,146,0.1,3,0.9116201551709087,4,,,,,,,
full,shanxi,M_RW,146,0.5,7,0.8382068271769044,22,,,,,,,
full,shanxi,M_RW,146,1.0,12,0.8147737894707103,36,,,,,,,
full,shanxi,M_RW,146,1.5,13,0.7960292014835251,39,,,,,,,
full,shanxi,M_RW,146,2.0,6,0.7798945647295773,46,,,,,,,
full,shanxi,M_RW,146,3.0,5,0.7537667780773855,54,,,,,,,
full,shanxi,M_RW,147,0.1,5,0.9083505749151144,5,,,,,,,
full,shanxi,M_RW,147,0.5,12345,0.8385621785480709,24,,,,,,,
full,shanxi,M_RW,147,1.0,11,0.8133898186307743,35,,,,,,,
full,shanxi,M_RW,147,1.5,11,0.795369889266004,36,,,,,,,
full,shanxi,M_RW,147,2.0,5,0.779231693205506,44,,,,,,,
full,shanxi,M_RW,147,3.0,14,0.7515406873981626,53,,,,,,,
full,shanxi,M_RW,148,0.1,12,0.9056531701512914,4,,,,,,,
full,shanxi,M_RW,148,0.5,1,0.8401123242785989,22,,,,,,,
full,shanxi,M_RW,148,1.0,3,0.8163047060189578,31,,,,,,,
full,shanxi,M_RW,148,1.5,12,0.7979093117699813,35,,,,,,,
full,shanxi,M_RW,148,2.0,12,0.7813031594288049,40,,,,,,,
full,shanxi,M_RW,148,3.0,12,0.7538003350357162,51,,,,,,,
full,shanxi,M_RW,149,0.1,16,0.9068074719934393,4,,,,,,,
full,shanxi,M_RW,149,0.5,2,0.8315796524621084,22,,,,,,,
full,shanxi,M_RW,149,1.0,8,0.8052968599987955,31,,,,,,,
full,shanxi,M_RW,149,1.5,9,0.786303331835443,39,,,,,,,
full,shanxi,M_RW,149,2.0,16,0.7693002421077144,41,,,,,,,
full,shanxi,M_RW,149,3.0,16,0.7404579355897148,49,,,,,,,
full,shanxi,M_RW,150,0.1,3,0.9049546081829011,3,,,,,,,
full,shanxi,M_RW,150,0.5,14,0.8311709079231274,19,,,,,,,
full,shanxi,M_RW,150,1.0,12345,0.7990762022038538,29,,,,,,,
full,shanxi,M_RW,150,1.5,17,0.7769353145205105,38,,,,,,,
full,shanxi,M_RW,150,2.0,19,0.7575810143949283,44,,,,,,,
full,shanxi,M_RW,150,3.0,19,0.7234988171780735,50,,,,,,,
full,shanxi,M_RW,151,0.1,4,0.910686001110329,4,,,,,,,
full,shanxi,M_RW,151,0.5,8,0.8314527444166987,21,,,,,,,
full,shanxi,M_RW,151,1.0,3,0.8049652272444819,33,,,,,,,
full,shanxi,M_RW,151,1.5,5,0.7869249659752872,39,,,,,,,
full,shanxi,M_RW,151,2.0,17,0.7703464268397493,42,,,,,,,
full,shanxi,M_RW,151,3.0,12,0.7388179328217951,46,,,,,,,
full,shanxi,M_RW,152,0.1,5,0.9063584598890054,3,,,,,,,
full,shanxi,M_RW,152,0.5,12345,0.8318640174455795,18,,,,,,,
full,shanxi,M_RW,152,1.0,13,0.8024076457133159,31,,,,,,,
full,shanxi,M_RW,152,1.5,14,0.7794177199782735,34,,,,,,,
full,shanxi,M_RW,152,2.0,15,0.7596633274599763,39,,,,,,,
full,shanxi,M_RW,152,3.0,16,0.7269175287916223,45,,,,,,,
full,shanxi,M_RW,153,0.1,2,0.9056491546283039,3,,,,,,,
full,shanxi,M_RW,153,0.5,17,0.8406245828840051,21,,,,,,,
full,shanxi,M_RW,153,1.0,1,0.814640387907347,31,,,,,,,
full,shanxi,M_RW,153,1.5,6,0.7929700506878576,37,,,,,,,
full,shanxi,M_RW,153,2.0,6,0.7733595010446744,41,,,,,,,
full,shanxi,M_RW,153,3.0,15,0.7396483385462628,49,,,,,,,
full,shanxi,M_RW,154,0.1,17,0.9143582171681011,7,,,,,,,
full,shanxi,M_RW,154,0.5,2,0.8402319999016006,21,,,,,,,
full,shanxi,M_RW,154,1.0,12,0.815048244930796,35,,,,,,,
full,shanxi,M_RW,154,1.5,14,0.7976285365385436,42,,,,,,,
full,shanxi,M_RW,154,2.0,15,0.7823845932420975,48,,,,,,,
full,shanxi,M_RW,154,3.0,2,0.756437883133406,56,,,,,,,
full,shanxi,M_RW,155,0.1,5,0.9120251385076992,6,,,,,,,
full,shanxi,M_RW,155,0.5,6,0.8441211464641643,24,,,,,,,
full,shanxi,M_RW,155,1.0,12,0.8193641693841462,31,,,,,,,
full,shanxi,M_RW,155,1.5,4,0.8004328058366807,38,,,,,,,
full,shanxi,M_RW,155,2.0,3,0.7845056910225152,43,,,,,,,
full,shanxi,M_RW,155,3.0,8,0.7562300107607791,50,,,,,,,
full,shanxi,M_RW,156,0.1,1,0.9053669799963207,3,,,,,,,
full,shanxi,M_RW,156,0.5,12,0.8403386555978161,22,,,,,,,
full,shanxi,M_RW,156,1.0,3,0.8168881250006118,35,,,,,,,
full,shanxi,M_RW,156,1.5,14,0.798983961191775,39,,,,,,,
full,shanxi,M_RW,156,2.0,15,0.7831334992991048,43,,,,,,,
full,shanxi,M_RW,156,3.0,17,0.7545126517388524,50,,,,,,,
full,shanxi,M_RW,157,0.1,12345,0.904458727204489,3,,,,,,,
full,shanxi,M_RW,157,0.5,12345,0.8257228952880573,21,,,,,,,
full,shanxi,M_RW,157,1.0,15,0.7994306214768716,29,,,,,,,
full,shanxi,M_RW,157,1.5,13,0.7787542652677181,38,,,,,,,
full,shanxi,M_RW,157,2.0,8,0.7600415580068497,42,,,,,,,
full,shanxi,M_RW,157,3.0,11,0.7263321186898047,50,,,,,,,
full,shanxi,M_RW,158,0.1,18,0.9039708891640943,4,,,,,,,
full,shanxi,M_RW,158,0.5,14,0.8378648779726959,26,,,,,,,
full,shanxi,M_RW,158,1.0,6,0.816296042914846,36,,,,,,,
full,shanxi,M_RW,158,1.5,18,0.7983927126115108,42,,,,,,,
full,shanxi,M_RW,158,2.0,1,0.7824911527149052,46,,,,,,,
full,shanxi,M_RW,158,3.0,3,0.7549395491363997,56,,,,,,,
full,shanxi,M_RW,159,0.1,13,0.9094233742406835,5,,,,,,,
full,shanxi,M_RW,159,0.5,16,0.8418608906113352,23,,,,,,,
full,shanxi,M_RW,159,1.0,19,0.8198264215939521,32,,,,,,,
full,shanxi,M_RW,159,1.5,19,0.8024507973366729,41,,,,,,,
full,shanxi,M_RW,159,2.0,16,0.7868924220477101,45,,,,,,,
full,shanxi,M_RW,159,3.0,13,0.7580785344435238,50,,,,,,,
full,shanxi,M_RW,160,0.1,12345,0.9080924089565914,5,,,,,,,
full,shanxi,M_RW,160,0.5,1,0.8386191516626643,22,,,,,,,
full,shanxi,M_RW,160,1.0,14,0.8126941177353834,30,,,,,,,
full,shanxi,M_RW,160,1.5,9,0.7921484994296346,37,,,,,,,
full,shanxi,M_RW,160,2.0,10,0.7740213878968553,42,,,,,,,
full,shanxi,M_RW,160,3.0,6,0.7430025914729328,50,,,,,,,
full,shanxi,M_RW,161,0.1,17,0.9096627859982929,5,,,,,,,
full,shanxi,M_RW,161,0.5,11,0.842377717556593,22,,,,,,,
full,shanxi,M_RW,161,1.0,8,0.8162730753079839,32,,,,,,,
full,shanxi,M_RW,161,1.5,18,0.7959637977685025,37,,,,,,,
full,shanxi,M_RW,161,2.0,18,0.7794858577583027,44,,,,,,,
full,shanxi,M_RW,161,3.0,14,0.751198691471974,52,,,,,,,
full,shanxi,M_RW,162,0.1,3,0.9120308695852408,7,,,,,,,
full,shanxi,M_RW,162,0.5,16,0.8442940242880228,22,,,,,,,
full,shanxi,M_RW,162,1.0,10,0.8203056417625019,31,,,,,,,
full,shanxi,M_RW,162,1.5,16,0.8025767837296522,42,,,,,,,
full,shanxi,M_RW,162,2.0,7,0.7872264172073209,44,,,,,,,
full,shanxi,M_RW,162,3.0,18,0.7605303474044246,52,,,,,,,
full,shanxi,M_RW,163,0.1,17,0.9031168061259065,3,,,,,,,
full,shanxi,M_RW,163,0.5,19,0.8367302137753886,20,,,,,,,
full,shanxi,M_RW,163,1.0,16,0.8135798558852163,31,,,,,,,
full,shanxi,M_RW,163,1.5,8,0.7952860909301255,37,,,,,,,
full,shanxi,M_RW,163,2.0,3,0.7790779463648441,43,,,,,,,
full,shanxi,M_RW,163,3.0,13,0.7509865083344943,56,,,,,,,
full,shanxi,M_RW,164,0.1,12345,0.9090239872528776,4,,,,,,,
full,shanxi,M_RW,164,0.5,13,0.8402347309069408,20,,,,,,,
full,shanxi,M_RW,164,1.0,4,0.8144954078033815,31,,,,,,,
full,shanxi,M_RW,164,1.5,4,0.7948930373026717,42,,,,,,,
full,shanxi,M_RW,164,2.0,17,0.7782983747762277,47,,,,,,,
full,shanxi,M_RW,164,3.0,4,0.7491310381414937,54,,,,,,,
full,shanxi,M_RW,165,0.1,1,0.9152690875460054,6,,,,,,,
full,shanxi,M_RW,165,0.5,7,0.8396164281510957,23,,,,,,,
full,shanxi,M_RW,165,1.0,12345,0.8161611988205603,33,,,,,,,
full,shanxi,M_RW,165,1.5,11,0.7993596818193448,40,,,,,,,
full,shanxi,M_RW,165,2.0,18,0.7840678754911431,46,,,,,,,
full,shanxi,M_RW,165,3.0,5,0.7569033776579598,54,,,,,,,
full,shanxi,M_RW,166,0.1,19,0.9106460943027072,4,,,,,,,
full,shanxi,M_RW,166,0.5,7,0.8418687053503621,22,,,,,,,
full,shanxi,M_RW,166,1.0,12,0.8178513327089632,30,,,,,,,
full,shanxi,M_RW,166,1.5,7,0.7976933707140763,36,,,,,,,
full,shanxi,M_RW,166,2.0,18,0.7796834079662907,39,,,,,,,
full,shanxi,M_RW,166,3.0,7,0.7492882076722075,49,,,,,,,
full,shanxi,M_RW,167,0.1,4,0.9054673679123781,5,,,,,,,
full,shanxi,M_RW,167,0.5,11,0.8392998830417524,18,,,,,,,
full,shanxi,M_RW,167,1.0,2,0.8126129277900279,31,,,,,,,
full,shanxi,M_RW,167,1.5,11,0.7901101870212379,35,,,,,,,
full,shanxi,M_RW,167,2.0,3,0.7695490928503607,40,,,,,,,
full,shanxi,M_RW,167,3.0,14,0.7345239578690917,49,,,,,,,
full,shanxi,M_RW,168,0.1,16,0.9070945270200026,5,,,,,,,
full,shanxi,M_RW,168,0.5,18,0.845322771551849,22,,,,,,,
full,shanxi,M_RW,168,1.0,16,0.8238360793343195,31,,,,,,,
full,shanxi,M_RW,168,1.5,11,0.8062310307627643,36,,,,,,,
full,shanxi,M_RW,168,2.0,4,0.7904701320148756,46,,,,,,,
full,shanxi,M_RW,168,3.0,5,0.7639863772089396,55,,,,,,,
full,shanxi,M_RW,169,0.1,2,0.9064818964488881,4,,,,,,,
full,shanxi,M_RW,169,0.5,19,0.8430518376625935,27,,,,,,,
full,shanxi,M_RW,169,1.0,1,0.8201831352525718,32,,,,,,,
full,shanxi,M_RW,169,1.5,14,0.8012827205155353,39,,,,,,,
full,shanxi,M_RW,169,2.0,18,0.7850079866996147,45,,,,,,,
full,shanxi,M_RW,169,3.0,2,0.7563379157930096,49,,,,,,,
full,shanxi,M_RW,170,0.1,13,0.9079946769161679,4,,,,,,,
full,shanxi,M_RW,170,0.5,1,0.836727482154701,22,,,,,,,
full,shanxi,M_RW,170,1.0,12,0.8101008977631465,28,,,,,,,
full,shanxi,M_RW,170,1.5,14,0.7901326631760913,36,,,,,,,
full,shanxi,M_RW,170,2.0,2,0.7734200382896014,42,,,,,,,
full,shanxi,M_RW,170,3.0,18,0.7421778769421344,48,,,,,,,
full,shanxi,M_RW,171,0.1,2,0.9099844655917846,5,,,,,,,
full,shanxi,M_RW,171,0.5,8,0.8383463482402312,25,,,,,,,
full,shanxi,M_RW,171,1.0,15,0.8145961771107355,36,,,,,,,
full,shanxi,M_RW,171,1.5,5,0.7960970277956663,41,,,,,,,
full,shanxi,M_RW,171,2.0,14,0.7809019746832728,47,,,,,,,
full,shanxi,M_RW,171,3.0,5,0.7529111728605661,54,,,,,,,
full,shanxi,M_RW,172,0.1,13,0.9094868643355491,5,,,,,,,
full,shanxi,M_RW,172,0.5,11,0.8398722703232946,25,,,,,,,
full,shanxi,M_RW,172,1.0,9,0.8148809445059323,32,,,,,,,
full,shanxi,M_RW,172,1.5,12345,0.7954074838877047,36,,,,,,,
full,shanxi,M_RW,172,2.0,2,0.7779201103466645,43,,,,,,,
full,shanxi,M_RW,172,3.0,3,0.7481684113911297,52,,,,,,,
full,shanxi,M_RW,173,0.1,2,0.908204880213081,6,,,,,,,
full,shanxi,M_RW,173,0.5,15,0.8423386691632803,23,,,,,,,
full,shanxi,M_RW,173,1.0,6,0.8184248122461085,33,,,,,,,
full,shanxi,M_RW,173,1.5,16,0.8003702587019184,42,,,,,,,
full,shanxi,M_RW,173,2.0,15,0.7846047679341396,44,,,,,,,
full,shanxi,M_RW,173,3.0,1,0.7568643664674699,55,,,,,,,
full,shanxi,M_RW,174,0.1,7,0.9093858298337951,5,,,,,,,
full,shanxi,M_RW,174,0.5,19,0.833089152145082,20,,,,,,,
full,shanxi,M_RW,174,1.0,19,0.8066953038529405,31,,,,,,,
full,shanxi,M_RW,174,1.5,6,0.7870584923023608,37,,,,,,,
full,shanxi,M_RW,174,2.0,12345,0.7705326756135632,46,,,,,,,
full,shanxi,M_RW,174,3.0,12,0.7416610334728557,50,,,,,,,
full,shanxi,M_RW,175,0.1,1,0.9050815009397679,3,,,,,,,
full,shanxi,M_RW,175,0.5,6,0.8332256284253717,21,,,,,,,
full,shanxi,M_RW,175,1.0,6,0.806327406781355,29,,,,,,,
full,shanxi,M_RW,175,1.5,7,0.7860154101001948,37,,,,,,,
full,shanxi,M_RW,175,2.0,15,0.7684705061892958,44,,,,,,,
full,shanxi,M_RW,175,3.0,12345,0.7364951942083386,51,,,,,,,
full,shanxi,M_RW,176,0.1,8,0.9151064828792989,5,,,,,,,
full,shanxi,M_RW,176,0.5,12,0.8426172305995404,22,,,,,,,
full,shanxi,M_RW,176,1.0,12,0.819022829492565,33,,,,,,,
full,shanxi,M_RW,176,1.5,5,0.8007196458837038,39,,,,,,,
full,shanxi,M_RW,176,2.0,17,0.7838552331474461,48,,,,,,,
full,shanxi,M_RW,176,3.0,12345,0.7560765941049762,54,,,,,,,
full,shanxi,M_RW,177,0.1,2,0.9036988598809468,3,,,,,,,
full,shanxi,M_RW,177,0.5,8,0.8329286071511548,22,,,,,,,
full,shanxi,M_RW,177,1.0,2,0.8045193774227078,33,,,,,,,
full,shanxi,M_RW,177,1.5,10,0.7806564600748259,40,,,,,,,
full,shanxi,M_RW,177,2.0,8,0.7624437926905511,47,,,,,,,
full,shanxi,M_RW,177,3.0,17,0.7302003774614501,53,,,,,,,
full,shanxi,M_RW,178,0.1,8,0.9104668463612796,3,,,,,,,
full,shanxi,M_RW,178,0.5,15,0.8458575092679802,22,,,,,,,
full,shanxi,M_RW,178,1.0,7,0.8209872732866981,37,,,,,,,
full,shanxi,M_RW,178,1.5,8,0.8027146674120857,44,,,,,,,
full,shanxi,M_RW,178,2.0,7,0.7857661195788336,48,,,,,,,
full,shanxi,M_RW,178,3.0,3,0.7562690332584177,55,,,,,,,
full,shanxi,M_RW,179,0.1,3,0.9148986625172996,6,,,,,,,
full,shanxi,M_RW,179,0.5,8,0.84362517895549,21,,,,,,,
full,shanxi,M_RW,179,1.0,1,0.8168898591642255,30,,,,,,,
full,shanxi,M_RW,179,1.5,7,0.7951689151201786,38,,,,,,,
full,shanxi,M_RW,179,2.0,5,0.775653172290178,42,,,,,,,
full,shanxi,M_RW,179,3.0,4,0.7445786243421251,49,,,,,,,
full,shanxi,M_RW,180,0.1,7,0.905721997388407,3,,,,,,,
full,shanxi,M_RW,180,0.5,9,0.840563473433103,24,,,,,,,
full,shanxi,M_RW,180,1.0,12,0.8154059288275626,33,,,,,,,
full,shanxi,M_RW,180,1.5,11,0.7958371819346919,37,,,,,,,
full,shanxi,M_RW,180,2.0,18,0.7782559536464697,41,,,,,,,
full,shanxi,M_RW,180,3.0,10,0.747740153974477,51,,,,,,,
full,shanxi,M_RW,181,0.1,12345,0.904007925504162,3,,,,,,,
full,shanxi,M_RW,181,0.5,14,0.8357552802705828,19,,,,,,,
full,shanxi,M_RW,181,1.0,5,0.8105386745434768,30,,,,,,,
full,shanxi,M_RW,181,1.5,2,0.7910790680610094,38,,,,,,,
full,shanxi,M_RW,181,2.0,15,0.7737048949248947,43,,,,,,,
full,shanxi,M_RW,181,3.0,2,0.7428706567562523,51,,,,,,,
full,shanxi,M_RW,182,0.1,12345,0.9029745477810063,2,,,,,,,
full,shanxi,M_RW,182,0.5,14,0.8349642583625445,24,,,,,,,
full,shanxi,M_RW,182,1.0,17,0.8117331257192232,32,,,,,,,
full,shanxi,M_RW,182,1.5,16,0.7944900684328295,40,,,,,,,
full,shanxi,M_RW,182,2.0,14,0.7790440584155006,46,,,,,,,
full,shanxi,M_RW,182,3.0,12,0.7520406127287715,49,,,,,,,
full,shanxi,M_RW,183,0.1,17,0.9115777707438868,6,,,,,,,
full,shanxi,M_RW,183,0.5,15,0.8372201969276523,23,,,,,,,
full,shanxi,M_RW,183,1.0,11,0.8137006700822687,37,,,,,,,
full,shanxi,M_RW,183,1.5,18,0.796583560045181,43,,,,,,,
full,shanxi,M_RW,183,2.0,13,0.7815828929613715,45,,,,,,,
full,shanxi,M_RW,183,3.0,19,0.7531694155286697,52,,,,,,,
full,shanxi,M_RW,184,0.1,3,0.9128527509718848,6,,,,,,,
full,shanxi,M_RW,184,0.5,3,0.8478187614077005,25,,,,,,,
full,shanxi,M_RW,184,1.0,12,0.8252481165751397,33,,,,,,,
full,shanxi,M_RW,184,1.5,4,0.8092534718359784,43,,,,,,,
full,shanxi,M_RW,184,2.0,4,0.7962862643462462,51,,,,,,,
full,shanxi,M_RW,184,3.0,9,0.7725135105174783,55,,,,,,,
full,shanxi,M_RW,185,0.1,7,0.9072762884641421,7,,,,,,,
full,shanxi,M_RW,185,0.5,13,0.8440280135223913,24,,,,,,,
full,shanxi,M_RW,185,1.0,8,0.8190656214049123,34,,,,,,,
full,shanxi,M_RW,185,1.5,12345,0.7997464116837887,39,,,,,,,
full,shanxi,M_RW,185,2.0,11,0.7821299018110338,42,,,,,,,
full,shanxi,M_RW,185,3.0,1,0.7500102903807951,49,,,,,,,
full,shanxi,M_RW,186,0.1,15,0.9037825300846508,4,,,,,,,
full,shanxi,M_RW,186,0.5,8,0.8359678025106457,23,,,,,,,
full,shanxi,M_RW,186,1.0,10,0.810365609510352,33,,,,,,,
full,shanxi,M_RW,186,1.5,6,0.7916200193806451,39,,,,,,,
full,shanxi,M_RW,186,2.0,17,0.7758890501021506,43,,,,,,,
full,shanxi,M_RW,186,3.0,18,0.7479903512492171,53,,,,,,,
full,shanxi,M_RW,187,0.1,1,0.9048115942651692,3,,,,,,,
full,shanxi,M_RW,187,0.5,19,0.8416398119209589,25,,,,,,,
full,shanxi,M_RW,187,1.0,15,0.8197862701140539,35,,,,,,,
full,shanxi,M_RW,187,1.5,12345,0.8033519027063534,43,,,,,,,
full,shanxi,M_RW,187,2.0,6,0.789280742154174,51,,,,,,,
full,shanxi,M_RW,187,3.0,12345,0.7647105681013777,54,,,,,,,
full,shanxi,M_RW,188,0.1,12345,0.9020320709913588,2,,,,,,,
full,shanxi,M_RW,188,0.5,8,0.8381562161507433,22,,,,,,,
full,shanxi,M_RW,188,1.0,11,0.8141687220793957,33,,,,,,,
full,shanxi,M_RW,188,1.5,16,0.7957973374499763,42,,,,,,,
full,shanxi,M_RW,188,2.0,4,0.7798922517941699,45,,,,,,,
full,shanxi,M_RW,188,3.0,12,0.7497762143130151,52,,,,,,,
full,shanxi,M_RW,189,0.1,13,0.907979243096434,5,,,,,,,
full,shanxi,M_RW,189,0.5,14,0.8365156476153492,21,,,,,,,
full,shanxi,M_RW,189,1.0,9,0.8105415439082937,30,,,,,,,
full,shanxi,M_RW,189,1.5,19,0.7901603159355155,37,,,,,,,
full,shanxi,M_RW,189,2.0,4,0.7730741333395446,40,,,,,,,
full,shanxi,M_RW,189,3.0,17,0.7442733857515986,51,,,,,,,
full,shanxi,M_RW,190,0.1,5,0.9170080531237086,7,,,,,,,
full,shanxi,M_RW,190,0.5,16,0.8353296094945933,20,,,,,,,
full,shanxi,M_RW,190,1.0,18,0.8079593176376063,35,,,,,,,
full,shanxi,M_RW,190,1.5,6,0.7861256910442054,38,,,,,,,
full,shanxi,M_RW,190,2.0,8,0.7669021473668028,42,,,,,,,
full,shanxi,M_RW,190,3.0,9,0.7343410634561813,52,,,,,,,
full,shanxi,M_RW,191,0.1,12345,0.9123867791115848,6,,,,,,,
full,shanxi,M_RW,191,0.5,5,0.8362665610206004,24,,,,,,,
full,shanxi,M_RW,191,1.0,12,0.8103173358386837,32,,,,,,,
full,shanxi,M_RW,191,1.5,4,0.7927878914994626,38,,,,,,,
full,shanxi,M_RW,191,2.0,4,0.7776072525458602,42,,,,,,,
full,shanxi,M_RW,191,3.0,5,0.7491998505729095,48,,,,,,,
full,shanxi,M_RW,192,0.1,12345,0.9046768570643875,3,,,,,,,
full,shanxi,M_RW,192,0.5,19,0.8371797358009124,20,,,,,,,
full,shanxi,M_RW,192,1.0,8,0.8116843570832261,27,,,,,,,
full,shanxi,M_RW,192,1.5,6,0.7927865762355212,35,,,,,,,
full,shanxi,M_RW,192,2.0,10,0.7748710510050664,39,,,,,,,
full,shanxi,M_RW,192,3.0,6,0.7427063782237163,48,,,,,,,
full,shanxi,M_RW,193,0.1,1,0.908315304169751,3,,,,,,,
full,shanxi,M_RW,193,0.5,16,0.833958195601234,22,,,,,,,
full,shanxi,M_RW,193,1.0,2,0.8079707351582822,31,,,,,,,
full,shanxi,M_RW,193,1.5,9,0.786832576182609,35,,,,,,,
full,shanxi,M_RW,193,2.0,3,0.7672937298165011,39,,,,,,,
full,shanxi,M_RW,193,3.0,2,0.7336397636751527,50,,,,,,,
full,shanxi,M_RW,194,0.1,16,0.9045850069669972,4,,,,,,,
full,shanxi,M_RW,194,0.5,7,0.8343104643318227,23,,,,,,,
full,shanxi,M_RW,194,1.0,5,0.809986878197911,33,,,,,,,
full,shanxi,M_RW,194,1.5,13,0.7895671594490998,38,,,,,,,
full,shanxi,M_RW,194,2.0,13,0.7713953287743142,44,,,,,,,
full,shanxi,M_RW,194,3.0,13,0.7403499614075766,54,,,,,,,
full,shanxi,M_RW,195,0.1,13,0.9059756662630118,4,,,,,,,
full,shanxi,M_RW,195,0.5,1,0.8419224115017043,22,,,,,,,
full,shanxi,M_RW,195,1.0,17,0.8187739545446951,34,,,,,,,
full,shanxi,M_RW,195,1.5,15,0.802296461080932,45,,,,,,,
full,shanxi,M_RW,195,2.0,12345,0.7873412007511579,49,,,,,,,
full,shanxi,M_RW,195,3.0,12345,0.7585379404153864,55,,,,,,,
full,shanxi,M_RW,196,0.1,8,0.9093204311044651,4,,,,,,,
full,shanxi,M_RW,196,0.5,9,0.8375597182051518,19,,,,,,,
full,shanxi,M_RW,196,1.0,9,0.8094715894759338,30,,,,,,,
full,shanxi,M_RW,196,1.5,13,0.7892119206247827,37,,,,,,,
full,shanxi,M_RW,196,2.0,8,0.771902845254039,42,,,,,,,
full,shanxi,M_RW,196,3.0,17,0.7407079993377643,53,,,,,,,
full,shanxi,M_RW,197,0.1,10,0.906251311074405,4,,,,,,,
full,shanxi,M_RW,197,0.5,2,0.8242181571855335,18,,,,,,,
full,shanxi,M_RW,197,1.0,15,0.7970357074027956,25,,,,,,,
full,shanxi,M_RW,197,1.5,16,0.7758595169463884,34,,,,,,,
full,shanxi,M_RW,197,2.0,17,0.7576271551241999,37,,,,,,,
full,shanxi,M_RW,197,3.0,14,0.7234600777276289,43,,,,,,,
full,shanxi,M_RW,198,0.1,15,0.9098101121236346,4,,,,,,,
full,shanxi,M_RW,198,0.5,13,0.8363951257587793,23,,,,,,,
full,shanxi,M_RW,198,1.0,12345,0.8097657613901919,31,,,,,,,
full,shanxi,M_RW,198,1.5,19,0.7908433219117109,39,,,,,,,
full,shanxi,M_RW,198,2.0,8,0.7751581055978658,46,,,,,,,
full,shanxi,M_RW,198,3.0,6,0.7468581032845878,54,,,,,,,
full,shanxi,M_RW,199,0.1,7,0.9113439118757093,5,,,,,,,
full,shanxi,M_RW,199,0.5,18,0.8335243666944432,20,,,,,,,
full,shanxi,M_RW,199,1.0,14,0.8081271630801294,31,,,,,,,
full,shanxi,M_RW,199,1.5,11,0.7879175477573132,38,,,,,,,
full,shanxi,M_RW,199,2.0,15,0.7704367424059064,42,,,,,,,
full,shanxi,M_RW,199,3.0,3,0.7393526548237448,50,,,,,,,
full,INGV,observed,-1,0.1,2,0.9952237486498942,95,,,,,,,
full,INGV,observed,-1,0.5,18,0.985613221680323,129,,,,,,,
full,INGV,observed,-1,1.0,18,0.9759356576737058,145,,,,,,,
full,INGV,observed,-1,1.5,11,0.967217999117065,153,,,,,,,
full,INGV,observed,-1,2.0,1,0.9591447275203558,159,,,,,,,
full,INGV,observed,-1,3.0,14,0.9435160375250644,167,,,,,,,
full,INGV,M_RW,0,0.1,1,0.9581709206230506,37,40.0,,,,,,
full,INGV,M_RW,0,0.5,15,0.934654381129906,76,40.0,,,,,,
full,INGV,M_RW,0,1.0,9,0.9178810035711603,90,40.0,,,,,,
full,INGV,M_RW,0,1.5,2,0.9049210202617355,103,40.0,,,,,,
full,INGV,M_RW,0,2.0,7,0.8913662920358439,109,40.0,,,,,,
full,INGV,M_RW,0,3.0,13,0.8709660886643398,117,40.0,,,,,,
full,INGV,M_RW,1,0.1,19,0.9601426394030894,41,40.0,,,,,,
full,INGV,M_RW,1,0.5,2,0.9414756949449157,79,40.0,,,,,,
full,INGV,M_RW,1,1.0,16,0.9278922171266658,98,40.0,,,,,,
full,INGV,M_RW,1,1.5,15,0.9169909565102321,110,40.0,,,,,,
full,INGV,M_RW,1,2.0,9,0.9068512316071468,113,40.0,,,,,,
full,INGV,M_RW,1,3.0,11,0.8903587506438312,125,40.0,,,,,,
full,INGV,M_RW,2,0.1,4,0.9641692108258806,38,40.0,,,,,,
full,INGV,M_RW,2,0.5,13,0.942532960302029,75,40.0,,,,,,
full,INGV,M_RW,2,1.0,17,0.9286492036532431,90,40.0,,,,,,
full,INGV,M_RW,2,1.5,4,0.9166627268014849,99,40.0,,,,,,
full,INGV,M_RW,2,2.0,13,0.9061111961238062,107,40.0,,,,,,
full,INGV,M_RW,2,3.0,13,0.8870677810514223,117,40.0,,,,,,
full,INGV,M_RW,3,0.1,19,0.9541452564378343,37,40.0,,,,,,
full,INGV,M_RW,3,0.5,5,0.9313799221786668,71,40.0,,,,,,
full,INGV,M_RW,3,1.0,2,0.9151051520043119,88,40.0,,,,,,
full,INGV,M_RW,3,1.5,16,0.9008291553550519,96,40.0,,,,,,
full,INGV,M_RW,3,2.0,7,0.8884862337492021,108,40.0,,,,,,
full,INGV,M_RW,3,3.0,7,0.8673310640731206,121,40.0,,,,,,
full,INGV,M_RW,4,0.1,1,0.9562402013507216,37,40.0,,,,,,
full,INGV,M_RW,4,0.5,9,0.9306648085647585,72,40.0,,,,,,
full,INGV,M_RW,4,1.0,8,0.9127502274414102,90,40.0,,,,,,
full,INGV,M_RW,4,1.5,19,0.8997719218115487,108,40.0,,,,,,
full,INGV,M_RW,4,2.0,7,0.8882633456161094,116,40.0,,,,,,
full,INGV,M_RW,4,3.0,2,0.8689921837311978,130,40.0,,,,,,
full,INGV,M_RW,5,0.1,16,0.9628665505604329,37,40.0,,,,,,
full,INGV,M_RW,5,0.5,19,0.9453391533085767,68,40.0,,,,,,
full,INGV,M_RW,5,1.0,5,0.9312872822837026,86,40.0,,,,,,
full,INGV,M_RW,5,1.5,17,0.9197948580497354,98,40.0,,,,,,
full,INGV,M_RW,5,2.0,4,0.9099074894263566,104,40.0,,,,,,
full,INGV,M_RW,5,3.0,4,0.8929275164631848,118,40.0,,,,,,
full,INGV,M_RW,6,0.1,9,0.958965351416139,35,40.0,,,,,,
full,INGV,M_RW,6,0.5,1,0.9392832751057754,73,40.0,,,,,,
full,INGV,M_RW,6,1.0,18,0.9242766582185051,91,40.0,,,,,,
full,INGV,M_RW,6,1.5,18,0.9124981697088717,103,40.0,,,,,,
full,INGV,M_RW,6,2.0,11,0.9015494269972862,113,40.0,,,,,,
full,INGV,M_RW,6,3.0,8,0.8823305088378683,128,40.0,,,,,,
full,INGV,M_RW,7,0.1,3,0.9582823764142816,36,40.0,,,,,,
full,INGV,M_RW,7,0.5,4,0.9372458598751767,70,40.0,,,,,,
full,INGV,M_RW,7,1.0,7,0.9216514895369142,89,40.0,,,,,,
full,INGV,M_RW,7,1.5,11,0.9097690769472354,104,40.0,,,,,,
full,INGV,M_RW,7,2.0,1,0.8996700799493049,109,40.0,,,,,,
full,INGV,M_RW,7,3.0,16,0.8815681738684645,121,40.0,,,,,,
full,INGV,M_RW,8,0.1,3,0.9572037106134036,42,40.0,,,,,,
full,INGV,M_RW,8,0.5,14,0.9314112037556658,73,40.0,,,,,,
full,INGV,M_RW,8,1.0,13,0.915279718179363,96,40.0,,,,,,
full,INGV,M_RW,8,1.5,14,0.9030216952697904,103,40.0,,,,,,
full,INGV,M_RW,8,2.0,9,0.8912429055611899,116,40.0,,,,,,
full,INGV,M_RW,8,3.0,15,0.8705832280078116,131,40.0,,,,,,
full,INGV,M_RW,9,0.1,14,0.9636046195176241,42,40.0,,,,,,
full,INGV,M_RW,9,0.5,1,0.946799767590607,79,40.0,,,,,,
full,INGV,M_RW,9,1.0,4,0.9338865397988658,95,40.0,,,,,,
full,INGV,M_RW,9,1.5,16,0.9226652453593175,105,40.0,,,,,,
full,INGV,M_RW,9,2.0,9,0.9129981683530514,115,40.0,,,,,,
full,INGV,M_RW,9,3.0,2,0.8957596182349167,127,40.0,,,,,,
full,INGV,M_RW,10,0.1,3,0.9574365484157585,35,40.0,,,,,,
full,INGV,M_RW,10,0.5,6,0.9338702828112655,72,40.0,,,,,,
full,INGV,M_RW,10,1.0,6,0.9175131191982597,90,40.0,,,,,,
full,INGV,M_RW,10,1.5,7,0.9043580822258619,99,40.0,,,,,,
full,INGV,M_RW,10,2.0,19,0.8923231354440299,107,40.0,,,,,,
full,INGV,M_RW,10,3.0,10,0.8722001098408143,121,40.0,,,,,,
full,INGV,M_RW,11,0.1,12,0.9571160620017287,42,40.0,,,,,,
full,INGV,M_RW,11,0.5,9,0.9358584927231729,74,40.0,,,,,,
full,INGV,M_RW,11,1.0,12345,0.9197876099506256,96,40.0,,,,,,
full,INGV,M_RW,11,1.5,4,0.9084316392292321,104,40.0,,,,,,
full,INGV,M_RW,11,2.0,3,0.8986123486154254,114,40.0,,,,,,
full,INGV,M_RW,11,3.0,10,0.8806457560625366,128,40.0,,,,,,
full,INGV,M_RW,12,0.1,5,0.9637671579512289,36,40.0,,,,,,
full,INGV,M_RW,12,0.5,14,0.9433150864248178,73,40.0,,,,,,
full,INGV,M_RW,12,1.0,14,0.9268973026059332,94,40.0,,,,,,
full,INGV,M_RW,12,1.5,1,0.9129981202267807,103,40.0,,,,,,
full,INGV,M_RW,12,2.0,6,0.9002493636303827,111,40.0,,,,,,
full,INGV,M_RW,12,3.0,14,0.8787107288157766,123,40.0,,,,,,
full,INGV,M_RW,13,0.1,16,0.9578182009865106,38,40.0,,,,,,
full,INGV,M_RW,13,0.5,10,0.9325911474197108,68,40.0,,,,,,
full,INGV,M_RW,13,1.0,2,0.9168970149274401,89,40.0,,,,,,
full,INGV,M_RW,13,1.5,12,0.9032088690669479,96,40.0,,,,,,
full,INGV,M_RW,13,2.0,12345,0.890963539919012,100,40.0,,,,,,
full,INGV,M_RW,13,3.0,5,0.8687265067047079,121,40.0,,,,,,
full,INGV,M_RW,14,0.1,12,0.953863170980262,34,40.0,,,,,,
full,INGV,M_RW,14,0.5,3,0.9291444013375529,63,40.0,,,,,,
full,INGV,M_RW,14,1.0,3,0.9122627007464226,86,40.0,,,,,,
full,INGV,M_RW,14,1.5,1,0.8982044349719582,99,40.0,,,,,,
full,INGV,M_RW,14,2.0,1,0.8859136827208611,107,40.0,,,,,,
full,INGV,M_RW,14,3.0,7,0.8637649435795547,120,40.0,,,,,,
full,INGV,M_RW,15,0.1,4,0.9605149190561066,39,40.0,,,,,,
full,INGV,M_RW,15,0.5,2,0.9401611338031921,73,40.0,,,,,,
full,INGV,M_RW,15,1.0,16,0.9257946973083382,92,40.0,,,,,,
full,INGV,M_RW,15,1.5,2,0.9148851998225521,103,40.0,,,,,,
full,INGV,M_RW,15,2.0,9,0.9050286545319364,112,40.0,,,,,,
full,INGV,M_RW,15,3.0,4,0.88634422079342,126,40.0,,,,,,
full,INGV,M_RW,16,0.1,16,0.9566509982753534,41,40.0,,,,,,
full,INGV,M_RW,16,0.5,6,0.9323403969131887,76,40.0,,,,,,
full,INGV,M_RW,16,1.0,16,0.9156281076573456,91,40.0,,,,,,
full,INGV,M_RW,16,1.5,8,0.9028660711047757,103,40.0,,,,,,
full,INGV,M_RW,16,2.0,17,0.892119487872871,114,40.0,,,,,,
full,INGV,M_RW,16,3.0,1,0.8726656585828076,127,40.0,,,,,,
full,INGV,M_RW,17,0.1,3,0.9605486985745052,37,40.0,,,,,,
full,INGV,M_RW,17,0.5,5,0.9387979402846673,66,40.0,,,,,,
full,INGV,M_RW,17,1.0,6,0.9213407980104046,85,40.0,,,,,,
full,INGV,M_RW,17,1.5,11,0.9080821110612355,96,40.0,,,,,,
full,INGV,M_RW,17,2.0,19,0.8965176356083412,108,40.0,,,,,,
full,INGV,M_RW,17,3.0,15,0.8759665657104715,118,40.0,,,,,,
full,INGV,M_RW,18,0.1,18,0.965832447598966,35,40.0,,,,,,
full,INGV,M_RW,18,0.5,14,0.9460665942438735,74,40.0,,,,,,
full,INGV,M_RW,18,1.0,7,0.9315966658357633,90,40.0,,,,,,
full,INGV,M_RW,18,1.5,10,0.9197685393814322,99,40.0,,,,,,
full,INGV,M_RW,18,2.0,14,0.9084268128602982,110,40.0,,,,,,
full,INGV,M_RW,18,3.0,4,0.8889676290633108,118,40.0,,,,,,
full,INGV,M_RW,19,0.1,17,0.9590335744375419,39,40.0,,,,,,
full,INGV,M_RW,19,0.5,18,0.937310405475409,68,40.0,,,,,,
full,INGV,M_RW,19,1.0,14,0.9228813302206057,92,40.0,,,,,,
full,INGV,M_RW,19,1.5,7,0.9109824137816704,102,40.0,,,,,,
full,INGV,M_RW,19,2.0,17,0.9004488666350701,110,40.0,,,,,,
full,INGV,M_RW,19,3.0,8,0.881434512326253,122,40.0,,,,,,
full,INGV,M_RW,20,0.1,11,0.9571121454032503,33,40.0,,,,,,
full,INGV,M_RW,20,0.5,15,0.9355510197504084,66,40.0,,,,,,
full,INGV,M_RW,20,1.0,3,0.9178712829559188,85,40.0,,,,,,
full,INGV,M_RW,20,1.5,18,0.9037997190185467,95,40.0,,,,,,
full,INGV,M_RW,20,2.0,14,0.8910948577659905,104,40.0,,,,,,
full,INGV,M_RW,20,3.0,18,0.8690127934723493,114,40.0,,,,,,
full,INGV,M_RW,21,0.1,16,0.9606634780434546,36,40.0,,,,,,
full,INGV,M_RW,21,0.5,8,0.9405962835616808,71,40.0,,,,,,
full,INGV,M_RW,21,1.0,8,0.9264458185391763,91,40.0,,,,,,
full,INGV,M_RW,21,1.5,4,0.9151775426703882,104,40.0,,,,,,
full,INGV,M_RW,21,2.0,1,0.9046172888777172,111,40.0,,,,,,
full,INGV,M_RW,21,3.0,11,0.8853118051290313,121,40.0,,,,,,
full,INGV,M_RW,22,0.1,8,0.961095933330858,38,40.0,,,,,,
full,INGV,M_RW,22,0.5,12,0.9415347586257289,78,40.0,,,,,,
full,INGV,M_RW,22,1.0,10,0.9271823100100004,100,40.0,,,,,,
full,INGV,M_RW,22,1.5,9,0.9146309027748839,108,40.0,,,,,,
full,INGV,M_RW,22,2.0,14,0.9026742862669775,116,40.0,,,,,,
full,INGV,M_RW,22,3.0,11,0.8816550809331171,126,40.0,,,,,,
full,INGV,M_RW,23,0.1,7,0.9600919082738648,40,40.0,,,,,,
full,INGV,M_RW,23,0.5,18,0.9370624317562963,70,40.0,,,,,,
full,INGV,M_RW,23,1.0,17,0.9191676612948237,93,40.0,,,,,,
full,INGV,M_RW,23,1.5,17,0.9046805984983204,105,40.0,,,,,,
full,INGV,M_RW,23,2.0,1,0.8922355326759651,112,40.0,,,,,,
full,INGV,M_RW,23,3.0,12345,0.8717021522330114,126,40.0,,,,,,
full,INGV,M_RW,24,0.1,18,0.964456512952524,39,40.0,,,,,,
full,INGV,M_RW,24,0.5,5,0.9464091859755813,73,40.0,,,,,,
full,INGV,M_RW,24,1.0,4,0.9309387321838507,92,40.0,,,,,,
full,INGV,M_RW,24,1.5,4,0.9187273200042898,102,40.0,,,,,,
full,INGV,M_RW,24,2.0,5,0.9078161273098313,109,40.0,,,,,,
full,INGV,M_RW,24,3.0,12345,0.8878346523034869,124,40.0,,,,,,
full,INGV,M_RW,25,0.1,13,0.9547490153489657,38,40.0,,,,,,
full,INGV,M_RW,25,0.5,16,0.9304110620276742,72,40.0,,,,,,
full,INGV,M_RW,25,1.0,14,0.9129444595335245,95,40.0,,,,,,
full,INGV,M_RW,25,1.5,15,0.8992095203709664,103,40.0,,,,,,
full,INGV,M_RW,25,2.0,19,0.8874113044351991,113,40.0,,,,,,
full,INGV,M_RW,25,3.0,7,0.8677244518048429,124,40.0,,,,,,
full,INGV,M_RW,26,0.1,5,0.9598964433954341,38,40.0,,,,,,
full,INGV,M_RW,26,0.5,3,0.9375286303717684,73,40.0,,,,,,
full,INGV,M_RW,26,1.0,9,0.9201093807241334,93,40.0,,,,,,
full,INGV,M_RW,26,1.5,9,0.9066563748833247,108,40.0,,,,,,
full,INGV,M_RW,26,2.0,7,0.8944302940609986,116,40.0,,,,,,
full,INGV,M_RW,26,3.0,15,0.873391183254178,125,40.0,,,,,,
full,INGV,M_RW,27,0.1,14,0.9600225652900032,34,40.0,,,,,,
full,INGV,M_RW,27,0.5,4,0.937247274490149,63,40.0,,,,,,
full,INGV,M_RW,27,1.0,10,0.9202428498646321,83,40.0,,,,,,
full,INGV,M_RW,27,1.5,14,0.9074661172233671,98,40.0,,,,,,
full,INGV,M_RW,27,2.0,14,0.8960904054746753,108,40.0,,,,,,
full,INGV,M_RW,27,3.0,10,0.8761461196417695,115,40.0,,,,,,
full,INGV,M_RW,28,0.1,19,0.9636412452135766,34,40.0,,,,,,
full,INGV,M_RW,28,0.5,15,0.943978826803962,70,40.0,,,,,,
full,INGV,M_RW,28,1.0,5,0.9300922108220259,90,40.0,,,,,,
full,INGV,M_RW,28,1.5,10,0.9190262123141996,102,40.0,,,,,,
full,INGV,M_RW,28,2.0,10,0.90861820807586,110,40.0,,,,,,
full,INGV,M_RW,28,3.0,6,0.8902183586718773,126,40.0,,,,,,
full,INGV,M_RW,29,0.1,14,0.96115831063934,42,40.0,,,,,,
full,INGV,M_RW,29,0.5,5,0.9393911436710639,77,40.0,,,,,,
full,INGV,M_RW,29,1.0,3,0.9236419690198836,92,40.0,,,,,,
full,INGV,M_RW,29,1.5,8,0.9107353814993389,105,40.0,,,,,,
full,INGV,M_RW,29,2.0,3,0.8992539664802448,119,40.0,,,,,,
full,INGV,M_RW,29,3.0,12,0.878963590350696,130,40.0,,,,,,
full,INGV,M_RW,30,0.1,9,0.9623599967824484,32,,,,,,,
full,INGV,M_RW,30,0.5,7,0.9384803719082003,72,,,,,,,
full,INGV,M_RW,30,1.0,12,0.9218976993378817,90,,,,,,,
full,INGV,M_RW,30,1.5,17,0.9081621967664408,99,,,,,,,
full,INGV,M_RW,30,2.0,13,0.8963776280928978,109,,,,,,,
full,INGV,M_RW,30,3.0,3,0.8760723852063332,121,,,,,,,
full,INGV,M_RW,31,0.1,12,0.9593087358810768,44,,,,,,,
full,INGV,M_RW,31,0.5,10,0.9387676028327405,73,,,,,,,
full,INGV,M_RW,31,1.0,19,0.9243320592197966,85,,,,,,,
full,INGV,M_RW,31,1.5,11,0.9115383434927968,97,,,,,,,
full,INGV,M_RW,31,2.0,11,0.9007969584878549,108,,,,,,,
full,INGV,M_RW,31,3.0,6,0.881885384576604,119,,,,,,,
full,INGV,M_RW,32,0.1,10,0.9600026797775827,36,,,,,,,
full,INGV,M_RW,32,0.5,19,0.9384691389325315,73,,,,,,,
full,INGV,M_RW,32,1.0,17,0.921808337492884,90,,,,,,,
full,INGV,M_RW,32,1.5,18,0.9088425844343346,106,,,,,,,
full,INGV,M_RW,32,2.0,8,0.896738617521078,107,,,,,,,
full,INGV,M_RW,32,3.0,12345,0.877091634981464,120,,,,,,,
full,INGV,M_RW,33,0.1,8,0.9592845948864609,31,,,,,,,
full,INGV,M_RW,33,0.5,12,0.938546601035271,72,,,,,,,
full,INGV,M_RW,33,1.0,10,0.9229781011390857,91,,,,,,,
full,INGV,M_RW,33,1.5,2,0.9093659799773202,96,,,,,,,
full,INGV,M_RW,33,2.0,2,0.8970937510589918,104,,,,,,,
full,INGV,M_RW,33,3.0,18,0.8760998331866957,117,,,,,,,
full,INGV,M_RW,34,0.1,2,0.9590916307206129,35,,,,,,,
full,INGV,M_RW,34,0.5,12,0.9394955917328551,66,,,,,,,
full,INGV,M_RW,34,1.0,17,0.9241784422179554,84,,,,,,,
full,INGV,M_RW,34,1.5,3,0.9110231066978294,96,,,,,,,
full,INGV,M_RW,34,2.0,5,0.8997714339907587,106,,,,,,,
full,INGV,M_RW,34,3.0,3,0.881012863569754,119,,,,,,,
full,INGV,M_RW,35,0.1,19,0.9600725734731651,35,,,,,,,
full,INGV,M_RW,35,0.5,18,0.9416838361492186,68,,,,,,,
full,INGV,M_RW,35,1.0,8,0.9273422902881278,84,,,,,,,
full,INGV,M_RW,35,1.5,8,0.9154951637796913,96,,,,,,,
full,INGV,M_RW,35,2.0,8,0.9043918689360315,104,,,,,,,
full,INGV,M_RW,35,3.0,12345,0.8849304259930858,120,,,,,,,
full,INGV,M_RW,36,0.1,18,0.9572503188580798,39,,,,,,,
full,INGV,M_RW,36,0.5,2,0.9339934337703083,76,,,,,,,
full,INGV,M_RW,36,1.0,1,0.9184203733447688,93,,,,,,,
full,INGV,M_RW,36,1.5,7,0.9058066289901512,102,,,,,,,
full,INGV,M_RW,36,2.0,6,0.8943208510667257,112,,,,,,,
full,INGV,M_RW,36,3.0,7,0.8742249084766918,120,,,,,,,
full,INGV,M_RW,37,0.1,19,0.9593017335087021,34,,,,,,,
full,INGV,M_RW,37,0.5,5,0.9368892490041982,67,,,,,,,
full,INGV,M_RW,37,1.0,6,0.9191265218924287,83,,,,,,,
full,INGV,M_RW,37,1.5,11,0.9055991044990497,98,,,,,,,
full,INGV,M_RW,37,2.0,12,0.8934011807716469,106,,,,,,,
full,INGV,M_RW,37,3.0,12345,0.8724610538663845,122,,,,,,,
full,INGV,M_RW,38,0.1,18,0.9612358141462662,34,,,,,,,
full,INGV,M_RW,38,0.5,16,0.9417911444456284,64,,,,,,,
full,INGV,M_RW,38,1.0,4,0.9268976882637746,85,,,,,,,
full,INGV,M_RW,38,1.5,2,0.915544308975131,94,,,,,,,
full,INGV,M_RW,38,2.0,18,0.9049696036595075,105,,,,,,,
full,INGV,M_RW,38,3.0,19,0.8865672844489774,120,,,,,,,
full,INGV,M_RW,39,0.1,4,0.9605465850176761,36,,,,,,,
full,INGV,M_RW,39,0.5,4,0.9410237886102953,68,,,,,,,
full,INGV,M_RW,39,1.0,12,0.9251151458032341,85,,,,,,,
full,INGV,M_RW,39,1.5,11,0.9131482456053884,103,,,,,,,
full,INGV,M_RW,39,2.0,9,0.902495246456125,111,,,,,,,
full,INGV,M_RW,39,3.0,9,0.8828586688123338,120,,,,,,,
full,INGV,M_RW,40,0.1,2,0.9579242048797653,45,,,,,,,
full,INGV,M_RW,40,0.5,15,0.9278200382239533,73,,,,,,,
full,INGV,M_RW,40,1.0,14,0.9098478988231247,89,,,,,,,
full,INGV,M_RW,40,1.5,15,0.895015706482507,101,,,,,,,
full,INGV,M_RW,40,2.0,11,0.8826029356869336,107,,,,,,,
full,INGV,M_RW,40,3.0,12345,0.8609769828710345,123,,,,,,,
full,INGV,M_RW,41,0.1,19,0.9601957480491966,37,,,,,,,
full,INGV,M_RW,41,0.5,8,0.9415475425679881,72,,,,,,,
full,INGV,M_RW,41,1.0,2,0.9262435912729386,87,,,,,,,
full,INGV,M_RW,41,1.5,11,0.9136163077240563,102,,,,,,,
full,INGV,M_RW,41,2.0,11,0.9028575466322726,112,,,,,,,
full,INGV,M_RW,41,3.0,12345,0.8838574286269912,123,,,,,,,
full,INGV,M_RW,42,0.1,12,0.9557630215914257,32,,,,,,,
full,INGV,M_RW,42,0.5,3,0.9327272483489387,62,,,,,,,
full,INGV,M_RW,42,1.0,3,0.9173307435665721,88,,,,,,,
full,INGV,M_RW,42,1.5,14,0.9050523792284622,103,,,,,,,
full,INGV,M_RW,42,2.0,15,0.8946321721086908,107,,,,,,,
full,INGV,M_RW,42,3.0,11,0.8767161125812517,123,,,,,,,
full,INGV,M_RW,43,0.1,6,0.9610600115742646,43,,,,,,,
full,INGV,M_RW,43,0.5,14,0.942393454296674,75,,,,,,,
full,INGV,M_RW,43,1.0,16,0.9263905745411073,91,,,,,,,
full,INGV,M_RW,43,1.5,7,0.9122043904554396,99,,,,,,,
full,INGV,M_RW,43,2.0,19,0.8992656349917528,109,,,,,,,
full,INGV,M_RW,43,3.0,12,0.876246012350359,118,,,,,,,
full,INGV,M_RW,44,0.1,16,0.961420872271842,35,,,,,,,
full,INGV,M_RW,44,0.5,6,0.9418338528455633,69,,,,,,,
full,INGV,M_RW,44,1.0,11,0.927383922438334,89,,,,,,,
full,INGV,M_RW,44,1.5,12,0.9166572786012717,102,,,,,,,
full,INGV,M_RW,44,2.0,11,0.9072200500044225,112,,,,,,,
full,INGV,M_RW,44,3.0,3,0.8908544920096739,136,,,,,,,
full,INGV,M_RW,45,0.1,1,0.9575827618615668,27,,,,,,,
full,INGV,M_RW,45,0.5,5,0.9340913613291473,62,,,,,,,
full,INGV,M_RW,45,1.0,17,0.918624084232899,81,,,,,,,
full,INGV,M_RW,45,1.5,14,0.9057450030673646,94,,,,,,,
full,INGV,M_RW,45,2.0,12,0.8942882896486211,106,,,,,,,
full,INGV,M_RW,45,3.0,1,0.8748142778252209,119,,,,,,,
full,INGV,M_RW,46,0.1,6,0.9611117799133956,38,,,,,,,
full,INGV,M_RW,46,0.5,17,0.9403533062523438,64,,,,,,,
full,INGV,M_RW,46,1.0,5,0.9240441347386589,89,,,,,,,
full,INGV,M_RW,46,1.5,17,0.9114332710735937,97,,,,,,,
full,INGV,M_RW,46,2.0,14,0.9006793362141202,105,,,,,,,
full,INGV,M_RW,46,3.0,16,0.8808109963868758,114,,,,,,,
full,INGV,M_RW,47,0.1,13,0.9575193434233009,35,,,,,,,
full,INGV,M_RW,47,0.5,15,0.9346559453590843,68,,,,,,,
full,INGV,M_RW,47,1.0,1,0.9188137800397237,82,,,,,,,
full,INGV,M_RW,47,1.5,13,0.9052942022761465,99,,,,,,,
full,INGV,M_RW,47,2.0,10,0.8943956522210572,109,,,,,,,
full,INGV,M_RW,47,3.0,8,0.8750320420462483,121,,,,,,,
full,INGV,M_RW,48,0.1,12,0.955891700194762,37,,,,,,,
full,INGV,M_RW,48,0.5,17,0.9315000272751948,62,,,,,,,
full,INGV,M_RW,48,1.0,13,0.9137135959441398,85,,,,,,,
full,INGV,M_RW,48,1.5,12,0.9011414211445862,96,,,,,,,
full,INGV,M_RW,48,2.0,5,0.890176575383389,111,,,,,,,
full,INGV,M_RW,48,3.0,9,0.8691658225590859,122,,,,,,,
full,INGV,M_RW,49,0.1,14,0.9562851644046853,41,,,,,,,
full,INGV,M_RW,49,0.5,10,0.928011603147933,67,,,,,,,
full,INGV,M_RW,49,1.0,10,0.9105642592868181,78,,,,,,,
full,INGV,M_RW,49,1.5,6,0.8967188856774841,96,,,,,,,
full,INGV,M_RW,49,2.0,11,0.8846805841884592,102,,,,,,,
full,INGV,M_RW,49,3.0,7,0.8637639372036867,114,,,,,,,
full,INGV,M_RW,50,0.1,5,0.9588941446864627,36,,,,,,,
full,INGV,M_RW,50,0.5,17,0.936100175648616,79,,,,,,,
full,INGV,M_RW,50,1.0,10,0.9207975728633486,98,,,,,,,
full,INGV,M_RW,50,1.5,16,0.9085201900573757,107,,,,,,,
full,INGV,M_RW,50,2.0,12345,0.8977411278489971,116,,,,,,,
full,INGV,M_RW,50,3.0,12,0.8786347283167524,125,,,,,,,
full,INGV,M_RW,51,0.1,18,0.9611721029083932,31,,,,,,,
full,INGV,M_RW,51,0.5,17,0.9422003053087118,68,,,,,,,
full,INGV,M_RW,51,1.0,9,0.9284386767472016,82,,,,,,,
full,INGV,M_RW,51,1.5,6,0.9172169336950948,92,,,,,,,
full,INGV,M_RW,51,2.0,9,0.9068612703482993,105,,,,,,,
full,INGV,M_RW,51,3.0,12,0.8891090500920136,117,,,,,,,
full,INGV,M_RW,52,0.1,15,0.9605759873889482,38,,,,,,,
full,INGV,M_RW,52,0.5,16,0.9369753087576165,65,,,,,,,
full,INGV,M_RW,52,1.0,18,0.919048987608373,90,,,,,,,
full,INGV,M_RW,52,1.5,2,0.9049610041844398,102,,,,,,,
full,INGV,M_RW,52,2.0,9,0.8930574946501194,110,,,,,,,
full,INGV,M_RW,52,3.0,19,0.8723854381472537,120,,,,,,,
full,INGV,M_RW,53,0.1,19,0.9509266458552375,39,,,,,,,
full,INGV,M_RW,53,0.5,11,0.9237366987643422,75,,,,,,,
full,INGV,M_RW,53,1.0,16,0.9053429241822645,88,,,,,,,
full,INGV,M_RW,53,1.5,3,0.8905522557196702,101,,,,,,,
full,INGV,M_RW,53,2.0,7,0.8778539137706295,111,,,,,,,
full,INGV,M_RW,53,3.0,19,0.8558023145354992,124,,,,,,,
full,INGV,M_RW,54,0.1,4,0.9631976640189868,33,,,,,,,
full,INGV,M_RW,54,0.5,19,0.9440570283472843,66,,,,,,,
full,INGV,M_RW,54,1.0,11,0.9300756720681544,87,,,,,,,
full,INGV,M_RW,54,1.5,2,0.918956191171861,102,,,,,,,
full,INGV,M_RW,54,2.0,1,0.9089311632709492,113,,,,,,,
full,INGV,M_RW,54,3.0,12345,0.8913628977842767,126,,,,,,,
full,INGV,M_RW,55,0.1,9,0.9604132836734549,33,,,,,,,
full,INGV,M_RW,55,0.5,4,0.9398906703057556,70,,,,,,,
full,INGV,M_RW,55,1.0,18,0.9236196006842643,86,,,,,,,
full,INGV,M_RW,55,1.5,2,0.9105776362526593,100,,,,,,,
full,INGV,M_RW,55,2.0,2,0.899911450993414,110,,,,,,,
full,INGV,M_RW,55,3.0,3,0.8813822606593458,124,,,,,,,
full,INGV,M_RW,56,0.1,13,0.9592195145165074,36,,,,,,,
full,INGV,M_RW,56,0.5,1,0.937219450482686,67,,,,,,,
full,INGV,M_RW,56,1.0,18,0.9216867597898922,95,,,,,,,
full,INGV,M_RW,56,1.5,7,0.9088867945611574,105,,,,,,,
full,INGV,M_RW,56,2.0,7,0.8975622584231207,111,,,,,,,
full,INGV,M_RW,56,3.0,8,0.8765986317957634,122,,,,,,,
full,INGV,M_RW,57,0.1,14,0.9553923096760181,38,,,,,,,
full,INGV,M_RW,57,0.5,19,0.9311604920981796,70,,,,,,,
full,INGV,M_RW,57,1.0,12345,0.9153508247586192,87,,,,,,,
full,INGV,M_RW,57,1.5,13,0.9020834832371043,103,,,,,,,
full,INGV,M_RW,57,2.0,13,0.8901933701152228,113,,,,,,,
full,INGV,M_RW,57,3.0,17,0.8701593501906457,125,,,,,,,
full,INGV,M_RW,58,0.1,13,0.9579186188175209,40,,,,,,,
full,INGV,M_RW,58,0.5,11,0.9388580319713342,78,,,,,,,
full,INGV,M_RW,58,1.0,10,0.924278827854888,92,,,,,,,
full,INGV,M_RW,58,1.5,14,0.9123973339385605,107,,,,,,,
full,INGV,M_RW,58,2.0,4,0.9014467609178235,116,,,,,,,
full,INGV,M_RW,58,3.0,7,0.8833495866940344,124,,,,,,,
full,INGV,M_RW,59,0.1,13,0.9559156397974788,29,,,,,,,
full,INGV,M_RW,59,0.5,19,0.9322318605483273,67,,,,,,,
full,INGV,M_RW,59,1.0,17,0.9155786947941043,81,,,,,,,
full,INGV,M_RW,59,1.5,9,0.9026802063730749,98,,,,,,,
full,INGV,M_RW,59,2.0,16,0.891434437763963,105,,,,,,,
full,INGV,M_RW,59,3.0,14,0.8710213338491948,114,,,,,,,
full,INGV,M_RW,60,0.1,5,0.9577950886759494,31,,,,,,,
full,INGV,M_RW,60,0.5,18,0.9356288036409333,65,,,,,,,
full,INGV,M_RW,60,1.0,13,0.919651205742162,82,,,,,,,
full,INGV,M_RW,60,1.5,2,0.9064317836796351,93,,,,,,,
full,INGV,M_RW,60,2.0,13,0.8945367188661151,99,,,,,,,
full,INGV,M_RW,60,3.0,1,0.8737737458348174,114,,,,,,,
full,INGV,M_RW,61,0.1,1,0.957151385879533,32,,,,,,,
full,INGV,M_RW,61,0.5,13,0.9309628168079074,67,,,,,,,
full,INGV,M_RW,61,1.0,18,0.9131312519722233,79,,,,,,,
full,INGV,M_RW,61,1.5,11,0.8987747918898543,89,,,,,,,
full,INGV,M_RW,61,2.0,12345,0.886095442606374,94,,,,,,,
full,INGV,M_RW,61,3.0,12,0.8633291425274116,114,,,,,,,
full,INGV,M_RW,62,0.1,4,0.9579553279062396,40,,,,,,,
full,INGV,M_RW,62,0.5,1,0.9358535018855361,74,,,,,,,
full,INGV,M_RW,62,1.0,7,0.9204314081296552,89,,,,,,,
full,INGV,M_RW,62,1.5,1,0.9076427692226089,97,,,,,,,
full,INGV,M_RW,62,2.0,6,0.8956227073319049,102,,,,,,,
full,INGV,M_RW,62,3.0,16,0.874431200079681,115,,,,,,,
full,INGV,M_RW,63,0.1,19,0.9577606027211861,36,,,,,,,
full,INGV,M_RW,63,0.5,17,0.9356764866480208,63,,,,,,,
full,INGV,M_RW,63,1.0,17,0.9192146428040657,82,,,,,,,
full,INGV,M_RW,63,1.5,10,0.9053935657364693,96,,,,,,,
full,INGV,M_RW,63,2.0,15,0.8930777249970969,105,,,,,,,
full,INGV,M_RW,63,3.0,10,0.8717367309655051,119,,,,,,,
full,INGV,M_RW,64,0.1,9,0.9608409525103249,36,,,,,,,
full,INGV,M_RW,64,0.5,7,0.9393541011520792,77,,,,,,,
full,INGV,M_RW,64,1.0,19,0.925607480469491,98,,,,,,,
full,INGV,M_RW,64,1.5,17,0.914032846791645,108,,,,,,,
full,INGV,M_RW,64,2.0,3,0.9042503385082631,119,,,,,,,
full,INGV,M_RW,64,3.0,3,0.8863359975820397,131,,,,,,,
full,INGV,M_RW,65,0.1,5,0.9587765736524153,36,,,,,,,
full,INGV,M_RW,65,0.5,10,0.9371131283593229,70,,,,,,,
full,INGV,M_RW,65,1.0,12,0.9199770905569375,85,,,,,,,
full,INGV,M_RW,65,1.5,7,0.9063771338927542,101,,,,,,,
full,INGV,M_RW,65,2.0,2,0.8949084185585292,114,,,,,,,
full,INGV,M_RW,65,3.0,10,0.8752587367854134,127,,,,,,,
full,INGV,M_RW,66,0.1,6,0.9588314067300113,35,,,,,,,
full,INGV,M_RW,66,0.5,10,0.9355725338203719,67,,,,,,,
full,INGV,M_RW,66,1.0,10,0.9197565850108781,88,,,,,,,
full,INGV,M_RW,66,1.5,18,0.9065957764546916,97,,,,,,,
full,INGV,M_RW,66,2.0,7,0.8948027488341296,108,,,,,,,
full,INGV,M_RW,66,3.0,5,0.8737516818740336,117,,,,,,,
full,INGV,M_RW,67,0.1,11,0.9607369701288072,32,,,,,,,
full,INGV,M_RW,67,0.5,10,0.942120328867724,72,,,,,,,
full,INGV,M_RW,67,1.0,5,0.928494636526533,95,,,,,,,
full,INGV,M_RW,67,1.5,1,0.9184103212873244,105,,,,,,,
full,INGV,M_RW,67,2.0,5,0.9092961200831357,114,,,,,,,
full,INGV,M_RW,67,3.0,17,0.892386823530763,134,,,,,,,
full,INGV,M_RW,68,0.1,10,0.9615795430269477,40,,,,,,,
full,INGV,M_RW,68,0.5,15,0.9419025285076178,72,,,,,,,
full,INGV,M_RW,68,1.0,19,0.9253133462526522,89,,,,,,,
full,INGV,M_RW,68,1.5,18,0.9133607326437974,100,,,,,,,
full,INGV,M_RW,68,2.0,9,0.9024778380305196,112,,,,,,,
full,INGV,M_RW,68,3.0,12,0.8827027834364265,119,,,,,,,
full,INGV,M_RW,69,0.1,11,0.9539706709060493,37,,,,,,,
full,INGV,M_RW,69,0.5,13,0.927771098667804,72,,,,,,,
full,INGV,M_RW,69,1.0,17,0.9074647892711938,93,,,,,,,
full,INGV,M_RW,69,1.5,10,0.8916333528571679,106,,,,,,,
full,INGV,M_RW,69,2.0,18,0.8774073348871629,115,,,,,,,
full,INGV,M_RW,69,3.0,6,0.8545836843702876,127,,,,,,,
full,INGV,M_RW,70,0.1,3,0.959555550149832,37,,,,,,,
full,INGV,M_RW,70,0.5,11,0.9382437767679354,67,,,,,,,
full,INGV,M_RW,70,1.0,7,0.9213890371409896,84,,,,,,,
full,INGV,M_RW,70,1.5,3,0.9069363353058322,96,,,,,,,
full,INGV,M_RW,70,2.0,2,0.8946494024107419,102,,,,,,,
full,INGV,M_RW,70,3.0,18,0.8742835470617488,118,,,,,,,
full,INGV,M_RW,71,0.1,16,0.9604878495493815,42,,,,,,,
full,INGV,M_RW,71,0.5,19,0.9360510505339664,69,,,,,,,
full,INGV,M_RW,71,1.0,15,0.9198401002069719,92,,,,,,,
full,INGV,M_RW,71,1.5,6,0.9068010858165767,94,,,,,,,
full,INGV,M_RW,71,2.0,8,0.8950018729786197,103,,,,,,,
full,INGV,M_RW,71,3.0,1,0.8758274910184002,122,,,,,,,
full,INGV,M_RW,72,0.1,10,0.959598632105417,35,,,,,,,
full,INGV,M_RW,72,0.5,10,0.9395482321402197,75,,,,,,,
full,INGV,M_RW,72,1.0,4,0.9243893423377672,88,,,,,,,
full,INGV,M_RW,72,1.5,12345,0.9117556779237309,98,,,,,,,
full,INGV,M_RW,72,2.0,5,0.900106354677681,104,,,,,,,
full,INGV,M_RW,72,3.0,2,0.8782670781396061,115,,,,,,,
full,INGV,M_RW,73,0.1,7,0.9617914464641313,38,,,,,,,
full,INGV,M_RW,73,0.5,14,0.9424413390906708,69,,,,,,,
full,INGV,M_RW,73,1.0,17,0.9265041256647999,86,,,,,,,
full,INGV,M_RW,73,1.5,7,0.9146190734526769,101,,,,,,,
full,INGV,M_RW,73,2.0,4,0.904761168250795,112,,,,,,,
full,INGV,M_RW,73,3.0,16,0.8876127242115786,125,,,,,,,
full,INGV,M_RW,74,0.1,1,0.9632357216074802,37,,,,,,,
full,INGV,M_RW,74,0.5,12,0.9427730561874813,72,,,,,,,
full,INGV,M_RW,74,1.0,15,0.9272232494775478,89,,,,,,,
full,INGV,M_RW,74,1.5,7,0.9140702877728614,104,,,,,,,
full,INGV,M_RW,74,2.0,13,0.9026882768443559,113,,,,,,,
full,INGV,M_RW,74,3.0,10,0.8829386102498312,125,,,,,,,
full,INGV,M_RW,75,0.1,1,0.955241245947358,35,,,,,,,
full,INGV,M_RW,75,0.5,14,0.9290670566908055,68,,,,,,,
full,INGV,M_RW,75,1.0,13,0.9090037072588669,88,,,,,,,
full,INGV,M_RW,75,1.5,10,0.8924467329701711,101,,,,,,,
full,INGV,M_RW,75,2.0,3,0.8789939723621986,109,,,,,,,
full,INGV,M_RW,75,3.0,19,0.8561024048360542,119,,,,,,,
full,INGV,M_RW,76,0.1,3,0.9588620812132566,37,,,,,,,
full,INGV,M_RW,76,0.5,12345,0.9362006850574275,70,,,,,,,
full,INGV,M_RW,76,1.0,12,0.9207413276401756,92,,,,,,,
full,INGV,M_RW,76,1.5,1,0.9087558167999557,106,,,,,,,
full,INGV,M_RW,76,2.0,10,0.8977302047603722,109,,,,,,,
full,INGV,M_RW,76,3.0,2,0.8794138716773243,122,,,,,,,
full,INGV,M_RW,77,0.1,15,0.9612325304286583,34,,,,,,,
full,INGV,M_RW,77,0.5,2,0.9409536700408017,72,,,,,,,
full,INGV,M_RW,77,1.0,14,0.9239048672152634,91,,,,,,,
full,INGV,M_RW,77,1.5,16,0.9106008586389313,102,,,,,,,
full,INGV,M_RW,77,2.0,17,0.8986198568852765,111,,,,,,,
full,INGV,M_RW,77,3.0,13,0.8770857726776917,123,,,,,,,
full,INGV,M_RW,78,0.1,12,0.9596565972579228,31,,,,,,,
full,INGV,M_RW,78,0.5,4,0.9389190465283244,67,,,,,,,
full,INGV,M_RW,78,1.0,2,0.9231774824582455,84,,,,,,,
full,INGV,M_RW,78,1.5,15,0.9097396555810103,95,,,,,,,
full,INGV,M_RW,78,2.0,2,0.8984411828636251,104,,,,,,,
full,INGV,M_RW,78,3.0,19,0.87865944412377,115,,,,,,,
full,INGV,M_RW,79,0.1,4,0.9584694664290264,39,,,,,,,
full,INGV,M_RW,79,0.5,18,0.9339075981474442,69,,,,,,,
full,INGV,M_RW,79,1.0,9,0.9153269827172962,85,,,,,,,
full,INGV,M_RW,79,1.5,16,0.900773864281589,92,,,,,,,
full,INGV,M_RW,79,2.0,15,0.887758895164114,102,,,,,,,
full,INGV,M_RW,79,3.0,4,0.8651821818401748,119,,,,,,,
full,INGV,M_RW,80,0.1,19,0.9571182531853804,41,,,,,,,
full,INGV,M_RW,80,0.5,16,0.9334971289606387,72,,,,,,,
full,INGV,M_RW,80,1.0,19,0.9163372486721029,86,,,,,,,
full,INGV,M_RW,80,1.5,9,0.9012558675553263,99,,,,,,,
full,INGV,M_RW,80,2.0,8,0.8886081264820994,110,,,,,,,
full,INGV,M_RW,80,3.0,16,0.8673708945101402,115,,,,,,,
full,INGV,M_RW,81,0.1,4,0.9610508764895394,41,,,,,,,
full,INGV,M_RW,81,0.5,17,0.9422001195224898,71,,,,,,,
full,INGV,M_RW,81,1.0,12345,0.9283547744770972,92,,,,,,,
full,INGV,M_RW,81,1.5,7,0.9165293748081729,104,,,,,,,
full,INGV,M_RW,81,2.0,1,0.9064384072818304,113,,,,,,,
full,INGV,M_RW,81,3.0,7,0.8882173483573493,118,,,,,,,
full,INGV,M_RW,82,0.1,2,0.9589308775952802,42,,,,,,,
full,INGV,M_RW,82,0.5,4,0.9373345434948271,80,,,,,,,
full,INGV,M_RW,82,1.0,5,0.922132212795876,106,,,,,,,
full,INGV,M_RW,82,1.5,10,0.9093169631964289,118,,,,,,,
full,INGV,M_RW,82,2.0,6,0.897910711104678,124,,,,,,,
full,INGV,M_RW,82,3.0,1,0.8773478380509889,139,,,,,,,
full,INGV,M_RW,83,0.1,12,0.9593727918484212,31,,,,,,,
full,INGV,M_RW,83,0.5,15,0.9392096730649518,65,,,,,,,
full,INGV,M_RW,83,1.0,6,0.924647991243246,81,,,,,,,
full,INGV,M_RW,83,1.5,10,0.9122231619891517,89,,,,,,,
full,INGV,M_RW,83,2.0,11,0.9007359709789622,99,,,,,,,
full,INGV,M_RW,83,3.0,14,0.8805848220840785,110,,,,,,,
full,INGV,M_RW,84,0.1,15,0.9612040315971139,37,,,,,,,
full,INGV,M_RW,84,0.5,1,0.940779694256288,75,,,,,,,
full,INGV,M_RW,84,1.0,16,0.9251698063825928,93,,,,,,,
full,INGV,M_RW,84,1.5,4,0.9126062493907579,109,,,,,,,
full,INGV,M_RW,84,2.0,15,0.9015046957468409,115,,,,,,,
full,INGV,M_RW,84,3.0,14,0.8824448744918876,132,,,,,,,
full,INGV,M_RW,85,0.1,5,0.9599893127380104,37,,,,,,,
full,INGV,M_RW,85,0.5,2,0.9341203660731396,72,,,,,,,
full,INGV,M_RW,85,1.0,8,0.9174191110742708,92,,,,,,,
full,INGV,M_RW,85,1.5,2,0.9035676901064662,100,,,,,,,
full,INGV,M_RW,85,2.0,13,0.8916010680046202,111,,,,,,,
full,INGV,M_RW,85,3.0,17,0.8711372928949049,117,,,,,,,
full,INGV,M_RW,86,0.1,17,0.9604769455311136,36,,,,,,,
full,INGV,M_RW,86,0.5,1,0.9418484122186563,67,,,,,,,
full,INGV,M_RW,86,1.0,12,0.926708720350872,80,,,,,,,
full,INGV,M_RW,86,1.5,15,0.9150986487266538,94,,,,,,,
full,INGV,M_RW,86,2.0,1,0.9047935270802131,100,,,,,,,
full,INGV,M_RW,86,3.0,14,0.8869239140925319,116,,,,,,,
full,INGV,M_RW,87,0.1,8,0.9550725451513971,38,,,,,,,
full,INGV,M_RW,87,0.5,7,0.9312256242262051,70,,,,,,,
full,INGV,M_RW,87,1.0,7,0.9139761177524464,86,,,,,,,
full,INGV,M_RW,87,1.5,9,0.9005662355115323,95,,,,,,,
full,INGV,M_RW,87,2.0,3,0.8887400237059908,102,,,,,,,
full,INGV,M_RW,87,3.0,10,0.8670744507150194,114,,,,,,,
full,INGV,M_RW,88,0.1,19,0.9561646805047991,33,,,,,,,
full,INGV,M_RW,88,0.5,5,0.9339764993244253,62,,,,,,,
full,INGV,M_RW,88,1.0,13,0.9170965617657452,86,,,,,,,
full,INGV,M_RW,88,1.5,9,0.9040830979460228,94,,,,,,,
full,INGV,M_RW,88,2.0,8,0.8923843546528142,102,,,,,,,
full,INGV,M_RW,88,3.0,9,0.8717492334237983,117,,,,,,,
full,INGV,M_RW,89,0.1,15,0.9580281908963103,33,,,,,,,
full,INGV,M_RW,89,0.5,14,0.9363794176243334,70,,,,,,,
full,INGV,M_RW,89,1.0,1,0.9207469106555798,85,,,,,,,
full,INGV,M_RW,89,1.5,1,0.9074067683746834,96,,,,,,,
full,INGV,M_RW,89,2.0,2,0.895418965301806,107,,,,,,,
full,INGV,M_RW,89,3.0,2,0.8744532199713999,123,,,,,,,
full,INGV,M_RW,90,0.1,8,0.9587470999403881,46,,,,,,,
full,INGV,M_RW,90,0.5,18,0.9346188114177926,79,,,,,,,
full,INGV,M_RW,90,1.0,8,0.9181005001906839,95,,,,,,,
full,INGV,M_RW,90,1.5,5,0.9052080882155288,107,,,,,,,
full,INGV,M_RW,90,2.0,11,0.8936395053747546,112,,,,,,,
full,INGV,M_RW,90,3.0,14,0.8727786397297941,128,,,,,,,
full,INGV,M_RW,91,0.1,14,0.9597279700841916,36,,,,,,,
full,INGV,M_RW,91,0.5,7,0.941631745218451,79,,,,,,,
full,INGV,M_RW,91,1.0,3,0.9280118307733818,95,,,,,,,
full,INGV,M_RW,91,1.5,13,0.917379184374462,106,,,,,,,
full,INGV,M_RW,91,2.0,10,0.9079090344057115,116,,,,,,,
full,INGV,M_RW,91,3.0,14,0.8903986835967862,122,,,,,,,
full,INGV,M_RW,92,0.1,18,0.9562792140396567,40,,,,,,,
full,INGV,M_RW,92,0.5,1,0.9348289212178986,74,,,,,,,
full,INGV,M_RW,92,1.0,1,0.9199870664722517,84,,,,,,,
full,INGV,M_RW,92,1.5,16,0.9065496104865162,97,,,,,,,
full,INGV,M_RW,92,2.0,12,0.8944514012283703,108,,,,,,,
full,INGV,M_RW,92,3.0,11,0.8726448138914694,121,,,,,,,
full,INGV,M_RW,93,0.1,5,0.9626050268490284,46,,,,,,,
full,INGV,M_RW,93,0.5,9,0.9423165125648216,78,,,,,,,
full,INGV,M_RW,93,1.0,4,0.9249321768016845,98,,,,,,,
full,INGV,M_RW,93,1.5,2,0.9136615207147776,113,,,,,,,
full,INGV,M_RW,93,2.0,9,0.9036209639338915,119,,,,,,,
full,INGV,M_RW,93,3.0,9,0.8849776361698296,128,,,,,,,
full,INGV,M_RW,94,0.1,10,0.9586878889022861,38,,,,,,,
full,INGV,M_RW,94,0.5,19,0.9368788960303133,76,,,,,,,
full,INGV,M_RW,94,1.0,8,0.9193517089382052,91,,,,,,,
full,INGV,M_RW,94,1.5,6,0.9063997188274857,99,,,,,,,
full,INGV,M_RW,94,2.0,9,0.8947305078107934,114,,,,,,,
full,INGV,M_RW,94,3.0,6,0.874973239280819,124,,,,,,,
full,INGV,M_RW,95,0.1,13,0.9610140153248579,35,,,,,,,
full,INGV,M_RW,95,0.5,5,0.9427165052916444,75,,,,,,,
full,INGV,M_RW,95,1.0,5,0.9281729332163515,95,,,,,,,
full,INGV,M_RW,95,1.5,5,0.9163262495936434,103,,,,,,,
full,INGV,M_RW,95,2.0,17,0.9056088785116149,112,,,,,,,
full,INGV,M_RW,95,3.0,17,0.8874888083589876,126,,,,,,,
full,INGV,M_RW,96,0.1,7,0.9574043721897036,45,,,,,,,
full,INGV,M_RW,96,0.5,3,0.9339252589226642,79,,,,,,,
full,INGV,M_RW,96,1.0,15,0.9165989218225893,93,,,,,,,
full,INGV,M_RW,96,1.5,17,0.9032480475155902,106,,,,,,,
full,INGV,M_RW,96,2.0,15,0.8916025326448954,115,,,,,,,
full,INGV,M_RW,96,3.0,19,0.8724943549597562,125,,,,,,,
full,INGV,M_RW,97,0.1,11,0.9589063985332755,37,,,,,,,
full,INGV,M_RW,97,0.5,11,0.9376150965433083,64,,,,,,,
full,INGV,M_RW,97,1.0,1,0.9211377045566828,83,,,,,,,
full,INGV,M_RW,97,1.5,8,0.9079031088915716,95,,,,,,,
full,INGV,M_RW,97,2.0,12345,0.8962694728005385,104,,,,,,,
full,INGV,M_RW,97,3.0,11,0.8764038968182245,118,,,,,,,
full,INGV,M_RW,98,0.1,7,0.9574671954132035,31,,,,,,,
full,INGV,M_RW,98,0.5,6,0.9367201365389395,67,,,,,,,
full,INGV,M_RW,98,1.0,11,0.9212017595770725,82,,,,,,,
full,INGV,M_RW,98,1.5,12345,0.9090156549864302,100,,,,,,,
full,INGV,M_RW,98,2.0,2,0.8981628002475571,108,,,,,,,
full,INGV,M_RW,98,3.0,11,0.8781287352541377,119,,,,,,,
full,INGV,M_RW,99,0.1,1,0.9630752010671421,38,,,,,,,
full,INGV,M_RW,99,0.5,2,0.9453573273454537,74,,,,,,,
full,INGV,M_RW,99,1.0,12,0.9316001497063182,94,,,,,,,
full,INGV,M_RW,99,1.5,13,0.9203480702876634,101,,,,,,,
full,INGV,M_RW,99,2.0,14,0.9105124101820469,111,,,,,,,
full,INGV,M_RW,99,3.0,12,0.8929409986402616,125,,,,,,,
full,INGV,M_RW,100,0.1,5,0.9607185433795135,42,,,,,,,
full,INGV,M_RW,100,0.5,13,0.9429468984456242,79,,,,,,,
full,INGV,M_RW,100,1.0,16,0.9289958307562736,93,,,,,,,
full,INGV,M_RW,100,1.5,11,0.917826320524094,112,,,,,,,
full,INGV,M_RW,100,2.0,6,0.9082243275496936,124,,,,,,,
full,INGV,M_RW,100,3.0,13,0.8912109144131307,132,,,,,,,
full,INGV,M_RW,101,0.1,2,0.9596969652180112,37,,,,,,,
full,INGV,M_RW,101,0.5,2,0.9396526143994459,79,,,,,,,
full,INGV,M_RW,101,1.0,2,0.9258689435186139,93,,,,,,,
full,INGV,M_RW,101,1.5,12,0.9141835420903801,105,,,,,,,
full,INGV,M_RW,101,2.0,1,0.9039964383150793,113,,,,,,,
full,INGV,M_RW,101,3.0,11,0.8863666134969127,124,,,,,,,
full,INGV,M_RW,102,0.1,3,0.9579132377899042,38,,,,,,,
full,INGV,M_RW,102,0.5,12,0.9375661500853645,80,,,,,,,
full,INGV,M_RW,102,1.0,12,0.9226179715132969,94,,,,,,,
full,INGV,M_RW,102,1.5,3,0.9110040610346432,105,,,,,,,
full,INGV,M_RW,102,2.0,15,0.9005210337464219,115,,,,,,,
full,INGV,M_RW,102,3.0,12345,0.8820019366598786,126,,,,,,,
full,INGV,M_RW,103,0.1,1,0.9601530100289699,41,,,,,,,
full,INGV,M_RW,103,0.5,19,0.9378701229383641,74,,,,,,,
full,INGV,M_RW,103,1.0,13,0.922214990948618,93,,,,,,,
full,INGV,M_RW,103,1.5,5,0.9095515296805337,107,,,,,,,
full,INGV,M_RW,103,2.0,6,0.898632197275039,111,,,,,,,
full,INGV,M_RW,103,3.0,1,0.8780728170946909,123,,,,,,,
full,INGV,M_RW,104,0.1,14,0.9579704118102418,35,,,,,,,
full,INGV,M_RW,104,0.5,4,0.9342823346093562,69,,,,,,,
full,INGV,M_RW,104,1.0,3,0.9165738105632482,77,,,,,,,
full,INGV,M_RW,104,1.5,14,0.9022680896224439,91,,,,,,,
full,INGV,M_RW,104,2.0,11,0.8900078485461976,101,,,,,,,
full,INGV,M_RW,104,3.0,7,0.8692905397230237,116,,,,,,,
full,INGV,M_RW,105,0.1,14,0.9638805932575996,39,,,,,,,
full,INGV,M_RW,105,0.5,7,0.9462028354927142,72,,,,,,,
full,INGV,M_RW,105,1.0,3,0.933115262578944,92,,,,,,,
full,INGV,M_RW,105,1.5,11,0.922575822827777,102,,,,,,,
full,INGV,M_RW,105,2.0,3,0.9127335895236943,111,,,,,,,
full,INGV,M_RW,105,3.0,16,0.8946366515419554,122,,,,,,,
full,INGV,M_RW,106,0.1,14,0.9631083264113263,37,,,,,,,
full,INGV,M_RW,106,0.5,3,0.9450032286219799,81,,,,,,,
full,INGV,M_RW,106,1.0,10,0.9314479215738892,96,,,,,,,
full,INGV,M_RW,106,1.5,6,0.920664588569777,109,,,,,,,
full,INGV,M_RW,106,2.0,17,0.9109330014847726,120,,,,,,,
full,INGV,M_RW,106,3.0,3,0.8934562332615836,138,,,,,,,
full,INGV,M_RW,107,0.1,13,0.9583228867875434,36,,,,,,,
full,INGV,M_RW,107,0.5,2,0.9329103810119342,71,,,,,,,
full,INGV,M_RW,107,1.0,1,0.9146672836879247,92,,,,,,,
full,INGV,M_RW,107,1.5,14,0.9009319440715446,108,,,,,,,
full,INGV,M_RW,107,2.0,15,0.8893574199386808,117,,,,,,,
full,INGV,M_RW,107,3.0,6,0.868585377707401,130,,,,,,,
full,INGV,M_RW,108,0.1,12345,0.9624017390950197,41,,,,,,,
full,INGV,M_RW,108,0.5,13,0.9441959258858164,78,,,,,,,
full,INGV,M_RW,108,1.0,19,0.929515017747612,94,,,,,,,
full,INGV,M_RW,108,1.5,19,0.9168727280957983,108,,,,,,,
full,INGV,M_RW,108,2.0,15,0.9057152169057663,119,,,,,,,
full,INGV,M_RW,108,3.0,13,0.8847003508897157,128,,,,,,,
full,INGV,M_RW,109,0.1,3,0.9604120055773168,42,,,,,,,
full,INGV,M_RW,109,0.5,10,0.9405276920426081,76,,,,,,,
full,INGV,M_RW,109,1.0,16,0.925498358801346,99,,,,,,,
full,INGV,M_RW,109,1.5,9,0.9147107505133609,111,,,,,,,
full,INGV,M_RW,109,2.0,1,0.9049219088813248,115,,,,,,,
full,INGV,M_RW,109,3.0,10,0.887145526788871,132,,,,,,,
full,INGV,M_RW,110,0.1,19,0.9547044523309848,37,,,,,,,
full,INGV,M_RW,110,0.5,11,0.9308337642391125,66,,,,,,,
full,INGV,M_RW,110,1.0,11,0.9135160855861524,84,,,,,,,
full,INGV,M_RW,110,1.5,13,0.8987417258587289,93,,,,,,,
full,INGV,M_RW,110,2.0,7,0.8860743908383938,101,,,,,,,
full,INGV,M_RW,110,3.0,3,0.8647859863246986,119,,,,,,,
full,INGV,M_RW,111,0.1,17,0.9590549354043015,39,,,,,,,
full,INGV,M_RW,111,0.5,10,0.9342524186475745,69,,,,,,,
full,INGV,M_RW,111,1.0,9,0.9153931715458222,82,,,,,,,
full,INGV,M_RW,111,1.5,8,0.8998125750814504,93,,,,,,,
full,INGV,M_RW,111,2.0,12,0.8861261120000563,104,,,,,,,
full,INGV,M_RW,111,3.0,13,0.8638160343776894,117,,,,,,,
full,INGV,M_RW,112,0.1,16,0.9600346944052952,34,,,,,,,
full,INGV,M_RW,112,0.5,10,0.9395662110784557,72,,,,,,,
full,INGV,M_RW,112,1.0,9,0.9227863262035827,83,,,,,,,
full,INGV,M_RW,112,1.5,16,0.9098920903936875,98,,,,,,,
full,INGV,M_RW,112,2.0,11,0.8980416442832022,105,,,,,,,
full,INGV,M_RW,112,3.0,12,0.8766623966033287,116,,,,,,,
full,INGV,M_RW,113,0.1,8,0.9563662697694053,37,,,,,,,
full,INGV,M_RW,113,0.5,4,0.9324849590872619,73,,,,,,,
full,INGV,M_RW,113,1.0,16,0.9136870045114202,91,,,,,,,
full,INGV,M_RW,113,1.5,9,0.8985542916879155,102,,,,,,,
full,INGV,M_RW,113,2.0,1,0.8865285614765066,117,,,,,,,
full,INGV,M_RW,113,3.0,8,0.8663050454489414,126,,,,,,,
full,INGV,M_RW,114,0.1,13,0.960181204600914,39,,,,,,,
full,INGV,M_RW,114,0.5,12,0.9410464976744793,69,,,,,,,
full,INGV,M_RW,114,1.0,8,0.9264676215762754,88,,,,,,,
full,INGV,M_RW,114,1.5,3,0.9142810751159767,99,,,,,,,
full,INGV,M_RW,114,2.0,19,0.90333289845805,103,,,,,,,
full,INGV,M_RW,114,3.0,5,0.8838087597817169,122,,,,,,,
full,INGV,M_RW,115,0.1,11,0.9586243900807441,37,,,,,,,
full,INGV,M_RW,115,0.5,1,0.9383530929258183,68,,,,,,,
full,INGV,M_RW,115,1.0,13,0.9240090153336468,85,,,,,,,
full,INGV,M_RW,115,1.5,7,0.9118633897678744,98,,,,,,,
full,INGV,M_RW,115,2.0,2,0.9011017357168525,107,,,,,,,
full,INGV,M_RW,115,3.0,14,0.8814530083771144,120,,,,,,,
full,INGV,M_RW,116,0.1,10,0.9541887988204293,37,,,,,,,
full,INGV,M_RW,116,0.5,4,0.929481413193422,71,,,,,,,
full,INGV,M_RW,116,1.0,17,0.9119913892249512,87,,,,,,,
full,INGV,M_RW,116,1.5,2,0.8970586645853257,99,,,,,,,
full,INGV,M_RW,116,2.0,2,0.8842090671248212,110,,,,,,,
full,INGV,M_RW,116,3.0,18,0.8616274430352275,120,,,,,,,
full,INGV,M_RW,117,0.1,6,0.9635973768322248,37,,,,,,,
full,INGV,M_RW,117,0.5,8,0.9439456979716428,71,,,,,,,
full,INGV,M_RW,117,1.0,9,0.9271282154909906,85,,,,,,,
full,INGV,M_RW,117,1.5,5,0.9130715425145242,102,,,,,,,
full,INGV,M_RW,117,2.0,11,0.902220324462339,115,,,,,,,
full,INGV,M_RW,117,3.0,18,0.8839230436487148,125,,,,,,,
full,INGV,M_RW,118,0.1,19,0.9608361429194565,35,,,,,,,
full,INGV,M_RW,118,0.5,6,0.9413777837526437,66,,,,,,,
full,INGV,M_RW,118,1.0,8,0.9253846415024631,90,,,,,,,
full,INGV,M_RW,118,1.5,9,0.9148483079080163,105,,,,,,,
full,INGV,M_RW,118,2.0,16,0.9050543220146166,111,,,,,,,
full,INGV,M_RW,118,3.0,17,0.8868776177547666,121,,,,,,,
full,INGV,M_RW,119,0.1,12345,0.9540305980490512,33,,,,,,,
full,INGV,M_RW,119,0.5,12345,0.9296584913219361,66,,,,,,,
full,INGV,M_RW,119,1.0,12345,0.9133744768282763,85,,,,,,,
full,INGV,M_RW,119,1.5,3,0.9004923034497607,101,,,,,,,
full,INGV,M_RW,119,2.0,7,0.8893131732042527,111,,,,,,,
full,INGV,M_RW,119,3.0,16,0.8701624955678285,126,,,,,,,
full,INGV,M_RW,120,0.1,2,0.950602154488697,32,,,,,,,
full,INGV,M_RW,120,0.5,12,0.9260452400651081,65,,,,,,,
full,INGV,M_RW,120,1.0,15,0.9082460928687531,83,,,,,,,
full,INGV,M_RW,120,1.5,4,0.8938515921609836,89,,,,,,,
full,INGV,M_RW,120,2.0,5,0.8815127742683523,98,,,,,,,
full,INGV,M_RW,120,3.0,10,0.8596843042536124,115,,,,,,,
full,INGV,M_RW,121,0.1,18,0.9630821719127141,41,,,,,,,
full,INGV,M_RW,121,0.5,8,0.943915456675958,75,,,,,,,
full,INGV,M_RW,121,1.0,7,0.9294339161756396,89,,,,,,,
full,INGV,M_RW,121,1.5,16,0.9167615757049652,101,,,,,,,
full,INGV,M_RW,121,2.0,2,0.9056219758571259,114,,,,,,,
full,INGV,M_RW,121,3.0,19,0.8865519108322895,129,,,,,,,
full,INGV,M_RW,122,0.1,6,0.9594533728171538,36,,,,,,,
full,INGV,M_RW,122,0.5,1,0.9370860981405773,77,,,,,,,
full,INGV,M_RW,122,1.0,4,0.9211002957506057,91,,,,,,,
full,INGV,M_RW,122,1.5,9,0.9080644329066798,99,,,,,,,
full,INGV,M_RW,122,2.0,9,0.8961701603303487,109,,,,,,,
full,INGV,M_RW,122,3.0,15,0.8754856402126188,125,,,,,,,
full,INGV,M_RW,123,0.1,10,0.9576799794912052,34,,,,,,,
full,INGV,M_RW,123,0.5,11,0.9363045891622132,70,,,,,,,
full,INGV,M_RW,123,1.0,1,0.9202591901354007,86,,,,,,,
full,INGV,M_RW,123,1.5,11,0.9075768881663397,98,,,,,,,
full,INGV,M_RW,123,2.0,4,0.8956354138425997,106,,,,,,,
full,INGV,M_RW,123,3.0,3,0.8743097798242491,121,,,,,,,
full,INGV,M_RW,124,0.1,5,0.9643159673765688,41,,,,,,,
full,INGV,M_RW,124,0.5,6,0.9454725907854139,74,,,,,,,
full,INGV,M_RW,124,1.0,13,0.929628768906605,91,,,,,,,
full,INGV,M_RW,124,1.5,1,0.9164989128245973,105,,,,,,,
full,INGV,M_RW,124,2.0,12,0.9050738996077258,113,,,,,,,
full,INGV,M_RW,124,3.0,14,0.8848153317595708,123,,,,,,,
full,INGV,M_RW,125,0.1,12345,0.9576870111239493,32,,,,,,,
full,INGV,M_RW,125,0.5,3,0.9341427366383652,69,,,,,,,
full,INGV,M_RW,125,1.0,3,0.9188015847825775,91,,,,,,,
full,INGV,M_RW,125,1.5,16,0.9066156423576612,98,,,,,,,
full,INGV,M_RW,125,2.0,2,0.8949249055387831,106,,,,,,,
full,INGV,M_RW,125,3.0,15,0.8737452569861677,116,,,,,,,
full,INGV,M_RW,126,0.1,18,0.9603095249409841,40,,,,,,,
full,INGV,M_RW,126,0.5,10,0.9409075108620647,75,,,,,,,
full,INGV,M_RW,126,1.0,12,0.9252897096696096,95,,,,,,,
full,INGV,M_RW,126,1.5,14,0.9127174973541452,110,,,,,,,
full,INGV,M_RW,126,2.0,14,0.9015178640590369,116,,,,,,,
full,INGV,M_RW,126,3.0,15,0.8835795203137711,135,,,,,,,
full,INGV,M_RW,127,0.1,12,0.9543471628587913,30,,,,,,,
full,INGV,M_RW,127,0.5,18,0.9272599599749344,65,,,,,,,
full,INGV,M_RW,127,1.0,8,0.9079007814565686,80,,,,,,,
full,INGV,M_RW,127,1.5,18,0.8922401826791323,92,,,,,,,
full,INGV,M_RW,127,2.0,18,0.8786913816301088,101,,,,,,,
full,INGV,M_RW,127,3.0,16,0.8545146988440726,114,,,,,,,
full,INGV,M_RW,128,0.1,19,0.9622376051558034,40,,,,,,,
full,INGV,M_RW,128,0.5,1,0.9420764053785102,84,,,,,,,
full,INGV,M_RW,128,1.0,10,0.9285960330965848,92,,,,,,,
full,INGV,M_RW,128,1.5,15,0.9174604530654996,105,,,,,,,
full,INGV,M_RW,128,2.0,10,0.9072153077329053,114,,,,,,,
full,INGV,M_RW,128,3.0,8,0.888396452707124,130,,,,,,,
full,INGV,M_RW,129,0.1,18,0.9579509447131864,40,,,,,,,
full,INGV,M_RW,129,0.5,17,0.9363353255953544,75,,,,,,,
full,INGV,M_RW,129,1.0,8,0.9210619746758836,95,,,,,,,
full,INGV,M_RW,129,1.5,11,0.9085927327550279,102,,,,,,,
full,INGV,M_RW,129,2.0,18,0.8974392110102968,110,,,,,,,
full,INGV,M_RW,129,3.0,6,0.8775593351487821,123,,,,,,,
full,INGV,M_RW,130,0.1,2,0.9583553390056541,38,,,,,,,
full,INGV,M_RW,130,0.5,7,0.9339688899924942,69,,,,,,,
full,INGV,M_RW,130,1.0,7,0.9169121575237675,94,,,,,,,
full,INGV,M_RW,130,1.5,8,0.9031286753712141,103,,,,,,,
full,INGV,M_RW,130,2.0,9,0.890984775776046,111,,,,,,,
full,INGV,M_RW,130,3.0,16,0.8699917664531999,127,,,,,,,
full,INGV,M_RW,131,0.1,7,0.9568303963181035,33,,,,,,,
full,INGV,M_RW,131,0.5,11,0.935921630503113,65,,,,,,,
full,INGV,M_RW,131,1.0,9,0.9197854792912994,90,,,,,,,
full,INGV,M_RW,131,1.5,9,0.9075170779343914,101,,,,,,,
full,INGV,M_RW,131,2.0,18,0.8962643619037866,110,,,,,,,
full,INGV,M_RW,131,3.0,6,0.8756713452346994,122,,,,,,,
full,INGV,M_RW,132,0.1,17,0.9575376593329133,37,,,,,,,
full,INGV,M_RW,132,0.5,15,0.9368144623421133,78,,,,,,,
full,INGV,M_RW,132,1.0,16,0.9227085310362739,89,,,,,,,
full,INGV,M_RW,132,1.5,9,0.9099949909554309,100,,,,,,,
full,INGV,M_RW,132,2.0,12,0.8980597561255068,111,,,,,,,
full,INGV,M_RW,132,3.0,19,0.8772519243030421,119,,,,,,,
full,INGV,M_RW,133,0.1,2,0.9616751822927139,39,,,,,,,
full,INGV,M_RW,133,0.5,2,0.943258389894968,81,,,,,,,
full,INGV,M_RW,133,1.0,5,0.9295133580252063,98,,,,,,,
full,INGV,M_RW,133,1.5,18,0.9178945116966704,112,,,,,,,
full,INGV,M_RW,133,2.0,7,0.9070612558039439,125,,,,,,,
full,INGV,M_RW,133,3.0,2,0.8894227048405707,142,,,,,,,
full,INGV,M_RW,134,0.1,4,0.9579580108718431,39,,,,,,,
full,INGV,M_RW,134,0.5,4,0.9345432462735926,68,,,,,,,
full,INGV,M_RW,134,1.0,13,0.9170769837715752,91,,,,,,,
full,INGV,M_RW,134,1.5,16,0.9029638595298942,107,,,,,,,
full,INGV,M_RW,134,2.0,12,0.8906191872847891,118,,,,,,,
full,INGV,M_RW,134,3.0,1,0.8698106466518475,131,,,,,,,
full,INGV,M_RW,135,0.1,9,0.9514305776529908,32,,,,,,,
full,INGV,M_RW,135,0.5,17,0.9270917739219965,66,,,,,,,
full,INGV,M_RW,135,1.0,11,0.9093999095017947,82,,,,,,,
full,INGV,M_RW,135,1.5,10,0.8954140813450343,93,,,,,,,
full,INGV,M_RW,135,2.0,10,0.8825277863886362,104,,,,,,,
full,INGV,M_RW,135,3.0,19,0.8621959255613263,119,,,,,,,
full,INGV,M_RW,136,0.1,1,0.9605127111983504,37,,,,,,,
full,INGV,M_RW,136,0.5,1,0.9415281568982619,75,,,,,,,
full,INGV,M_RW,136,1.0,14,0.9280813700002921,92,,,,,,,
full,INGV,M_RW,136,1.5,16,0.9173045653893745,108,,,,,,,
full,INGV,M_RW,136,2.0,12345,0.9077185018540161,116,,,,,,,
full,INGV,M_RW,136,3.0,5,0.8912579261153875,130,,,,,,,
full,INGV,M_RW,137,0.1,16,0.9616250795586098,39,,,,,,,
full,INGV,M_RW,137,0.5,13,0.9377505982788801,72,,,,,,,
full,INGV,M_RW,137,1.0,6,0.9217040436693764,86,,,,,,,
full,INGV,M_RW,137,1.5,16,0.9102918869974981,103,,,,,,,
full,INGV,M_RW,137,2.0,13,0.8998228694598032,110,,,,,,,
full,INGV,M_RW,137,3.0,14,0.8806673484526848,120,,,,,,,
full,INGV,M_RW,138,0.1,3,0.9602793491939027,34,,,,,,,
full,INGV,M_RW,138,0.5,13,0.9398892149545619,76,,,,,,,
full,INGV,M_RW,138,1.0,13,0.9249571448987577,93,,,,,,,
full,INGV,M_RW,138,1.5,16,0.9130976639063232,102,,,,,,,
full,INGV,M_RW,138,2.0,12,0.9032224253860466,109,,,,,,,
full,INGV,M_RW,138,3.0,16,0.8859529039242126,121,,,,,,,
full,INGV,M_RW,139,0.1,12,0.962429172880106,33,,,,,,,
full,INGV,M_RW,139,0.5,1,0.942420635427808,68,,,,,,,
full,INGV,M_RW,139,1.0,5,0.926246933661809,87,,,,,,,
full,INGV,M_RW,139,1.5,3,0.9131045326481173,100,,,,,,,
full,INGV,M_RW,139,2.0,17,0.9018164372741189,110,,,,,,,
full,INGV,M_RW,139,3.0,2,0.8818304031050898,118,,,,,,,
full,INGV,M_RW,140,0.1,8,0.9581085937175099,45,,,,,,,
full,INGV,M_RW,140,0.5,1,0.9321448691695562,80,,,,,,,
full,INGV,M_RW,140,1.0,15,0.9148076684295647,99,,,,,,,
full,INGV,M_RW,140,1.5,19,0.9004487577300886,108,,,,,,,
full,INGV,M_RW,140,2.0,12345,0.8872568499193008,113,,,,,,,
full,INGV,M_RW,140,3.0,13,0.863304759341708,128,,,,,,,
full,INGV,M_RW,141,0.1,10,0.9589525399751226,35,,,,,,,
full,INGV,M_RW,141,0.5,17,0.9368652398004019,63,,,,,,,
full,INGV,M_RW,141,1.0,3,0.9193224133455802,84,,,,,,,
full,INGV,M_RW,141,1.5,4,0.905153043984911,101,,,,,,,
full,INGV,M_RW,141,2.0,16,0.8930300815498416,111,,,,,,,
full,INGV,M_RW,141,3.0,3,0.8715075424999628,125,,,,,,,
full,INGV,M_RW,142,0.1,15,0.9593797852013101,37,,,,,,,
full,INGV,M_RW,142,0.5,14,0.9387554623824814,69,,,,,,,
full,INGV,M_RW,142,1.0,18,0.9228936598719403,92,,,,,,,
full,INGV,M_RW,142,1.5,18,0.9099943249900497,102,,,,,,,
full,INGV,M_RW,142,2.0,5,0.8978987344665509,113,,,,,,,
full,INGV,M_RW,142,3.0,16,0.8774805835680183,124,,,,,,,
full,INGV,M_RW,143,0.1,13,0.9599371787250703,34,,,,,,,
full,INGV,M_RW,143,0.5,6,0.9405268920318914,67,,,,,,,
full,INGV,M_RW,143,1.0,13,0.9261613981129142,84,,,,,,,
full,INGV,M_RW,143,1.5,19,0.915208926516694,96,,,,,,,
full,INGV,M_RW,143,2.0,8,0.9051424921316608,106,,,,,,,
full,INGV,M_RW,143,3.0,3,0.8863042313385366,119,,,,,,,
full,INGV,M_RW,144,0.1,6,0.9582460585724282,42,,,,,,,
full,INGV,M_RW,144,0.5,6,0.9358456430337281,79,,,,,,,
full,INGV,M_RW,144,1.0,1,0.9206282155032243,103,,,,,,,
full,INGV,M_RW,144,1.5,8,0.9083919795095216,117,,,,,,,
full,INGV,M_RW,144,2.0,7,0.8975120283769912,121,,,,,,,
full,INGV,M_RW,144,3.0,10,0.8790094257371608,142,,,,,,,
full,INGV,M_RW,145,0.1,8,0.9621086010797696,35,,,,,,,
full,INGV,M_RW,145,0.5,7,0.9438823561874721,70,,,,,,,
full,INGV,M_RW,145,1.0,18,0.9301225081954633,90,,,,,,,
full,INGV,M_RW,145,1.5,7,0.9185155385336202,103,,,,,,,
full,INGV,M_RW,145,2.0,13,0.9081293639992405,112,,,,,,,
full,INGV,M_RW,145,3.0,8,0.8896469623509141,129,,,,,,,
full,INGV,M_RW,146,0.1,1,0.9588275008220803,35,,,,,,,
full,INGV,M_RW,146,0.5,8,0.9366999465210656,64,,,,,,,
full,INGV,M_RW,146,1.0,15,0.9190857372295775,88,,,,,,,
full,INGV,M_RW,146,1.5,6,0.9059966319118123,101,,,,,,,
full,INGV,M_RW,146,2.0,12345,0.894276683902483,107,,,,,,,
full,INGV,M_RW,146,3.0,5,0.8725708955192555,115,,,,,,,
full,INGV,M_RW,147,0.1,9,0.9594937195785687,40,,,,,,,
full,INGV,M_RW,147,0.5,3,0.9368726592410455,73,,,,,,,
full,INGV,M_RW,147,1.0,18,0.9205527650831369,94,,,,,,,
full,INGV,M_RW,147,1.5,16,0.9070163780826329,106,,,,,,,
full,INGV,M_RW,147,2.0,3,0.8950977378333556,115,,,,,,,
full,INGV,M_RW,147,3.0,4,0.8752656798137899,131,,,,,,,
full,INGV,M_RW,148,0.1,1,0.957580935656848,32,,,,,,,
full,INGV,M_RW,148,0.5,2,0.9360643982328956,69,,,,,,,
full,INGV,M_RW,148,1.0,11,0.9194105492628359,85,,,,,,,
full,INGV,M_RW,148,1.5,9,0.9063100145792922,96,,,,,,,
full,INGV,M_RW,148,2.0,1,0.8944572148082726,101,,,,,,,
full,INGV,M_RW,148,3.0,5,0.8726660559053608,117,,,,,,,
full,INGV,M_RW,149,0.1,12345,0.9550840059218186,42,,,,,,,
full,INGV,M_RW,149,0.5,11,0.9316139602778357,73,,,,,,,
full,INGV,M_RW,149,1.0,17,0.9139028378300662,91,,,,,,,
full,INGV,M_RW,149,1.5,5,0.9002187154590374,105,,,,,,,
full,INGV,M_RW,149,2.0,6,0.8885690580764899,107,,,,,,,
full,INGV,M_RW,149,3.0,13,0.8665979288157373,122,,,,,,,
full,INGV,M_RW,150,0.1,12345,0.9598195484925638,40,,,,,,,
full,INGV,M_RW,150,0.5,14,0.935033775614103,68,,,,,,,
full,INGV,M_RW,150,1.0,5,0.9168026387967426,87,,,,,,,
full,INGV,M_RW,150,1.5,13,0.9027615135635148,103,,,,,,,
full,INGV,M_RW,150,2.0,13,0.8907989473008118,109,,,,,,,
full,INGV,M_RW,150,3.0,4,0.8696304058223283,122,,,,,,,
full,INGV,M_RW,151,0.1,10,0.9596701844205402,39,,,,,,,
full,INGV,M_RW,151,0.5,11,0.9396376713176527,76,,,,,,,
full,INGV,M_RW,151,1.0,14,0.9235488496959379,88,,,,,,,
full,INGV,M_RW,151,1.5,6,0.9107971309175,96,,,,,,,
full,INGV,M_RW,151,2.0,2,0.8999347428105497,106,,,,,,,
full,INGV,M_RW,151,3.0,9,0.8814012605496367,125,,,,,,,
full,INGV,M_RW,152,0.1,14,0.9602124631568987,43,,,,,,,
full,INGV,M_RW,152,0.5,6,0.9401825652977194,80,,,,,,,
full,INGV,M_RW,152,1.0,4,0.9244672067462865,92,,,,,,,
full,INGV,M_RW,152,1.5,3,0.910141347873987,101,,,,,,,
full,INGV,M_RW,152,2.0,2,0.8971575455270052,114,,,,,,,
full,INGV,M_RW,152,3.0,2,0.8753529356760545,131,,,,,,,
full,INGV,M_RW,153,0.1,10,0.9602732300087703,39,,,,,,,
full,INGV,M_RW,153,0.5,10,0.9391823784190515,66,,,,,,,
full,INGV,M_RW,153,1.0,3,0.9227377897075244,88,,,,,,,
full,INGV,M_RW,153,1.5,5,0.9098478154236487,97,,,,,,,
full,INGV,M_RW,153,2.0,5,0.8990774830369107,108,,,,,,,
full,INGV,M_RW,153,3.0,6,0.8804801446558664,127,,,,,,,
full,INGV,M_RW,154,0.1,18,0.9579090737714607,38,,,,,,,
full,INGV,M_RW,154,0.5,15,0.9381401874435591,78,,,,,,,
full,INGV,M_RW,154,1.0,10,0.9230871518381167,92,,,,,,,
full,INGV,M_RW,154,1.5,1,0.9101550730142303,100,,,,,,,
full,INGV,M_RW,154,2.0,16,0.8991823263012291,110,,,,,,,
full,INGV,M_RW,154,3.0,7,0.8788143211375598,123,,,,,,,
full,INGV,M_RW,155,0.1,4,0.9612948784282982,41,,,,,,,
full,INGV,M_RW,155,0.5,9,0.9409189686147362,65,,,,,,,
full,INGV,M_RW,155,1.0,1,0.9241902009720042,84,,,,,,,
full,INGV,M_RW,155,1.5,15,0.9100296320712346,92,,,,,,,
full,INGV,M_RW,155,2.0,4,0.8977220653317886,103,,,,,,,
full,INGV,M_RW,155,3.0,19,0.8772107907522059,118,,,,,,,
full,INGV,M_RW,156,0.1,3,0.9645050913228462,37,,,,,,,
full,INGV,M_RW,156,0.5,11,0.9455885447370305,75,,,,,,,
full,INGV,M_RW,156,1.0,12,0.9312911489748142,91,,,,,,,
full,INGV,M_RW,156,1.5,7,0.9192283666955338,105,,,,,,,
full,INGV,M_RW,156,2.0,1,0.9079681783418496,117,,,,,,,
full,INGV,M_RW,156,3.0,18,0.8871615003358722,130,,,,,,,
full,INGV,M_RW,157,0.1,2,0.9520532693641838,39,,,,,,,
full,INGV,M_RW,157,0.5,16,0.9272216875465081,72,,,,,,,
full,INGV,M_RW,157,1.0,6,0.9102683752513696,95,,,,,,,
full,INGV,M_RW,157,1.5,9,0.8975932845010778,109,,,,,,,
full,INGV,M_RW,157,2.0,11,0.8869764486362839,114,,,,,,,
full,INGV,M_RW,157,3.0,1,0.8665203334429841,125,,,,,,,
full,INGV,M_RW,158,0.1,2,0.9600303714612917,41,,,,,,,
full,INGV,M_RW,158,0.5,6,0.9365469521513283,72,,,,,,,
full,INGV,M_RW,158,1.0,9,0.9184820762085387,91,,,,,,,
full,INGV,M_RW,158,1.5,12345,0.9043530527527529,102,,,,,,,
full,INGV,M_RW,158,2.0,10,0.8916634078614248,112,,,,,,,
full,INGV,M_RW,158,3.0,15,0.8690672152568739,126,,,,,,,
full,INGV,M_RW,159,0.1,6,0.9580249847772133,34,,,,,,,
full,INGV,M_RW,159,0.5,19,0.9362742966967929,62,,,,,,,
full,INGV,M_RW,159,1.0,18,0.9195137925839157,83,,,,,,,
full,INGV,M_RW,159,1.5,2,0.9069343304708791,98,,,,,,,
full,INGV,M_RW,159,2.0,16,0.8954849136463386,97,,,,,,,
full,INGV,M_RW,159,3.0,4,0.874291874441458,111,,,,,,,
full,INGV,M_RW,160,0.1,11,0.960863133444248,32,,,,,,,
full,INGV,M_RW,160,0.5,4,0.9393091121533489,68,,,,,,,
full,INGV,M_RW,160,1.0,13,0.9210449203387897,85,,,,,,,
full,INGV,M_RW,160,1.5,3,0.9065977253353548,96,,,,,,,
full,INGV,M_RW,160,2.0,14,0.8939893389042091,106,,,,,,,
full,INGV,M_RW,160,3.0,12345,0.873119585324835,120,,,,,,,
full,INGV,M_RW,161,0.1,2,0.9617815135495237,38,,,,,,,
full,INGV,M_RW,161,0.5,15,0.940579591843058,72,,,,,,,
full,INGV,M_RW,161,1.0,14,0.9257907440129629,91,,,,,,,
full,INGV,M_RW,161,1.5,15,0.913652402761253,100,,,,,,,
full,INGV,M_RW,161,2.0,6,0.9023819267025752,106,,,,,,,
full,INGV,M_RW,161,3.0,8,0.8826257392285651,125,,,,,,,
full,INGV,M_RW,162,0.1,11,0.961274268189276,32,,,,,,,
full,INGV,M_RW,162,0.5,6,0.9435404983411918,71,,,,,,,
full,INGV,M_RW,162,1.0,19,0.9295387635165248,92,,,,,,,
full,INGV,M_RW,162,1.5,4,0.9184028856335819,109,,,,,,,
full,INGV,M_RW,162,2.0,16,0.9079797674618989,118,,,,,,,
full,INGV,M_RW,162,3.0,17,0.8886603013983975,128,,,,,,,
full,INGV,M_RW,163,0.1,6,0.9592016573514576,34,,,,,,,
full,INGV,M_RW,163,0.5,4,0.9386169639899122,71,,,,,,,
full,INGV,M_RW,163,1.0,3,0.9212016223353777,92,,,,,,,
full,INGV,M_RW,163,1.5,11,0.9075808610093586,99,,,,,,,
full,INGV,M_RW,163,2.0,11,0.8959927346423051,113,,,,,,,
full,INGV,M_RW,163,3.0,10,0.8763790317880901,124,,,,,,,
full,INGV,M_RW,164,0.1,6,0.9600062860225849,37,,,,,,,
full,INGV,M_RW,164,0.5,15,0.9386200929045179,66,,,,,,,
full,INGV,M_RW,164,1.0,16,0.9226539845779204,85,,,,,,,
full,INGV,M_RW,164,1.5,18,0.9095179461218322,97,,,,,,,
full,INGV,M_RW,164,2.0,3,0.8979138418909322,102,,,,,,,
full,INGV,M_RW,164,3.0,12345,0.8770434126937905,111,,,,,,,
full,INGV,M_RW,165,0.1,12,0.9589367281860742,36,,,,,,,
full,INGV,M_RW,165,0.5,12,0.9353316679901269,69,,,,,,,
full,INGV,M_RW,165,1.0,18,0.9187466267164693,95,,,,,,,
full,INGV,M_RW,165,1.5,3,0.9059369305793417,105,,,,,,,
full,INGV,M_RW,165,2.0,6,0.8948386320910547,108,,,,,,,
full,INGV,M_RW,165,3.0,1,0.8748272967820047,126,,,,,,,
full,INGV,M_RW,166,0.1,8,0.9588572287124943,32,,,,,,,
full,INGV,M_RW,166,0.5,6,0.9391909709336324,71,,,,,,,
full,INGV,M_RW,166,1.0,6,0.9255521712862055,87,,,,,,,
full,INGV,M_RW,166,1.5,1,0.9144765828661033,103,,,,,,,
full,INGV,M_RW,166,2.0,13,0.9044397622926627,110,,,,,,,
full,INGV,M_RW,166,3.0,12,0.8864372679274611,128,,,,,,,
full,INGV,M_RW,167,0.1,2,0.9568166091807606,36,,,,,,,
full,INGV,M_RW,167,0.5,10,0.9320121616667449,68,,,,,,,
full,INGV,M_RW,167,1.0,9,0.9153060449541568,92,,,,,,,
full,INGV,M_RW,167,1.5,19,0.9013698230435025,103,,,,,,,
full,INGV,M_RW,167,2.0,2,0.8891089223908017,106,,,,,,,
full,INGV,M_RW,167,3.0,2,0.8658818178506807,119,,,,,,,
full,INGV,M_RW,168,0.1,2,0.9534907104720235,32,,,,,,,
full,INGV,M_RW,168,0.5,6,0.9309836025712321,63,,,,,,,
full,INGV,M_RW,168,1.0,4,0.9140991292534447,79,,,,,,,
full,INGV,M_RW,168,1.5,10,0.8989837960891063,92,,,,,,,
full,INGV,M_RW,168,2.0,6,0.8868642496326847,100,,,,,,,
full,INGV,M_RW,168,3.0,4,0.8654425370125796,113,,,,,,,
full,INGV,M_RW,169,0.1,4,0.959290720354709,34,,,,,,,
full,INGV,M_RW,169,0.5,14,0.935051237927159,68,,,,,,,
full,INGV,M_RW,169,1.0,13,0.919341130379468,86,,,,,,,
full,INGV,M_RW,169,1.5,17,0.9064838178749047,103,,,,,,,
full,INGV,M_RW,169,2.0,7,0.8957418328027832,109,,,,,,,
full,INGV,M_RW,169,3.0,7,0.8755938705311984,116,,,,,,,
full,INGV,M_RW,170,0.1,16,0.9573625797102727,35,,,,,,,
full,INGV,M_RW,170,0.5,3,0.9345676299854576,72,,,,,,,
full,INGV,M_RW,170,1.0,9,0.9189838226726267,97,,,,,,,
full,INGV,M_RW,170,1.5,5,0.9072076891965885,106,,,,,,,
full,INGV,M_RW,170,2.0,18,0.8962392371389,113,,,,,,,
full,INGV,M_RW,170,3.0,16,0.8770836427508834,128,,,,,,,
full,INGV,M_RW,171,0.1,18,0.953403385137009,39,,,,,,,
full,INGV,M_RW,171,0.5,4,0.9300054843957576,71,,,,,,,
full,INGV,M_RW,171,1.0,12,0.9130739094254721,91,,,,,,,
full,INGV,M_RW,171,1.5,3,0.8994974957214796,103,,,,,,,
full,INGV,M_RW,171,2.0,11,0.8878381267276862,113,,,,,,,
full,INGV,M_RW,171,3.0,12,0.8680970596402868,125,,,,,,,
full,INGV,M_RW,172,0.1,17,0.9579693696716647,36,,,,,,,
full,INGV,M_RW,172,0.5,18,0.9388169754124633,75,,,,,,,
full,INGV,M_RW,172,1.0,13,0.9233199474280911,91,,,,,,,
full,INGV,M_RW,172,1.5,7,0.9108049150964566,99,,,,,,,
full,INGV,M_RW,172,2.0,18,0.8992337725372382,102,,,,,,,
full,INGV,M_RW,172,3.0,9,0.8798210389396104,117,,,,,,,
full,INGV,M_RW,173,0.1,1,0.9580480243156186,45,,,,,,,
full,INGV,M_RW,173,0.5,4,0.9353237191770672,82,,,,,,,
full,INGV,M_RW,173,1.0,14,0.9182767326367969,97,,,,,,,
full,INGV,M_RW,173,1.5,5,0.9046975039182273,111,,,,,,,
full,INGV,M_RW,173,2.0,12345,0.8932512528563435,123,,,,,,,
full,INGV,M_RW,173,3.0,16,0.8721746677222697,130,,,,,,,
full,INGV,M_RW,174,0.1,9,0.9554244561190094,36,,,,,,,
full,INGV,M_RW,174,0.5,5,0.9348238123026719,76,,,,,,,
full,INGV,M_RW,174,1.0,3,0.9189513271504732,96,,,,,,,
full,INGV,M_RW,174,1.5,8,0.9061833083359184,108,,,,,,,
full,INGV,M_RW,174,2.0,19,0.89513513028384,125,,,,,,,
full,INGV,M_RW,174,3.0,17,0.8761419659169564,136,,,,,,,
full,INGV,M_RW,175,0.1,3,0.9633204534170245,41,,,,,,,
full,INGV,M_RW,175,0.5,14,0.9450280073244608,75,,,,,,,
full,INGV,M_RW,175,1.0,16,0.9296235290910434,93,,,,,,,
full,INGV,M_RW,175,1.5,3,0.9166812355958909,102,,,,,,,
full,INGV,M_RW,175,2.0,8,0.9052712477797975,113,,,,,,,
full,INGV,M_RW,175,3.0,18,0.8856561622488326,121,,,,,,,
full,INGV,M_RW,176,0.1,9,0.9631035653333355,38,,,,,,,
full,INGV,M_RW,176,0.5,14,0.9449084075266156,70,,,,,,,
full,INGV,M_RW,176,1.0,9,0.9307261483980722,89,,,,,,,
full,INGV,M_RW,176,1.5,7,0.9193359915140971,97,,,,,,,
full,INGV,M_RW,176,2.0,12,0.908725420794432,106,,,,,,,
full,INGV,M_RW,176,3.0,6,0.8897760099801855,119,,,,,,,
full,INGV,M_RW,177,0.1,9,0.9583069302914373,42,,,,,,,
full,INGV,M_RW,177,0.5,7,0.9331857145234959,73,,,,,,,
full,INGV,M_RW,177,1.0,1,0.9158359206152081,94,,,,,,,
full,INGV,M_RW,177,1.5,11,0.9022380255691704,105,,,,,,,
full,INGV,M_RW,177,2.0,7,0.8907023961156049,112,,,,,,,
full,INGV,M_RW,177,3.0,8,0.8707139591707407,126,,,,,,,
full,INGV,M_RW,178,0.1,3,0.9632588505102432,44,,,,,,,
full,INGV,M_RW,178,0.5,15,0.942921765325769,75,,,,,,,
full,INGV,M_RW,178,1.0,13,0.9274240626387208,94,,,,,,,
full,INGV,M_RW,178,1.5,13,0.9147568949623383,106,,,,,,,
full,INGV,M_RW,178,2.0,2,0.9044878552101344,112,,,,,,,
full,INGV,M_RW,178,3.0,4,0.8861896706167263,123,,,,,,,
full,INGV,M_RW,179,0.1,18,0.9582080583999164,31,,,,,,,
full,INGV,M_RW,179,0.5,10,0.93450471533225,67,,,,,,,
full,INGV,M_RW,179,1.0,8,0.9175011009789268,86,,,,,,,
full,INGV,M_RW,179,1.5,9,0.903240785060269,95,,,,,,,
full,INGV,M_RW,179,2.0,9,0.8903765740370032,104,,,,,,,
full,INGV,M_RW,179,3.0,5,0.8663365692979205,115,,,,,,,
full,INGV,M_RW,180,0.1,12,0.9616311214806911,34,,,,,,,
full,INGV,M_RW,180,0.5,13,0.9412248612457613,69,,,,,,,
full,INGV,M_RW,180,1.0,15,0.9240018220806064,83,,,,,,,
full,INGV,M_RW,180,1.5,5,0.910967239329915,99,,,,,,,
full,INGV,M_RW,180,2.0,2,0.8997875106099827,105,,,,,,,
full,INGV,M_RW,180,3.0,1,0.8794089415913333,118,,,,,,,
full,INGV,M_RW,181,0.1,4,0.9602237579679944,36,,,,,,,
full,INGV,M_RW,181,0.5,15,0.9377759780558242,69,,,,,,,
full,INGV,M_RW,181,1.0,6,0.9213487346294784,89,,,,,,,
full,INGV,M_RW,181,1.5,7,0.9076953985756713,100,,,,,,,
full,INGV,M_RW,181,2.0,16,0.8961209256391668,109,,,,,,,
full,INGV,M_RW,181,3.0,1,0.8765283313846521,121,,,,,,,
full,INGV,M_RW,182,0.1,4,0.9567775121895176,30,,,,,,,
full,INGV,M_RW,182,0.5,19,0.9328867680227219,64,,,,,,,
full,INGV,M_RW,182,1.0,13,0.9162337477176192,87,,,,,,,
full,INGV,M_RW,182,1.5,8,0.9029177224187539,93,,,,,,,
full,INGV,M_RW,182,2.0,18,0.8902919145890902,99,,,,,,,
full,INGV,M_RW,182,3.0,12345,0.8673259178447258,113,,,,,,,
full,INGV,M_RW,183,0.1,15,0.9644243304480025,33,,,,,,,
full,INGV,M_RW,183,0.5,6,0.9452185492232904,62,,,,,,,
full,INGV,M_RW,183,1.0,5,0.9299412926900023,83,,,,,,,
full,INGV,M_RW,183,1.5,5,0.9173434619592796,94,,,,,,,
full,INGV,M_RW,183,2.0,11,0.9072215718576347,104,,,,,,,
full,INGV,M_RW,183,3.0,18,0.8886479843544844,118,,,,,,,
full,INGV,M_RW,184,0.1,4,0.9558238011943259,37,,,,,,,
full,INGV,M_RW,184,0.5,6,0.9346493838225113,74,,,,,,,
full,INGV,M_RW,184,1.0,5,0.9201536813257235,95,,,,,,,
full,INGV,M_RW,184,1.5,16,0.90863279213367,109,,,,,,,
full,INGV,M_RW,184,2.0,6,0.8983611979421302,118,,,,,,,
full,INGV,M_RW,184,3.0,7,0.8795482557185843,131,,,,,,,
full,INGV,M_RW,185,0.1,14,0.9537527405993765,33,,,,,,,
full,INGV,M_RW,185,0.5,19,0.928935634158829,67,,,,,,,
full,INGV,M_RW,185,1.0,3,0.9097978783660146,86,,,,,,,
full,INGV,M_RW,185,1.5,4,0.8934227945354856,94,,,,,,,
full,INGV,M_RW,185,2.0,16,0.880319466319142,104,,,,,,,
full,INGV,M_RW,185,3.0,5,0.8578264251472913,113,,,,,,,
full,INGV,M_RW,186,0.1,3,0.9547458657614223,33,,,,,,,
full,INGV,M_RW,186,0.5,12345,0.9320874766850744,72,,,,,,,
full,INGV,M_RW,186,1.0,5,0.91483850914952,87,,,,,,,
full,INGV,M_RW,186,1.5,3,0.9005827458077272,97,,,,,,,
full,INGV,M_RW,186,2.0,19,0.8886763180432499,108,,,,,,,
full,INGV,M_RW,186,3.0,12,0.8673951100084231,121,,,,,,,
full,INGV,M_RW,187,0.1,12,0.9556876446698053,36,,,,,,,
full,INGV,M_RW,187,0.5,6,0.932644691433019,57,,,,,,,
full,INGV,M_RW,187,1.0,13,0.9137495602327464,79,,,,,,,
full,INGV,M_RW,187,1.5,5,0.8994136742129869,91,,,,,,,
full,INGV,M_RW,187,2.0,2,0.8870500250455359,97,,,,,,,
full,INGV,M_RW,187,3.0,17,0.8655381307370343,113,,,,,,,
full,INGV,M_RW,188,0.1,7,0.9577139193353148,41,,,,,,,
full,INGV,M_RW,188,0.5,19,0.9365121646911294,73,,,,,,,
full,INGV,M_RW,188,1.0,1,0.9206370458471499,92,,,,,,,
full,INGV,M_RW,188,1.5,9,0.9077883448811078,100,,,,,,,
full,INGV,M_RW,188,2.0,10,0.8963204199672181,106,,,,,,,
full,INGV,M_RW,188,3.0,12345,0.8770237173902602,119,,,,,,,
full,INGV,M_RW,189,0.1,6,0.9574712944781465,43,,,,,,,
full,INGV,M_RW,189,0.5,12345,0.9364471455824062,75,,,,,,,
full,INGV,M_RW,189,1.0,10,0.9191296536235585,88,,,,,,,
full,INGV,M_RW,189,1.5,10,0.905260295701431,101,,,,,,,
full,INGV,M_RW,189,2.0,3,0.8931273407653257,113,,,,,,,
full,INGV,M_RW,189,3.0,12,0.8731546596858235,123,,,,,,,
full,INGV,M_RW,190,0.1,12345,0.9611797414320725,39,,,,,,,
full,INGV,M_RW,190,0.5,2,0.9419395322156816,73,,,,,,,
full,INGV,M_RW,190,1.0,14,0.9276752727890598,101,,,,,,,
full,INGV,M_RW,190,1.5,14,0.9153910948163749,110,,,,,,,
full,INGV,M_RW,190,2.0,7,0.9049657329825411,116,,,,,,,
full,INGV,M_RW,190,3.0,12,0.8860996324168832,128,,,,,,,
full,INGV,M_RW,191,0.1,14,0.9598466596728754,33,,,,,,,
full,INGV,M_RW,191,0.5,6,0.9405450613666515,57,,,,,,,
full,INGV,M_RW,191,1.0,15,0.9255746106146165,84,,,,,,,
full,INGV,M_RW,191,1.5,19,0.9135304430110615,89,,,,,,,
full,INGV,M_RW,191,2.0,8,0.9027413009735109,101,,,,,,,
full,INGV,M_RW,191,3.0,4,0.8835025464122951,112,,,,,,,
full,INGV,M_RW,192,0.1,3,0.9596099222892738,39,,,,,,,
full,INGV,M_RW,192,0.5,18,0.9380123360595871,76,,,,,,,
full,INGV,M_RW,192,1.0,16,0.921759151159245,89,,,,,,,
full,INGV,M_RW,192,1.5,12,0.9083927425874463,103,,,,,,,
full,INGV,M_RW,192,2.0,16,0.8970018369707669,109,,,,,,,
full,INGV,M_RW,192,3.0,2,0.8768938948203377,125,,,,,,,
full,INGV,M_RW,193,0.1,17,0.9568789833712301,36,,,,,,,
full,INGV,M_RW,193,0.5,12,0.933802477151607,68,,,,,,,
full,INGV,M_RW,193,1.0,10,0.9174597501134736,85,,,,,,,
full,INGV,M_RW,193,1.5,14,0.9035337546159418,94,,,,,,,
full,INGV,M_RW,193,2.0,15,0.8917627535314089,105,,,,,,,
full,INGV,M_RW,193,3.0,7,0.8704554352542331,117,,,,,,,
full,INGV,M_RW,194,0.1,16,0.9594444168482446,31,,,,,,,
full,INGV,M_RW,194,0.5,13,0.9370808079693213,64,,,,,,,
full,INGV,M_RW,194,1.0,2,0.9195968538130699,80,,,,,,,
full,INGV,M_RW,194,1.5,8,0.9057622458725132,96,,,,,,,
full,INGV,M_RW,194,2.0,10,0.8943248745018688,106,,,,,,,
full,INGV,M_RW,194,3.0,16,0.873796827235861,123,,,,,,,
full,INGV,M_RW,195,0.1,5,0.954496276032993,41,,,,,,,
full,INGV,M_RW,195,0.5,9,0.9318286029788574,74,,,,,,,
full,INGV,M_RW,195,1.0,8,0.9141637891660844,95,,,,,,,
full,INGV,M_RW,195,1.5,5,0.9016067624056106,110,,,,,,,
full,INGV,M_RW,195,2.0,4,0.8909365698457,120,,,,,,,
full,INGV,M_RW,195,3.0,8,0.8722284018291352,135,,,,,,,
full,INGV,M_RW,196,0.1,19,0.9534064026767683,33,,,,,,,
full,INGV,M_RW,196,0.5,5,0.930998327075149,71,,,,,,,
full,INGV,M_RW,196,1.0,6,0.914550615390552,86,,,,,,,
full,INGV,M_RW,196,1.5,15,0.9005057487411862,94,,,,,,,
full,INGV,M_RW,196,2.0,7,0.8879320398823198,111,,,,,,,
full,INGV,M_RW,196,3.0,2,0.8666916886527307,120,,,,,,,
full,INGV,M_RW,197,0.1,6,0.9590628971594344,42,,,,,,,
full,INGV,M_RW,197,0.5,2,0.9321856329812972,77,,,,,,,
full,INGV,M_RW,197,1.0,2,0.9137028713515671,98,,,,,,,
full,INGV,M_RW,197,1.5,1,0.8988289076040995,108,,,,,,,
full,INGV,M_RW,197,2.0,16,0.8871018610480174,118,,,,,,,
full,INGV,M_RW,197,3.0,1,0.8660891726837238,128,,,,,,,
full,INGV,M_RW,198,0.1,14,0.9574016510780529,37,,,,,,,
full,INGV,M_RW,198,0.5,13,0.9349143450585349,70,,,,,,,
full,INGV,M_RW,198,1.0,9,0.9196209645496796,86,,,,,,,
full,INGV,M_RW,198,1.5,15,0.9069345812712626,97,,,,,,,
full,INGV,M_RW,198,2.0,13,0.8956434280012283,106,,,,,,,
full,INGV,M_RW,198,3.0,13,0.8748587218722479,118,,,,,,,
full,INGV,M_RW,199,0.1,7,0.9606859962592347,38,,,,,,,
full,INGV,M_RW,199,0.5,12,0.9419934976469505,73,,,,,,,
full,INGV,M_RW,199,1.0,13,0.9273817553641114,91,,,,,,,
full,INGV,M_RW,199,1.5,10,0.9159026638372539,105,,,,,,,
full,INGV,M_RW,199,2.0,18,0.9057423081635798,113,,,,,,,
full,INGV,M_RW,199,3.0,4,0.8879731288745256,124,,,,,,,
full,chuandian,observed,-1,0.1,1,0.9960491406062555,78,,,,,,,
full,chuandian,observed,-1,0.5,11,0.9878096157059943,113,,,,,,,
full,chuandian,observed,-1,1.0,12345,0.9792253926922813,127,,,,,,,
full,chuandian,observed,-1,1.5,12345,0.9708701738988373,135,,,,,,,
full,chuandian,observed,-1,2.0,16,0.9626138287479722,140,,,,,,,
full,chuandian,observed,-1,3.0,7,0.9463014487380519,150,,,,,,,
full,chuandian,M_RW,0,0.1,17,0.9694119647265462,37,40.0,,,,,,
full,chuandian,M_RW,0,0.5,11,0.9534094461846118,78,40.0,,,,,,
full,chuandian,M_RW,0,1.0,6,0.9399324326472164,94,40.0,,,,,,
full,chuandian,M_RW,0,1.5,12345,0.9303888756508242,110,40.0,,,,,,
full,chuandian,M_RW,0,2.0,5,0.9217246668876438,124,40.0,,,,,,
full,chuandian,M_RW,0,3.0,5,0.9061149185657168,132,40.0,,,,,,
full,chuandian,M_RW,1,0.1,2,0.9686320093393702,34,40.0,,,,,,
full,chuandian,M_RW,1,0.5,2,0.9528999451595861,70,40.0,,,,,,
full,chuandian,M_RW,1,1.0,15,0.9399566181630565,86,40.0,,,,,,
full,chuandian,M_RW,1,1.5,8,0.9285810787542674,97,40.0,,,,,,
full,chuandian,M_RW,1,2.0,7,0.9184368745436836,109,40.0,,,,,,
full,chuandian,M_RW,1,3.0,2,0.9017576313426748,116,40.0,,,,,,
full,chuandian,M_RW,2,0.1,18,0.9697941967637981,32,40.0,,,,,,
full,chuandian,M_RW,2,0.5,13,0.9543667202210843,74,40.0,,,,,,
full,chuandian,M_RW,2,1.0,19,0.9415640664054938,88,40.0,,,,,,
full,chuandian,M_RW,2,1.5,15,0.931733815609478,102,40.0,,,,,,
full,chuandian,M_RW,2,2.0,15,0.9228674820813662,110,40.0,,,,,,
full,chuandian,M_RW,2,3.0,15,0.9059113673620984,125,40.0,,,,,,
full,chuandian,M_RW,3,0.1,4,0.9641701206861683,27,40.0,,,,,,
full,chuandian,M_RW,3,0.5,9,0.9447861676866408,66,40.0,,,,,,
full,chuandian,M_RW,3,1.0,15,0.9280794694746972,85,40.0,,,,,,
full,chuandian,M_RW,3,1.5,5,0.9140718479444854,97,40.0,,,,,,
full,chuandian,M_RW,3,2.0,17,0.9017012654326404,103,40.0,,,,,,
full,chuandian,M_RW,3,3.0,13,0.8799921347366053,115,40.0,,,,,,
full,chuandian,M_RW,4,0.1,10,0.9657970997095521,33,40.0,,,,,,
full,chuandian,M_RW,4,0.5,10,0.9490738405960922,69,40.0,,,,,,
full,chuandian,M_RW,4,1.0,6,0.9357310367218614,90,40.0,,,,,,
full,chuandian,M_RW,4,1.5,6,0.9246270036871914,99,40.0,,,,,,
full,chuandian,M_RW,4,2.0,9,0.9147474451225371,110,40.0,,,,,,
full,chuandian,M_RW,4,3.0,19,0.8973085346085748,120,40.0,,,,,,
full,chuandian,M_RW,5,0.1,2,0.9700330695533259,31,40.0,,,,,,
full,chuandian,M_RW,5,0.5,18,0.9539528984315939,71,40.0,,,,,,
full,chuandian,M_RW,5,1.0,15,0.9408369293142397,84,40.0,,,,,,
full,chuandian,M_RW,5,1.5,15,0.9293694307795933,92,40.0,,,,,,
full,chuandian,M_RW,5,2.0,1,0.9187400814268123,102,40.0,,,,,,
full,chuandian,M_RW,5,3.0,3,0.9008321301864006,115,40.0,,,,,,
full,chuandian,M_RW,6,0.1,19,0.9644266947067377,36,40.0,,,,,,
full,chuandian,M_RW,6,0.5,16,0.9430956801845058,65,40.0,,,,,,
full,chuandian,M_RW,6,1.0,8,0.9272135993058196,80,40.0,,,,,,
full,chuandian,M_RW,6,1.5,16,0.9151705290274754,93,40.0,,,,,,
full,chuandian,M_RW,6,2.0,14,0.9049703706373765,107,40.0,,,,,,
full,chuandian,M_RW,6,3.0,19,0.8867252175358117,118,40.0,,,,,,
full,chuandian,M_RW,7,0.1,4,0.9613403623379219,29,40.0,,,,,,
full,chuandian,M_RW,7,0.5,14,0.9428611513825792,59,40.0,,,,,,
full,chuandian,M_RW,7,1.0,1,0.9277091164161849,78,40.0,,,,,,
full,chuandian,M_RW,7,1.5,15,0.9151569217864062,94,40.0,,,,,,
full,chuandian,M_RW,7,2.0,1,0.9042202006843034,109,40.0,,,,,,
full,chuandian,M_RW,7,3.0,1,0.8850813919631582,122,40.0,,,,,,
full,chuandian,M_RW,8,0.1,14,0.968816898148892,38,40.0,,,,,,
full,chuandian,M_RW,8,0.5,11,0.9523467924246288,71,40.0,,,,,,
full,chuandian,M_RW,8,1.0,6,0.9399491314585361,92,40.0,,,,,,
full,chuandian,M_RW,8,1.5,16,0.9304492518242772,105,40.0,,,,,,
full,chuandian,M_RW,8,2.0,4,0.9216197051147806,110,40.0,,,,,,
full,chuandian,M_RW,8,3.0,11,0.9065413644388837,122,40.0,,,,,,
full,chuandian,M_RW,9,0.1,12,0.968766582483259,34,40.0,,,,,,
full,chuandian,M_RW,9,0.5,18,0.9510648826071983,69,40.0,,,,,,
full,chuandian,M_RW,9,1.0,17,0.93718869388977,86,40.0,,,,,,
full,chuandian,M_RW,9,1.5,7,0.9262498434243006,97,40.0,,,,,,
full,chuandian,M_RW,9,2.0,7,0.9168259359351557,111,40.0,,,,,,
full,chuandian,M_RW,9,3.0,12,0.8998946291409688,120,40.0,,,,,,
full,chuandian,M_RW,10,0.1,1,0.9667502392811304,34,40.0,,,,,,
full,chuandian,M_RW,10,0.5,12345,0.948956670142253,67,40.0,,,,,,
full,chuandian,M_RW,10,1.0,17,0.9359878619124361,89,40.0,,,,,,
full,chuandian,M_RW,10,1.5,11,0.9250689089161752,95,40.0,,,,,,
full,chuandian,M_RW,10,2.0,6,0.9150762794583801,104,40.0,,,,,,
full,chuandian,M_RW,10,3.0,16,0.8967760425214445,113,40.0,,,,,,
full,chuandian,M_RW,11,0.1,9,0.9658582030192849,26,40.0,,,,,,
full,chuandian,M_RW,11,0.5,5,0.9495306724306403,59,40.0,,,,,,
full,chuandian,M_RW,11,1.0,12345,0.9362848400024676,79,40.0,,,,,,
full,chuandian,M_RW,11,1.5,12345,0.9244640102035386,89,40.0,,,,,,
full,chuandian,M_RW,11,2.0,10,0.9137576295615323,98,40.0,,,,,,
full,chuandian,M_RW,11,3.0,14,0.894693467795601,109,40.0,,,,,,
full,chuandian,M_RW,12,0.1,9,0.9661440204074567,33,40.0,,,,,,
full,chuandian,M_RW,12,0.5,1,0.95003776633816,69,40.0,,,,,,
full,chuandian,M_RW,12,1.0,11,0.9371007829160554,86,40.0,,,,,,
full,chuandian,M_RW,12,1.5,3,0.9260066551919588,97,40.0,,,,,,
full,chuandian,M_RW,12,2.0,12,0.9164603679308347,105,40.0,,,,,,
full,chuandian,M_RW,12,3.0,12,0.8987704044957354,117,40.0,,,,,,
full,chuandian,M_RW,13,0.1,9,0.9674226415475843,35,40.0,,,,,,
full,chuandian,M_RW,13,0.5,15,0.9504316598282049,67,40.0,,,,,,
full,chuandian,M_RW,13,1.0,11,0.9373861735572241,84,40.0,,,,,,
full,chuandian,M_RW,13,1.5,1,0.9256056990309606,94,40.0,,,,,,
full,chuandian,M_RW,13,2.0,8,0.9148787267694378,100,40.0,,,,,,
full,chuandian,M_RW,13,3.0,9,0.896414238809031,115,40.0,,,,,,
full,chuandian,M_RW,14,0.1,3,0.9686872047706735,40,40.0,,,,,,
full,chuandian,M_RW,14,0.5,11,0.9533214971724349,72,40.0,,,,,,
full,chuandian,M_RW,14,1.0,16,0.9410737632505107,90,40.0,,,,,,
full,chuandian,M_RW,14,1.5,13,0.9305113263530107,97,40.0,,,,,,
full,chuandian,M_RW,14,2.0,14,0.920567875867191,103,40.0,,,,,,
full,chuandian,M_RW,14,3.0,17,0.9024668563736913,117,40.0,,,,,,
full,chuandian,M_RW,15,0.1,8,0.9668328736071846,33,40.0,,,,,,
full,chuandian,M_RW,15,0.5,14,0.9497035831537326,65,40.0,,,,,,
full,chuandian,M_RW,15,1.0,12345,0.9362538963849582,84,40.0,,,,,,
full,chuandian,M_RW,15,1.5,13,0.9248468691241567,94,40.0,,,,,,
full,chuandian,M_RW,15,2.0,10,0.9148364592566626,102,40.0,,,,,,
full,chuandian,M_RW,15,3.0,11,0.8963802476267747,112,40.0,,,,,,
full,chuandian,M_RW,16,0.1,4,0.9683623538034828,35,40.0,,,,,,
full,chuandian,M_RW,16,0.5,9,0.9486610131075571,59,40.0,,,,,,
full,chuandian,M_RW,16,1.0,10,0.933780467478,78,40.0,,,,,,
full,chuandian,M_RW,16,1.5,4,0.9211901999289989,87,40.0,,,,,,
full,chuandian,M_RW,16,2.0,6,0.9100484255927237,95,40.0,,,,,,
full,chuandian,M_RW,16,3.0,5,0.8902964912288361,109,40.0,,,,,,
full,chuandian,M_RW,17,0.1,19,0.968827450047642,37,40.0,,,,,,
full,chuandian,M_RW,17,0.5,19,0.9544130110004558,74,40.0,,,,,,
full,chuandian,M_RW,17,1.0,1,0.9436876076854278,92,40.0,,,,,,
full,chuandian,M_RW,17,1.5,16,0.9350385511730749,101,40.0,,,,,,
full,chuandian,M_RW,17,2.0,4,0.9268867017277905,104,40.0,,,,,,
full,chuandian,M_RW,17,3.0,12345,0.912276292406603,118,40.0,,,,,,
full,chuandian,M_RW,18,0.1,10,0.9681725533850745,41,40.0,,,,,,
full,chuandian,M_RW,18,0.5,8,0.9516288910897674,65,40.0,,,,,,
full,chuandian,M_RW,18,1.0,19,0.9378827176622752,85,40.0,,,,,,
full,chuandian,M_RW,18,1.5,19,0.9272011078930523,97,40.0,,,,,,
full,chuandian,M_RW,18,2.0,3,0.9172033814313375,106,40.0,,,,,,
full,chuandian,M_RW,18,3.0,7,0.8998189387004808,115,40.0,,,,,,
full,chuandian,M_RW,19,0.1,2,0.9672823265494275,30,40.0,,,,,,
full,chuandian,M_RW,19,0.5,9,0.9498839746519587,66,40.0,,,,,,
full,chuandian,M_RW,19,1.0,13,0.9360141123920559,83,40.0,,,,,,
full,chuandian,M_RW,19,1.5,19,0.9240864912413206,90,40.0,,,,,,
full,chuandian,M_RW,19,2.0,11,0.9131781823492385,98,40.0,,,,,,
full,chuandian,M_RW,19,3.0,7,0.8947029922700331,114,40.0,,,,,,
full,chuandian,M_RW,20,0.1,8,0.9669223012934989,35,40.0,,,,,,
full,chuandian,M_RW,20,0.5,4,0.9505855799681944,71,40.0,,,,,,
full,chuandian,M_RW,20,1.0,12,0.9376756416189616,90,40.0,,,,,,
full,chuandian,M_RW,20,1.5,5,0.9269365182445034,101,40.0,,,,,,
full,chuandian,M_RW,20,2.0,14,0.9176961457932951,112,40.0,,,,,,
full,chuandian,M_RW,20,3.0,13,0.9014746866905864,120,40.0,,,,,,
full,chuandian,M_RW,21,0.1,9,0.9686552042376457,33,40.0,,,,,,
full,chuandian,M_RW,21,0.5,7,0.9526110626356707,65,40.0,,,,,,
full,chuandian,M_RW,21,1.0,12,0.9394769718990197,82,40.0,,,,,,
full,chuandian,M_RW,21,1.5,4,0.9279633071431547,94,40.0,,,,,,
full,chuandian,M_RW,21,2.0,7,0.9177673776924907,104,40.0,,,,,,
full,chuandian,M_RW,21,3.0,8,0.8992801182795411,115,40.0,,,,,,
full,chuandian,M_RW,22,0.1,12,0.9653907883624879,33,40.0,,,,,,
full,chuandian,M_RW,22,0.5,2,0.9452166481723991,62,40.0,,,,,,
full,chuandian,M_RW,22,1.0,12,0.9298651675314263,85,40.0,,,,,,
full,chuandian,M_RW,22,1.5,17,0.918066792982641,99,40.0,,,,,,
full,chuandian,M_RW,22,2.0,12,0.9080196514330943,107,40.0,,,,,,
full,chuandian,M_RW,22,3.0,17,0.8892467573883026,120,40.0,,,,,,
full,chuandian,M_RW,23,0.1,5,0.9678444158346582,35,40.0,,,,,,
full,chuandian,M_RW,23,0.5,19,0.9529332652304668,68,40.0,,,,,,
full,chuandian,M_RW,23,1.0,12345,0.9394159087176063,85,40.0,,,,,,
full,chuandian,M_RW,23,1.5,19,0.9277861902326145,100,40.0,,,,,,
full,chuandian,M_RW,23,2.0,4,0.91687076112801,106,40.0,,,,,,
full,chuandian,M_RW,23,3.0,7,0.8966039184580435,117,40.0,,,,,,
full,chuandian,M_RW,24,0.1,11,0.9689655756778119,43,40.0,,,,,,
full,chuandian,M_RW,24,0.5,5,0.9524499327029998,79,40.0,,,,,,
full,chuandian,M_RW,24,1.0,6,0.9394389582177344,90,40.0,,,,,,
full,chuandian,M_RW,24,1.5,19,0.9281221230610984,102,40.0,,,,,,
full,chuandian,M_RW,24,2.0,6,0.9181184552098058,112,40.0,,,,,,
full,chuandian,M_RW,24,3.0,7,0.8999652606169134,121,40.0,,,,,,
full,chuandian,M_RW,25,0.1,16,0.9722126807752987,34,40.0,,,,,,
full,chuandian,M_RW,25,0.5,9,0.9593860930959922,72,40.0,,,,,,
full,chuandian,M_RW,25,1.0,1,0.9487391731544577,95,40.0,,,,,,
full,chuandian,M_RW,25,1.5,10,0.9399411019650352,102,40.0,,,,,,
full,chuandian,M_RW,25,2.0,5,0.9318504444431821,110,40.0,,,,,,
full,chuandian,M_RW,25,3.0,1,0.9174044702696641,120,40.0,,,,,,
full,chuandian,M_RW,26,0.1,2,0.9653896115320284,33,40.0,,,,,,
full,chuandian,M_RW,26,0.5,5,0.9494621000228509,73,40.0,,,,,,
full,chuandian,M_RW,26,1.0,17,0.9360141001891849,84,40.0,,,,,,
full,chuandian,M_RW,26,1.5,6,0.9249823173720797,95,40.0,,,,,,
full,chuandian,M_RW,26,2.0,6,0.9146490301358862,100,40.0,,,,,,
full,chuandian,M_RW,26,3.0,8,0.8966506267338156,115,40.0,,,,,,
full,chuandian,M_RW,27,0.1,4,0.9663194938547776,31,40.0,,,,,,
full,chuandian,M_RW,27,0.5,4,0.9489160425892657,70,40.0,,,,,,
full,chuandian,M_RW,27,1.0,12345,0.9358902581800692,96,40.0,,,,,,
full,chuandian,M_RW,27,1.5,19,0.9251344313013161,104,40.0,,,,,,
full,chuandian,M_RW,27,2.0,9,0.9153188904189783,113,40.0,,,,,,
full,chuandian,M_RW,27,3.0,2,0.8973179019280941,121,40.0,,,,,,
full,chuandian,M_RW,28,0.1,17,0.965933990862197,32,40.0,,,,,,
full,chuandian,M_RW,28,0.5,6,0.9475999545831516,61,40.0,,,,,,
full,chuandian,M_RW,28,1.0,3,0.9329744859565964,78,40.0,,,,,,
full,chuandian,M_RW,28,1.5,11,0.9206662188499861,86,40.0,,,,,,
full,chuandian,M_RW,28,2.0,16,0.9095198605039306,95,40.0,,,,,,
full,chuandian,M_RW,28,3.0,2,0.8906356600902734,110,40.0,,,,,,
full,chuandian,M_RW,29,0.1,9,0.9706958694864024,36,40.0,,,,,,
full,chuandian,M_RW,29,0.5,11,0.9553315219079639,72,40.0,,,,,,
full,chuandian,M_RW,29,1.0,11,0.9432766740051796,92,40.0,,,,,,
full,chuandian,M_RW,29,1.5,17,0.9333346387058947,98,40.0,,,,,,
full,chuandian,M_RW,29,2.0,7,0.9241819522731175,102,40.0,,,,,,
full,chuandian,M_RW,29,3.0,12,0.9069109640339004,112,40.0,,,,,,
full,chuandian,M_RW,30,0.1,6,0.9687101430407439,36,,,,,,,
full,chuandian,M_RW,30,0.5,15,0.9535386693631837,70,,,,,,,
full,chuandian,M_RW,30,1.0,6,0.9406036042125404,85,,,,,,,
full,chuandian,M_RW,30,1.5,11,0.9301759695630955,98,,,,,,,
full,chuandian,M_RW,30,2.0,2,0.9205764835592126,104,,,,,,,
full,chuandian,M_RW,30,3.0,19,0.9036743099028626,117,,,,,,,
full,chuandian,M_RW,31,0.1,9,0.9636260847677457,31,,,,,,,
full,chuandian,M_RW,31,0.5,5,0.9452909629940134,64,,,,,,,
full,chuandian,M_RW,31,1.0,18,0.9315081225980241,80,,,,,,,
full,chuandian,M_RW,31,1.5,19,0.9196876781847853,89,,,,,,,
full,chuandian,M_RW,31,2.0,11,0.9094327395148561,100,,,,,,,
full,chuandian,M_RW,31,3.0,2,0.8912276665900905,115,,,,,,,
full,chuandian,M_RW,32,0.1,13,0.9678763414244062,34,,,,,,,
full,chuandian,M_RW,32,0.5,1,0.9517105565033168,64,,,,,,,
full,chuandian,M_RW,32,1.0,10,0.9393035309648099,82,,,,,,,
full,chuandian,M_RW,32,1.5,10,0.9288312105620424,96,,,,,,,
full,chuandian,M_RW,32,2.0,18,0.9199311705691599,104,,,,,,,
full,chuandian,M_RW,32,3.0,16,0.9036173949959835,120,,,,,,,
full,chuandian,M_RW,33,0.1,12,0.9715423704787229,39,,,,,,,
full,chuandian,M_RW,33,0.5,3,0.9564344194692695,63,,,,,,,
full,chuandian,M_RW,33,1.0,3,0.9429811590133942,85,,,,,,,
full,chuandian,M_RW,33,1.5,19,0.9324965001564784,93,,,,,,,
full,chuandian,M_RW,33,2.0,19,0.9230120367650075,100,,,,,,,
full,chuandian,M_RW,33,3.0,18,0.9059542628534757,111,,,,,,,
full,chuandian,M_RW,34,0.1,11,0.9666354080773113,36,,,,,,,
full,chuandian,M_RW,34,0.5,5,0.9492084685308485,66,,,,,,,
full,chuandian,M_RW,34,1.0,13,0.934438339948213,87,,,,,,,
full,chuandian,M_RW,34,1.5,19,0.9226531268843603,96,,,,,,,
full,chuandian,M_RW,34,2.0,11,0.9122984763051243,102,,,,,,,
full,chuandian,M_RW,34,3.0,4,0.8950636393869614,115,,,,,,,
full,chuandian,M_RW,35,0.1,18,0.9643574812238479,37,,,,,,,
full,chuandian,M_RW,35,0.5,7,0.9451919251406924,68,,,,,,,
full,chuandian,M_RW,35,1.0,18,0.9310148240662488,95,,,,,,,
full,chuandian,M_RW,35,1.5,8,0.9186939915172456,104,,,,,,,
full,chuandian,M_RW,35,2.0,8,0.9081034871798405,112,,,,,,,
full,chuandian,M_RW,35,3.0,17,0.8892679875448735,125,,,,,,,
full,chuandian,M_RW,36,0.1,19,0.9624654339451681,27,,,,,,,
full,chuandian,M_RW,36,0.5,8,0.9427226303407148,60,,,,,,,
full,chuandian,M_RW,36,1.0,12345,0.9286762378275126,79,,,,,,,
full,chuandian,M_RW,36,1.5,15,0.9173538605726054,88,,,,,,,
full,chuandian,M_RW,36,2.0,9,0.9067939514141532,97,,,,,,,
full,chuandian,M_RW,36,3.0,14,0.8885345631492204,111,,,,,,,
full,chuandian,M_RW,37,0.1,19,0.9678003430054898,33,,,,,,,
full,chuandian,M_RW,37,0.5,8,0.9500563889852416,60,,,,,,,
full,chuandian,M_RW,37,1.0,17,0.9351879608346451,79,,,,,,,
full,chuandian,M_RW,37,1.5,10,0.9224232337190537,88,,,,,,,
full,chuandian,M_RW,37,2.0,7,0.9111968251652081,94,,,,,,,
full,chuandian,M_RW,37,3.0,7,0.8911003174014386,111,,,,,,,
full,chuandian,M_RW,38,0.1,16,0.9685057817500587,35,,,,,,,
full,chuandian,M_RW,38,0.5,1,0.9534147282260742,69,,,,,,,
full,chuandian,M_RW,38,1.0,15,0.9413795242860095,81,,,,,,,
full,chuandian,M_RW,38,1.5,7,0.931037749471667,93,,,,,,,
full,chuandian,M_RW,38,2.0,13,0.9213889235143796,104,,,,,,,
full,chuandian,M_RW,38,3.0,12345,0.9035570791267425,120,,,,,,,
full,chuandian,M_RW,39,0.1,11,0.9671615411966773,31,,,,,,,
full,chuandian,M_RW,39,0.5,5,0.9516520478715815,73,,,,,,,
full,chuandian,M_RW,39,1.0,9,0.9391296320612448,88,,,,,,,
full,chuandian,M_RW,39,1.5,11,0.9302637580997618,96,,,,,,,
full,chuandian,M_RW,39,2.0,6,0.9217994360752991,105,,,,,,,
full,chuandian,M_RW,39,3.0,6,0.9066607175303474,116,,,,,,,
full,chuandian,M_RW,40,0.1,3,0.965880890929835,34,,,,,,,
full,chuandian,M_RW,40,0.5,13,0.9512177643573944,70,,,,,,,
full,chuandian,M_RW,40,1.0,2,0.9391817995894088,85,,,,,,,
full,chuandian,M_RW,40,1.5,17,0.9288117328677276,96,,,,,,,
full,chuandian,M_RW,40,2.0,18,0.9193265603112424,100,,,,,,,
full,chuandian,M_RW,40,3.0,8,0.9015015826056401,114,,,,,,,
full,chuandian,M_RW,41,0.1,15,0.9709482362593725,39,,,,,,,
full,chuandian,M_RW,41,0.5,18,0.9588981880395858,76,,,,,,,
full,chuandian,M_RW,41,1.0,15,0.948816041209071,94,,,,,,,
full,chuandian,M_RW,41,1.5,11,0.9404153581021482,106,,,,,,,
full,chuandian,M_RW,41,2.0,12,0.932638130107358,114,,,,,,,
full,chuandian,M_RW,41,3.0,14,0.9188513296125707,134,,,,,,,
full,chuandian,M_RW,42,0.1,3,0.9666033889874501,28,,,,,,,
full,chuandian,M_RW,42,0.5,14,0.9474065472176973,64,,,,,,,
full,chuandian,M_RW,42,1.0,18,0.9333899872047311,84,,,,,,,
full,chuandian,M_RW,42,1.5,10,0.9214530808751108,91,,,,,,,
full,chuandian,M_RW,42,2.0,18,0.9099417353882393,94,,,,,,,
full,chuandian,M_RW,42,3.0,4,0.8887234329854199,107,,,,,,,
full,chuandian,M_RW,43,0.1,8,0.9674583775146438,32,,,,,,,
full,chuandian,M_RW,43,0.5,12,0.948852100798648,67,,,,,,,
full,chuandian,M_RW,43,1.0,16,0.9337945579687732,81,,,,,,,
full,chuandian,M_RW,43,1.5,12,0.9204177243919186,88,,,,,,,
full,chuandian,M_RW,43,2.0,8,0.9084086960793932,101,,,,,,,
full,chuandian,M_RW,43,3.0,1,0.8877714714592083,108,,,,,,,
full,chuandian,M_RW,44,0.1,19,0.9681991971315366,38,,,,,,,
full,chuandian,M_RW,44,0.5,8,0.9525415936622617,64,,,,,,,
full,chuandian,M_RW,44,1.0,5,0.9395452773001816,87,,,,,,,
full,chuandian,M_RW,44,1.5,2,0.9292736204376747,105,,,,,,,
full,chuandian,M_RW,44,2.0,14,0.9201070671954307,116,,,,,,,
full,chuandian,M_RW,44,3.0,6,0.902583872574577,121,,,,,,,
full,chuandian,M_RW,45,0.1,17,0.9703660644818851,36,,,,,,,
full,chuandian,M_RW,45,0.5,10,0.9559831935934792,72,,,,,,,
full,chuandian,M_RW,45,1.0,8,0.9436571196009345,89,,,,,,,
full,chuandian,M_RW,45,1.5,5,0.9328083776353209,97,,,,,,,
full,chuandian,M_RW,45,2.0,14,0.9225114817427575,108,,,,,,,
full,chuandian,M_RW,45,3.0,8,0.9048994007678026,123,,,,,,,
full,chuandian,M_RW,46,0.1,9,0.9675162673218735,31,,,,,,,
full,chuandian,M_RW,46,0.5,6,0.9504496955267676,60,,,,,,,
full,chuandian,M_RW,46,1.0,11,0.9364044565777809,75,,,,,,,
full,chuandian,M_RW,46,1.5,6,0.9244474665645963,87,,,,,,,
full,chuandian,M_RW,46,2.0,5,0.913678702921435,96,,,,,,,
full,chuandian,M_RW,46,3.0,5,0.8938751705870636,110,,,,,,,
full,chuandian,M_RW,47,0.1,7,0.9655836731975291,37,,,,,,,
full,chuandian,M_RW,47,0.5,7,0.9484747905633327,70,,,,,,,
full,chuandian,M_RW,47,1.0,19,0.9349679601564568,86,,,,,,,
full,chuandian,M_RW,47,1.5,4,0.9238968548507326,98,,,,,,,
full,chuandian,M_RW,47,2.0,6,0.9138554266977064,109,,,,,,,
full,chuandian,M_RW,47,3.0,19,0.8961782617013894,123,,,,,,,
full,chuandian,M_RW,48,0.1,14,0.9673093649674269,32,,,,,,,
full,chuandian,M_RW,48,0.5,7,0.9512808663999442,72,,,,,,,
full,chuandian,M_RW,48,1.0,14,0.937684319796103,90,,,,,,,
full,chuandian,M_RW,48,1.5,2,0.92626221118204,98,,,,,,,
full,chuandian,M_RW,48,2.0,5,0.9156050667342179,106,,,,,,,
full,chuandian,M_RW,48,3.0,17,0.8967614776297296,123,,,,,,,
full,chuandian,M_RW,49,0.1,3,0.965532088945812,38,,,,,,,
full,chuandian,M_RW,49,0.5,1,0.9491921934114514,77,,,,,,,
full,chuandian,M_RW,49,1.0,2,0.9365513227218638,94,,,,,,,
full,chuandian,M_RW,49,1.5,15,0.9259768860118331,102,,,,,,,
full,chuandian,M_RW,49,2.0,11,0.9161921098678781,106,,,,,,,
full,chuandian,M_RW,49,3.0,12345,0.8986807970502376,114,,,,,,,
full,chuandian,M_RW,50,0.1,19,0.9703595587379095,38,,,,,,,
full,chuandian,M_RW,50,0.5,17,0.956691519397173,72,,,,,,,
full,chuandian,M_RW,50,1.0,4,0.9454914308341803,92,,,,,,,
full,chuandian,M_RW,50,1.5,12345,0.9361720397768551,104,,,,,,,
full,chuandian,M_RW,50,2.0,4,0.9276480655277777,113,,,,,,,
full,chuandian,M_RW,50,3.0,13,0.9118461649488836,124,,,,,,,
full,chuandian,M_RW,51,0.1,12345,0.9698005780777558,34,,,,,,,
full,chuandian,M_RW,51,0.5,3,0.9547687905367149,67,,,,,,,
full,chuandian,M_RW,51,1.0,3,0.9423720870332459,88,,,,,,,
full,chuandian,M_RW,51,1.5,9,0.9322698857979712,98,,,,,,,
full,chuandian,M_RW,51,2.0,1,0.9237884458676051,109,,,,,,,
full,chuandian,M_RW,51,3.0,1,0.9087340915860493,114,,,,,,,
full,chuandian,M_RW,52,0.1,11,0.9665467205278119,38,,,,,,,
full,chuandian,M_RW,52,0.5,1,0.9480262057026735,63,,,,,,,
full,chuandian,M_RW,52,1.0,3,0.9332389383986798,84,,,,,,,
full,chuandian,M_RW,52,1.5,4,0.9223787302237235,94,,,,,,,
full,chuandian,M_RW,52,2.0,12345,0.9127325604683787,108,,,,,,,
full,chuandian,M_RW,52,3.0,12,0.8946723859582144,114,,,,,,,
full,chuandian,M_RW,53,0.1,1,0.9691041183120203,36,,,,,,,
full,chuandian,M_RW,53,0.5,19,0.9537859162495003,72,,,,,,,
full,chuandian,M_RW,53,1.0,4,0.9420390472362996,90,,,,,,,
full,chuandian,M_RW,53,1.5,15,0.9317248276571731,104,,,,,,,
full,chuandian,M_RW,53,2.0,10,0.9223732533868784,109,,,,,,,
full,chuandian,M_RW,53,3.0,18,0.9043997251543499,119,,,,,,,
full,chuandian,M_RW,54,0.1,11,0.9709169065717789,34,,,,,,,
full,chuandian,M_RW,54,0.5,12,0.9557843251390276,65,,,,,,,
full,chuandian,M_RW,54,1.0,13,0.9427639788449853,81,,,,,,,
full,chuandian,M_RW,54,1.5,7,0.9315208858989277,94,,,,,,,
full,chuandian,M_RW,54,2.0,4,0.9211365760050376,104,,,,,,,
full,chuandian,M_RW,54,3.0,5,0.9023207694398468,112,,,,,,,
full,chuandian,M_RW,55,0.1,6,0.9686555853817523,32,,,,,,,
full,chuandian,M_RW,55,0.5,11,0.9518371664439704,63,,,,,,,
full,chuandian,M_RW,55,1.0,11,0.9385628799023509,84,,,,,,,
full,chuandian,M_RW,55,1.5,5,0.927924006075275,97,,,,,,,
full,chuandian,M_RW,55,2.0,14,0.9182730054629487,105,,,,,,,
full,chuandian,M_RW,55,3.0,15,0.9002042129632813,111,,,,,,,
full,chuandian,M_RW,56,0.1,15,0.9667373050203558,30,,,,,,,
full,chuandian,M_RW,56,0.5,12,0.9498128674731031,65,,,,,,,
full,chuandian,M_RW,56,1.0,14,0.9363674010331855,88,,,,,,,
full,chuandian,M_RW,56,1.5,12,0.9253563091533537,104,,,,,,,
full,chuandian,M_RW,56,2.0,5,0.9153245990179015,108,,,,,,,
full,chuandian,M_RW,56,3.0,3,0.8959182553095927,119,,,,,,,
full,chuandian,M_RW,57,0.1,16,0.9668109159442188,31,,,,,,,
full,chuandian,M_RW,57,0.5,11,0.9505264538286239,67,,,,,,,
full,chuandian,M_RW,57,1.0,19,0.9372236983330858,84,,,,,,,
full,chuandian,M_RW,57,1.5,9,0.9257280467719858,96,,,,,,,
full,chuandian,M_RW,57,2.0,15,0.9163612161898245,102,,,,,,,
full,chuandian,M_RW,57,3.0,3,0.8989877073545154,117,,,,,,,
full,chuandian,M_RW,58,0.1,18,0.9699139367592082,34,,,,,,,
full,chuandian,M_RW,58,0.5,6,0.9544846456373177,73,,,,,,,
full,chuandian,M_RW,58,1.0,18,0.9416228418468228,87,,,,,,,
full,chuandian,M_RW,58,1.5,15,0.9312636960755294,99,,,,,,,
full,chuandian,M_RW,58,2.0,8,0.9216608658040503,110,,,,,,,
full,chuandian,M_RW,58,3.0,1,0.9040767935042267,127,,,,,,,
full,chuandian,M_RW,59,0.1,7,0.9646444838142266,31,,,,,,,
full,chuandian,M_RW,59,0.5,8,0.9465979655273846,65,,,,,,,
full,chuandian,M_RW,59,1.0,18,0.9333387092624936,84,,,,,,,
full,chuandian,M_RW,59,1.5,2,0.9221233416060993,98,,,,,,,
full,chuandian,M_RW,59,2.0,6,0.9120022989888151,109,,,,,,,
full,chuandian,M_RW,59,3.0,5,0.8952766217433734,124,,,,,,,
full,chuandian,M_RW,60,0.1,11,0.9677987676214381,31,,,,,,,
full,chuandian,M_RW,60,0.5,13,0.9523006164644096,71,,,,,,,
full,chuandian,M_RW,60,1.0,12345,0.940525203159655,85,,,,,,,
full,chuandian,M_RW,60,1.5,8,0.9308583595392717,101,,,,,,,
full,chuandian,M_RW,60,2.0,4,0.9226112520406089,113,,,,,,,
full,chuandian,M_RW,60,3.0,10,0.90795979672377,125,,,,,,,
full,chuandian,M_RW,61,0.1,17,0.9702549924708131,34,,,,,,,
full,chuandian,M_RW,61,0.5,9,0.9556300659861152,67,,,,,,,
full,chuandian,M_RW,61,1.0,3,0.943511567804501,84,,,,,,,
full,chuandian,M_RW,61,1.5,1,0.9337601038526598,95,,,,,,,
full,chuandian,M_RW,61,2.0,13,0.9249446230232367,101,,,,,,,
full,chuandian,M_RW,61,3.0,16,0.9092466685888969,115,,,,,,,
full,chuandian,M_RW,62,0.1,2,0.9675083059178983,35,,,,,,,
full,chuandian,M_RW,62,0.5,8,0.9495999690184569,64,,,,,,,
full,chuandian,M_RW,62,1.0,19,0.934984219279258,80,,,,,,,
full,chuandian,M_RW,62,1.5,16,0.9227782322625246,93,,,,,,,
full,chuandian,M_RW,62,2.0,16,0.9116701902812372,99,,,,,,,
full,chuandian,M_RW,62,3.0,2,0.8915181021738382,112,,,,,,,
full,chuandian,M_RW,63,0.1,3,0.9681945589905661,36,,,,,,,
full,chuandian,M_RW,63,0.5,3,0.9523438130500042,73,,,,,,,
full,chuandian,M_RW,63,1.0,12,0.938859544685504,91,,,,,,,
full,chuandian,M_RW,63,1.5,5,0.9278091232604734,101,,,,,,,
full,chuandian,M_RW,63,2.0,1,0.9177212907529362,111,,,,,,,
full,chuandian,M_RW,63,3.0,19,0.8991352405737706,120,,,,,,,
full,chuandian,M_RW,64,0.1,16,0.9682873590145913,36,,,,,,,
full,chuandian,M_RW,64,0.5,16,0.951559911031208,71,,,,,,,
full,chuandian,M_RW,64,1.0,11,0.9397770793489058,91,,,,,,,
full,chuandian,M_RW,64,1.5,18,0.929842683082361,103,,,,,,,
full,chuandian,M_RW,64,2.0,5,0.9210802905883267,106,,,,,,,
full,chuandian,M_RW,64,3.0,2,0.9051020279681379,125,,,,,,,
full,chuandian,M_RW,65,0.1,7,0.966289328699449,31,,,,,,,
full,chuandian,M_RW,65,0.5,10,0.9492989015283709,63,,,,,,,
full,chuandian,M_RW,65,1.0,2,0.9353514692601834,82,,,,,,,
full,chuandian,M_RW,65,1.5,16,0.9244952655215255,95,,,,,,,
full,chuandian,M_RW,65,2.0,13,0.9141885406738105,101,,,,,,,
full,chuandian,M_RW,65,3.0,8,0.8951117653548872,112,,,,,,,
full,chuandian,M_RW,66,0.1,11,0.967589672833456,36,,,,,,,
full,chuandian,M_RW,66,0.5,2,0.9507023958419946,72,,,,,,,
full,chuandian,M_RW,66,1.0,2,0.9379279809193196,96,,,,,,,
full,chuandian,M_RW,66,1.5,6,0.9274492764515251,111,,,,,,,
full,chuandian,M_RW,66,2.0,9,0.9179014052359235,119,,,,,,,
full,chuandian,M_RW,66,3.0,3,0.901072471498274,125,,,,,,,
full,chuandian,M_RW,67,0.1,14,0.9692948764261267,29,,,,,,,
full,chuandian,M_RW,67,0.5,11,0.9531955885272139,61,,,,,,,
full,chuandian,M_RW,67,1.0,2,0.940454301553001,79,,,,,,,
full,chuandian,M_RW,67,1.5,2,0.9300596886917925,90,,,,,,,
full,chuandian,M_RW,67,2.0,15,0.9209774316988026,102,,,,,,,
full,chuandian,M_RW,67,3.0,1,0.9041077221827452,111,,,,,,,
full,chuandian,M_RW,68,0.1,14,0.969586427920949,35,,,,,,,
full,chuandian,M_RW,68,0.5,8,0.9534471854399945,70,,,,,,,
full,chuandian,M_RW,68,1.0,10,0.9412277831472435,84,,,,,,,
full,chuandian,M_RW,68,1.5,11,0.9307756443929454,101,,,,,,,
full,chuandian,M_RW,68,2.0,8,0.9213099071842179,110,,,,,,,
full,chuandian,M_RW,68,3.0,18,0.9043372897248761,123,,,,,,,
full,chuandian,M_RW,69,0.1,19,0.9679336276988528,29,,,,,,,
full,chuandian,M_RW,69,0.5,7,0.9500134892126384,58,,,,,,,
full,chuandian,M_RW,69,1.0,13,0.9348947267258294,74,,,,,,,
full,chuandian,M_RW,69,1.5,2,0.9217349099635437,87,,,,,,,
full,chuandian,M_RW,69,2.0,12,0.9101028948558627,102,,,,,,,
full,chuandian,M_RW,69,3.0,12,0.890674042535619,114,,,,,,,
full,chuandian,M_RW,70,0.1,16,0.9659662415858541,33,,,,,,,
full,chuandian,M_RW,70,0.5,9,0.9489077382397495,64,,,,,,,
full,chuandian,M_RW,70,1.0,18,0.9340545380180696,83,,,,,,,
full,chuandian,M_RW,70,1.5,12,0.9226915901388875,93,,,,,,,
full,chuandian,M_RW,70,2.0,8,0.9124408520071363,98,,,,,,,
full,chuandian,M_RW,70,3.0,12345,0.8938067516621192,107,,,,,,,
full,chuandian,M_RW,71,0.1,10,0.9628121728055713,34,,,,,,,
full,chuandian,M_RW,71,0.5,10,0.9434568757288078,66,,,,,,,
full,chuandian,M_RW,71,1.0,10,0.9293306061734982,80,,,,,,,
full,chuandian,M_RW,71,1.5,17,0.9179134460628272,88,,,,,,,
full,chuandian,M_RW,71,2.0,1,0.9071694285891992,95,,,,,,,
full,chuandian,M_RW,71,3.0,5,0.8866844144134598,111,,,,,,,
full,chuandian,M_RW,72,0.1,5,0.9678641209906956,31,,,,,,,
full,chuandian,M_RW,72,0.5,2,0.9513214135623517,65,,,,,,,
full,chuandian,M_RW,72,1.0,2,0.9379235265804674,89,,,,,,,
full,chuandian,M_RW,72,1.5,18,0.9273784377991567,101,,,,,,,
full,chuandian,M_RW,72,2.0,14,0.9181053492036979,113,,,,,,,
full,chuandian,M_RW,72,3.0,1,0.9023714138175039,129,,,,,,,
full,chuandian,M_RW,73,0.1,18,0.9670960333828755,36,,,,,,,
full,chuandian,M_RW,73,0.5,6,0.9507096685083262,67,,,,,,,
full,chuandian,M_RW,73,1.0,6,0.9381637900200445,84,,,,,,,
full,chuandian,M_RW,73,1.5,1,0.9282330535079018,94,,,,,,,
full,chuandian,M_RW,73,2.0,3,0.9195438985338161,102,,,,,,,
full,chuandian,M_RW,73,3.0,17,0.9028847736856779,112,,,,,,,
full,chuandian,M_RW,74,0.1,5,0.9692750206326569,31,,,,,,,
full,chuandian,M_RW,74,0.5,12,0.9526263229603171,63,,,,,,,
full,chuandian,M_RW,74,1.0,4,0.9384188196650189,87,,,,,,,
full,chuandian,M_RW,74,1.5,7,0.9272831341507272,99,,,,,,,
full,chuandian,M_RW,74,2.0,18,0.9177327198888041,107,,,,,,,
full,chuandian,M_RW,74,3.0,12,0.901011467802812,119,,,,,,,
full,chuandian,M_RW,75,0.1,15,0.966577324843698,34,,,,,,,
full,chuandian,M_RW,75,0.5,19,0.9487744906876995,64,,,,,,,
full,chuandian,M_RW,75,1.0,11,0.9325870627182492,82,,,,,,,
full,chuandian,M_RW,75,1.5,17,0.9196418044990804,96,,,,,,,
full,chuandian,M_RW,75,2.0,6,0.908090838073688,103,,,,,,,
full,chuandian,M_RW,75,3.0,5,0.8874745104467434,114,,,,,,,
full,chuandian,M_RW,76,0.1,9,0.965919530139413,39,,,,,,,
full,chuandian,M_RW,76,0.5,12345,0.9500054139573593,76,,,,,,,
full,chuandian,M_RW,76,1.0,19,0.9371761182241111,89,,,,,,,
full,chuandian,M_RW,76,1.5,7,0.9274745275192113,102,,,,,,,
full,chuandian,M_RW,76,2.0,8,0.9185699093534022,109,,,,,,,
full,chuandian,M_RW,76,3.0,9,0.9017502945091337,120,,,,,,,
full,chuandian,M_RW,77,0.1,14,0.9703155302654719,37,,,,,,,
full,chuandian,M_RW,77,0.5,18,0.9545960718055855,74,,,,,,,
full,chuandian,M_RW,77,1.0,1,0.9431147586793206,88,,,,,,,
full,chuandian,M_RW,77,1.5,10,0.9331973053706946,102,,,,,,,
full,chuandian,M_RW,77,2.0,9,0.9241361071262392,107,,,,,,,
full,chuandian,M_RW,77,3.0,8,0.9084343699768133,120,,,,,,,
full,chuandian,M_RW,78,0.1,13,0.9678989825177343,33,,,,,,,
full,chuandian,M_RW,78,0.5,8,0.9520449358212801,69,,,,,,,
full,chuandian,M_RW,78,1.0,10,0.9388625734750431,89,,,,,,,
full,chuandian,M_RW,78,1.5,12345,0.9287996855550672,100,,,,,,,
full,chuandian,M_RW,78,2.0,2,0.9195381213038288,108,,,,,,,
full,chuandian,M_RW,78,3.0,16,0.9025791391060847,119,,,,,,,
full,chuandian,M_RW,79,0.1,4,0.9693944353772499,28,,,,,,,
full,chuandian,M_RW,79,0.5,18,0.9551300083979393,65,,,,,,,
full,chuandian,M_RW,79,1.0,18,0.9433566302969895,79,,,,,,,
full,chuandian,M_RW,79,1.5,9,0.933036833676959,92,,,,,,,
full,chuandian,M_RW,79,2.0,9,0.9237613487580598,100,,,,,,,
full,chuandian,M_RW,79,3.0,10,0.9067602818478359,113,,,,,,,
full,chuandian,M_RW,80,0.1,12,0.9690036540141559,34,,,,,,,
full,chuandian,M_RW,80,0.5,9,0.9528119757274788,67,,,,,,,
full,chuandian,M_RW,80,1.0,2,0.939358318160952,83,,,,,,,
full,chuandian,M_RW,80,1.5,1,0.9283350500902785,98,,,,,,,
full,chuandian,M_RW,80,2.0,14,0.9191046289112875,108,,,,,,,
full,chuandian,M_RW,80,3.0,5,0.9024109627038331,117,,,,,,,
full,chuandian,M_RW,81,0.1,12,0.964048356711666,35,,,,,,,
full,chuandian,M_RW,81,0.5,9,0.9452481174787942,65,,,,,,,
full,chuandian,M_RW,81,1.0,3,0.929574119871622,87,,,,,,,
full,chuandian,M_RW,81,1.5,5,0.91591549377334,92,,,,,,,
full,chuandian,M_RW,81,2.0,12,0.9044680527436418,103,,,,,,,
full,chuandian,M_RW,81,3.0,17,0.8842730292218111,115,,,,,,,
full,chuandian,M_RW,82,0.1,19,0.9677649090206637,34,,,,,,,
full,chuandian,M_RW,82,0.5,18,0.9523746826248957,74,,,,,,,
full,chuandian,M_RW,82,1.0,10,0.9396990879347404,86,,,,,,,
full,chuandian,M_RW,82,1.5,7,0.9283197987724373,97,,,,,,,
full,chuandian,M_RW,82,2.0,5,0.918375658318668,102,,,,,,,
full,chuandian,M_RW,82,3.0,16,0.8997638696039878,113,,,,,,,
full,chuandian,M_RW,83,0.1,12,0.9694239609457318,35,,,,,,,
full,chuandian,M_RW,83,0.5,18,0.9539268207047605,69,,,,,,,
full,chuandian,M_RW,83,1.0,5,0.9410768708199791,84,,,,,,,
full,chuandian,M_RW,83,1.5,2,0.930300355905599,98,,,,,,,
full,chuandian,M_RW,83,2.0,5,0.9204773146008646,104,,,,,,,
full,chuandian,M_RW,83,3.0,13,0.902662479040805,116,,,,,,,
full,chuandian,M_RW,84,0.1,10,0.966124137363946,34,,,,,,,
full,chuandian,M_RW,84,0.5,12345,0.9491228282220319,67,,,,,,,
full,chuandian,M_RW,84,1.0,6,0.936640349449823,85,,,,,,,
full,chuandian,M_RW,84,1.5,13,0.926225950339877,95,,,,,,,
full,chuandian,M_RW,84,2.0,10,0.9168649252247135,100,,,,,,,
full,chuandian,M_RW,84,3.0,4,0.8994463738574977,113,,,,,,,
full,chuandian,M_RW,85,0.1,16,0.9633433383534504,27,,,,,,,
full,chuandian,M_RW,85,0.5,6,0.9452009690368257,57,,,,,,,
full,chuandian,M_RW,85,1.0,14,0.9307727025683783,70,,,,,,,
full,chuandian,M_RW,85,1.5,8,0.918093905790739,85,,,,,,,
full,chuandian,M_RW,85,2.0,10,0.9061162460841095,91,,,,,,,
full,chuandian,M_RW,85,3.0,12,0.8845270909099826,108,,,,,,,
full,chuandian,M_RW,86,0.1,19,0.9672237938554695,37,,,,,,,
full,chuandian,M_RW,86,0.5,12345,0.9488676590166789,71,,,,,,,
full,chuandian,M_RW,86,1.0,18,0.9346443567198974,91,,,,,,,
full,chuandian,M_RW,86,1.5,8,0.9226367009912425,98,,,,,,,
full,chuandian,M_RW,86,2.0,14,0.9111955674488863,104,,,,,,,
full,chuandian,M_RW,86,3.0,8,0.8909479326477426,116,,,,,,,
full,chuandian,M_RW,87,0.1,9,0.9708949822512888,33,,,,,,,
full,chuandian,M_RW,87,0.5,18,0.9560711595885405,69,,,,,,,
full,chuandian,M_RW,87,1.0,16,0.9445458904227272,89,,,,,,,
full,chuandian,M_RW,87,1.5,8,0.9352085402546395,99,,,,,,,
full,chuandian,M_RW,87,2.0,10,0.9264824671132178,109,,,,,,,
full,chuandian,M_RW,87,3.0,13,0.9107634819617326,115,,,,,,,
full,chuandian,M_RW,88,0.1,3,0.9667789536614388,34,,,,,,,
full,chuandian,M_RW,88,0.5,6,0.9504966705933102,68,,,,,,,
full,chuandian,M_RW,88,1.0,8,0.9381317280161422,90,,,,,,,
full,chuandian,M_RW,88,1.5,12,0.9270280490778458,96,,,,,,,
full,chuandian,M_RW,88,2.0,2,0.9168887243291065,104,,,,,,,
full,chuandian,M_RW,88,3.0,10,0.900298255464676,116,,,,,,,
full,chuandian,M_RW,89,0.1,3,0.9706993491484012,36,,,,,,,
full,chuandian,M_RW,89,0.5,2,0.9553855909018939,71,,,,,,,
full,chuandian,M_RW,89,1.0,10,0.941799061616888,90,,,,,,,
full,chuandian,M_RW,89,1.5,5,0.9302093360609047,105,,,,,,,
full,chuandian,M_RW,89,2.0,7,0.9205924951210877,110,,,,,,,
full,chuandian,M_RW,89,3.0,14,0.9039836120870407,123,,,,,,,
full,chuandian,M_RW,90,0.1,2,0.9704100280808385,35,,,,,,,
full,chuandian,M_RW,90,0.5,7,0.9551444526669902,63,,,,,,,
full,chuandian,M_RW,90,1.0,4,0.9416472707800563,78,,,,,,,
full,chuandian,M_RW,90,1.5,10,0.9306733792069355,96,,,,,,,
full,chuandian,M_RW,90,2.0,7,0.921445585137421,103,,,,,,,
full,chuandian,M_RW,90,3.0,5,0.9048952752199401,115,,,,,,,
full,chuandian,M_RW,91,0.1,16,0.967519492790265,33,,,,,,,
full,chuandian,M_RW,91,0.5,19,0.9496921370541698,73,,,,,,,
full,chuandian,M_RW,91,1.0,13,0.9356716665529676,89,,,,,,,
full,chuandian,M_RW,91,1.5,5,0.9245644905682571,96,,,,,,,
full,chuandian,M_RW,91,2.0,5,0.9149796805201952,106,,,,,,,
full,chuandian,M_RW,91,3.0,5,0.8971033203757716,115,,,,,,,
full,chuandian,M_RW,92,0.1,1,0.966953377400999,32,,,,,,,
full,chuandian,M_RW,92,0.5,17,0.9506761313719834,70,,,,,,,
full,chuandian,M_RW,92,1.0,11,0.9369426283914977,85,,,,,,,
full,chuandian,M_RW,92,1.5,2,0.9255594506815352,95,,,,,,,
full,chuandian,M_RW,92,2.0,17,0.9158468154926335,103,,,,,,,
full,chuandian,M_RW,92,3.0,1,0.8991130619931484,119,,,,,,,
full,chuandian,M_RW,93,0.1,13,0.9700516160653896,36,,,,,,,
full,chuandian,M_RW,93,0.5,8,0.9548620097868743,70,,,,,,,
full,chuandian,M_RW,93,1.0,16,0.9424592810504631,87,,,,,,,
full,chuandian,M_RW,93,1.5,6,0.932539858535591,97,,,,,,,
full,chuandian,M_RW,93,2.0,12345,0.9235705339940598,103,,,,,,,
full,chuandian,M_RW,93,3.0,6,0.9077718698264684,118,,,,,,,
full,chuandian,M_RW,94,0.1,8,0.9701518337356212,31,,,,,,,
full,chuandian,M_RW,94,0.5,12,0.9537391147469954,68,,,,,,,
full,chuandian,M_RW,94,1.0,6,0.9407351992848907,87,,,,,,,
full,chuandian,M_RW,94,1.5,6,0.9300910677030674,92,,,,,,,
full,chuandian,M_RW,94,2.0,1,0.9202994853982285,98,,,,,,,
full,chuandian,M_RW,94,3.0,16,0.9033399385237713,110,,,,,,,
full,chuandian,M_RW,95,0.1,9,0.9714024088676929,31,,,,,,,
full,chuandian,M_RW,95,0.5,7,0.9563319735045306,63,,,,,,,
full,chuandian,M_RW,95,1.0,18,0.9440113287819846,85,,,,,,,
full,chuandian,M_RW,95,1.5,9,0.9334086316060655,92,,,,,,,
full,chuandian,M_RW,95,2.0,6,0.9240114717958792,98,,,,,,,
full,chuandian,M_RW,95,3.0,19,0.9068034755673651,119,,,,,,,
full,chuandian,M_RW,96,0.1,17,0.965952044387395,36,,,,,,,
full,chuandian,M_RW,96,0.5,16,0.9478111741225328,72,,,,,,,
full,chuandian,M_RW,96,1.0,17,0.9343817283294791,89,,,,,,,
full,chuandian,M_RW,96,1.5,6,0.9239105338837101,104,,,,,,,
full,chuandian,M_RW,96,2.0,17,0.9145240825776597,111,,,,,,,
full,chuandian,M_RW,96,3.0,19,0.897309690033071,120,,,,,,,
full,chuandian,M_RW,97,0.1,12,0.9679934991359695,35,,,,,,,
full,chuandian,M_RW,97,0.5,10,0.9515901663056698,64,,,,,,,
full,chuandian,M_RW,97,1.0,3,0.9397065659062858,84,,,,,,,
full,chuandian,M_RW,97,1.5,17,0.9295312602628442,94,,,,,,,
full,chuandian,M_RW,97,2.0,10,0.9200474146023495,103,,,,,,,
full,chuandian,M_RW,97,3.0,12,0.9032893435999441,114,,,,,,,
full,chuandian,M_RW,98,0.1,17,0.966214300924714,33,,,,,,,
full,chuandian,M_RW,98,0.5,4,0.948859224153563,62,,,,,,,
full,chuandian,M_RW,98,1.0,9,0.9355494792313743,86,,,,,,,
full,chuandian,M_RW,98,1.5,12,0.9246268933160886,100,,,,,,,
full,chuandian,M_RW,98,2.0,5,0.9152643641746125,106,,,,,,,
full,chuandian,M_RW,98,3.0,3,0.8982825975105424,115,,,,,,,
full,chuandian,M_RW,99,0.1,14,0.9672565443394321,27,,,,,,,
full,chuandian,M_RW,99,0.5,7,0.9511177050317116,70,,,,,,,
full,chuandian,M_RW,99,1.0,2,0.9376306560027162,81,,,,,,,
full,chuandian,M_RW,99,1.5,19,0.9259202795031067,96,,,,,,,
full,chuandian,M_RW,99,2.0,15,0.9145504603274245,98,,,,,,,
full,chuandian,M_RW,99,3.0,3,0.8946840453423635,113,,,,,,,
full,chuandian,M_RW,100,0.1,6,0.9702746957052782,38,,,,,,,
full,chuandian,M_RW,100,0.5,17,0.9567125515100058,72,,,,,,,
full,chuandian,M_RW,100,1.0,1,0.9454632755994502,84,,,,,,,
full,chuandian,M_RW,100,1.5,13,0.936070256086328,99,,,,,,,
full,chuandian,M_RW,100,2.0,1,0.9279162310760148,109,,,,,,,
full,chuandian,M_RW,100,3.0,17,0.9124773525650096,120,,,,,,,
full,chuandian,M_RW,101,0.1,15,0.9661899354456227,30,,,,,,,
full,chuandian,M_RW,101,0.5,18,0.9480132727515511,63,,,,,,,
full,chuandian,M_RW,101,1.0,7,0.9345110640812934,80,,,,,,,
full,chuandian,M_RW,101,1.5,13,0.9231527844057619,86,,,,,,,
full,chuandian,M_RW,101,2.0,15,0.9124173013528778,93,,,,,,,
full,chuandian,M_RW,101,3.0,18,0.8932859432787836,107,,,,,,,
full,chuandian,M_RW,102,0.1,11,0.9701467917618644,32,,,,,,,
full,chuandian,M_RW,102,0.5,18,0.9547813285557248,69,,,,,,,
full,chuandian,M_RW,102,1.0,13,0.941306372736002,89,,,,,,,
full,chuandian,M_RW,102,1.5,1,0.9303610386021817,105,,,,,,,
full,chuandian,M_RW,102,2.0,7,0.9204805327384716,108,,,,,,,
full,chuandian,M_RW,102,3.0,7,0.902838163008444,123,,,,,,,
full,chuandian,M_RW,103,0.1,3,0.9674986635549994,34,,,,,,,
full,chuandian,M_RW,103,0.5,16,0.9511817176457505,68,,,,,,,
full,chuandian,M_RW,103,1.0,14,0.9377900782651808,86,,,,,,,
full,chuandian,M_RW,103,1.5,15,0.9258758590265956,96,,,,,,,
full,chuandian,M_RW,103,2.0,13,0.9147814858843055,104,,,,,,,
full,chuandian,M_RW,103,3.0,6,0.8944797721996522,113,,,,,,,
full,chuandian,M_RW,104,0.1,15,0.9706688915440406,37,,,,,,,
full,chuandian,M_RW,104,0.5,12,0.9572537676599855,76,,,,,,,
full,chuandian,M_RW,104,1.0,1,0.946044599686054,96,,,,,,,
full,chuandian,M_RW,104,1.5,18,0.9368053248020909,109,,,,,,,
full,chuandian,M_RW,104,2.0,15,0.9288189068257574,114,,,,,,,
full,chuandian,M_RW,104,3.0,7,0.9138637499446294,129,,,,,,,
full,chuandian,M_RW,105,0.1,12,0.9688867514438975,34,,,,,,,
full,chuandian,M_RW,105,0.5,10,0.9521029408941047,72,,,,,,,
full,chuandian,M_RW,105,1.0,19,0.9378245099334882,84,,,,,,,
full,chuandian,M_RW,105,1.5,12,0.9264011972706976,96,,,,,,,
full,chuandian,M_RW,105,2.0,4,0.9163108932537452,102,,,,,,,
full,chuandian,M_RW,105,3.0,6,0.8986842724659985,119,,,,,,,
full,chuandian,M_RW,106,0.1,9,0.9670139596518975,37,,,,,,,
full,chuandian,M_RW,106,0.5,19,0.9504594248124755,74,,,,,,,
full,chuandian,M_RW,106,1.0,9,0.9387840415577461,98,,,,,,,
full,chuandian,M_RW,106,1.5,17,0.9291766628853871,102,,,,,,,
full,chuandian,M_RW,106,2.0,5,0.9204766952554908,109,,,,,,,
full,chuandian,M_RW,106,3.0,6,0.9039948865025081,120,,,,,,,
full,chuandian,M_RW,107,0.1,2,0.9664113248927998,37,,,,,,,
full,chuandian,M_RW,107,0.5,2,0.950351193078943,63,,,,,,,
full,chuandian,M_RW,107,1.0,16,0.9368020406934416,90,,,,,,,
full,chuandian,M_RW,107,1.5,18,0.9263799387208907,100,,,,,,,
full,chuandian,M_RW,107,2.0,16,0.917082002618262,109,,,,,,,
full,chuandian,M_RW,107,3.0,10,0.8994111723366787,118,,,,,,,
full,chuandian,M_RW,108,0.1,8,0.9664772024459581,31,,,,,,,
full,chuandian,M_RW,108,0.5,10,0.9507317798906243,69,,,,,,,
full,chuandian,M_RW,108,1.0,10,0.938221386168098,88,,,,,,,
full,chuandian,M_RW,108,1.5,11,0.9272568481650748,100,,,,,,,
full,chuandian,M_RW,108,2.0,12,0.9173922018123339,107,,,,,,,
full,chuandian,M_RW,108,3.0,1,0.8995105664635745,120,,,,,,,
full,chuandian,M_RW,109,0.1,10,0.9701983821163198,33,,,,,,,
full,chuandian,M_RW,109,0.5,12345,0.9543554461173238,70,,,,,,,
full,chuandian,M_RW,109,1.0,16,0.9409557903396892,83,,,,,,,
full,chuandian,M_RW,109,1.5,17,0.9295335099508214,93,,,,,,,
full,chuandian,M_RW,109,2.0,1,0.919096443197292,102,,,,,,,
full,chuandian,M_RW,109,3.0,14,0.902718902656108,119,,,,,,,
full,chuandian,M_RW,110,0.1,17,0.970355219061416,30,,,,,,,
full,chuandian,M_RW,110,0.5,8,0.9560949022250945,70,,,,,,,
full,chuandian,M_RW,110,1.0,3,0.9437533325583548,86,,,,,,,
full,chuandian,M_RW,110,1.5,12345,0.9327751320448007,103,,,,,,,
full,chuandian,M_RW,110,2.0,6,0.9227997640069995,110,,,,,,,
full,chuandian,M_RW,110,3.0,13,0.9046683124016294,124,,,,,,,
full,chuandian,M_RW,111,0.1,7,0.9679305080931099,33,,,,,,,
full,chuandian,M_RW,111,0.5,1,0.9479824686969681,66,,,,,,,
full,chuandian,M_RW,111,1.0,9,0.9315673490828609,79,,,,,,,
full,chuandian,M_RW,111,1.5,14,0.918419762276733,93,,,,,,,
full,chuandian,M_RW,111,2.0,18,0.9067543685264619,107,,,,,,,
full,chuandian,M_RW,111,3.0,11,0.8873215649611232,119,,,,,,,
full,chuandian,M_RW,112,0.1,12,0.9675421410460417,33,,,,,,,
full,chuandian,M_RW,112,0.5,13,0.9502627505053476,69,,,,,,,
full,chuandian,M_RW,112,1.0,19,0.9370322246564244,86,,,,,,,
full,chuandian,M_RW,112,1.5,16,0.9255860686769266,99,,,,,,,
full,chuandian,M_RW,112,2.0,19,0.9149897037544468,105,,,,,,,
full,chuandian,M_RW,112,3.0,2,0.8956220459738711,121,,,,,,,
full,chuandian,M_RW,113,0.1,10,0.9636293081327661,31,,,,,,,
full,chuandian,M_RW,113,0.5,5,0.9416532322640083,71,,,,,,,
full,chuandian,M_RW,113,1.0,1,0.9260368225352761,90,,,,,,,
full,chuandian,M_RW,113,1.5,1,0.9139270143863797,105,,,,,,,
full,chuandian,M_RW,113,2.0,15,0.9034432895907428,113,,,,,,,
full,chuandian,M_RW,113,3.0,15,0.8841804654605376,123,,,,,,,
full,chuandian,M_RW,114,0.1,19,0.966820861401973,37,,,,,,,
full,chuandian,M_RW,114,0.5,12,0.9483397022841025,75,,,,,,,
full,chuandian,M_RW,114,1.0,18,0.935657506436562,91,,,,,,,
full,chuandian,M_RW,114,1.5,18,0.9252566861863581,104,,,,,,,
full,chuandian,M_RW,114,2.0,4,0.9158708522099187,116,,,,,,,
full,chuandian,M_RW,114,3.0,6,0.8985265003953434,123,,,,,,,
full,chuandian,M_RW,115,0.1,8,0.9689832068310731,38,,,,,,,
full,chuandian,M_RW,115,0.5,2,0.9528219618032634,76,,,,,,,
full,chuandian,M_RW,115,1.0,7,0.9398948990152556,97,,,,,,,
full,chuandian,M_RW,115,1.5,19,0.9291486601930907,109,,,,,,,
full,chuandian,M_RW,115,2.0,17,0.9200368809219444,115,,,,,,,
full,chuandian,M_RW,115,3.0,18,0.9032640202791038,130,,,,,,,
full,chuandian,M_RW,116,0.1,2,0.9673962967431007,28,,,,,,,
full,chuandian,M_RW,116,0.5,7,0.9513263247038914,69,,,,,,,
full,chuandian,M_RW,116,1.0,5,0.9397250764712063,85,,,,,,,
full,chuandian,M_RW,116,1.5,4,0.9302919942018222,99,,,,,,,
full,chuandian,M_RW,116,2.0,2,0.9215185474407851,106,,,,,,,
full,chuandian,M_RW,116,3.0,16,0.9053343486052069,116,,,,,,,
full,chuandian,M_RW,117,0.1,9,0.9697836388731021,34,,,,,,,
full,chuandian,M_RW,117,0.5,10,0.9550266136035543,70,,,,,,,
full,chuandian,M_RW,117,1.0,15,0.9421518262841642,84,,,,,,,
full,chuandian,M_RW,117,1.5,1,0.9302589096147181,96,,,,,,,
full,chuandian,M_RW,117,2.0,12,0.9199992016841475,104,,,,,,,
full,chuandian,M_RW,117,3.0,8,0.9028645270960542,113,,,,,,,
full,chuandian,M_RW,118,0.1,17,0.9667779742298708,34,,,,,,,
full,chuandian,M_RW,118,0.5,5,0.9488456341751258,65,,,,,,,
full,chuandian,M_RW,118,1.0,18,0.9359739283006905,83,,,,,,,
full,chuandian,M_RW,118,1.5,11,0.925192300306067,97,,,,,,,
full,chuandian,M_RW,118,2.0,5,0.9153567124255966,105,,,,,,,
full,chuandian,M_RW,118,3.0,19,0.8975445924618234,117,,,,,,,
full,chuandian,M_RW,119,0.1,19,0.968219285006882,33,,,,,,,
full,chuandian,M_RW,119,0.5,15,0.9515173357525233,64,,,,,,,
full,chuandian,M_RW,119,1.0,19,0.9370634627148041,82,,,,,,,
full,chuandian,M_RW,119,1.5,18,0.9245355928708304,88,,,,,,,
full,chuandian,M_RW,119,2.0,4,0.9136531662123936,105,,,,,,,
full,chuandian,M_RW,119,3.0,16,0.8951859596603506,122,,,,,,,
full,chuandian,M_RW,120,0.1,9,0.9668765683055133,41,,,,,,,
full,chuandian,M_RW,120,0.5,2,0.9489490812973157,76,,,,,,,
full,chuandian,M_RW,120,1.0,3,0.9359077367017595,90,,,,,,,
full,chuandian,M_RW,120,1.5,17,0.9252596356325947,100,,,,,,,
full,chuandian,M_RW,120,2.0,11,0.916564867856891,117,,,,,,,
full,chuandian,M_RW,120,3.0,2,0.9011197464148741,123,,,,,,,
full,chuandian,M_RW,121,0.1,17,0.9722033272754386,37,,,,,,,
full,chuandian,M_RW,121,0.5,12345,0.959082800795685,74,,,,,,,
full,chuandian,M_RW,121,1.0,1,0.9486164295042625,98,,,,,,,
full,chuandian,M_RW,121,1.5,15,0.9397809880844457,104,,,,,,,
full,chuandian,M_RW,121,2.0,10,0.9317739618801855,116,,,,,,,
full,chuandian,M_RW,121,3.0,5,0.9174164794822159,130,,,,,,,
full,chuandian,M_RW,122,0.1,4,0.9700548777136829,37,,,,,,,
full,chuandian,M_RW,122,0.5,2,0.9558009871991436,67,,,,,,,
full,chuandian,M_RW,122,1.0,12,0.9445720405599602,88,,,,,,,
full,chuandian,M_RW,122,1.5,17,0.9354495240035509,97,,,,,,,
full,chuandian,M_RW,122,2.0,4,0.9270291848334266,110,,,,,,,
full,chuandian,M_RW,122,3.0,15,0.9118263162392327,124,,,,,,,
full,chuandian,M_RW,123,0.1,18,0.9646279417789828,32,,,,,,,
full,chuandian,M_RW,123,0.5,17,0.945161849288867,64,,,,,,,
full,chuandian,M_RW,123,1.0,7,0.9304936984517341,80,,,,,,,
full,chuandian,M_RW,123,1.5,5,0.9180956722750615,92,,,,,,,
full,chuandian,M_RW,123,2.0,12345,0.9071053425540218,98,,,,,,,
full,chuandian,M_RW,123,3.0,12345,0.8875590384689839,113,,,,,,,
full,chuandian,M_RW,124,0.1,5,0.9684553837263423,36,,,,,,,
full,chuandian,M_RW,124,0.5,12345,0.953013356294488,76,,,,,,,
full,chuandian,M_RW,124,1.0,3,0.9407147172890195,94,,,,,,,
full,chuandian,M_RW,124,1.5,12345,0.9308821673209045,105,,,,,,,
full,chuandian,M_RW,124,2.0,18,0.9219923147106721,114,,,,,,,
full,chuandian,M_RW,124,3.0,12,0.9064697107348868,129,,,,,,,
full,chuandian,M_RW,125,0.1,17,0.9648475495296005,30,,,,,,,
full,chuandian,M_RW,125,0.5,15,0.9411765845085057,67,,,,,,,
full,chuandian,M_RW,125,1.0,11,0.9236819770182814,85,,,,,,,
full,chuandian,M_RW,125,1.5,3,0.9095327889854761,98,,,,,,,
full,chuandian,M_RW,125,2.0,1,0.8973614105025269,105,,,,,,,
full,chuandian,M_RW,125,3.0,5,0.8762505028531564,113,,,,,,,
full,chuandian,M_RW,126,0.1,19,0.9675945233117378,31,,,,,,,
full,chuandian,M_RW,126,0.5,5,0.9504156558538185,65,,,,,,,
full,chuandian,M_RW,126,1.0,4,0.9375791003480155,85,,,,,,,
full,chuandian,M_RW,126,1.5,6,0.9266419144290388,94,,,,,,,
full,chuandian,M_RW,126,2.0,6,0.9167835581492362,100,,,,,,,
full,chuandian,M_RW,126,3.0,7,0.8985536906739389,119,,,,,,,
full,chuandian,M_RW,127,0.1,3,0.9686724372089384,31,,,,,,,
full,chuandian,M_RW,127,0.5,9,0.9527943057287981,65,,,,,,,
full,chuandian,M_RW,127,1.0,17,0.93983546276987,86,,,,,,,
full,chuandian,M_RW,127,1.5,5,0.9292006917569307,96,,,,,,,
full,chuandian,M_RW,127,2.0,7,0.9189460536695229,104,,,,,,,
full,chuandian,M_RW,127,3.0,12345,0.9015388115893016,117,,,,,,,
full,chuandian,M_RW,128,0.1,9,0.96912991109127,36,,,,,,,
full,chuandian,M_RW,128,0.5,18,0.9535113684153013,70,,,,,,,
full,chuandian,M_RW,128,1.0,2,0.9412610601840483,90,,,,,,,
full,chuandian,M_RW,128,1.5,17,0.9314535547789381,98,,,,,,,
full,chuandian,M_RW,128,2.0,8,0.92227695043285,104,,,,,,,
full,chuandian,M_RW,128,3.0,14,0.9054961903853233,122,,,,,,,
full,chuandian,M_RW,129,0.1,1,0.9665447142045137,31,,,,,,,
full,chuandian,M_RW,129,0.5,15,0.95067000790684,62,,,,,,,
full,chuandian,M_RW,129,1.0,4,0.9382505972991322,83,,,,,,,
full,chuandian,M_RW,129,1.5,10,0.9281562429711864,93,,,,,,,
full,chuandian,M_RW,129,2.0,11,0.9189596070331277,106,,,,,,,
full,chuandian,M_RW,129,3.0,19,0.9020557773776872,112,,,,,,,
full,chuandian,M_RW,130,0.1,7,0.9671504281924885,31,,,,,,,
full,chuandian,M_RW,130,0.5,7,0.9508972265050919,69,,,,,,,
full,chuandian,M_RW,130,1.0,14,0.9382665033879376,88,,,,,,,
full,chuandian,M_RW,130,1.5,7,0.9274944346442747,98,,,,,,,
full,chuandian,M_RW,130,2.0,7,0.9175134079341252,105,,,,,,,
full,chuandian,M_RW,130,3.0,3,0.9002000098733304,118,,,,,,,
full,chuandian,M_RW,131,0.1,7,0.9689181204877266,35,,,,,,,
full,chuandian,M_RW,131,0.5,17,0.951153201579689,66,,,,,,,
full,chuandian,M_RW,131,1.0,18,0.9368822935212662,84,,,,,,,
full,chuandian,M_RW,131,1.5,12345,0.9247638494887122,91,,,,,,,
full,chuandian,M_RW,131,2.0,4,0.913842290334238,96,,,,,,,
full,chuandian,M_RW,131,3.0,8,0.8940648758920848,114,,,,,,,
full,chuandian,M_RW,132,0.1,14,0.9653946699167412,30,,,,,,,
full,chuandian,M_RW,132,0.5,8,0.9467698571809038,66,,,,,,,
full,chuandian,M_RW,132,1.0,14,0.9332615702842506,85,,,,,,,
full,chuandian,M_RW,132,1.5,12345,0.9223194685838221,96,,,,,,,
full,chuandian,M_RW,132,2.0,10,0.9125562336024929,109,,,,,,,
full,chuandian,M_RW,132,3.0,9,0.8943576523331936,121,,,,,,,
full,chuandian,M_RW,133,0.1,16,0.9673980464375426,30,,,,,,,
full,chuandian,M_RW,133,0.5,5,0.9498683420714514,62,,,,,,,
full,chuandian,M_RW,133,1.0,5,0.9373302614370635,81,,,,,,,
full,chuandian,M_RW,133,1.5,2,0.9265568068513347,91,,,,,,,
full,chuandian,M_RW,133,2.0,8,0.9167910148955373,97,,,,,,,
full,chuandian,M_RW,133,3.0,2,0.898721184625064,108,,,,,,,
full,chuandian,M_RW,134,0.1,17,0.970471627052267,32,,,,,,,
full,chuandian,M_RW,134,0.5,2,0.9568560139250901,72,,,,,,,
full,chuandian,M_RW,134,1.0,16,0.9455906197452673,86,,,,,,,
full,chuandian,M_RW,134,1.5,16,0.9360433674919494,96,,,,,,,
full,chuandian,M_RW,134,2.0,15,0.9278494336295158,110,,,,,,,
full,chuandian,M_RW,134,3.0,19,0.9127335885894572,122,,,,,,,
full,chuandian,M_RW,135,0.1,3,0.9656204435163035,33,,,,,,,
full,chuandian,M_RW,135,0.5,12,0.9479399398862524,66,,,,,,,
full,chuandian,M_RW,135,1.0,8,0.935226187980776,88,,,,,,,
full,chuandian,M_RW,135,1.5,6,0.9246885000355755,99,,,,,,,
full,chuandian,M_RW,135,2.0,15,0.9151862059987559,109,,,,,,,
full,chuandian,M_RW,135,3.0,6,0.8984449506159846,119,,,,,,,
full,chuandian,M_RW,136,0.1,5,0.9699177324118127,36,,,,,,,
full,chuandian,M_RW,136,0.5,11,0.9556416893393422,68,,,,,,,
full,chuandian,M_RW,136,1.0,12345,0.9428605000336215,88,,,,,,,
full,chuandian,M_RW,136,1.5,12,0.9326254476159747,99,,,,,,,
full,chuandian,M_RW,136,2.0,5,0.9232481394531249,114,,,,,,,
full,chuandian,M_RW,136,3.0,11,0.9064789945214147,120,,,,,,,
full,chuandian,M_RW,137,0.1,12,0.9675176909639546,37,,,,,,,
full,chuandian,M_RW,137,0.5,13,0.9490000801739121,73,,,,,,,
full,chuandian,M_RW,137,1.0,2,0.935587910236335,86,,,,,,,
full,chuandian,M_RW,137,1.5,1,0.9245306177607663,100,,,,,,,
full,chuandian,M_RW,137,2.0,8,0.9144969246507996,109,,,,,,,
full,chuandian,M_RW,137,3.0,3,0.8964660165305341,115,,,,,,,
full,chuandian,M_RW,138,0.1,4,0.966015774454462,34,,,,,,,
full,chuandian,M_RW,138,0.5,14,0.9503772431397618,76,,,,,,,
full,chuandian,M_RW,138,1.0,2,0.9375492152332358,95,,,,,,,
full,chuandian,M_RW,138,1.5,2,0.9273653873003065,108,,,,,,,
full,chuandian,M_RW,138,2.0,7,0.9182673949639067,112,,,,,,,
full,chuandian,M_RW,138,3.0,6,0.9016252065263138,124,,,,,,,
full,chuandian,M_RW,139,0.1,7,0.9690122233738337,32,,,,,,,
full,chuandian,M_RW,139,0.5,8,0.9528147073125263,62,,,,,,,
full,chuandian,M_RW,139,1.0,8,0.939591025808578,81,,,,,,,
full,chuandian,M_RW,139,1.5,7,0.9277496042180617,87,,,,,,,
full,chuandian,M_RW,139,2.0,7,0.9171100716993879,97,,,,,,,
full,chuandian,M_RW,139,3.0,7,0.8982083629840336,106,,,,,,,
full,chuandian,M_RW,140,0.1,4,0.9706145219883537,34,,,,,,,
full,chuandian,M_RW,140,0.5,16,0.9544409089746376,69,,,,,,,
full,chuandian,M_RW,140,1.0,3,0.9413314468135596,87,,,,,,,
full,chuandian,M_RW,140,1.5,14,0.9303924023831935,96,,,,,,,
full,chuandian,M_RW,140,2.0,7,0.920149803166364,104,,,,,,,
full,chuandian,M_RW,140,3.0,17,0.9014297380043533,118,,,,,,,
full,chuandian,M_RW,141,0.1,13,0.9684286947659223,35,,,,,,,
full,chuandian,M_RW,141,0.5,6,0.9518794479509276,69,,,,,,,
full,chuandian,M_RW,141,1.0,9,0.9385868547708703,90,,,,,,,
full,chuandian,M_RW,141,1.5,17,0.9278620679206084,101,,,,,,,
full,chuandian,M_RW,141,2.0,3,0.9188769594355521,110,,,,,,,
full,chuandian,M_RW,141,3.0,4,0.9029353393185423,123,,,,,,,
full,chuandian,M_RW,142,0.1,1,0.969758402095084,35,,,,,,,
full,chuandian,M_RW,142,0.5,17,0.9558231679537827,70,,,,,,,
full,chuandian,M_RW,142,1.0,5,0.9449847651820218,87,,,,,,,
full,chuandian,M_RW,142,1.5,12,0.9356337817884617,105,,,,,,,
full,chuandian,M_RW,142,2.0,19,0.9272494019810482,114,,,,,,,
full,chuandian,M_RW,142,3.0,1,0.9114055766972408,119,,,,,,,
full,chuandian,M_RW,143,0.1,4,0.9665849020538151,33,,,,,,,
full,chuandian,M_RW,143,0.5,13,0.9487136842003049,68,,,,,,,
full,chuandian,M_RW,143,1.0,12,0.9340554505446852,82,,,,,,,
full,chuandian,M_RW,143,1.5,11,0.9218132388960282,93,,,,,,,
full,chuandian,M_RW,143,2.0,11,0.911285282111864,102,,,,,,,
full,chuandian,M_RW,143,3.0,10,0.8925985788373173,115,,,,,,,
full,chuandian,M_RW,144,0.1,7,0.9698051029075189,36,,,,,,,
full,chuandian,M_RW,144,0.5,17,0.9534817033842575,67,,,,,,,
full,chuandian,M_RW,144,1.0,17,0.9396991664637946,82,,,,,,,
full,chuandian,M_RW,144,1.5,18,0.9283001975330472,98,,,,,,,
full,chuandian,M_RW,144,2.0,18,0.9182260014979229,108,,,,,,,
full,chuandian,M_RW,144,3.0,4,0.9016896111899538,128,,,,,,,
full,chuandian,M_RW,145,0.1,18,0.964841619866309,33,,,,,,,
full,chuandian,M_RW,145,0.5,3,0.947099053594526,73,,,,,,,
full,chuandian,M_RW,145,1.0,1,0.934264440751727,95,,,,,,,
full,chuandian,M_RW,145,1.5,11,0.9236898807601233,108,,,,,,,
full,chuandian,M_RW,145,2.0,19,0.9141214644913945,116,,,,,,,
full,chuandian,M_RW,145,3.0,10,0.8971149510624894,130,,,,,,,
full,chuandian,M_RW,146,0.1,18,0.9671318482580697,30,,,,,,,
full,chuandian,M_RW,146,0.5,12,0.9516502371508065,64,,,,,,,
full,chuandian,M_RW,146,1.0,13,0.9391086893794099,82,,,,,,,
full,chuandian,M_RW,146,1.5,17,0.9286820089402087,96,,,,,,,
full,chuandian,M_RW,146,2.0,19,0.9197715832474352,107,,,,,,,
full,chuandian,M_RW,146,3.0,8,0.9027289939994902,114,,,,,,,
full,chuandian,M_RW,147,0.1,4,0.9662196615367236,38,,,,,,,
full,chuandian,M_RW,147,0.5,2,0.9499766512157362,74,,,,,,,
full,chuandian,M_RW,147,1.0,9,0.9383757293376295,92,,,,,,,
full,chuandian,M_RW,147,1.5,3,0.9284321595184037,102,,,,,,,
full,chuandian,M_RW,147,2.0,12345,0.9192352586765632,109,,,,,,,
full,chuandian,M_RW,147,3.0,2,0.902281157537387,119,,,,,,,
full,chuandian,M_RW,148,0.1,16,0.9676247168191038,36,,,,,,,
full,chuandian,M_RW,148,0.5,19,0.9495594712490507,71,,,,,,,
full,chuandian,M_RW,148,1.0,19,0.9337358120043138,87,,,,,,,
full,chuandian,M_RW,148,1.5,19,0.9221375181852626,100,,,,,,,
full,chuandian,M_RW,148,2.0,15,0.9118889509520174,110,,,,,,,
full,chuandian,M_RW,148,3.0,7,0.8932994127253446,122,,,,,,,
full,chuandian,M_RW,149,0.1,4,0.9648388516467882,32,,,,,,,
full,chuandian,M_RW,149,0.5,15,0.9444124986824337,66,,,,,,,
full,chuandian,M_RW,149,1.0,14,0.9296041500097357,85,,,,,,,
full,chuandian,M_RW,149,1.5,1,0.9175284886033968,99,,,,,,,
full,chuandian,M_RW,149,2.0,3,0.9067338797256691,105,,,,,,,
full,chuandian,M_RW,149,3.0,14,0.8869853397801593,118,,,,,,,
full,chuandian,M_RW,150,0.1,1,0.9685714406113306,30,,,,,,,
full,chuandian,M_RW,150,0.5,17,0.9518121504485493,65,,,,,,,
full,chuandian,M_RW,150,1.0,15,0.9380877821371421,85,,,,,,,
full,chuandian,M_RW,150,1.5,10,0.9265139413851552,91,,,,,,,
full,chuandian,M_RW,150,2.0,16,0.9166749853258593,99,,,,,,,
full,chuandian,M_RW,150,3.0,2,0.8991011716119874,111,,,,,,,
full,chuandian,M_RW,151,0.1,12,0.9685993392566291,32,,,,,,,
full,chuandian,M_RW,151,0.5,16,0.950236933010745,68,,,,,,,
full,chuandian,M_RW,151,1.0,4,0.9357291790572652,85,,,,,,,
full,chuandian,M_RW,151,1.5,11,0.923129041121285,92,,,,,,,
full,chuandian,M_RW,151,2.0,9,0.9116728649184855,104,,,,,,,
full,chuandian,M_RW,151,3.0,13,0.8903064982785831,114,,,,,,,
full,chuandian,M_RW,152,0.1,12345,0.964389514500032,34,,,,,,,
full,chuandian,M_RW,152,0.5,10,0.9445124808785916,66,,,,,,,
full,chuandian,M_RW,152,1.0,5,0.9302113559238862,83,,,,,,,
full,chuandian,M_RW,152,1.5,7,0.9185487295135469,92,,,,,,,
full,chuandian,M_RW,152,2.0,6,0.9079945279360965,99,,,,,,,
full,chuandian,M_RW,152,3.0,10,0.8888242363163789,117,,,,,,,
full,chuandian,M_RW,153,0.1,12,0.9670155820067958,33,,,,,,,
full,chuandian,M_RW,153,0.5,1,0.9463055695941647,63,,,,,,,
full,chuandian,M_RW,153,1.0,12,0.9303040378386752,81,,,,,,,
full,chuandian,M_RW,153,1.5,12,0.9176359561329682,93,,,,,,,
full,chuandian,M_RW,153,2.0,16,0.9061183211299085,103,,,,,,,
full,chuandian,M_RW,153,3.0,18,0.8858151549776766,113,,,,,,,
full,chuandian,M_RW,154,0.1,17,0.9706910369395071,38,,,,,,,
full,chuandian,M_RW,154,0.5,16,0.9560627212768515,70,,,,,,,
full,chuandian,M_RW,154,1.0,16,0.9441969836540606,87,,,,,,,
full,chuandian,M_RW,154,1.5,3,0.9342640866599122,101,,,,,,,
full,chuandian,M_RW,154,2.0,7,0.9257276835048869,110,,,,,,,
full,chuandian,M_RW,154,3.0,16,0.9099268288187324,124,,,,,,,
full,chuandian,M_RW,155,0.1,19,0.9691469502768115,38,,,,,,,
full,chuandian,M_RW,155,0.5,4,0.9553306129329315,67,,,,,,,
full,chuandian,M_RW,155,1.0,6,0.9436534163319429,90,,,,,,,
full,chuandian,M_RW,155,1.5,4,0.9341651800112186,101,,,,,,,
full,chuandian,M_RW,155,2.0,9,0.9252562930688906,110,,,,,,,
full,chuandian,M_RW,155,3.0,12345,0.9093105535450373,122,,,,,,,
full,chuandian,M_RW,156,0.1,11,0.9684790010983547,39,,,,,,,
full,chuandian,M_RW,156,0.5,16,0.9544201635477902,86,,,,,,,
full,chuandian,M_RW,156,1.0,12,0.9435286177933963,103,,,,,,,
full,chuandian,M_RW,156,1.5,12345,0.9340753796363209,115,,,,,,,
full,chuandian,M_RW,156,2.0,14,0.9252781947152742,121,,,,,,,
full,chuandian,M_RW,156,3.0,10,0.9101279493719507,136,,,,,,,
full,chuandian,M_RW,157,0.1,17,0.9682767205857166,34,,,,,,,
full,chuandian,M_RW,157,0.5,14,0.9505441562471368,67,,,,,,,
full,chuandian,M_RW,157,1.0,9,0.9357279215642582,86,,,,,,,
full,chuandian,M_RW,157,1.5,18,0.9243005172586839,96,,,,,,,
full,chuandian,M_RW,157,2.0,19,0.9140121321228304,106,,,,,,,
full,chuandian,M_RW,157,3.0,2,0.8963969760254343,121,,,,,,,
full,chuandian,M_RW,158,0.1,11,0.9658864248945171,30,,,,,,,
full,chuandian,M_RW,158,0.5,1,0.9489996652546723,62,,,,,,,
full,chuandian,M_RW,158,1.0,1,0.9357812536321787,81,,,,,,,
full,chuandian,M_RW,158,1.5,12,0.9244180384284618,95,,,,,,,
full,chuandian,M_RW,158,2.0,1,0.9141464370922554,98,,,,,,,
full,chuandian,M_RW,158,3.0,7,0.895731846723409,115,,,,,,,
full,chuandian,M_RW,159,0.1,9,0.9686689068564399,36,,,,,,,
full,chuandian,M_RW,159,0.5,1,0.9532144375652329,72,,,,,,,
full,chuandian,M_RW,159,1.0,3,0.941385713528892,90,,,,,,,
full,chuandian,M_RW,159,1.5,2,0.9319638897463672,100,,,,,,,
full,chuandian,M_RW,159,2.0,15,0.9231407092276023,112,,,,,,,
full,chuandian,M_RW,159,3.0,12,0.9067765114824397,118,,,,,,,
full,chuandian,M_RW,160,0.1,4,0.9691647990490115,33,,,,,,,
full,chuandian,M_RW,160,0.5,19,0.9536900604029083,64,,,,,,,
full,chuandian,M_RW,160,1.0,11,0.9407012915709868,82,,,,,,,
full,chuandian,M_RW,160,1.5,13,0.9303775588815538,95,,,,,,,
full,chuandian,M_RW,160,2.0,15,0.9206573979877042,98,,,,,,,
full,chuandian,M_RW,160,3.0,7,0.9019779710101001,109,,,,,,,
full,chuandian,M_RW,161,0.1,1,0.9667036531392292,32,,,,,,,
full,chuandian,M_RW,161,0.5,19,0.9514566929430006,67,,,,,,,
full,chuandian,M_RW,161,1.0,16,0.9394608766310208,87,,,,,,,
full,chuandian,M_RW,161,1.5,6,0.92901016386636,94,,,,,,,
full,chuandian,M_RW,161,2.0,11,0.9196092939835996,104,,,,,,,
full,chuandian,M_RW,161,3.0,4,0.9028570890209607,121,,,,,,,
full,chuandian,M_RW,162,0.1,4,0.9671155106733671,36,,,,,,,
full,chuandian,M_RW,162,0.5,11,0.9490590114001357,64,,,,,,,
full,chuandian,M_RW,162,1.0,16,0.935040778365766,83,,,,,,,
full,chuandian,M_RW,162,1.5,4,0.9237026198607278,94,,,,,,,
full,chuandian,M_RW,162,2.0,12345,0.9136064029293358,102,,,,,,,
full,chuandian,M_RW,162,3.0,12345,0.8948844390646185,116,,,,,,,
full,chuandian,M_RW,163,0.1,17,0.96620217814791,30,,,,,,,
full,chuandian,M_RW,163,0.5,10,0.9501749282481152,71,,,,,,,
full,chuandian,M_RW,163,1.0,18,0.9373976450156275,86,,,,,,,
full,chuandian,M_RW,163,1.5,11,0.9267793062286867,95,,,,,,,
full,chuandian,M_RW,163,2.0,16,0.9166340279937125,104,,,,,,,
full,chuandian,M_RW,163,3.0,5,0.8978588017204979,118,,,,,,,
full,chuandian,M_RW,164,0.1,17,0.9672000120709173,35,,,,,,,
full,chuandian,M_RW,164,0.5,18,0.9513901135697982,71,,,,,,,
full,chuandian,M_RW,164,1.0,15,0.9397084095811044,89,,,,,,,
full,chuandian,M_RW,164,1.5,18,0.9299354098574805,101,,,,,,,
full,chuandian,M_RW,164,2.0,7,0.9207267269833409,108,,,,,,,
full,chuandian,M_RW,164,3.0,1,0.9044915126343805,120,,,,,,,
full,chuandian,M_RW,165,0.1,7,0.9716188035193549,35,,,,,,,
full,chuandian,M_RW,165,0.5,11,0.957406879817501,62,,,,,,,
full,chuandian,M_RW,165,1.0,11,0.9442753245129752,80,,,,,,,
full,chuandian,M_RW,165,1.5,7,0.933822654782088,93,,,,,,,
full,chuandian,M_RW,165,2.0,4,0.9248697771202714,105,,,,,,,
full,chuandian,M_RW,165,3.0,1,0.9085359960289803,115,,,,,,,
full,chuandian,M_RW,166,0.1,19,0.9697144404864122,39,,,,,,,
full,chuandian,M_RW,166,0.5,11,0.9551078199773304,70,,,,,,,
full,chuandian,M_RW,166,1.0,17,0.942636822378375,96,,,,,,,
full,chuandian,M_RW,166,1.5,1,0.9321018905529013,108,,,,,,,
full,chuandian,M_RW,166,2.0,7,0.9226195196420436,116,,,,,,,
full,chuandian,M_RW,166,3.0,16,0.9054474749214421,134,,,,,,,
full,chuandian,M_RW,167,0.1,4,0.9670897590088667,33,,,,,,,
full,chuandian,M_RW,167,0.5,1,0.9518116166972078,71,,,,,,,
full,chuandian,M_RW,167,1.0,12,0.9388145430813212,93,,,,,,,
full,chuandian,M_RW,167,1.5,16,0.9279899259281524,103,,,,,,,
full,chuandian,M_RW,167,2.0,12,0.9184830816803096,111,,,,,,,
full,chuandian,M_RW,167,3.0,18,0.9008490945693043,124,,,,,,,
full,chuandian,M_RW,168,0.1,8,0.9658782474637946,31,,,,,,,
full,chuandian,M_RW,168,0.5,1,0.9487780951296955,71,,,,,,,
full,chuandian,M_RW,168,1.0,5,0.9368451322039072,84,,,,,,,
full,chuandian,M_RW,168,1.5,2,0.9265064588572012,95,,,,,,,
full,chuandian,M_RW,168,2.0,19,0.9175094098053606,105,,,,,,,
full,chuandian,M_RW,168,3.0,12345,0.9017592250369469,118,,,,,,,
full,chuandian,M_RW,169,0.1,17,0.969597456650606,32,,,,,,,
full,chuandian,M_RW,169,0.5,13,0.9543200429791646,68,,,,,,,
full,chuandian,M_RW,169,1.0,18,0.9421065551320159,83,,,,,,,
full,chuandian,M_RW,169,1.5,14,0.9322285081970535,99,,,,,,,
full,chuandian,M_RW,169,2.0,14,0.923251840672595,108,,,,,,,
full,chuandian,M_RW,169,3.0,17,0.9066765665605481,119,,,,,,,
full,chuandian,M_RW,170,0.1,16,0.9686468639537209,30,,,,,,,
full,chuandian,M_RW,170,0.5,5,0.9513835850873742,59,,,,,,,
full,chuandian,M_RW,170,1.0,11,0.9370516954178497,75,,,,,,,
full,chuandian,M_RW,170,1.5,1,0.9251047376834787,89,,,,,,,
full,chuandian,M_RW,170,2.0,10,0.9142649895726633,100,,,,,,,
full,chuandian,M_RW,170,3.0,12,0.8944047241433659,114,,,,,,,
full,chuandian,M_RW,171,0.1,9,0.964562091803969,30,,,,,,,
full,chuandian,M_RW,171,0.5,5,0.9464115445145197,66,,,,,,,
full,chuandian,M_RW,171,1.0,6,0.9322003250845704,89,,,,,,,
full,chuandian,M_RW,171,1.5,8,0.9214056144424756,97,,,,,,,
full,chuandian,M_RW,171,2.0,1,0.9120824269464176,106,,,,,,,
full,chuandian,M_RW,171,3.0,10,0.895147062589477,115,,,,,,,
full,chuandian,M_RW,172,0.1,9,0.9666146304618989,29,,,,,,,
full,chuandian,M_RW,172,0.5,19,0.9462670687173332,66,,,,,,,
full,chuandian,M_RW,172,1.0,6,0.9317349061214634,82,,,,,,,
full,chuandian,M_RW,172,1.5,12345,0.9194131835325839,93,,,,,,,
full,chuandian,M_RW,172,2.0,9,0.908726307807332,100,,,,,,,
full,chuandian,M_RW,172,3.0,16,0.8893289186860717,115,,,,,,,
full,chuandian,M_RW,173,0.1,6,0.9656748318806542,30,,,,,,,
full,chuandian,M_RW,173,0.5,14,0.9497590569596529,71,,,,,,,
full,chuandian,M_RW,173,1.0,10,0.9378902267702814,92,,,,,,,
full,chuandian,M_RW,173,1.5,15,0.9277552375556952,96,,,,,,,
full,chuandian,M_RW,173,2.0,8,0.9185552688643601,107,,,,,,,
full,chuandian,M_RW,173,3.0,12,0.9018279143034702,118,,,,,,,
full,chuandian,M_RW,174,0.1,9,0.9669113609203284,32,,,,,,,
full,chuandian,M_RW,174,0.5,14,0.9488875361672671,70,,,,,,,
full,chuandian,M_RW,174,1.0,5,0.9359162848835215,90,,,,,,,
full,chuandian,M_RW,174,1.5,12345,0.9249781351903329,100,,,,,,,
full,chuandian,M_RW,174,2.0,10,0.9152743959706099,104,,,,,,,
full,chuandian,M_RW,174,3.0,15,0.8988535618236898,119,,,,,,,
full,chuandian,M_RW,175,0.1,12,0.9635530056903527,28,,,,,,,
full,chuandian,M_RW,175,0.5,19,0.9433509943527902,64,,,,,,,
full,chuandian,M_RW,175,1.0,15,0.9276193506940769,80,,,,,,,
full,chuandian,M_RW,175,1.5,19,0.9150632427689197,95,,,,,,,
full,chuandian,M_RW,175,2.0,5,0.9031422694747604,99,,,,,,,
full,chuandian,M_RW,175,3.0,4,0.8818711857368253,115,,,,,,,
full,chuandian,M_RW,176,0.1,11,0.9679187088810881,37,,,,,,,
full,chuandian,M_RW,176,0.5,12345,0.9527000232623186,70,,,,,,,
full,chuandian,M_RW,176,1.0,16,0.9400203162621926,84,,,,,,,
full,chuandian,M_RW,176,1.5,5,0.9287636097767777,92,,,,,,,
full,chuandian,M_RW,176,2.0,18,0.9188349368986277,102,,,,,,,
full,chuandian,M_RW,176,3.0,3,0.902405606105864,118,,,,,,,
full,chuandian,M_RW,177,0.1,12345,0.9689917948111677,37,,,,,,,
full,chuandian,M_RW,177,0.5,7,0.9549761804199641,67,,,,,,,
full,chuandian,M_RW,177,1.0,13,0.9432195499235315,83,,,,,,,
full,chuandian,M_RW,177,1.5,1,0.9329592025524764,95,,,,,,,
full,chuandian,M_RW,177,2.0,7,0.9236519367624183,105,,,,,,,
full,chuandian,M_RW,177,3.0,1,0.906601899274667,115,,,,,,,
full,chuandian,M_RW,178,0.1,6,0.9670790601536104,36,,,,,,,
full,chuandian,M_RW,178,0.5,3,0.9494394572822413,60,,,,,,,
full,chuandian,M_RW,178,1.0,1,0.9370567321458385,83,,,,,,,
full,chuandian,M_RW,178,1.5,6,0.9262972729366888,91,,,,,,,
full,chuandian,M_RW,178,2.0,3,0.9163753049452845,99,,,,,,,
full,chuandian,M_RW,178,3.0,12345,0.8986325562275568,116,,,,,,,
full,chuandian,M_RW,179,0.1,7,0.9692000598680692,35,,,,,,,
full,chuandian,M_RW,179,0.5,12,0.9547493954081567,65,,,,,,,
full,chuandian,M_RW,179,1.0,17,0.9433993167206481,83,,,,,,,
full,chuandian,M_RW,179,1.5,5,0.9334029118081821,93,,,,,,,
full,chuandian,M_RW,179,2.0,11,0.9244218477208729,104,,,,,,,
full,chuandian,M_RW,179,3.0,3,0.9079231642799249,119,,,,,,,
full,chuandian,M_RW,180,0.1,10,0.9637068455449193,32,,,,,,,
full,chuandian,M_RW,180,0.5,7,0.9451681968397497,72,,,,,,,
full,chuandian,M_RW,180,1.0,14,0.9308530433632116,92,,,,,,,
full,chuandian,M_RW,180,1.5,19,0.9176272042509733,104,,,,,,,
full,chuandian,M_RW,180,2.0,9,0.9064659223171478,113,,,,,,,
full,chuandian,M_RW,180,3.0,13,0.8866392113913746,121,,,,,,,
full,chuandian,M_RW,181,0.1,4,0.9674783869626714,32,,,,,,,
full,chuandian,M_RW,181,0.5,15,0.9512427662821759,69,,,,,,,
full,chuandian,M_RW,181,1.0,16,0.9386973305776403,89,,,,,,,
full,chuandian,M_RW,181,1.5,14,0.9276322634687617,100,,,,,,,
full,chuandian,M_RW,181,2.0,18,0.9180431072806238,107,,,,,,,
full,chuandian,M_RW,181,3.0,19,0.9002581279438331,115,,,,,,,
full,chuandian,M_RW,182,0.1,16,0.9644493572436683,36,,,,,,,
full,chuandian,M_RW,182,0.5,1,0.9462909923141773,76,,,,,,,
full,chuandian,M_RW,182,1.0,2,0.9324249906748682,89,,,,,,,
full,chuandian,M_RW,182,1.5,5,0.9210902917088881,103,,,,,,,
full,chuandian,M_RW,182,2.0,16,0.911156648793953,109,,,,,,,
full,chuandian,M_RW,182,3.0,16,0.8921625086560704,120,,,,,,,
full,chuandian,M_RW,183,0.1,19,0.9680525115071352,31,,,,,,,
full,chuandian,M_RW,183,0.5,18,0.9487653121679956,61,,,,,,,
full,chuandian,M_RW,183,1.0,3,0.9350104653333058,79,,,,,,,
full,chuandian,M_RW,183,1.5,7,0.9232689356217673,87,,,,,,,
full,chuandian,M_RW,183,2.0,5,0.9130234452104857,99,,,,,,,
full,chuandian,M_RW,183,3.0,16,0.8944059356879241,110,,,,,,,
full,chuandian,M_RW,184,0.1,1,0.9681350353452176,33,,,,,,,
full,chuandian,M_RW,184,0.5,17,0.9518126303376974,66,,,,,,,
full,chuandian,M_RW,184,1.0,5,0.9384947297306934,85,,,,,,,
full,chuandian,M_RW,184,1.5,16,0.9272323439132542,99,,,,,,,
full,chuandian,M_RW,184,2.0,17,0.9168724347044602,107,,,,,,,
full,chuandian,M_RW,184,3.0,13,0.8975942538393008,119,,,,,,,
full,chuandian,M_RW,185,0.1,13,0.9670399031989273,33,,,,,,,
full,chuandian,M_RW,185,0.5,9,0.9489918279722847,66,,,,,,,
full,chuandian,M_RW,185,1.0,19,0.9352467253346012,89,,,,,,,
full,chuandian,M_RW,185,1.5,13,0.9236344455252522,100,,,,,,,
full,chuandian,M_RW,185,2.0,15,0.9132671668221802,107,,,,,,,
full,chuandian,M_RW,185,3.0,6,0.8953482347728027,120,,,,,,,
full,chuandian,M_RW,186,0.1,6,0.9627088053530884,30,,,,,,,
full,chuandian,M_RW,186,0.5,17,0.9425686949047484,61,,,,,,,
full,chuandian,M_RW,186,1.0,5,0.9261787701649526,79,,,,,,,
full,chuandian,M_RW,186,1.5,11,0.9136130475978307,91,,,,,,,
full,chuandian,M_RW,186,2.0,14,0.901803010579077,100,,,,,,,
full,chuandian,M_RW,186,3.0,14,0.8815657144283496,114,,,,,,,
full,chuandian,M_RW,187,0.1,14,0.9675893460970303,37,,,,,,,
full,chuandian,M_RW,187,0.5,4,0.9500573664972017,68,,,,,,,
full,chuandian,M_RW,187,1.0,15,0.9353311474313408,85,,,,,,,
full,chuandian,M_RW,187,1.5,10,0.9240154168703795,99,,,,,,,
full,chuandian,M_RW,187,2.0,6,0.914647418685814,104,,,,,,,
full,chuandian,M_RW,187,3.0,6,0.898567793407834,118,,,,,,,
full,chuandian,M_RW,188,0.1,16,0.9687244543164857,33,,,,,,,
full,chuandian,M_RW,188,0.5,16,0.9521748933331027,73,,,,,,,
full,chuandian,M_RW,188,1.0,2,0.9395150740558147,92,,,,,,,
full,chuandian,M_RW,188,1.5,12,0.9298146651074517,104,,,,,,,
full,chuandian,M_RW,188,2.0,11,0.9212706396664259,114,,,,,,,
full,chuandian,M_RW,188,3.0,12,0.9051115317809099,124,,,,,,,
full,chuandian,M_RW,189,0.1,2,0.9681565690578547,33,,,,,,,
full,chuandian,M_RW,189,0.5,7,0.9515719035957477,65,,,,,,,
full,chuandian,M_RW,189,1.0,9,0.9376944575275745,78,,,,,,,
full,chuandian,M_RW,189,1.5,4,0.9258411900216974,88,,,,,,,
full,chuandian,M_RW,189,2.0,10,0.9148586098595933,101,,,,,,,
full,chuandian,M_RW,189,3.0,19,0.8966447074966991,115,,,,,,,
full,chuandian,M_RW,190,0.1,1,0.9675833851564558,33,,,,,,,
full,chuandian,M_RW,190,0.5,9,0.949771196183378,66,,,,,,,
full,chuandian,M_RW,190,1.0,10,0.9360147340638933,83,,,,,,,
full,chuandian,M_RW,190,1.5,12,0.9249145246471852,93,,,,,,,
full,chuandian,M_RW,190,2.0,12,0.9145834280555729,98,,,,,,,
full,chuandian,M_RW,190,3.0,17,0.8956429587610283,113,,,,,,,
full,chuandian,M_RW,191,0.1,9,0.9695209232130495,37,,,,,,,
full,chuandian,M_RW,191,0.5,15,0.95384556897322,71,,,,,,,
full,chuandian,M_RW,191,1.0,2,0.9414870442724295,93,,,,,,,
full,chuandian,M_RW,191,1.5,5,0.9311158643548165,107,,,,,,,
full,chuandian,M_RW,191,2.0,5,0.9222963914968916,113,,,,,,,
full,chuandian,M_RW,191,3.0,14,0.906598186934595,129,,,,,,,
full,chuandian,M_RW,192,0.1,15,0.9697625746720997,34,,,,,,,
full,chuandian,M_RW,192,0.5,8,0.9525820823923381,64,,,,,,,
full,chuandian,M_RW,192,1.0,13,0.9379994994392139,79,,,,,,,
full,chuandian,M_RW,192,1.5,3,0.9256087719167388,88,,,,,,,
full,chuandian,M_RW,192,2.0,3,0.915256809162042,95,,,,,,,
full,chuandian,M_RW,192,3.0,11,0.8968832233266028,109,,,,,,,
full,chuandian,M_RW,193,0.1,16,0.9695556289708869,35,,,,,,,
full,chuandian,M_RW,193,0.5,12,0.955013745596362,65,,,,,,,
full,chuandian,M_RW,193,1.0,14,0.9421644070037187,85,,,,,,,
full,chuandian,M_RW,193,1.5,15,0.9312723541818833,100,,,,,,,
full,chuandian,M_RW,193,2.0,4,0.9211096252074391,104,,,,,,,
full,chuandian,M_RW,193,3.0,11,0.9023652212351619,121,,,,,,,
full,chuandian,M_RW,194,0.1,18,0.9693174786250875,35,,,,,,,
full,chuandian,M_RW,194,0.5,11,0.9561672915959597,73,,,,,,,
full,chuandian,M_RW,194,1.0,18,0.9443449134723774,92,,,,,,,
full,chuandian,M_RW,194,1.5,3,0.9348199063171525,105,,,,,,,
full,chuandian,M_RW,194,2.0,10,0.9259962578341289,110,,,,,,,
full,chuandian,M_RW,194,3.0,16,0.9098789219719633,122,,,,,,,
full,chuandian,M_RW,195,0.1,2,0.9681393088253587,37,,,,,,,
full,chuandian,M_RW,195,0.5,12345,0.9514923983392243,70,,,,,,,
full,chuandian,M_RW,195,1.0,13,0.9395429682518183,86,,,,,,,
full,chuandian,M_RW,195,1.5,3,0.9290920582222443,97,,,,,,,
full,chuandian,M_RW,195,2.0,13,0.9198365142580402,103,,,,,,,
full,chuandian,M_RW,195,3.0,13,0.9040265449406636,115,,,,,,,
full,chuandian,M_RW,196,0.1,19,0.9684434431237878,33,,,,,,,
full,chuandian,M_RW,196,0.5,12,0.9538049106491271,74,,,,,,,
full,chuandian,M_RW,196,1.0,9,0.9418409098926064,90,,,,,,,
full,chuandian,M_RW,196,1.5,6,0.9318998322666111,103,,,,,,,
full,chuandian,M_RW,196,2.0,10,0.9232631408856434,111,,,,,,,
full,chuandian,M_RW,196,3.0,3,0.907995624552169,127,,,,,,,
full,chuandian,M_RW,197,0.1,6,0.9681638785058706,36,,,,,,,
full,chuandian,M_RW,197,0.5,4,0.9514197787264692,63,,,,,,,
full,chuandian,M_RW,197,1.0,17,0.9377215232589865,88,,,,,,,
full,chuandian,M_RW,197,1.5,19,0.927659123783234,102,,,,,,,
full,chuandian,M_RW,197,2.0,14,0.918902600844958,109,,,,,,,
full,chuandian,M_RW,197,3.0,12345,0.9034115965188487,128,,,,,,,
full,chuandian,M_RW,198,0.1,4,0.967999060399814,30,,,,,,,
full,chuandian,M_RW,198,0.5,17,0.9533534052377146,68,,,,,,,
full,chuandian,M_RW,198,1.0,16,0.9415632738735951,77,,,,,,,
full,chuandian,M_RW,198,1.5,3,0.931690241433248,98,,,,,,,
full,chuandian,M_RW,198,2.0,18,0.923047793907194,104,,,,,,,
full,chuandian,M_RW,198,3.0,8,0.9069373164142462,112,,,,,,,
full,chuandian,M_RW,199,0.1,17,0.9711931799228484,28,,,,,,,
full,chuandian,M_RW,199,0.5,2,0.9553608187940041,69,,,,,,,
full,chuandian,M_RW,199,1.0,12,0.9429991849706689,93,,,,,,,
full,chuandian,M_RW,199,1.5,4,0.9328902466597339,102,,,,,,,
full,chuandian,M_RW,199,2.0,4,0.9233884145606921,112,,,,,,,
full,chuandian,M_RW,199,3.0,4,0.9065119057423442,123,,,,,,,
full,southern_california,observed,-1,0.1,4,0.9878748102258419,36,,,,,,,
full,southern_california,observed,-1,0.5,15,0.9676602307506407,58,,,,,,,
full,southern_california,observed,-1,1.0,11,0.9510427751228325,73,,,,,,,
full,southern_california,observed,-1,1.5,14,0.9369335292026898,91,,,,,,,
full,southern_california,observed,-1,2.0,5,0.9256860116145339,103,,,,,,,
full,southern_california,observed,-1,3.0,18,0.9064677219322873,112,,,,,,,
full,southern_california,M_RW,0,0.1,15,0.9094721787809861,10,40.0,,,,,,
full,southern_california,M_RW,0,0.5,1,0.859138353258684,36,40.0,,,,,,
full,southern_california,M_RW,0,1.0,19,0.8409948886082763,59,40.0,,,,,,
full,southern_california,M_RW,0,1.5,8,0.8273099528362629,67,40.0,,,,,,
full,southern_california,M_RW,0,2.0,10,0.8155501835423031,80,40.0,,,,,,
full,southern_california,M_RW,0,3.0,18,0.7964536563863128,96,40.0,,,,,,
full,southern_california,M_RW,1,0.1,13,0.912197463622351,9,40.0,,,,,,
full,southern_california,M_RW,1,0.5,17,0.863311742762755,39,40.0,,,,,,
full,southern_california,M_RW,1,1.0,12,0.8428455505180757,55,40.0,,,,,,
full,southern_california,M_RW,1,1.5,11,0.8298338431095361,71,40.0,,,,,,
full,southern_california,M_RW,1,2.0,14,0.8181530037675774,78,40.0,,,,,,
full,southern_california,M_RW,1,3.0,12345,0.7971995762910125,89,40.0,,,,,,
full,southern_california,M_RW,2,0.1,12,0.9081763967052274,9,40.0,,,,,,
full,southern_california,M_RW,2,0.5,4,0.8618784668698064,42,40.0,,,,,,
full,southern_california,M_RW,2,1.0,4,0.8442587445189443,54,40.0,,,,,,
full,southern_california,M_RW,2,1.5,19,0.8304055748019711,69,40.0,,,,,,
full,southern_california,M_RW,2,2.0,15,0.8191498801713832,75,40.0,,,,,,
full,southern_california,M_RW,2,3.0,3,0.7995185918745502,98,40.0,,,,,,
full,southern_california,M_RW,3,0.1,13,0.9122482434730564,10,40.0,,,,,,
full,southern_california,M_RW,3,0.5,15,0.8609396931264867,37,40.0,,,,,,
full,southern_california,M_RW,3,1.0,19,0.8436511811180266,50,40.0,,,,,,
full,southern_california,M_RW,3,1.5,16,0.8300854801702187,61,40.0,,,,,,
full,southern_california,M_RW,3,2.0,17,0.8182000650175599,73,40.0,,,,,,
full,southern_california,M_RW,3,3.0,12345,0.7982389562158514,87,40.0,,,,,,
full,southern_california,M_RW,4,0.1,2,0.9080441771408339,12,40.0,,,,,,
full,southern_california,M_RW,4,0.5,9,0.861078259890006,37,40.0,,,,,,
full,southern_california,M_RW,4,1.0,6,0.842094337275633,52,40.0,,,,,,
full,southern_california,M_RW,4,1.5,13,0.8273165884114044,68,40.0,,,,,,
full,southern_california,M_RW,4,2.0,13,0.8153621658102339,76,40.0,,,,,,
full,southern_california,M_RW,4,3.0,5,0.7951023831762212,91,40.0,,,,,,
full,southern_california,M_RW,5,0.1,14,0.9115204403436508,10,40.0,,,,,,
full,southern_california,M_RW,5,0.5,17,0.8524689168998394,38,40.0,,,,,,
full,southern_california,M_RW,5,1.0,15,0.8308698687719396,57,40.0,,,,,,
full,southern_california,M_RW,5,1.5,19,0.8164844357310062,71,40.0,,,,,,
full,southern_california,M_RW,5,2.0,6,0.8041779171035316,75,40.0,,,,,,
full,southern_california,M_RW,5,3.0,12345,0.7838536257462436,89,40.0,,,,,,
full,southern_california,M_RW,6,0.1,2,0.9092254458058627,8,40.0,,,,,,
full,southern_california,M_RW,6,0.5,8,0.8637414948576536,36,40.0,,,,,,
full,southern_california,M_RW,6,1.0,16,0.8432926229230358,52,40.0,,,,,,
full,southern_california,M_RW,6,1.5,10,0.8291118996643887,67,40.0,,,,,,
full,southern_california,M_RW,6,2.0,10,0.8175137449094678,78,40.0,,,,,,
full,southern_california,M_RW,6,3.0,3,0.7981167150742933,93,40.0,,,,,,
full,southern_california,M_RW,7,0.1,12345,0.9092960858322643,7,40.0,,,,,,
full,southern_california,M_RW,7,0.5,12345,0.8668980361876489,38,40.0,,,,,,
full,southern_california,M_RW,7,1.0,10,0.8491201070364145,56,40.0,,,,,,
full,southern_california,M_RW,7,1.5,5,0.8363605164975442,62,40.0,,,,,,
full,southern_california,M_RW,7,2.0,2,0.8244777804178519,75,40.0,,,,,,
full,southern_california,M_RW,7,3.0,19,0.804983584454012,89,40.0,,,,,,
full,southern_california,M_RW,8,0.1,15,0.9079160027993177,6,40.0,,,,,,
full,southern_california,M_RW,8,0.5,12,0.8726405600521022,33,40.0,,,,,,
full,southern_california,M_RW,8,1.0,9,0.8543688894402481,57,40.0,,,,,,
full,southern_california,M_RW,8,1.5,8,0.8414785765109236,74,40.0,,,,,,
full,southern_california,M_RW,8,2.0,12,0.8307522878186263,81,40.0,,,,,,
full,southern_california,M_RW,8,3.0,1,0.8127776437269688,97,40.0,,,,,,
full,southern_california,M_RW,9,0.1,6,0.9059257583898416,8,40.0,,,,,,
full,southern_california,M_RW,9,0.5,11,0.8636802877476428,36,40.0,,,,,,
full,southern_california,M_RW,9,1.0,12345,0.845629397865304,58,40.0,,,,,,
full,southern_california,M_RW,9,1.5,3,0.8313992251311373,69,40.0,,,,,,
full,southern_california,M_RW,9,2.0,5,0.8197821709457117,81,40.0,,,,,,
full,southern_california,M_RW,9,3.0,11,0.7994611413781602,96,40.0,,,,,,
full,southern_california,M_RW,10,0.1,3,0.9103092357840691,10,40.0,,,,,,
full,southern_california,M_RW,10,0.5,14,0.8650275895095874,35,40.0,,,,,,
full,southern_california,M_RW,10,1.0,2,0.8477126882748601,57,40.0,,,,,,
full,southern_california,M_RW,10,1.5,6,0.8351792206384144,72,40.0,,,,,,
full,southern_california,M_RW,10,2.0,19,0.8246850687181885,80,40.0,,,,,,
full,southern_california,M_RW,10,3.0,6,0.806695896803383,100,40.0,,,,,,
full,southern_california,M_RW,11,0.1,16,0.907134322215963,9,40.0,,,,,,
full,southern_california,M_RW,11,0.5,1,0.8659991134458735,38,40.0,,,,,,
full,southern_california,M_RW,11,1.0,15,0.8480363824348552,54,40.0,,,,,,
full,southern_california,M_RW,11,1.5,2,0.8349297619245172,62,40.0,,,,,,
full,southern_california,M_RW,11,2.0,17,0.8229714409406229,70,40.0,,,,,,
full,southern_california,M_RW,11,3.0,9,0.8037831084442145,87,40.0,,,,,,
full,southern_california,M_RW,12,0.1,3,0.9119448422615587,10,40.0,,,,,,
full,southern_california,M_RW,12,0.5,4,0.8628439618070501,40,40.0,,,,,,
full,southern_california,M_RW,12,1.0,10,0.8424247694031569,58,40.0,,,,,,
full,southern_california,M_RW,12,1.5,12345,0.8287318355247904,72,40.0,,,,,,
full,southern_california,M_RW,12,2.0,8,0.8165712723092766,75,40.0,,,,,,
full,southern_california,M_RW,12,3.0,15,0.7962675921050114,93,40.0,,,,,,
full,southern_california,M_RW,13,0.1,13,0.9143148728415037,11,40.0,,,,,,
full,southern_california,M_RW,13,0.5,2,0.8621775152419909,39,40.0,,,,,,
full,southern_california,M_RW,13,1.0,1,0.8444822964918043,54,40.0,,,,,,
full,southern_california,M_RW,13,1.5,10,0.829792291181779,65,40.0,,,,,,
full,southern_california,M_RW,13,2.0,3,0.8181798649452735,75,40.0,,,,,,
full,southern_california,M_RW,13,3.0,5,0.7982893451967171,89,40.0,,,,,,
full,southern_california,M_RW,14,0.1,12,0.9109053562342958,9,40.0,,,,,,
full,southern_california,M_RW,14,0.5,6,0.8635743379400168,35,40.0,,,,,,
full,southern_california,M_RW,14,1.0,18,0.8464147704206203,52,40.0,,,,,,
full,southern_california,M_RW,14,1.5,16,0.8330856074833454,66,40.0,,,,,,
full,southern_california,M_RW,14,2.0,1,0.821364969579986,73,40.0,,,,,,
full,southern_california,M_RW,14,3.0,11,0.8020893077149682,86,40.0,,,,,,
full,southern_california,M_RW,15,0.1,1,0.9099727821242272,10,40.0,,,,,,
full,southern_california,M_RW,15,0.5,8,0.8602158266315683,37,40.0,,,,,,
full,southern_california,M_RW,15,1.0,12345,0.8417247210019889,59,40.0,,,,,,
full,southern_california,M_RW,15,1.5,5,0.8286293876000623,71,40.0,,,,,,
full,southern_california,M_RW,15,2.0,18,0.817496468347105,83,40.0,,,,,,
full,southern_california,M_RW,15,3.0,17,0.7988291109224998,97,40.0,,,,,,
full,southern_california,M_RW,16,0.1,7,0.9139957929971314,12,40.0,,,,,,
full,southern_california,M_RW,16,0.5,8,0.8716365725309531,41,40.0,,,,,,
full,southern_california,M_RW,16,1.0,11,0.8544395369662068,59,40.0,,,,,,
full,southern_california,M_RW,16,1.5,18,0.8422227213704746,73,40.0,,,,,,
full,southern_california,M_RW,16,2.0,4,0.8321223702223751,83,40.0,,,,,,
full,southern_california,M_RW,16,3.0,4,0.8143945208798117,94,40.0,,,,,,
full,southern_california,M_RW,17,0.1,11,0.9069223234440451,7,40.0,,,,,,
full,southern_california,M_RW,17,0.5,11,0.8624544960645335,36,40.0,,,,,,
full,southern_california,M_RW,17,1.0,4,0.8440962657277247,55,40.0,,,,,,
full,southern_california,M_RW,17,1.5,18,0.8295079311188193,68,40.0,,,,,,
full,southern_california,M_RW,17,2.0,12345,0.8172637540896316,77,40.0,,,,,,
full,southern_california,M_RW,17,3.0,15,0.7962584810782937,88,40.0,,,,,,
full,southern_california,M_RW,18,0.1,7,0.9142892584977635,11,40.0,,,,,,
full,southern_california,M_RW,18,0.5,4,0.8689331630643087,35,40.0,,,,,,
full,southern_california,M_RW,18,1.0,11,0.8506117695188653,57,40.0,,,,,,
full,southern_california,M_RW,18,1.5,14,0.8372668406582847,69,40.0,,,,,,
full,southern_california,M_RW,18,2.0,18,0.8257352553642393,76,40.0,,,,,,
full,southern_california,M_RW,18,3.0,3,0.806318551590683,92,40.0,,,,,,
full,southern_california,M_RW,19,0.1,12,0.9109936953253354,8,40.0,,,,,,
full,southern_california,M_RW,19,0.5,11,0.8632691659110678,37,40.0,,,,,,
full,southern_california,M_RW,19,1.0,19,0.8453083612921811,56,40.0,,,,,,
full,southern_california,M_RW,19,1.5,4,0.8312322405309108,65,40.0,,,,,,
full,southern_california,M_RW,19,2.0,1,0.8190208792318909,78,40.0,,,,,,
full,southern_california,M_RW,19,3.0,12,0.7993686814459405,91,40.0,,,,,,
full,southern_california,M_RW,20,0.1,6,0.9088556960917105,7,40.0,,,,,,
full,southern_california,M_RW,20,0.5,2,0.8720568951909649,34,40.0,,,,,,
full,southern_california,M_RW,20,1.0,14,0.8544972145406544,56,40.0,,,,,,
full,southern_california,M_RW,20,1.5,1,0.8411859841467902,69,40.0,,,,,,
full,southern_california,M_RW,20,2.0,16,0.8300857890508527,78,40.0,,,,,,
full,southern_california,M_RW,20,3.0,5,0.8117397608073047,95,40.0,,,,,,
full,southern_california,M_RW,21,0.1,14,0.9082214027399947,9,40.0,,,,,,
full,southern_california,M_RW,21,0.5,15,0.866988009583344,39,40.0,,,,,,
full,southern_california,M_RW,21,1.0,17,0.8492649403575381,61,40.0,,,,,,
full,southern_california,M_RW,21,1.5,6,0.8354765924251537,68,40.0,,,,,,
full,southern_california,M_RW,21,2.0,13,0.8233522118281095,78,40.0,,,,,,
full,southern_california,M_RW,21,3.0,14,0.8022364869183456,90,40.0,,,,,,
full,southern_california,M_RW,22,0.1,12,0.911476644379294,10,40.0,,,,,,
full,southern_california,M_RW,22,0.5,2,0.8695689319690779,36,40.0,,,,,,
full,southern_california,M_RW,22,1.0,5,0.8520567245032475,57,40.0,,,,,,
full,southern_california,M_RW,22,1.5,15,0.839224439935232,67,40.0,,,,,,
full,southern_california,M_RW,22,2.0,18,0.8284060312574765,74,40.0,,,,,,
full,southern_california,M_RW,22,3.0,12345,0.8093853061425063,89,40.0,,,,,,
full,southern_california,M_RW,23,0.1,4,0.9087273695386994,10,40.0,,,,,,
full,southern_california,M_RW,23,0.5,2,0.8642965755476618,38,40.0,,,,,,
full,southern_california,M_RW,23,1.0,19,0.8463671148306178,53,40.0,,,,,,
full,southern_california,M_RW,23,1.5,2,0.8322856139049287,67,40.0,,,,,,
full,southern_california,M_RW,23,2.0,5,0.821333489272621,78,40.0,,,,,,
full,southern_california,M_RW,23,3.0,17,0.8025428174279823,97,40.0,,,,,,
full,southern_california,M_RW,24,0.1,10,0.9133562557555522,10,40.0,,,,,,
full,southern_california,M_RW,24,0.5,17,0.8699745652760726,35,40.0,,,,,,
full,southern_california,M_RW,24,1.0,13,0.8525997723656807,54,40.0,,,,,,
full,southern_california,M_RW,24,1.5,16,0.8392500979443808,65,40.0,,,,,,
full,southern_california,M_RW,24,2.0,2,0.828228975749417,77,40.0,,,,,,
full,southern_california,M_RW,24,3.0,11,0.8091301489367052,89,40.0,,,,,,
full,southern_california,M_RW,25,0.1,12,0.9093886680320769,8,40.0,,,,,,
full,southern_california,M_RW,25,0.5,11,0.859258291446526,31,40.0,,,,,,
full,southern_california,M_RW,25,1.0,16,0.8394439959029879,46,40.0,,,,,,
full,southern_california,M_RW,25,1.5,16,0.8257758570533276,65,40.0,,,,,,
full,southern_california,M_RW,25,2.0,9,0.8143353153545231,74,40.0,,,,,,
full,southern_california,M_RW,25,3.0,8,0.7951997881487392,92,40.0,,,,,,
full,southern_california,M_RW,26,0.1,19,0.9105093012207145,9,40.0,,,,,,
full,southern_california,M_RW,26,0.5,4,0.8665845954094976,35,40.0,,,,,,
full,southern_california,M_RW,26,1.0,12,0.847966788431421,58,40.0,,,,,,
full,southern_california,M_RW,26,1.5,12,0.8346806810998568,70,40.0,,,,,,
full,southern_california,M_RW,26,2.0,17,0.8238444291043943,80,40.0,,,,,,
full,southern_california,M_RW,26,3.0,7,0.8048704569360876,90,40.0,,,,,,
full,southern_california,M_RW,27,0.1,6,0.9091912286111344,10,40.0,,,,,,
full,southern_california,M_RW,27,0.5,3,0.8616338298310883,32,40.0,,,,,,
full,southern_california,M_RW,27,1.0,1,0.8414077813623231,51,40.0,,,,,,
full,southern_california,M_RW,27,1.5,3,0.82758022848385,63,40.0,,,,,,
full,southern_california,M_RW,27,2.0,16,0.8154182235236894,75,40.0,,,,,,
full,southern_california,M_RW,27,3.0,19,0.794770372819926,89,40.0,,,,,,
full,southern_california,M_RW,28,0.1,8,0.9089631617633072,8,40.0,,,,,,
full,southern_california,M_RW,28,0.5,2,0.8716938042928013,32,40.0,,,,,,
full,southern_california,M_RW,28,1.0,5,0.8531619191652525,51,40.0,,,,,,
full,southern_california,M_RW,28,1.5,11,0.8395236538739588,63,40.0,,,,,,
full,southern_california,M_RW,28,2.0,19,0.8282044647536351,74,40.0,,,,,,
full,southern_california,M_RW,28,3.0,8,0.808786444400018,93,40.0,,,,,,
full,southern_california,M_RW,29,0.1,9,0.9096827096708803,8,40.0,,,,,,
full,southern_california,M_RW,29,0.5,10,0.8631376453184106,42,40.0,,,,,,
full,southern_california,M_RW,29,1.0,12,0.8460749481206044,54,40.0,,,,,,
full,southern_california,M_RW,29,1.5,12,0.8318975584680309,65,40.0,,,,,,
full,southern_california,M_RW,29,2.0,9,0.8205663614629615,73,40.0,,,,,,
full,southern_california,M_RW,29,3.0,5,0.8011874583814537,88,40.0,,,,,,
full,southern_california,M_RW,30,0.1,7,0.9078487332922778,7,,,,,,,
full,southern_california,M_RW,30,0.5,12,0.8652272662675449,38,,,,,,,
full,southern_california,M_RW,30,1.0,2,0.8473114871144867,56,,,,,,,
full,southern_california,M_RW,30,1.5,10,0.833886737569894,70,,,,,,,
full,southern_california,M_RW,30,2.0,16,0.8220317546362296,76,,,,,,,
full,southern_california,M_RW,30,3.0,16,0.8016846928520399,91,,,,,,,
full,southern_california,M_RW,31,0.1,7,0.9117954344616389,9,,,,,,,
full,southern_california,M_RW,31,0.5,12345,0.865316208868819,37,,,,,,,
full,southern_california,M_RW,31,1.0,12345,0.8471695531533557,52,,,,,,,
full,southern_california,M_RW,31,1.5,10,0.8345606741416134,71,,,,,,,
full,southern_california,M_RW,31,2.0,5,0.8235287381570966,78,,,,,,,
full,southern_california,M_RW,31,3.0,5,0.8048134148333901,88,,,,,,,
full,southern_california,M_RW,32,0.1,1,0.9076409809066849,9,,,,,,,
full,southern_california,M_RW,32,0.5,8,0.8709643875712874,37,,,,,,,
full,southern_california,M_RW,32,1.0,4,0.8534372332096581,53,,,,,,,
full,southern_california,M_RW,32,1.5,4,0.8402322442646889,69,,,,,,,
full,southern_california,M_RW,32,2.0,9,0.8290183032157742,80,,,,,,,
full,southern_california,M_RW,32,3.0,1,0.809816171331913,95,,,,,,,
full,southern_california,M_RW,33,0.1,18,0.9127247239393071,9,,,,,,,
full,southern_california,M_RW,33,0.5,6,0.8659456673174744,37,,,,,,,
full,southern_california,M_RW,33,1.0,3,0.847597181074819,55,,,,,,,
full,southern_california,M_RW,33,1.5,5,0.8340227327792546,64,,,,,,,
full,southern_california,M_RW,33,2.0,12,0.8225837138073202,71,,,,,,,
full,southern_california,M_RW,33,3.0,16,0.8018765892163621,86,,,,,,,
full,southern_california,M_RW,34,0.1,17,0.9107773086421925,10,,,,,,,
full,southern_california,M_RW,34,0.5,11,0.868811417145036,34,,,,,,,
full,southern_california,M_RW,34,1.0,13,0.8500867311236566,52,,,,,,,
full,southern_california,M_RW,34,1.5,17,0.8368135305560687,68,,,,,,,
full,southern_california,M_RW,34,2.0,9,0.8261277875884031,74,,,,,,,
full,southern_california,M_RW,34,3.0,13,0.8075080934779388,90,,,,,,,
full,southern_california,M_RW,35,0.1,19,0.9097782782297191,8,,,,,,,
full,southern_california,M_RW,35,0.5,7,0.8700190068287961,35,,,,,,,
full,southern_california,M_RW,35,1.0,12,0.8530351857075716,56,,,,,,,
full,southern_california,M_RW,35,1.5,8,0.8409832452274288,71,,,,,,,
full,southern_california,M_RW,35,2.0,3,0.8305876031794838,86,,,,,,,
full,southern_california,M_RW,35,3.0,19,0.8125417066881081,97,,,,,,,
full,southern_california,M_RW,36,0.1,17,0.9092452307706993,9,,,,,,,
full,southern_california,M_RW,36,0.5,5,0.8660906420243788,34,,,,,,,
full,southern_california,M_RW,36,1.0,10,0.8472151363114533,51,,,,,,,
full,southern_california,M_RW,36,1.5,7,0.833302430567444,66,,,,,,,
full,southern_california,M_RW,36,2.0,15,0.8221092449587326,73,,,,,,,
full,southern_california,M_RW,36,3.0,2,0.8027136203988803,90,,,,,,,
full,southern_california,M_RW,37,0.1,1,0.9141257289417708,11,,,,,,,
full,southern_california,M_RW,37,0.5,7,0.8791326983681543,38,,,,,,,
full,southern_california,M_RW,37,1.0,19,0.862630126228672,52,,,,,,,
full,southern_california,M_RW,37,1.5,17,0.8499898865355849,68,,,,,,,
full,southern_california,M_RW,37,2.0,1,0.8391156989228945,73,,,,,,,
full,southern_california,M_RW,37,3.0,15,0.820542560092616,95,,,,,,,
full,southern_california,M_RW,38,0.1,10,0.9073635722331501,7,,,,,,,
full,southern_california,M_RW,38,0.5,9,0.865939317403575,39,,,,,,,
full,southern_california,M_RW,38,1.0,7,0.8486936700630934,54,,,,,,,
full,southern_california,M_RW,38,1.5,15,0.8351238283387005,65,,,,,,,
full,southern_california,M_RW,38,2.0,13,0.8240967095948655,78,,,,,,,
full,southern_california,M_RW,38,3.0,15,0.8050901123347475,94,,,,,,,
full,southern_california,M_RW,39,0.1,5,0.9093604026317947,8,,,,,,,
full,southern_california,M_RW,39,0.5,5,0.8748298743459184,42,,,,,,,
full,southern_california,M_RW,39,1.0,12,0.8585308061959193,62,,,,,,,
full,southern_california,M_RW,39,1.5,4,0.8462159497974179,73,,,,,,,
full,southern_california,M_RW,39,2.0,4,0.8357687779640788,81,,,,,,,
full,southern_california,M_RW,39,3.0,13,0.8183368625345699,95,,,,,,,
full,southern_california,M_RW,40,0.1,9,0.9111850553298225,8,,,,,,,
full,southern_california,M_RW,40,0.5,6,0.8691018742233872,33,,,,,,,
full,southern_california,M_RW,40,1.0,17,0.8501259045269819,55,,,,,,,
full,southern_california,M_RW,40,1.5,13,0.8369971973181014,67,,,,,,,
full,southern_california,M_RW,40,2.0,5,0.82592595721966,77,,,,,,,
full,southern_california,M_RW,40,3.0,5,0.8061146657171706,88,,,,,,,
full,southern_california,M_RW,41,0.1,19,0.9078824282186603,8,,,,,,,
full,southern_california,M_RW,41,0.5,9,0.8643203194527145,36,,,,,,,
full,southern_california,M_RW,41,1.0,5,0.8455332964739246,54,,,,,,,
full,southern_california,M_RW,41,1.5,16,0.8310285280055286,66,,,,,,,
full,southern_california,M_RW,41,2.0,15,0.8195956903256061,79,,,,,,,
full,southern_california,M_RW,41,3.0,12,0.7992933932014225,93,,,,,,,
full,southern_california,M_RW,42,0.1,1,0.9058810359981163,10,,,,,,,
full,southern_california,M_RW,42,0.5,8,0.8584737457726105,33,,,,,,,
full,southern_california,M_RW,42,1.0,13,0.8383945892186946,54,,,,,,,
full,southern_california,M_RW,42,1.5,9,0.8255655156631666,66,,,,,,,
full,southern_california,M_RW,42,2.0,1,0.8137919519565724,71,,,,,,,
full,southern_california,M_RW,42,3.0,9,0.7929040226990832,88,,,,,,,
full,southern_california,M_RW,43,0.1,3,0.9117690769764877,10,,,,,,,
full,southern_california,M_RW,43,0.5,4,0.8639714629308113,35,,,,,,,
full,southern_california,M_RW,43,1.0,14,0.8455811680937582,51,,,,,,,
full,southern_california,M_RW,43,1.5,5,0.8322249444009165,64,,,,,,,
full,southern_california,M_RW,43,2.0,13,0.8205816880214053,70,,,,,,,
full,southern_california,M_RW,43,3.0,14,0.800929515518591,88,,,,,,,
full,southern_california,M_RW,44,0.1,18,0.9098930939844411,9,,,,,,,
full,southern_california,M_RW,44,0.5,8,0.8636593287497638,38,,,,,,,
full,southern_california,M_RW,44,1.0,19,0.8440696769711025,53,,,,,,,
full,southern_california,M_RW,44,1.5,11,0.8298468532606857,64,,,,,,,
full,southern_california,M_RW,44,2.0,5,0.8178255843186412,71,,,,,,,
full,southern_california,M_RW,44,3.0,19,0.7978941626845522,89,,,,,,,
full,southern_california,M_RW,45,0.1,9,0.9106433116166028,10,,,,,,,
full,southern_california,M_RW,45,0.5,14,0.8685471299435056,31,,,,,,,
full,southern_california,M_RW,45,1.0,5,0.8490016892087873,49,,,,,,,
full,southern_california,M_RW,45,1.5,18,0.8344714782140342,61,,,,,,,
full,southern_california,M_RW,45,2.0,10,0.822684397444316,71,,,,,,,
full,southern_california,M_RW,45,3.0,6,0.803227159284361,90,,,,,,,
full,southern_california,M_RW,46,0.1,2,0.9116534471614486,9,,,,,,,
full,southern_california,M_RW,46,0.5,8,0.8687410097967285,37,,,,,,,
full,southern_california,M_RW,46,1.0,1,0.8516861184847659,54,,,,,,,
full,southern_california,M_RW,46,1.5,14,0.8385283326716877,68,,,,,,,
full,southern_california,M_RW,46,2.0,2,0.8273305989043995,81,,,,,,,
full,southern_california,M_RW,46,3.0,12345,0.809077096542547,89,,,,,,,
full,southern_california,M_RW,47,0.1,5,0.9096098037652238,7,,,,,,,
full,southern_california,M_RW,47,0.5,15,0.863242721032091,36,,,,,,,
full,southern_california,M_RW,47,1.0,5,0.8437807982800808,49,,,,,,,
full,southern_california,M_RW,47,1.5,2,0.8297256942675831,65,,,,,,,
full,southern_california,M_RW,47,2.0,17,0.8182235513560792,75,,,,,,,
full,southern_california,M_RW,47,3.0,6,0.7980738180958497,93,,,,,,,
full,southern_california,M_RW,48,0.1,8,0.9093374822938468,7,,,,,,,
full,southern_california,M_RW,48,0.5,7,0.8672391564103252,40,,,,,,,
full,southern_california,M_RW,48,1.0,2,0.8492273214543953,60,,,,,,,
full,southern_california,M_RW,48,1.5,17,0.8362230220077299,70,,,,,,,
full,southern_california,M_RW,48,2.0,4,0.8239466788069166,79,,,,,,,
full,southern_california,M_RW,48,3.0,13,0.8049291553909033,92,,,,,,,
full,southern_california,M_RW,49,0.1,1,0.9067231065683097,6,,,,,,,
full,southern_california,M_RW,49,0.5,1,0.8670151923532737,36,,,,,,,
full,southern_california,M_RW,49,1.0,12,0.8508589720753932,61,,,,,,,
full,southern_california,M_RW,49,1.5,16,0.8387095809373949,74,,,,,,,
full,southern_california,M_RW,49,2.0,2,0.8274242431763267,84,,,,,,,
full,southern_california,M_RW,49,3.0,1,0.8080750642976012,99,,,,,,,
full,southern_california,M_RW,50,0.1,2,0.9089361744969717,12,,,,,,,
full,southern_california,M_RW,50,0.5,5,0.8631243354538917,38,,,,,,,
full,southern_california,M_RW,50,1.0,1,0.84513967622339,63,,,,,,,
full,southern_california,M_RW,50,1.5,17,0.8321227010651501,73,,,,,,,
full,southern_california,M_RW,50,2.0,7,0.8219846564605585,78,,,,,,,
full,southern_california,M_RW,50,3.0,11,0.8031138358438757,93,,,,,,,
full,southern_california,M_RW,51,0.1,1,0.908036587968961,8,,,,,,,
full,southern_california,M_RW,51,0.5,5,0.8678514131255393,38,,,,,,,
full,southern_california,M_RW,51,1.0,6,0.852203210366404,53,,,,,,,
full,southern_california,M_RW,51,1.5,5,0.8399722377738233,67,,,,,,,
full,southern_california,M_RW,51,2.0,12,0.8295351701980468,75,,,,,,,
full,southern_california,M_RW,51,3.0,12,0.8114719033148169,90,,,,,,,
full,southern_california,M_RW,52,0.1,1,0.9095458094159699,9,,,,,,,
full,southern_california,M_RW,52,0.5,13,0.8660468621253966,32,,,,,,,
full,southern_california,M_RW,52,1.0,14,0.8473975478783741,57,,,,,,,
full,southern_california,M_RW,52,1.5,7,0.833223698876139,68,,,,,,,
full,southern_california,M_RW,52,2.0,11,0.8216517610356253,77,,,,,,,
full,southern_california,M_RW,52,3.0,11,0.8019114308953574,88,,,,,,,
full,southern_california,M_RW,53,0.1,12,0.9082174769969994,7,,,,,,,
full,southern_california,M_RW,53,0.5,6,0.8635356449046128,32,,,,,,,
full,southern_california,M_RW,53,1.0,7,0.8437279084442288,50,,,,,,,
full,southern_california,M_RW,53,1.5,16,0.8310807226712046,64,,,,,,,
full,southern_california,M_RW,53,2.0,16,0.8203433157743591,77,,,,,,,
full,southern_california,M_RW,53,3.0,5,0.8019973065048505,92,,,,,,,
full,southern_california,M_RW,54,0.1,11,0.9119284541761823,9,,,,,,,
full,southern_california,M_RW,54,0.5,10,0.8627383536991344,35,,,,,,,
full,southern_california,M_RW,54,1.0,6,0.8440260552740585,52,,,,,,,
full,southern_california,M_RW,54,1.5,16,0.8300513463205296,68,,,,,,,
full,southern_california,M_RW,54,2.0,2,0.8187672221607856,76,,,,,,,
full,southern_california,M_RW,54,3.0,6,0.7989763979159789,88,,,,,,,
full,southern_california,M_RW,55,0.1,16,0.9094370612016779,8,,,,,,,
full,southern_california,M_RW,55,0.5,10,0.8654814022696385,35,,,,,,,
full,southern_california,M_RW,55,1.0,4,0.8473129248010505,54,,,,,,,
full,southern_california,M_RW,55,1.5,12345,0.8334081664964361,65,,,,,,,
full,southern_california,M_RW,55,2.0,2,0.821644384901119,76,,,,,,,
full,southern_california,M_RW,55,3.0,9,0.8014804434512788,89,,,,,,,
full,southern_california,M_RW,56,0.1,7,0.9089195096843419,7,,,,,,,
full,southern_california,M_RW,56,0.5,17,0.8707387359649869,35,,,,,,,
full,southern_california,M_RW,56,1.0,8,0.8545249189509615,52,,,,,,,
full,southern_california,M_RW,56,1.5,9,0.8410767332749012,63,,,,,,,
full,southern_california,M_RW,56,2.0,13,0.8294719669780307,71,,,,,,,
full,southern_california,M_RW,56,3.0,5,0.8086600794272215,86,,,,,,,
full,southern_california,M_RW,57,0.1,17,0.9095007522253246,8,,,,,,,
full,southern_california,M_RW,57,0.5,8,0.8669088207927893,40,,,,,,,
full,southern_california,M_RW,57,1.0,10,0.8499723846873007,64,,,,,,,
full,southern_california,M_RW,57,1.5,13,0.838037364769193,75,,,,,,,
full,southern_california,M_RW,57,2.0,5,0.8273085609550394,85,,,,,,,
full,southern_california,M_RW,57,3.0,13,0.8082893626828702,100,,,,,,,
full,southern_california,M_RW,58,0.1,7,0.9089248693436663,9,,,,,,,
full,southern_california,M_RW,58,0.5,5,0.8690689021836973,41,,,,,,,
full,southern_california,M_RW,58,1.0,19,0.8511772191417138,58,,,,,,,
full,southern_california,M_RW,58,1.5,4,0.8382355873141224,70,,,,,,,
full,southern_california,M_RW,58,2.0,2,0.8271688252385712,80,,,,,,,
full,southern_california,M_RW,58,3.0,3,0.8078457782247329,94,,,,,,,
full,southern_california,M_RW,59,0.1,12345,0.9057148945757724,7,,,,,,,
full,southern_california,M_RW,59,0.5,12345,0.8606260985988876,33,,,,,,,
full,southern_california,M_RW,59,1.0,12345,0.8434078959003639,54,,,,,,,
full,southern_california,M_RW,59,1.5,11,0.8301659452217393,70,,,,,,,
full,southern_california,M_RW,59,2.0,15,0.8189690289567845,74,,,,,,,
full,southern_california,M_RW,59,3.0,7,0.8002382709541443,90,,,,,,,
full,southern_california,M_RW,60,0.1,13,0.9087229085443818,9,,,,,,,
full,southern_california,M_RW,60,0.5,13,0.8650925947144269,36,,,,,,,
full,southern_california,M_RW,60,1.0,13,0.8462812014109862,57,,,,,,,
full,southern_california,M_RW,60,1.5,5,0.8319052390585553,68,,,,,,,
full,southern_california,M_RW,60,2.0,19,0.8198542303884316,78,,,,,,,
full,southern_california,M_RW,60,3.0,9,0.7988734988623631,94,,,,,,,
full,southern_california,M_RW,61,0.1,18,0.9075157100839666,5,,,,,,,
full,southern_california,M_RW,61,0.5,14,0.8714206719598696,38,,,,,,,
full,southern_california,M_RW,61,1.0,4,0.8540853068490442,57,,,,,,,
full,southern_california,M_RW,61,1.5,1,0.8407829465129186,69,,,,,,,
full,southern_california,M_RW,61,2.0,11,0.8297952082648367,79,,,,,,,
full,southern_california,M_RW,61,3.0,3,0.8110162896066704,94,,,,,,,
full,southern_california,M_RW,62,0.1,17,0.9111628389181079,10,,,,,,,
full,southern_california,M_RW,62,0.5,12345,0.8651356277857596,37,,,,,,,
full,southern_california,M_RW,62,1.0,7,0.8476829928305927,57,,,,,,,
full,southern_california,M_RW,62,1.5,12,0.8355753426811059,70,,,,,,,
full,southern_california,M_RW,62,2.0,12,0.8250143740683195,80,,,,,,,
full,southern_california,M_RW,62,3.0,6,0.8075065505580614,95,,,,,,,
full,southern_california,M_RW,63,0.1,6,0.9109490076380545,9,,,,,,,
full,southern_california,M_RW,63,0.5,19,0.8691107532930669,34,,,,,,,
full,southern_california,M_RW,63,1.0,7,0.8503814586385946,54,,,,,,,
full,southern_california,M_RW,63,1.5,13,0.8372668586629475,71,,,,,,,
full,southern_california,M_RW,63,2.0,9,0.8264233587884445,76,,,,,,,
full,southern_california,M_RW,63,3.0,12,0.8070644420490383,92,,,,,,,
full,southern_california,M_RW,64,0.1,13,0.906787899780426,7,,,,,,,
full,southern_california,M_RW,64,0.5,11,0.8629688191505955,38,,,,,,,
full,southern_california,M_RW,64,1.0,6,0.8447473390484739,57,,,,,,,
full,southern_california,M_RW,64,1.5,8,0.831413711597417,71,,,,,,,
full,southern_california,M_RW,64,2.0,17,0.8203173983961707,85,,,,,,,
full,southern_california,M_RW,64,3.0,11,0.8018018769434277,98,,,,,,,
full,southern_california,M_RW,65,0.1,1,0.9076097800326424,8,,,,,,,
full,southern_california,M_RW,65,0.5,7,0.8652560312571633,37,,,,,,,
full,southern_california,M_RW,65,1.0,12345,0.846124945211109,55,,,,,,,
full,southern_california,M_RW,65,1.5,13,0.8329780419776709,67,,,,,,,
full,southern_california,M_RW,65,2.0,11,0.8220182989253472,76,,,,,,,
full,southern_california,M_RW,65,3.0,18,0.8031066301253293,88,,,,,,,
full,southern_california,M_RW,66,0.1,17,0.9085167067935497,8,,,,,,,
full,southern_california,M_RW,66,0.5,8,0.8641118636609869,37,,,,,,,
full,southern_california,M_RW,66,1.0,18,0.8464918685650661,56,,,,,,,
full,southern_california,M_RW,66,1.5,9,0.8328896760416615,64,,,,,,,
full,southern_california,M_RW,66,2.0,12,0.8210022500474985,79,,,,,,,
full,southern_california,M_RW,66,3.0,4,0.8010618324459758,91,,,,,,,
full,southern_california,M_RW,67,0.1,5,0.9064762960896202,7,,,,,,,
full,southern_california,M_RW,67,0.5,12345,0.8618526479416246,32,,,,,,,
full,southern_california,M_RW,67,1.0,9,0.8414460518632828,51,,,,,,,
full,southern_california,M_RW,67,1.5,18,0.8268468170790374,63,,,,,,,
full,southern_california,M_RW,67,2.0,18,0.8144797591388254,71,,,,,,,
full,southern_california,M_RW,67,3.0,18,0.7935769174824144,85,,,,,,,
full,southern_california,M_RW,68,0.1,16,0.9080143082332719,7,,,,,,,
full,southern_california,M_RW,68,0.5,2,0.863662384406848,37,,,,,,,
full,southern_california,M_RW,68,1.0,6,0.8458323819926208,53,,,,,,,
full,southern_california,M_RW,68,1.5,15,0.8320284920056363,65,,,,,,,
full,southern_california,M_RW,68,2.0,18,0.8203427007913967,79,,,,,,,
full,southern_california,M_RW,68,3.0,9,0.7999501358530543,90,,,,,,,
full,southern_california,M_RW,69,0.1,10,0.9119065716015768,11,,,,,,,
full,southern_california,M_RW,69,0.5,14,0.8664459121605164,35,,,,,,,
full,southern_california,M_RW,69,1.0,6,0.8494611949190249,55,,,,,,,
full,southern_california,M_RW,69,1.5,6,0.8371213433816223,71,,,,,,,
full,southern_california,M_RW,69,2.0,8,0.8270084622794487,78,,,,,,,
full,southern_california,M_RW,69,3.0,5,0.8092490571809674,96,,,,,,,
full,southern_california,M_RW,70,0.1,11,0.909513710292248,8,,,,,,,
full,southern_california,M_RW,70,0.5,8,0.8682310977060911,36,,,,,,,
full,southern_california,M_RW,70,1.0,15,0.8505311411584069,56,,,,,,,
full,southern_california,M_RW,70,1.5,9,0.8373743927427103,69,,,,,,,
full,southern_california,M_RW,70,2.0,7,0.825775627829467,76,,,,,,,
full,southern_california,M_RW,70,3.0,1,0.8059973413497087,92,,,,,,,
full,southern_california,M_RW,71,0.1,7,0.9107412261322085,8,,,,,,,
full,southern_california,M_RW,71,0.5,11,0.8649141988434039,33,,,,,,,
full,southern_california,M_RW,71,1.0,9,0.8468276260091737,53,,,,,,,
full,southern_california,M_RW,71,1.5,1,0.8340381809692106,66,,,,,,,
full,southern_california,M_RW,71,2.0,3,0.8225679132023263,75,,,,,,,
full,southern_california,M_RW,71,3.0,7,0.8027456248978911,84,,,,,,,
full,southern_california,M_RW,72,0.1,10,0.9090623367872255,8,,,,,,,
full,southern_california,M_RW,72,0.5,14,0.8649369646401421,36,,,,,,,
full,southern_california,M_RW,72,1.0,12,0.8457053836664633,51,,,,,,,
full,southern_california,M_RW,72,1.5,19,0.8313094525537974,65,,,,,,,
full,southern_california,M_RW,72,2.0,5,0.8188962464505731,74,,,,,,,
full,southern_california,M_RW,72,3.0,11,0.7981010877832834,87,,,,,,,
full,southern_california,M_RW,73,0.1,2,0.909226033371255,10,,,,,,,
full,southern_california,M_RW,73,0.5,12,0.8669885874176397,36,,,,,,,
full,southern_california,M_RW,73,1.0,13,0.8492957928369095,58,,,,,,,
full,southern_california,M_RW,73,1.5,18,0.8363420759068381,70,,,,,,,
full,southern_california,M_RW,73,2.0,2,0.8252746326020589,82,,,,,,,
full,southern_california,M_RW,73,3.0,16,0.806826960444149,93,,,,,,,
full,southern_california,M_RW,74,0.1,12,0.9089409130643619,8,,,,,,,
full,southern_california,M_RW,74,0.5,13,0.8635558691777221,35,,,,,,,
full,southern_california,M_RW,74,1.0,12345,0.8441443878615185,54,,,,,,,
full,southern_california,M_RW,74,1.5,1,0.8310802451520258,66,,,,,,,
full,southern_california,M_RW,74,2.0,8,0.8195405338810102,73,,,,,,,
full,southern_california,M_RW,74,3.0,12345,0.8002569247497894,89,,,,,,,
full,southern_california,M_RW,75,0.1,5,0.9061155900518691,8,,,,,,,
full,southern_california,M_RW,75,0.5,1,0.8598327753439843,38,,,,,,,
full,southern_california,M_RW,75,1.0,15,0.8398910693923863,56,,,,,,,
full,southern_california,M_RW,75,1.5,7,0.8247780281377816,68,,,,,,,
full,southern_california,M_RW,75,2.0,5,0.8124112528626267,79,,,,,,,
full,southern_california,M_RW,75,3.0,2,0.7932291080261408,95,,,,,,,
full,southern_california,M_RW,76,0.1,12,0.913554563728859,8,,,,,,,
full,southern_california,M_RW,76,0.5,2,0.8709176479986717,44,,,,,,,
full,southern_california,M_RW,76,1.0,16,0.854119900275964,60,,,,,,,
full,southern_california,M_RW,76,1.5,4,0.8411287915728404,67,,,,,,,
full,southern_california,M_RW,76,2.0,2,0.8298325196879006,77,,,,,,,
full,southern_california,M_RW,76,3.0,6,0.8102715767637598,87,,,,,,,
full,southern_california,M_RW,77,0.1,3,0.9075082626101134,6,,,,,,,
full,southern_california,M_RW,77,0.5,7,0.8682445706448829,34,,,,,,,
full,southern_california,M_RW,77,1.0,18,0.8494479666008307,58,,,,,,,
full,southern_california,M_RW,77,1.5,2,0.836335330685328,69,,,,,,,
full,southern_california,M_RW,77,2.0,4,0.8254723455109706,77,,,,,,,
full,southern_california,M_RW,77,3.0,3,0.8054448013876143,90,,,,,,,
full,southern_california,M_RW,78,0.1,5,0.906054923778965,6,,,,,,,
full,southern_california,M_RW,78,0.5,9,0.8631484462896201,36,,,,,,,
full,southern_california,M_RW,78,1.0,8,0.8475680815268709,59,,,,,,,
full,southern_california,M_RW,78,1.5,14,0.8355494119686405,69,,,,,,,
full,southern_california,M_RW,78,2.0,8,0.8249405517022543,78,,,,,,,
full,southern_california,M_RW,78,3.0,16,0.8058549038917602,94,,,,,,,
full,southern_california,M_RW,79,0.1,10,0.9086198347235328,10,,,,,,,
full,southern_california,M_RW,79,0.5,17,0.863942369532497,40,,,,,,,
full,southern_california,M_RW,79,1.0,9,0.8465299044365453,55,,,,,,,
full,southern_california,M_RW,79,1.5,18,0.8332618849414059,68,,,,,,,
full,southern_california,M_RW,79,2.0,12,0.8216622552718494,74,,,,,,,
full,southern_california,M_RW,79,3.0,17,0.8016929129493866,89,,,,,,,
full,southern_california,M_RW,80,0.1,10,0.9058449859175514,6,,,,,,,
full,southern_california,M_RW,80,0.5,17,0.8599394758530856,33,,,,,,,
full,southern_california,M_RW,80,1.0,1,0.8413055759672525,53,,,,,,,
full,southern_california,M_RW,80,1.5,18,0.8281962842329691,64,,,,,,,
full,southern_california,M_RW,80,2.0,18,0.81647006942039,70,,,,,,,
full,southern_california,M_RW,80,3.0,17,0.7970939393647107,90,,,,,,,
full,southern_california,M_RW,81,0.1,12345,0.9082206744794833,9,,,,,,,
full,southern_california,M_RW,81,0.5,2,0.8615292316708293,33,,,,,,,
full,southern_california,M_RW,81,1.0,10,0.8426325740785306,54,,,,,,,
full,southern_california,M_RW,81,1.5,16,0.8291102846036819,69,,,,,,,
full,southern_california,M_RW,81,2.0,9,0.8172942971374029,78,,,,,,,
full,southern_california,M_RW,81,3.0,12345,0.7972166304169529,87,,,,,,,
full,southern_california,M_RW,82,0.1,14,0.9118693973617429,9,,,,,,,
full,southern_california,M_RW,82,0.5,17,0.8653988721677155,39,,,,,,,
full,southern_california,M_RW,82,1.0,8,0.8464751262445974,61,,,,,,,
full,southern_california,M_RW,82,1.5,14,0.8328556809795437,70,,,,,,,
full,southern_california,M_RW,82,2.0,18,0.8216928343224424,81,,,,,,,
full,southern_california,M_RW,82,3.0,11,0.8013755815897007,101,,,,,,,
full,southern_california,M_RW,83,0.1,3,0.9057726794363681,7,,,,,,,
full,southern_california,M_RW,83,0.5,15,0.8629026520321794,33,,,,,,,
full,southern_california,M_RW,83,1.0,12,0.8444320888771609,51,,,,,,,
full,southern_california,M_RW,83,1.5,2,0.8314818453883118,64,,,,,,,
full,southern_california,M_RW,83,2.0,12,0.8202518655716013,74,,,,,,,
full,southern_california,M_RW,83,3.0,13,0.8010282245170784,93,,,,,,,
full,southern_california,M_RW,84,0.1,6,0.910550738550674,9,,,,,,,
full,southern_california,M_RW,84,0.5,1,0.866121803288186,34,,,,,,,
full,southern_california,M_RW,84,1.0,19,0.8472734709725799,50,,,,,,,
full,southern_california,M_RW,84,1.5,13,0.8330549066197214,65,,,,,,,
full,southern_california,M_RW,84,2.0,14,0.8215366451636896,73,,,,,,,
full,southern_california,M_RW,84,3.0,2,0.80099139565847,83,,,,,,,
full,southern_california,M_RW,85,0.1,12345,0.9047090645746807,6,,,,,,,
full,southern_california,M_RW,85,0.5,4,0.8645301206530802,35,,,,,,,
full,southern_california,M_RW,85,1.0,7,0.845003530787796,50,,,,,,,
full,southern_california,M_RW,85,1.5,4,0.8316562960354186,65,,,,,,,
full,southern_california,M_RW,85,2.0,3,0.8199142543321325,74,,,,,,,
full,southern_california,M_RW,85,3.0,16,0.7998538462765556,89,,,,,,,
full,southern_california,M_RW,86,0.1,8,0.9101419419078317,6,,,,,,,
full,southern_california,M_RW,86,0.5,17,0.8608908838502826,33,,,,,,,
full,southern_california,M_RW,86,1.0,6,0.8418609580410918,53,,,,,,,
full,southern_california,M_RW,86,1.5,12345,0.8284737702547446,59,,,,,,,
full,southern_california,M_RW,86,2.0,17,0.817106023762199,73,,,,,,,
full,southern_california,M_RW,86,3.0,13,0.7983809851609798,85,,,,,,,
full,southern_california,M_RW,87,0.1,4,0.9137290917053393,9,,,,,,,
full,southern_california,M_RW,87,0.5,4,0.8693431347942974,40,,,,,,,
full,southern_california,M_RW,87,1.0,15,0.8495092176493301,54,,,,,,,
full,southern_california,M_RW,87,1.5,14,0.8354189504973064,66,,,,,,,
full,southern_california,M_RW,87,2.0,19,0.8234240594661177,77,,,,,,,
full,southern_california,M_RW,87,3.0,10,0.8029761755371362,89,,,,,,,
full,southern_california,M_RW,88,0.1,19,0.9050774551739611,7,,,,,,,
full,southern_california,M_RW,88,0.5,6,0.8597190389203893,34,,,,,,,
full,southern_california,M_RW,88,1.0,16,0.8408669386945458,64,,,,,,,
full,southern_california,M_RW,88,1.5,15,0.8276168799980573,73,,,,,,,
full,southern_california,M_RW,88,2.0,8,0.8162578939131072,80,,,,,,,
full,southern_california,M_RW,88,3.0,4,0.796072010790345,96,,,,,,,
full,southern_california,M_RW,89,0.1,2,0.908752191028339,9,,,,,,,
full,southern_california,M_RW,89,0.5,9,0.865792662074607,34,,,,,,,
full,southern_california,M_RW,89,1.0,5,0.8481110302916642,49,,,,,,,
full,southern_california,M_RW,89,1.5,2,0.8338681898892747,64,,,,,,,
full,southern_california,M_RW,89,2.0,16,0.8226905127864818,76,,,,,,,
full,southern_california,M_RW,89,3.0,8,0.804783635320852,91,,,,,,,
full,southern_california,M_RW,90,0.1,12345,0.9121844809295121,8,,,,,,,
full,southern_california,M_RW,90,0.5,14,0.8629340350151279,38,,,,,,,
full,southern_california,M_RW,90,1.0,17,0.8459549917338487,57,,,,,,,
full,southern_california,M_RW,90,1.5,15,0.8335032348584664,70,,,,,,,
full,southern_california,M_RW,90,2.0,16,0.8230273211180216,81,,,,,,,
full,southern_california,M_RW,90,3.0,15,0.8045009586196883,99,,,,,,,
full,southern_california,M_RW,91,0.1,14,0.9135758555898335,9,,,,,,,
full,southern_california,M_RW,91,0.5,12345,0.8633014646030848,40,,,,,,,
full,southern_california,M_RW,91,1.0,19,0.8434425128185812,54,,,,,,,
full,southern_california,M_RW,91,1.5,12,0.8293464190320808,67,,,,,,,
full,southern_california,M_RW,91,2.0,4,0.8173932353222297,75,,,,,,,
full,southern_california,M_RW,91,3.0,16,0.7965541182538841,91,,,,,,,
full,southern_california,M_RW,92,0.1,8,0.9130901893845872,11,,,,,,,
full,southern_california,M_RW,92,0.5,9,0.8679305186336791,44,,,,,,,
full,southern_california,M_RW,92,1.0,6,0.8504424630635395,58,,,,,,,
full,southern_california,M_RW,92,1.5,10,0.8372583400326721,69,,,,,,,
full,southern_california,M_RW,92,2.0,10,0.8263463485414758,81,,,,,,,
full,southern_california,M_RW,92,3.0,2,0.808170735736085,94,,,,,,,
full,southern_california,M_RW,93,0.1,15,0.9094082330975577,11,,,,,,,
full,southern_california,M_RW,93,0.5,12,0.8584310479355957,40,,,,,,,
full,southern_california,M_RW,93,1.0,13,0.8400644391466487,56,,,,,,,
full,southern_california,M_RW,93,1.5,5,0.8260553879822616,71,,,,,,,
full,southern_california,M_RW,93,2.0,1,0.8138499513951035,78,,,,,,,
full,southern_california,M_RW,93,3.0,7,0.7931097001300549,95,,,,,,,
full,southern_california,M_RW,94,0.1,7,0.9090240240698337,10,,,,,,,
full,southern_california,M_RW,94,0.5,10,0.8582675556674669,34,,,,,,,
full,southern_california,M_RW,94,1.0,13,0.8391841864632299,52,,,,,,,
full,southern_california,M_RW,94,1.5,12345,0.8253300840028246,64,,,,,,,
full,southern_california,M_RW,94,2.0,4,0.8133403847034245,72,,,,,,,
full,southern_california,M_RW,94,3.0,4,0.7931108028721692,88,,,,,,,
full,southern_california,M_RW,95,0.1,15,0.9084742175135311,7,,,,,,,
full,southern_california,M_RW,95,0.5,4,0.8650049181419147,36,,,,,,,
full,southern_california,M_RW,95,1.0,1,0.8460923337900572,49,,,,,,,
full,southern_california,M_RW,95,1.5,2,0.8310100306376782,64,,,,,,,
full,southern_california,M_RW,95,2.0,12345,0.8184885971562866,78,,,,,,,
full,southern_california,M_RW,95,3.0,4,0.7986941596411481,87,,,,,,,
full,southern_california,M_RW,96,0.1,18,0.9132038607904885,10,,,,,,,
full,southern_california,M_RW,96,0.5,9,0.8679739052354407,34,,,,,,,
full,southern_california,M_RW,96,1.0,4,0.8487621428727747,53,,,,,,,
full,southern_california,M_RW,96,1.5,2,0.8353218969125089,66,,,,,,,
full,southern_california,M_RW,96,2.0,3,0.8229325249664539,75,,,,,,,
full,southern_california,M_RW,96,3.0,12,0.8028939270899644,91,,,,,,,
full,southern_california,M_RW,97,0.1,6,0.9136253126144893,12,,,,,,,
full,southern_california,M_RW,97,0.5,3,0.8722835059289641,37,,,,,,,
full,southern_california,M_RW,97,1.0,15,0.8538156157969641,59,,,,,,,
full,southern_california,M_RW,97,1.5,1,0.8398795970663716,72,,,,,,,
full,southern_california,M_RW,97,2.0,1,0.8279925237282292,83,,,,,,,
full,southern_california,M_RW,97,3.0,15,0.8083012105700842,97,,,,,,,
full,southern_california,M_RW,98,0.1,11,0.9114259345043016,9,,,,,,,
full,southern_california,M_RW,98,0.5,19,0.8681887394841586,36,,,,,,,
full,southern_california,M_RW,98,1.0,3,0.8502003876518396,56,,,,,,,
full,southern_california,M_RW,98,1.5,2,0.8362828492139018,63,,,,,,,
full,southern_california,M_RW,98,2.0,12345,0.8237813855315067,73,,,,,,,
full,southern_california,M_RW,98,3.0,1,0.803524191945999,86,,,,,,,
full,southern_california,M_RW,99,0.1,19,0.9060162216897383,9,,,,,,,
full,southern_california,M_RW,99,0.5,5,0.8656407840249986,33,,,,,,,
full,southern_california,M_RW,99,1.0,3,0.846375007833081,47,,,,,,,
full,southern_california,M_RW,99,1.5,5,0.8315802304133993,61,,,,,,,
full,southern_california,M_RW,99,2.0,15,0.8192103483452241,70,,,,,,,
full,southern_california,M_RW,99,3.0,4,0.7981761507224443,83,,,,,,,
full,southern_california,M_RW,100,0.1,6,0.9144776029398011,10,,,,,,,
full,southern_california,M_RW,100,0.5,2,0.8718685380939155,38,,,,,,,
full,southern_california,M_RW,100,1.0,1,0.855136794969944,51,,,,,,,
full,southern_california,M_RW,100,1.5,11,0.842512095505993,65,,,,,,,
full,southern_california,M_RW,100,2.0,3,0.8320686184321706,78,,,,,,,
full,southern_california,M_RW,100,3.0,2,0.8139108038523793,93,,,,,,,
full,southern_california,M_RW,101,0.1,14,0.9118902876565917,7,,,,,,,
full,southern_california,M_RW,101,0.5,8,0.8713186603405604,39,,,,,,,
full,southern_california,M_RW,101,1.0,5,0.8538394414507113,54,,,,,,,
full,southern_california,M_RW,101,1.5,15,0.8402280522175921,67,,,,,,,
full,southern_california,M_RW,101,2.0,13,0.8293188632757623,89,,,,,,,
full,southern_california,M_RW,101,3.0,1,0.8106435589303754,98,,,,,,,
full,southern_california,M_RW,102,0.1,14,0.9091090913826282,10,,,,,,,
full,southern_california,M_RW,102,0.5,12345,0.8661369137633128,38,,,,,,,
full,southern_california,M_RW,102,1.0,12,0.8492301474457669,57,,,,,,,
full,southern_california,M_RW,102,1.5,12345,0.8362492060710631,68,,,,,,,
full,southern_california,M_RW,102,2.0,8,0.8242599079144763,76,,,,,,,
full,southern_california,M_RW,102,3.0,16,0.8052075958515098,92,,,,,,,
full,southern_california,M_RW,103,0.1,12345,0.9088735324549202,9,,,,,,,
full,southern_california,M_RW,103,0.5,11,0.8675444878298215,41,,,,,,,
full,southern_california,M_RW,103,1.0,17,0.8482325622610289,55,,,,,,,
full,southern_california,M_RW,103,1.5,11,0.8347155034594255,67,,,,,,,
full,southern_california,M_RW,103,2.0,11,0.823151547861372,76,,,,,,,
full,southern_california,M_RW,103,3.0,17,0.8034038320379315,86,,,,,,,
full,southern_california,M_RW,104,0.1,18,0.9113653909182335,10,,,,,,,
full,southern_california,M_RW,104,0.5,12,0.8680631918986803,40,,,,,,,
full,southern_california,M_RW,104,1.0,12,0.8508846429576269,57,,,,,,,
full,southern_california,M_RW,104,1.5,12345,0.8365390982739094,67,,,,,,,
full,southern_california,M_RW,104,2.0,12,0.8251541317956519,74,,,,,,,
full,southern_california,M_RW,104,3.0,4,0.8064004736436943,94,,,,,,,
full,southern_california,M_RW,105,0.1,12,0.9123843889319769,10,,,,,,,
full,southern_california,M_RW,105,0.5,10,0.8610936079476285,35,,,,,,,
full,southern_california,M_RW,105,1.0,12,0.8433386852156881,63,,,,,,,
full,southern_california,M_RW,105,1.5,3,0.8295612835351908,71,,,,,,,
full,southern_california,M_RW,105,2.0,3,0.8170828152460845,79,,,,,,,
full,southern_california,M_RW,105,3.0,17,0.7959099053423815,91,,,,,,,
full,southern_california,M_RW,106,0.1,13,0.9093211729619878,8,,,,,,,
full,southern_california,M_RW,106,0.5,10,0.8695245706904663,40,,,,,,,
full,southern_california,M_RW,106,1.0,16,0.8535417674803598,57,,,,,,,
full,southern_california,M_RW,106,1.5,17,0.8406092363450298,66,,,,,,,
full,southern_california,M_RW,106,2.0,12345,0.8290781489160873,86,,,,,,,
full,southern_california,M_RW,106,3.0,8,0.8101873598539681,100,,,,,,,
full,southern_california,M_RW,107,0.1,3,0.9086295655776147,8,,,,,,,
full,southern_california,M_RW,107,0.5,10,0.8632076546969538,34,,,,,,,
full,southern_california,M_RW,107,1.0,5,0.8433324943239313,52,,,,,,,
full,southern_california,M_RW,107,1.5,18,0.8296411382714183,67,,,,,,,
full,southern_california,M_RW,107,2.0,12345,0.8179059858900363,77,,,,,,,
full,southern_california,M_RW,107,3.0,8,0.7977130067570979,88,,,,,,,
full,southern_california,M_RW,108,0.1,11,0.9058049500670046,7,,,,,,,
full,southern_california,M_RW,108,0.5,12,0.8669946549754531,33,,,,,,,
full,southern_california,M_RW,108,1.0,19,0.8497409821254076,56,,,,,,,
full,southern_california,M_RW,108,1.5,2,0.8369745810144738,65,,,,,,,
full,southern_california,M_RW,108,2.0,11,0.8257886318951769,76,,,,,,,
full,southern_california,M_RW,108,3.0,19,0.8064566754555149,89,,,,,,,
full,southern_california,M_RW,109,0.1,12345,0.910679337379439,11,,,,,,,
full,southern_california,M_RW,109,0.5,12345,0.8699555121991677,39,,,,,,,
full,southern_california,M_RW,109,1.0,5,0.8524162404304241,61,,,,,,,
full,southern_california,M_RW,109,1.5,12,0.8403577923943827,73,,,,,,,
full,southern_california,M_RW,109,2.0,12,0.8294400880226216,80,,,,,,,
full,southern_california,M_RW,109,3.0,17,0.8105893353166078,96,,,,,,,
full,southern_california,M_RW,110,0.1,17,0.9106567575698182,8,,,,,,,
full,southern_california,M_RW,110,0.5,11,0.8581598255430902,35,,,,,,,
full,southern_california,M_RW,110,1.0,8,0.8395467114651965,55,,,,,,,
full,southern_california,M_RW,110,1.5,8,0.8254087354727635,67,,,,,,,
full,southern_california,M_RW,110,2.0,5,0.8144352239787062,80,,,,,,,
full,southern_california,M_RW,110,3.0,1,0.7956412536183034,97,,,,,,,
full,southern_california,M_RW,111,0.1,18,0.9105455117915443,9,,,,,,,
full,southern_california,M_RW,111,0.5,6,0.8711618275362408,35,,,,,,,
full,southern_california,M_RW,111,1.0,7,0.854536642112476,52,,,,,,,
full,southern_california,M_RW,111,1.5,8,0.842023900378763,67,,,,,,,
full,southern_california,M_RW,111,2.0,12,0.831479420862954,78,,,,,,,
full,southern_california,M_RW,111,3.0,3,0.8124508423118635,95,,,,,,,
full,southern_california,M_RW,112,0.1,16,0.9069202271374183,7,,,,,,,
full,southern_california,M_RW,112,0.5,1,0.86516361389905,35,,,,,,,
full,southern_california,M_RW,112,1.0,9,0.845948855736762,57,,,,,,,
full,southern_california,M_RW,112,1.5,12345,0.8326996020648728,74,,,,,,,
full,southern_california,M_RW,112,2.0,18,0.8219820928859188,81,,,,,,,
full,southern_california,M_RW,112,3.0,15,0.8023935331085007,97,,,,,,,
full,southern_california,M_RW,113,0.1,12345,0.9096138753250465,10,,,,,,,
full,southern_california,M_RW,113,0.5,10,0.8631281730659036,37,,,,,,,
full,southern_california,M_RW,113,1.0,19,0.8454597897671936,51,,,,,,,
full,southern_california,M_RW,113,1.5,6,0.8329143722005731,61,,,,,,,
full,southern_california,M_RW,113,2.0,5,0.8215788698324569,72,,,,,,,
full,southern_california,M_RW,113,3.0,1,0.802263023814479,89,,,,,,,
full,southern_california,M_RW,114,0.1,4,0.9097383005722857,8,,,,,,,
full,southern_california,M_RW,114,0.5,6,0.8717845153218001,36,,,,,,,
full,southern_california,M_RW,114,1.0,4,0.8526172724050228,54,,,,,,,
full,southern_california,M_RW,114,1.5,10,0.8385428933516482,71,,,,,,,
full,southern_california,M_RW,114,2.0,14,0.8266548490362036,82,,,,,,,
full,southern_california,M_RW,114,3.0,4,0.8060189855371801,90,,,,,,,
full,southern_california,M_RW,115,0.1,10,0.9083173222852199,8,,,,,,,
full,southern_california,M_RW,115,0.5,1,0.859347035041132,32,,,,,,,
full,southern_california,M_RW,115,1.0,16,0.840442515843786,53,,,,,,,
full,southern_california,M_RW,115,1.5,6,0.8273022851266459,62,,,,,,,
full,southern_california,M_RW,115,2.0,2,0.8154313965718424,69,,,,,,,
full,southern_california,M_RW,115,3.0,14,0.7959382747579034,83,,,,,,,
full,southern_california,M_RW,116,0.1,4,0.9104844086222712,11,,,,,,,
full,southern_california,M_RW,116,0.5,1,0.8687740033324878,36,,,,,,,
full,southern_california,M_RW,116,1.0,7,0.8517539302332442,51,,,,,,,
full,southern_california,M_RW,116,1.5,1,0.8380273325145559,69,,,,,,,
full,southern_california,M_RW,116,2.0,19,0.826965253918601,81,,,,,,,
full,southern_california,M_RW,116,3.0,16,0.8073523035906088,94,,,,,,,
full,southern_california,M_RW,117,0.1,12,0.9138195765935011,8,,,,,,,
full,southern_california,M_RW,117,0.5,13,0.8671459295701679,35,,,,,,,
full,southern_california,M_RW,117,1.0,9,0.8490823281015711,56,,,,,,,
full,southern_california,M_RW,117,1.5,12345,0.8352964727083197,72,,,,,,,
full,southern_california,M_RW,117,2.0,5,0.8241402335402529,81,,,,,,,
full,southern_california,M_RW,117,3.0,9,0.8044847320528635,91,,,,,,,
full,southern_california,M_RW,118,0.1,15,0.9106283705449602,10,,,,,,,
full,southern_california,M_RW,118,0.5,1,0.8641516230900882,36,,,,,,,
full,southern_california,M_RW,118,1.0,4,0.8455782208989582,56,,,,,,,
full,southern_california,M_RW,118,1.5,4,0.8311775685665401,66,,,,,,,
full,southern_california,M_RW,118,2.0,10,0.8183919459495543,79,,,,,,,
full,southern_california,M_RW,118,3.0,16,0.7971938930517168,96,,,,,,,
full,southern_california,M_RW,119,0.1,4,0.9090699648105859,11,,,,,,,
full,southern_california,M_RW,119,0.5,10,0.8681896934260696,38,,,,,,,
full,southern_california,M_RW,119,1.0,12345,0.8489527864602037,58,,,,,,,
full,southern_california,M_RW,119,1.5,4,0.8353727843054308,73,,,,,,,
full,southern_california,M_RW,119,2.0,15,0.8242349180971285,80,,,,,,,
full,southern_california,M_RW,119,3.0,9,0.8046067107889998,90,,,,,,,
full,southern_california,M_RW,120,0.1,7,0.9117592079632912,12,,,,,,,
full,southern_california,M_RW,120,0.5,9,0.8685547441780459,36,,,,,,,
full,southern_california,M_RW,120,1.0,19,0.8504053877480364,55,,,,,,,
full,southern_california,M_RW,120,1.5,15,0.8372847049225635,66,,,,,,,
full,southern_california,M_RW,120,2.0,17,0.826405063385584,81,,,,,,,
full,southern_california,M_RW,120,3.0,15,0.8072828523673435,93,,,,,,,
full,southern_california,M_RW,121,0.1,12345,0.9101296366988028,7,,,,,,,
full,southern_california,M_RW,121,0.5,19,0.8725763067601804,38,,,,,,,
full,southern_california,M_RW,121,1.0,19,0.8551451413219239,59,,,,,,,
full,southern_california,M_RW,121,1.5,18,0.8425769684170845,71,,,,,,,
full,southern_california,M_RW,121,2.0,10,0.8317397609740143,78,,,,,,,
full,southern_california,M_RW,121,3.0,13,0.8129646393937286,99,,,,,,,
full,southern_california,M_RW,122,0.1,8,0.9092643515800996,8,,,,,,,
full,southern_california,M_RW,122,0.5,8,0.8714863915885305,39,,,,,,,
full,southern_california,M_RW,122,1.0,11,0.853868113228517,53,,,,,,,
full,southern_california,M_RW,122,1.5,3,0.8400968939272182,64,,,,,,,
full,southern_california,M_RW,122,2.0,11,0.8288976002822104,74,,,,,,,
full,southern_california,M_RW,122,3.0,12,0.8098562103730887,86,,,,,,,
full,southern_california,M_RW,123,0.1,18,0.9089073238796214,9,,,,,,,
full,southern_california,M_RW,123,0.5,12345,0.8669930667406354,40,,,,,,,
full,southern_california,M_RW,123,1.0,13,0.8487733966700634,59,,,,,,,
full,southern_california,M_RW,123,1.5,5,0.8353615169098432,73,,,,,,,
full,southern_california,M_RW,123,2.0,15,0.8241501339151562,80,,,,,,,
full,southern_california,M_RW,123,3.0,14,0.8061033315002599,100,,,,,,,
full,southern_california,M_RW,124,0.1,19,0.9125145565634969,11,,,,,,,
full,southern_california,M_RW,124,0.5,5,0.8599183917472998,34,,,,,,,
full,southern_california,M_RW,124,1.0,4,0.8408143095807206,54,,,,,,,
full,southern_california,M_RW,124,1.5,1,0.8273985989963878,68,,,,,,,
full,southern_california,M_RW,124,2.0,14,0.8160703450654048,79,,,,,,,
full,southern_california,M_RW,124,3.0,6,0.7982337214313395,96,,,,,,,
full,southern_california,M_RW,125,0.1,18,0.9103623033273863,8,,,,,,,
full,southern_california,M_RW,125,0.5,6,0.8701887789067803,39,,,,,,,
full,southern_california,M_RW,125,1.0,12345,0.8530084416262138,58,,,,,,,
full,southern_california,M_RW,125,1.5,2,0.8404654400355918,67,,,,,,,
full,southern_california,M_RW,125,2.0,1,0.8295462329149788,74,,,,,,,
full,southern_california,M_RW,125,3.0,18,0.8105195805667368,89,,,,,,,
full,southern_california,M_RW,126,0.1,12345,0.9127065977476523,9,,,,,,,
full,southern_california,M_RW,126,0.5,2,0.8687528525298688,41,,,,,,,
full,southern_california,M_RW,126,1.0,3,0.8505037027112267,59,,,,,,,
full,southern_california,M_RW,126,1.5,6,0.8372456679471272,71,,,,,,,
full,southern_california,M_RW,126,2.0,17,0.8263168822361292,78,,,,,,,
full,southern_california,M_RW,126,3.0,14,0.8072612434698639,91,,,,,,,
full,southern_california,M_RW,127,0.1,8,0.9130363745099314,10,,,,,,,
full,southern_california,M_RW,127,0.5,10,0.8713277498636527,38,,,,,,,
full,southern_california,M_RW,127,1.0,7,0.8532849309172736,53,,,,,,,
full,southern_california,M_RW,127,1.5,6,0.8398654743582538,71,,,,,,,
full,southern_california,M_RW,127,2.0,4,0.8290680787259692,78,,,,,,,
full,southern_california,M_RW,127,3.0,11,0.8097040637131725,90,,,,,,,
full,southern_california,M_RW,128,0.1,9,0.9046234035928137,9,,,,,,,
full,southern_california,M_RW,128,0.5,2,0.8538562129377298,34,,,,,,,
full,southern_california,M_RW,128,1.0,12345,0.8351508587804339,55,,,,,,,
full,southern_california,M_RW,128,1.5,16,0.8211805144125705,62,,,,,,,
full,southern_california,M_RW,128,2.0,15,0.8086219076097495,72,,,,,,,
full,southern_california,M_RW,128,3.0,12,0.7861588022895869,88,,,,,,,
full,southern_california,M_RW,129,0.1,12345,0.9105566790211651,10,,,,,,,
full,southern_california,M_RW,129,0.5,6,0.8580734327736346,37,,,,,,,
full,southern_california,M_RW,129,1.0,6,0.8397717647751953,55,,,,,,,
full,southern_california,M_RW,129,1.5,6,0.8263492437694397,66,,,,,,,
full,southern_california,M_RW,129,2.0,13,0.8144991470507161,78,,,,,,,
full,southern_california,M_RW,129,3.0,11,0.7947818878591086,93,,,,,,,
full,southern_california,M_RW,130,0.1,14,0.9099729356878948,9,,,,,,,
full,southern_california,M_RW,130,0.5,3,0.8649193091168893,34,,,,,,,
full,southern_california,M_RW,130,1.0,4,0.845936153730202,52,,,,,,,
full,southern_california,M_RW,130,1.5,14,0.831533238661163,64,,,,,,,
full,southern_california,M_RW,130,2.0,11,0.8201279926979702,74,,,,,,,
full,southern_california,M_RW,130,3.0,5,0.8003195720189179,89,,,,,,,
full,southern_california,M_RW,131,0.1,13,0.9089930161982958,8,,,,,,,
full,southern_california,M_RW,131,0.5,1,0.8692807567620073,37,,,,,,,
full,southern_california,M_RW,131,1.0,8,0.852185182646976,59,,,,,,,
full,southern_california,M_RW,131,1.5,1,0.8385452485284596,67,,,,,,,
full,southern_california,M_RW,131,2.0,12,0.8273581024578044,81,,,,,,,
full,southern_california,M_RW,131,3.0,4,0.8088014197908843,92,,,,,,,
full,southern_california,M_RW,132,0.1,10,0.9062510906207887,7,,,,,,,
full,southern_california,M_RW,132,0.5,12,0.861425100540064,37,,,,,,,
full,southern_california,M_RW,132,1.0,10,0.8432823387221281,58,,,,,,,
full,southern_california,M_RW,132,1.5,10,0.8295801205538907,68,,,,,,,
full,southern_california,M_RW,132,2.0,16,0.8176285837203372,75,,,,,,,
full,southern_california,M_RW,132,3.0,13,0.7973469675445506,88,,,,,,,
full,southern_california,M_RW,133,0.1,6,0.9106469947954593,11,,,,,,,
full,southern_california,M_RW,133,0.5,14,0.8693002002712291,37,,,,,,,
full,southern_california,M_RW,133,1.0,3,0.8521922673613403,58,,,,,,,
full,southern_california,M_RW,133,1.5,5,0.8393898617062518,70,,,,,,,
full,southern_california,M_RW,133,2.0,19,0.8284815218346415,83,,,,,,,
full,southern_california,M_RW,133,3.0,17,0.8107837296882984,98,,,,,,,
full,southern_california,M_RW,134,0.1,15,0.9086809346677635,7,,,,,,,
full,southern_california,M_RW,134,0.5,8,0.8665620923646928,32,,,,,,,
full,southern_california,M_RW,134,1.0,11,0.8483370441827361,55,,,,,,,
full,southern_california,M_RW,134,1.5,13,0.8356054144963387,64,,,,,,,
full,southern_california,M_RW,134,2.0,3,0.8244892089310258,74,,,,,,,
full,southern_california,M_RW,134,3.0,6,0.8047735529178216,83,,,,,,,
full,southern_california,M_RW,135,0.1,16,0.9093006655491418,8,,,,,,,
full,southern_california,M_RW,135,0.5,19,0.8693275602789637,39,,,,,,,
full,southern_california,M_RW,135,1.0,9,0.8515263239251194,58,,,,,,,
full,southern_california,M_RW,135,1.5,3,0.8379458720785792,69,,,,,,,
full,southern_california,M_RW,135,2.0,1,0.8269611617153165,78,,,,,,,
full,southern_california,M_RW,135,3.0,15,0.8071574457543517,91,,,,,,,
full,southern_california,M_RW,136,0.1,12,0.9125523258253159,12,,,,,,,
full,southern_california,M_RW,136,0.5,11,0.8691880871729725,37,,,,,,,
full,southern_california,M_RW,136,1.0,8,0.8507062509511327,59,,,,,,,
full,southern_california,M_RW,136,1.5,16,0.8372921229379287,68,,,,,,,
full,southern_california,M_RW,136,2.0,9,0.8261563803933715,80,,,,,,,
full,southern_california,M_RW,136,3.0,12,0.8084525492246425,96,,,,,,,
full,southern_california,M_RW,137,0.1,17,0.9096753872736363,8,,,,,,,
full,southern_california,M_RW,137,0.5,10,0.8707296259244488,36,,,,,,,
full,southern_california,M_RW,137,1.0,4,0.852271825157377,53,,,,,,,
full,southern_california,M_RW,137,1.5,19,0.8400783916956713,66,,,,,,,
full,southern_california,M_RW,137,2.0,19,0.8294165193750537,72,,,,,,,
full,southern_california,M_RW,137,3.0,10,0.8111727603336268,90,,,,,,,
full,southern_california,M_RW,138,0.1,15,0.9086452220468686,7,,,,,,,
full,southern_california,M_RW,138,0.5,17,0.8685909204722815,37,,,,,,,
full,southern_california,M_RW,138,1.0,9,0.8516061207644992,61,,,,,,,
full,southern_california,M_RW,138,1.5,9,0.8387190390281316,73,,,,,,,
full,southern_california,M_RW,138,2.0,17,0.8273066640355013,81,,,,,,,
full,southern_california,M_RW,138,3.0,8,0.808314055710086,98,,,,,,,
full,southern_california,M_RW,139,0.1,1,0.907181945462751,10,,,,,,,
full,southern_california,M_RW,139,0.5,16,0.8600891305591639,38,,,,,,,
full,southern_california,M_RW,139,1.0,13,0.8406823831584501,47,,,,,,,
full,southern_california,M_RW,139,1.5,3,0.8252926897634157,58,,,,,,,
full,southern_california,M_RW,139,2.0,17,0.8128391160563894,68,,,,,,,
full,southern_california,M_RW,139,3.0,17,0.7914853154710892,84,,,,,,,
full,southern_california,M_RW,140,0.1,15,0.907185773451455,10,,,,,,,
full,southern_california,M_RW,140,0.5,8,0.868267124022511,40,,,,,,,
full,southern_california,M_RW,140,1.0,15,0.8491239470754849,57,,,,,,,
full,southern_california,M_RW,140,1.5,15,0.8349976682097692,72,,,,,,,
full,southern_california,M_RW,140,2.0,7,0.8230258241375012,81,,,,,,,
full,southern_california,M_RW,140,3.0,19,0.8018821475551658,91,,,,,,,
full,southern_california,M_RW,141,0.1,17,0.9084014755691618,11,,,,,,,
full,southern_california,M_RW,141,0.5,16,0.8584130252618013,30,,,,,,,
full,southern_california,M_RW,141,1.0,12345,0.8395485320204474,45,,,,,,,
full,southern_california,M_RW,141,1.5,15,0.8260010578509505,63,,,,,,,
full,southern_california,M_RW,141,2.0,11,0.8150736320411368,75,,,,,,,
full,southern_california,M_RW,141,3.0,17,0.7966172587474001,85,,,,,,,
full,southern_california,M_RW,142,0.1,9,0.9100078719499162,12,,,,,,,
full,southern_california,M_RW,142,0.5,1,0.8601535227584103,38,,,,,,,
full,southern_california,M_RW,142,1.0,17,0.8423596976866825,56,,,,,,,
full,southern_california,M_RW,142,1.5,4,0.8285566591014814,69,,,,,,,
full,southern_california,M_RW,142,2.0,12345,0.8168923097174021,75,,,,,,,
full,southern_california,M_RW,142,3.0,13,0.7968452907379244,89,,,,,,,
full,southern_california,M_RW,143,0.1,19,0.9074905496631446,9,,,,,,,
full,southern_california,M_RW,143,0.5,4,0.8656292299088146,41,,,,,,,
full,southern_california,M_RW,143,1.0,12345,0.8480340581789552,58,,,,,,,
full,southern_california,M_RW,143,1.5,10,0.8348143644192412,69,,,,,,,
full,southern_california,M_RW,143,2.0,10,0.8235811927809124,78,,,,,,,
full,southern_california,M_RW,143,3.0,6,0.8049320929252238,91,,,,,,,
full,southern_california,M_RW,144,0.1,16,0.9095291407797026,9,,,,,,,
full,southern_california,M_RW,144,0.5,3,0.8710422875646427,41,,,,,,,
full,southern_california,M_RW,144,1.0,9,0.8534256008629906,57,,,,,,,
full,southern_california,M_RW,144,1.5,14,0.8404402262180436,70,,,,,,,
full,southern_california,M_RW,144,2.0,8,0.8286832303580628,75,,,,,,,
full,southern_california,M_RW,144,3.0,14,0.808431335813981,90,,,,,,,
full,southern_california,M_RW,145,0.1,12345,0.9099267332806619,12,,,,,,,
full,southern_california,M_RW,145,0.5,2,0.8696775154993903,42,,,,,,,
full,southern_california,M_RW,145,1.0,6,0.8498350662342186,59,,,,,,,
full,southern_california,M_RW,145,1.5,12,0.8359358986087176,69,,,,,,,
full,southern_california,M_RW,145,2.0,12,0.824038233848225,75,,,,,,,
full,southern_california,M_RW,145,3.0,3,0.8048667390368409,97,,,,,,,
full,southern_california,M_RW,146,0.1,8,0.9092985573787566,9,,,,,,,
full,southern_california,M_RW,146,0.5,2,0.8619895293765572,34,,,,,,,
full,southern_california,M_RW,146,1.0,19,0.8435381213974186,51,,,,,,,
full,southern_california,M_RW,146,1.5,17,0.8292955417167298,64,,,,,,,
full,southern_california,M_RW,146,2.0,19,0.8173843753698162,78,,,,,,,
full,southern_california,M_RW,146,3.0,13,0.7982148145988999,89,,,,,,,
full,southern_california,M_RW,147,0.1,5,0.9071906623807999,7,,,,,,,
full,southern_california,M_RW,147,0.5,2,0.8620164644462934,34,,,,,,,
full,southern_california,M_RW,147,1.0,12345,0.8427723040464756,52,,,,,,,
full,southern_california,M_RW,147,1.5,16,0.8289184780783693,67,,,,,,,
full,southern_california,M_RW,147,2.0,8,0.8166962019790742,76,,,,,,,
full,southern_california,M_RW,147,3.0,4,0.7955976054791845,88,,,,,,,
full,southern_california,M_RW,148,0.1,13,0.906728651030526,6,,,,,,,
full,southern_california,M_RW,148,0.5,19,0.8595429984663271,32,,,,,,,
full,southern_california,M_RW,148,1.0,13,0.8413050891197744,52,,,,,,,
full,southern_california,M_RW,148,1.5,9,0.8278483088687816,68,,,,,,,
full,southern_california,M_RW,148,2.0,6,0.8161202141336689,79,,,,,,,
full,southern_california,M_RW,148,3.0,15,0.7962124515374833,88,,,,,,,
full,southern_california,M_RW,149,0.1,6,0.9124432403157913,12,,,,,,,
full,southern_california,M_RW,149,0.5,4,0.8623997564402617,38,,,,,,,
full,southern_california,M_RW,149,1.0,6,0.8437133785815825,56,,,,,,,
full,southern_california,M_RW,149,1.5,12345,0.8299501597898993,72,,,,,,,
full,southern_california,M_RW,149,2.0,8,0.8184782685545866,79,,,,,,,
full,southern_california,M_RW,149,3.0,2,0.7982924007493598,92,,,,,,,
full,southern_california,M_RW,150,0.1,13,0.9079498214668699,8,,,,,,,
full,southern_california,M_RW,150,0.5,14,0.8670516493288201,39,,,,,,,
full,southern_california,M_RW,150,1.0,3,0.8487825578847554,50,,,,,,,
full,southern_california,M_RW,150,1.5,15,0.834228434063396,65,,,,,,,
full,southern_california,M_RW,150,2.0,1,0.822628629940597,71,,,,,,,
full,southern_california,M_RW,150,3.0,4,0.8021958507041743,90,,,,,,,
full,southern_california,M_RW,151,0.1,12345,0.9098016649542072,12,,,,,,,
full,southern_california,M_RW,151,0.5,19,0.8691201119271715,36,,,,,,,
full,southern_california,M_RW,151,1.0,13,0.8515691607283589,58,,,,,,,
full,southern_california,M_RW,151,1.5,11,0.838732644413038,75,,,,,,,
full,southern_california,M_RW,151,2.0,15,0.8279223655641135,80,,,,,,,
full,southern_california,M_RW,151,3.0,9,0.8080450901664297,95,,,,,,,
full,southern_california,M_RW,152,0.1,3,0.9100968054621084,11,,,,,,,
full,southern_california,M_RW,152,0.5,18,0.8716787924247779,41,,,,,,,
full,southern_california,M_RW,152,1.0,7,0.8560356611409515,59,,,,,,,
full,southern_california,M_RW,152,1.5,16,0.8441785100400575,72,,,,,,,
full,southern_california,M_RW,152,2.0,16,0.8340127777939749,80,,,,,,,
full,southern_california,M_RW,152,3.0,5,0.815230100446494,99,,,,,,,
full,southern_california,M_RW,153,0.1,16,0.9111084217510934,9,,,,,,,
full,southern_california,M_RW,153,0.5,1,0.8630416034230152,40,,,,,,,
full,southern_california,M_RW,153,1.0,5,0.8453098085710736,59,,,,,,,
full,southern_california,M_RW,153,1.5,13,0.8316739470579378,71,,,,,,,
full,southern_california,M_RW,153,2.0,4,0.8206418123465775,81,,,,,,,
full,southern_california,M_RW,153,3.0,12,0.802620975259484,93,,,,,,,
full,southern_california,M_RW,154,0.1,16,0.9082612885196254,9,,,,,,,
full,southern_california,M_RW,154,0.5,15,0.8643902595430051,33,,,,,,,
full,southern_california,M_RW,154,1.0,14,0.8470936442753914,53,,,,,,,
full,southern_california,M_RW,154,1.5,12345,0.8331209869400462,65,,,,,,,
full,southern_california,M_RW,154,2.0,12,0.8215465739429562,75,,,,,,,
full,southern_california,M_RW,154,3.0,1,0.8020108850651474,92,,,,,,,
full,southern_california,M_RW,155,0.1,6,0.9090020535682801,7,,,,,,,
full,southern_california,M_RW,155,0.5,9,0.862121591925468,37,,,,,,,
full,southern_california,M_RW,155,1.0,15,0.8444615606743325,59,,,,,,,
full,southern_california,M_RW,155,1.5,4,0.8306798134618798,65,,,,,,,
full,southern_california,M_RW,155,2.0,7,0.8183532192564659,76,,,,,,,
full,southern_california,M_RW,155,3.0,6,0.7987356134500887,94,,,,,,,
full,southern_california,M_RW,156,0.1,3,0.9075370936063483,10,,,,,,,
full,southern_california,M_RW,156,0.5,6,0.8617281412624006,40,,,,,,,
full,southern_california,M_RW,156,1.0,1,0.8433485334556532,56,,,,,,,
full,southern_california,M_RW,156,1.5,11,0.8295705800092719,71,,,,,,,
full,southern_california,M_RW,156,2.0,17,0.8178516421454541,81,,,,,,,
full,southern_california,M_RW,156,3.0,14,0.797110332263903,95,,,,,,,
full,southern_california,M_RW,157,0.1,12345,0.9055963788079242,8,,,,,,,
full,southern_california,M_RW,157,0.5,11,0.8603853564672665,34,,,,,,,
full,southern_california,M_RW,157,1.0,14,0.8406373454905627,52,,,,,,,
full,southern_california,M_RW,157,1.5,13,0.8275811832436251,65,,,,,,,
full,southern_california,M_RW,157,2.0,11,0.815652053242809,75,,,,,,,
full,southern_california,M_RW,157,3.0,17,0.7955504552088881,87,,,,,,,
full,southern_california,M_RW,158,0.1,12345,0.909584129929099,11,,,,,,,
full,southern_california,M_RW,158,0.5,6,0.8655668106789599,37,,,,,,,
full,southern_california,M_RW,158,1.0,16,0.847252285091668,52,,,,,,,
full,southern_california,M_RW,158,1.5,13,0.8335982694445054,70,,,,,,,
full,southern_california,M_RW,158,2.0,9,0.8222620334551936,77,,,,,,,
full,southern_california,M_RW,158,3.0,13,0.8033871918439107,89,,,,,,,
full,southern_california,M_RW,159,0.1,13,0.9100568565053275,11,,,,,,,
full,southern_california,M_RW,159,0.5,12345,0.8671750180360766,38,,,,,,,
full,southern_california,M_RW,159,1.0,12,0.8484832677658367,56,,,,,,,
full,southern_california,M_RW,159,1.5,13,0.8351186398905386,66,,,,,,,
full,southern_california,M_RW,159,2.0,14,0.8238599486982771,81,,,,,,,
full,southern_california,M_RW,159,3.0,2,0.8051602919246525,94,,,,,,,
full,southern_california,M_RW,160,0.1,9,0.9069750612143282,8,,,,,,,
full,southern_california,M_RW,160,0.5,9,0.8523556957293857,33,,,,,,,
full,southern_california,M_RW,160,1.0,16,0.8338748859928284,55,,,,,,,
full,southern_california,M_RW,160,1.5,12345,0.8202717343278234,66,,,,,,,
full,southern_california,M_RW,160,2.0,15,0.8081202520752541,77,,,,,,,
full,southern_california,M_RW,160,3.0,17,0.7874395982083028,87,,,,,,,
full,southern_california,M_RW,161,0.1,19,0.9120913629133052,9,,,,,,,
full,southern_california,M_RW,161,0.5,9,0.8747376695639407,37,,,,,,,
full,southern_california,M_RW,161,1.0,1,0.8577700503059207,62,,,,,,,
full,southern_california,M_RW,161,1.5,16,0.8455698146354241,75,,,,,,,
full,southern_california,M_RW,161,2.0,11,0.8349171818715018,82,,,,,,,
full,southern_california,M_RW,161,3.0,15,0.8169777761686141,103,,,,,,,
full,southern_california,M_RW,162,0.1,10,0.9090327283202899,9,,,,,,,
full,southern_california,M_RW,162,0.5,19,0.8692441133909075,35,,,,,,,
full,southern_california,M_RW,162,1.0,13,0.8498153445032763,52,,,,,,,
full,southern_california,M_RW,162,1.5,17,0.8354118087592695,63,,,,,,,
full,southern_california,M_RW,162,2.0,7,0.8231035847315233,71,,,,,,,
full,southern_california,M_RW,162,3.0,7,0.8017276260575655,85,,,,,,,
full,southern_california,M_RW,163,0.1,10,0.9064042816678165,8,,,,,,,
full,southern_california,M_RW,163,0.5,13,0.8659522859620702,39,,,,,,,
full,southern_california,M_RW,163,1.0,2,0.8490165764901064,52,,,,,,,
full,southern_california,M_RW,163,1.5,12,0.8354587603311102,65,,,,,,,
full,southern_california,M_RW,163,2.0,13,0.8241741257150541,76,,,,,,,
full,southern_california,M_RW,163,3.0,7,0.8046268874635215,88,,,,,,,
full,southern_california,M_RW,164,0.1,1,0.9083004163808545,10,,,,,,,
full,southern_california,M_RW,164,0.5,12,0.8625258456201323,34,,,,,,,
full,southern_california,M_RW,164,1.0,19,0.8423889773528356,48,,,,,,,
full,southern_california,M_RW,164,1.5,8,0.8282329176830312,61,,,,,,,
full,southern_california,M_RW,164,2.0,8,0.8162043465992027,68,,,,,,,
full,southern_california,M_RW,164,3.0,19,0.7942621597601327,81,,,,,,,
full,southern_california,M_RW,165,0.1,4,0.9148198944453405,10,,,,,,,
full,southern_california,M_RW,165,0.5,12,0.8750593946303917,43,,,,,,,
full,southern_california,M_RW,165,1.0,11,0.8599180820303239,59,,,,,,,
full,southern_california,M_RW,165,1.5,12345,0.8481332051835129,73,,,,,,,
full,southern_california,M_RW,165,2.0,8,0.8376317640915346,85,,,,,,,
full,southern_california,M_RW,165,3.0,9,0.819741346294155,95,,,,,,,
full,southern_california,M_RW,166,0.1,17,0.9058366728949236,8,,,,,,,
full,southern_california,M_RW,166,0.5,18,0.8587834477579094,35,,,,,,,
full,southern_california,M_RW,166,1.0,12345,0.8410130289988003,52,,,,,,,
full,southern_california,M_RW,166,1.5,2,0.8275722270906918,62,,,,,,,
full,southern_california,M_RW,166,2.0,2,0.8158679524634865,71,,,,,,,
full,southern_california,M_RW,166,3.0,12345,0.7962789801337891,84,,,,,,,
full,southern_california,M_RW,167,0.1,11,0.9119875948103643,11,,,,,,,
full,southern_california,M_RW,167,0.5,7,0.8700358331320176,39,,,,,,,
full,southern_california,M_RW,167,1.0,4,0.8522032733763208,50,,,,,,,
full,southern_california,M_RW,167,1.5,10,0.8390953243718996,65,,,,,,,
full,southern_california,M_RW,167,2.0,1,0.8278908947996013,72,,,,,,,
full,southern_california,M_RW,167,3.0,8,0.808245131145624,93,,,,,,,
full,southern_california,M_RW,168,0.1,9,0.9094538780773433,8,,,,,,,
full,southern_california,M_RW,168,0.5,1,0.8683984600982151,39,,,,,,,
full,southern_california,M_RW,168,1.0,15,0.849783842816213,54,,,,,,,
full,southern_california,M_RW,168,1.5,16,0.836123089790769,66,,,,,,,
full,southern_california,M_RW,168,2.0,18,0.8252197956516404,73,,,,,,,
full,southern_california,M_RW,168,3.0,17,0.8061271754671478,90,,,,,,,
full,southern_california,M_RW,169,0.1,7,0.917228307175247,15,,,,,,,
full,southern_california,M_RW,169,0.5,2,0.8660566043879578,43,,,,,,,
full,southern_california,M_RW,169,1.0,6,0.8477110940394548,58,,,,,,,
full,southern_california,M_RW,169,1.5,17,0.8340687209067701,64,,,,,,,
full,southern_california,M_RW,169,2.0,4,0.8221861146034158,73,,,,,,,
full,southern_california,M_RW,169,3.0,4,0.8021833887880675,90,,,,,,,
full,southern_california,M_RW,170,0.1,16,0.9093736813504137,9,,,,,,,
full,southern_california,M_RW,170,0.5,15,0.8611660230187295,37,,,,,,,
full,southern_california,M_RW,170,1.0,7,0.842922504056091,53,,,,,,,
full,southern_california,M_RW,170,1.5,5,0.829903989830327,66,,,,,,,
full,southern_california,M_RW,170,2.0,14,0.8187106812415175,74,,,,,,,
full,southern_california,M_RW,170,3.0,19,0.799710744653183,85,,,,,,,
full,southern_california,M_RW,171,0.1,2,0.9079368047873868,7,,,,,,,
full,southern_california,M_RW,171,0.5,1,0.8689312720447095,35,,,,,,,
full,southern_california,M_RW,171,1.0,11,0.8506909509196182,56,,,,,,,
full,southern_california,M_RW,171,1.5,3,0.8375801180036809,70,,,,,,,
full,southern_california,M_RW,171,2.0,12,0.8266234251394737,81,,,,,,,
full,southern_california,M_RW,171,3.0,11,0.8088711798494437,98,,,,,,,
full,southern_california,M_RW,172,0.1,12345,0.9092374341623484,9,,,,,,,
full,southern_california,M_RW,172,0.5,18,0.8621711051278502,37,,,,,,,
full,southern_california,M_RW,172,1.0,11,0.8442091527691998,58,,,,,,,
full,southern_california,M_RW,172,1.5,16,0.8310735789258614,70,,,,,,,
full,southern_california,M_RW,172,2.0,16,0.820608815958448,80,,,,,,,
full,southern_california,M_RW,172,3.0,8,0.8022883983889925,95,,,,,,,
full,southern_california,M_RW,173,0.1,18,0.908285080396304,8,,,,,,,
full,southern_california,M_RW,173,0.5,2,0.8586196554943555,36,,,,,,,
full,southern_california,M_RW,173,1.0,10,0.8385560205530715,54,,,,,,,
full,southern_california,M_RW,173,1.5,1,0.8237788020590956,67,,,,,,,
full,southern_california,M_RW,173,2.0,4,0.8113431700723588,76,,,,,,,
full,southern_california,M_RW,173,3.0,3,0.7903730012766379,90,,,,,,,
full,southern_california,M_RW,174,0.1,13,0.9092183274950197,8,,,,,,,
full,southern_california,M_RW,174,0.5,4,0.8693689292563835,37,,,,,,,
full,southern_california,M_RW,174,1.0,7,0.8510607736218015,55,,,,,,,
full,southern_california,M_RW,174,1.5,12345,0.8380210753978915,68,,,,,,,
full,southern_california,M_RW,174,2.0,13,0.82718681259495,77,,,,,,,
full,southern_california,M_RW,174,3.0,6,0.8078544382127715,96,,,,,,,
full,southern_california,M_RW,175,0.1,16,0.9120305787476612,10,,,,,,,
full,southern_california,M_RW,175,0.5,11,0.8629933073425308,35,,,,,,,
full,southern_california,M_RW,175,1.0,18,0.8456587596460242,57,,,,,,,
full,southern_california,M_RW,175,1.5,12345,0.8325260187192305,71,,,,,,,
full,southern_california,M_RW,175,2.0,6,0.8212333987785794,80,,,,,,,
full,southern_california,M_RW,175,3.0,6,0.8029695501761431,91,,,,,,,
full,southern_california,M_RW,176,0.1,14,0.9122411930821609,9,,,,,,,
full,southern_california,M_RW,176,0.5,14,0.87120830423135,34,,,,,,,
full,southern_california,M_RW,176,1.0,7,0.8520592025240611,55,,,,,,,
full,southern_california,M_RW,176,1.5,11,0.838329025612682,70,,,,,,,
full,southern_california,M_RW,176,2.0,17,0.8271648046307812,76,,,,,,,
full,southern_california,M_RW,176,3.0,13,0.8079779963039153,90,,,,,,,
full,southern_california,M_RW,177,0.1,2,0.914899445062494,10,,,,,,,
full,southern_california,M_RW,177,0.5,3,0.868856623177411,37,,,,,,,
full,southern_california,M_RW,177,1.0,9,0.8487762719953004,57,,,,,,,
full,southern_california,M_RW,177,1.5,16,0.8336764269550454,67,,,,,,,
full,southern_california,M_RW,177,2.0,19,0.8214635057192955,78,,,,,,,
full,southern_california,M_RW,177,3.0,3,0.8000987569460312,95,,,,,,,
full,southern_california,M_RW,178,0.1,5,0.9080827275145097,9,,,,,,,
full,southern_california,M_RW,178,0.5,16,0.8652709321038085,37,,,,,,,
full,southern_california,M_RW,178,1.0,17,0.8456335416212125,55,,,,,,,
full,southern_california,M_RW,178,1.5,14,0.8315029810520529,63,,,,,,,
full,southern_california,M_RW,178,2.0,5,0.8195647695542984,75,,,,,,,
full,southern_california,M_RW,178,3.0,7,0.7992287771371933,91,,,,,,,
full,southern_california,M_RW,179,0.1,5,0.9118584280730808,7,,,,,,,
full,southern_california,M_RW,179,0.5,14,0.8622369813570188,33,,,,,,,
full,southern_california,M_RW,179,1.0,5,0.8448328969008388,53,,,,,,,
full,southern_california,M_RW,179,1.5,5,0.8314171278661205,64,,,,,,,
full,southern_california,M_RW,179,2.0,5,0.8200764817744517,76,,,,,,,
full,southern_california,M_RW,179,3.0,16,0.7998090702060671,89,,,,,,,
full,southern_california,M_RW,180,0.1,19,0.9098277172913332,8,,,,,,,
full,southern_california,M_RW,180,0.5,13,0.8688660162895182,38,,,,,,,
full,southern_california,M_RW,180,1.0,7,0.8505053636404052,52,,,,,,,
full,southern_california,M_RW,180,1.5,16,0.8375974246034474,68,,,,,,,
full,southern_california,M_RW,180,2.0,2,0.8270209281078711,81,,,,,,,
full,southern_california,M_RW,180,3.0,11,0.8095972243825961,98,,,,,,,
full,southern_california,M_RW,181,0.1,19,0.9124030156259255,10,,,,,,,
full,southern_california,M_RW,181,0.5,9,0.8693777694426649,39,,,,,,,
full,southern_california,M_RW,181,1.0,6,0.8522270193359,57,,,,,,,
full,southern_california,M_RW,181,1.5,12,0.8391513826680251,71,,,,,,,
full,southern_california,M_RW,181,2.0,10,0.8280069272068217,79,,,,,,,
full,southern_california,M_RW,181,3.0,7,0.8092521346438587,97,,,,,,,
full,southern_california,M_RW,182,0.1,9,0.9119678408630029,11,,,,,,,
full,southern_california,M_RW,182,0.5,11,0.8624575276488711,38,,,,,,,
full,southern_california,M_RW,182,1.0,4,0.8437653492479821,53,,,,,,,
full,southern_california,M_RW,182,1.5,3,0.8301927619136952,63,,,,,,,
full,southern_california,M_RW,182,2.0,7,0.819505869314364,76,,,,,,,
full,southern_california,M_RW,182,3.0,18,0.8008840216163117,89,,,,,,,
full,southern_california,M_RW,183,0.1,2,0.9084868557682784,6,,,,,,,
full,southern_california,M_RW,183,0.5,12,0.8661974249201436,35,,,,,,,
full,southern_california,M_RW,183,1.0,4,0.8479076766200875,52,,,,,,,
full,southern_california,M_RW,183,1.5,6,0.834791548356501,65,,,,,,,
full,southern_california,M_RW,183,2.0,7,0.8235483505864785,75,,,,,,,
full,southern_california,M_RW,183,3.0,3,0.8036129482321003,94,,,,,,,
full,southern_california,M_RW,184,0.1,6,0.909423932784503,8,,,,,,,
full,southern_california,M_RW,184,0.5,18,0.8634490605684262,30,,,,,,,
full,southern_california,M_RW,184,1.0,12345,0.8442451203070169,52,,,,,,,
full,southern_california,M_RW,184,1.5,3,0.8307085831851108,66,,,,,,,
full,southern_california,M_RW,184,2.0,3,0.8190152281310557,78,,,,,,,
full,southern_california,M_RW,184,3.0,3,0.7999304685962144,93,,,,,,,
full,southern_california,M_RW,185,0.1,11,0.9101627862455973,7,,,,,,,
full,southern_california,M_RW,185,0.5,17,0.8676419221238477,34,,,,,,,
full,southern_california,M_RW,185,1.0,4,0.8490370284754554,52,,,,,,,
full,southern_california,M_RW,185,1.5,4,0.8341882685726998,66,,,,,,,
full,southern_california,M_RW,185,2.0,6,0.8215629932812863,75,,,,,,,
full,southern_california,M_RW,185,3.0,5,0.8008719304520929,92,,,,,,,
full,southern_california,M_RW,186,0.1,16,0.9085940172597085,7,,,,,,,
full,southern_california,M_RW,186,0.5,2,0.8694220499795708,37,,,,,,,
full,southern_california,M_RW,186,1.0,14,0.8516807306905047,54,,,,,,,
full,southern_california,M_RW,186,1.5,14,0.838363230587749,67,,,,,,,
full,southern_california,M_RW,186,2.0,16,0.8266162339254183,73,,,,,,,
full,southern_california,M_RW,186,3.0,5,0.8069065469275511,95,,,,,,,
full,southern_california,M_RW,187,0.1,15,0.9118283128818288,7,,,,,,,
full,southern_california,M_RW,187,0.5,1,0.8702184826455973,32,,,,,,,
full,southern_california,M_RW,187,1.0,19,0.8524278346063215,56,,,,,,,
full,southern_california,M_RW,187,1.5,9,0.8396412618330225,70,,,,,,,
full,southern_california,M_RW,187,2.0,17,0.8286831970492985,81,,,,,,,
full,southern_california,M_RW,187,3.0,10,0.8098405512077067,93,,,,,,,
full,southern_california,M_RW,188,0.1,1,0.9109315186941398,9,,,,,,,
full,southern_california,M_RW,188,0.5,15,0.8708259441940784,38,,,,,,,
full,southern_california,M_RW,188,1.0,18,0.85337958942858,56,,,,,,,
full,southern_california,M_RW,188,1.5,16,0.8405698275063952,72,,,,,,,
full,southern_california,M_RW,188,2.0,12,0.8294335121162404,80,,,,,,,
full,southern_california,M_RW,188,3.0,6,0.8099918894490769,97,,,,,,,
full,southern_california,M_RW,189,0.1,15,0.9089956336667713,10,,,,,,,
full,southern_california,M_RW,189,0.5,10,0.8611546881568599,34,,,,,,,
full,southern_california,M_RW,189,1.0,6,0.8431347593054551,55,,,,,,,
full,southern_california,M_RW,189,1.5,12345,0.8296251947979809,66,,,,,,,
full,southern_california,M_RW,189,2.0,10,0.818673955689913,76,,,,,,,
full,southern_california,M_RW,189,3.0,9,0.7988979826104707,88,,,,,,,
full,southern_california,M_RW,190,0.1,19,0.9099434709109175,10,,,,,,,
full,southern_california,M_RW,190,0.5,10,0.8633362074546156,38,,,,,,,
full,southern_california,M_RW,190,1.0,6,0.8446488762600672,53,,,,,,,
full,southern_california,M_RW,190,1.5,17,0.8311426553227547,70,,,,,,,
full,southern_california,M_RW,190,2.0,19,0.8193979537977171,79,,,,,,,
full,southern_california,M_RW,190,3.0,12345,0.7995480140143806,95,,,,,,,
full,southern_california,M_RW,191,0.1,6,0.9105502179328331,8,,,,,,,
full,southern_california,M_RW,191,0.5,14,0.8686478014284245,39,,,,,,,
full,southern_california,M_RW,191,1.0,11,0.8510942209117025,58,,,,,,,
full,southern_california,M_RW,191,1.5,13,0.8379071825053698,76,,,,,,,
full,southern_california,M_RW,191,2.0,16,0.82654699893941,83,,,,,,,
full,southern_california,M_RW,191,3.0,19,0.8084816634205847,104,,,,,,,
full,southern_california,M_RW,192,0.1,19,0.9088037171676182,10,,,,,,,
full,southern_california,M_RW,192,0.5,12345,0.8688136360360321,35,,,,,,,
full,southern_california,M_RW,192,1.0,12345,0.8511035068264907,53,,,,,,,
full,southern_california,M_RW,192,1.5,12345,0.8382776338685797,62,,,,,,,
full,southern_california,M_RW,192,2.0,15,0.826874757544227,74,,,,,,,
full,southern_california,M_RW,192,3.0,6,0.8075010178584545,89,,,,,,,
full,southern_california,M_RW,193,0.1,12,0.9093861000141358,10,,,,,,,
full,southern_california,M_RW,193,0.5,8,0.8608240528678771,40,,,,,,,
full,southern_california,M_RW,193,1.0,4,0.8421534318496431,58,,,,,,,
full,southern_california,M_RW,193,1.5,3,0.828017725957225,70,,,,,,,
full,southern_california,M_RW,193,2.0,2,0.8159762617007927,76,,,,,,,
full,southern_california,M_RW,193,3.0,3,0.7948606895285515,94,,,,,,,
full,southern_california,M_RW,194,0.1,6,0.9080742893017172,9,,,,,,,
full,southern_california,M_RW,194,0.5,13,0.8715243856561518,34,,,,,,,
full,southern_california,M_RW,194,1.0,5,0.8557101038537362,54,,,,,,,
full,southern_california,M_RW,194,1.5,8,0.8429515910190797,70,,,,,,,
full,southern_california,M_RW,194,2.0,19,0.832513958231578,82,,,,,,,
full,southern_california,M_RW,194,3.0,4,0.8152571999267902,95,,,,,,,
full,southern_california,M_RW,195,0.1,9,0.9097151646483373,8,,,,,,,
full,southern_california,M_RW,195,0.5,15,0.8654667951441825,34,,,,,,,
full,southern_california,M_RW,195,1.0,15,0.8467832600868179,52,,,,,,,
full,southern_california,M_RW,195,1.5,17,0.8339050807670462,67,,,,,,,
full,southern_california,M_RW,195,2.0,5,0.822540840578267,74,,,,,,,
full,southern_california,M_RW,195,3.0,16,0.8031077194546057,92,,,,,,,
full,southern_california,M_RW,196,0.1,15,0.9125577260598058,11,,,,,,,
full,southern_california,M_RW,196,0.5,19,0.8684294791416185,42,,,,,,,
full,southern_california,M_RW,196,1.0,11,0.8508085895617586,58,,,,,,,
full,southern_california,M_RW,196,1.5,10,0.837357476511117,70,,,,,,,
full,southern_california,M_RW,196,2.0,13,0.826151752001924,80,,,,,,,
full,southern_california,M_RW,196,3.0,11,0.8070410682741612,99,,,,,,,
full,southern_california,M_RW,197,0.1,12345,0.9107612461688407,9,,,,,,,
full,southern_california,M_RW,197,0.5,12,0.8681527618739783,35,,,,,,,
full,southern_california,M_RW,197,1.0,18,0.8506350289549776,52,,,,,,,
full,southern_california,M_RW,197,1.5,5,0.8378962131496028,58,,,,,,,
full,southern_california,M_RW,197,2.0,18,0.826516097962481,70,,,,,,,
full,southern_california,M_RW,197,3.0,13,0.807682314954707,86,,,,,,,
full,southern_california,M_RW,198,0.1,15,0.909267112646558,9,,,,,,,
full,southern_california,M_RW,198,0.5,13,0.857674332076231,33,,,,,,,
full,southern_california,M_RW,198,1.0,6,0.8365193864766127,50,,,,,,,
full,southern_california,M_RW,198,1.5,19,0.8207404033956046,62,,,,,,,
full,southern_california,M_RW,198,2.0,9,0.8077378808792217,71,,,,,,,
full,southern_california,M_RW,198,3.0,18,0.7860422283691592,82,,,,,,,
full,southern_california,M_RW,199,0.1,1,0.9098946932093351,10,,,,,,,
full,southern_california,M_RW,199,0.5,17,0.8653702069335926,36,,,,,,,
full,southern_california,M_RW,199,1.0,14,0.8471912520189918,52,,,,,,,
full,southern_california,M_RW,199,1.5,19,0.8327761985101808,59,,,,,,,
full,southern_california,M_RW,199,2.0,14,0.8195319101799798,70,,,,,,,
full,southern_california,M_RW,199,3.0,16,0.7987907400012411,82,,,,,,,
holdout,shanxi,observed,-1,0.1,15,0.9637580649950594,8,,0.8611111111111112,0.8387096774193549,36.0,31.0,31.0,26.0
holdout,shanxi,observed,-1,0.5,10,0.9280360310226557,19,,0.8055555555555556,0.7741935483870968,36.0,31.0,29.0,24.0
holdout,shanxi,observed,-1,1.0,8,0.8965776926066259,27,,0.8055555555555556,0.7741935483870968,36.0,31.0,29.0,24.0
holdout,shanxi,observed,-1,1.5,12345,0.8710579699712224,33,,0.8055555555555556,0.7741935483870968,36.0,31.0,29.0,24.0
holdout,shanxi,observed,-1,2.0,12345,0.8476654501137951,35,,0.8055555555555556,0.7741935483870968,36.0,31.0,29.0,24.0
holdout,shanxi,observed,-1,3.0,19,0.8102716722187027,42,,0.8055555555555556,0.7741935483870968,36.0,31.0,29.0,24.0
holdout,shanxi,M_RW,0,0.1,9,0.909150769751406,6,40.0,1.0,1.0,36.0,31.0,36.0,31.0
holdout,shanxi,M_RW,0,0.5,14,0.8277871816290215,23,40.0,0.7777777777777778,0.7419354838709677,36.0,31.0,28.0,23.0
holdout,shanxi,M_RW,0,1.0,18,0.8023211745526436,31,40.0,0.75,0.7096774193548387,36.0,31.0,27.0,22.0
holdout,shanxi,M_RW,0,1.5,14,0.7828093731609376,40,40.0,0.75,0.7096774193548387,36.0,31.0,27.0,22.0
holdout,shanxi,M_RW,0,2.0,12345,0.764872363251716,42,40.0,0.75,0.7096774193548387,36.0,31.0,27.0,22.0
holdout,shanxi,M_RW,0,3.0,18,0.7341517906910395,51,40.0,0.75,0.7096774193548387,36.0,31.0,27.0,22.0
holdout,shanxi,M_RW,1,0.1,4,0.9055156552045664,4,40.0,0.8888888888888888,0.8709677419354839,36.0,31.0,32.0,27.0
holdout,shanxi,M_RW,1,0.5,8,0.8401780562840206,24,40.0,0.6666666666666666,0.6129032258064516,36.0,31.0,24.0,19.0
holdout,shanxi,M_RW,1,1.0,5,0.8165949817969012,33,40.0,0.6666666666666666,0.6129032258064516,36.0,31.0,24.0,19.0
holdout,shanxi,M_RW,1,1.5,14,0.7986609985397899,41,40.0,0.6666666666666666,0.6129032258064516,36.0,31.0,24.0,19.0
holdout,shanxi,M_RW,1,2.0,15,0.782386960737752,46,40.0,0.6666666666666666,0.6129032258064516,36.0,31.0,24.0,19.0
holdout,shanxi,M_RW,1,3.0,14,0.7537254036263266,53,40.0,0.6666666666666666,0.6129032258064516,36.0,31.0,24.0,19.0
holdout,shanxi,M_RW,2,0.1,5,0.9087494599592624,7,40.0,0.9722222222222222,0.967741935483871,36.0,31.0,35.0,30.0
holdout,shanxi,M_RW,2,0.5,8,0.8329421830180217,22,40.0,0.6666666666666666,0.6129032258064516,36.0,31.0,24.0,19.0
holdout,shanxi,M_RW,2,1.0,1,0.8071240935116437,32,40.0,0.6388888888888888,0.5806451612903226,36.0,31.0,23.0,18.0
holdout,shanxi,M_RW,2,1.5,11,0.7881947842645141,36,40.0,0.6388888888888888,0.5806451612903226,36.0,31.0,23.0,18.0
holdout,shanxi,M_RW,2,2.0,12345,0.7713383977844107,44,40.0,0.6388888888888888,0.5806451612903226,36.0,31.0,23.0,18.0
holdout,shanxi,M_RW,2,3.0,1,0.7434844483368298,52,40.0,0.6388888888888888,0.5806451612903226,36.0,31.0,23.0,18.0
holdout,shanxi,M_RW,3,0.1,18,0.9073540400837071,5,40.0,1.0,1.0,36.0,31.0,36.0,31.0
holdout,shanxi,M_RW,3,0.5,3,0.8390638287952258,22,40.0,0.75,0.7096774193548387,36.0,31.0,27.0,22.0
holdout,shanxi,M_RW,3,1.0,10,0.814385141907555,33,40.0,0.75,0.7096774193548387,36.0,31.0,27.0,22.0
holdout,shanxi,M_RW,3,1.5,16,0.7958451913118381,40,40.0,0.6666666666666666,0.6129032258064516,36.0,31.0,24.0,19.0
holdout,shanxi,M_RW,3,2.0,17,0.7793800001454808,46,40.0,0.6666666666666666,0.6129032258064516,36.0,31.0,24.0,19.0
holdout,shanxi,M_RW,3,3.0,14,0.7507192279356707,53,40.0,0.6666666666666666,0.6129032258064516,36.0,31.0,24.0,19.0
holdout,shanxi,M_RW,4,0.1,9,0.9050349479494202,4,40.0,1.0,1.0,36.0,31.0,36.0,31.0
holdout,shanxi,M_RW,4,0.5,10,0.8332488613324988,20,40.0,0.6388888888888888,0.5806451612903226,36.0,31.0,23.0,18.0
holdout,shanxi,M_RW,4,1.0,9,0.8086243244659573,30,40.0,0.6388888888888888,0.5806451612903226,36.0,31.0,23.0,18.0
holdout,shanxi,M_RW,4,1.5,18,0.7891311157895832,38,40.0,0.6388888888888888,0.5806451612903226,36.0,31.0,23.0,18.0
holdout,shanxi,M_RW,4,2.0,16,0.7729230747686503,42,40.0,0.6388888888888888,0.5806451612903226,36.0,31.0,23.0,18.0
holdout,shanxi,M_RW,4,3.0,1,0.7434183346834118,48,40.0,0.6388888888888888,0.5806451612903226,36.0,31.0,23.0,18.0
holdout,shanxi,M_RW,5,0.1,12345,0.9058949007548757,3,40.0,0.9722222222222222,0.967741935483871,36.0,31.0,35.0,30.0
holdout,shanxi,M_RW,5,0.5,4,0.8365968893071408,22,40.0,0.6388888888888888,0.5806451612903226,36.0,31.0,23.0,18.0
holdout,shanxi,M_RW,5,1.0,9,0.8124214158930684,32,40.0,0.6388888888888888,0.5806451612903226,36.0,31.0,23.0,18.0
holdout,shanxi,M_RW,5,1.5,18,0.7912039289891922,33,40.0,0.6388888888888888,0.5806451612903226,36.0,31.0,23.0,18.0
holdout,shanxi,M_RW,5,2.0,18,0.7719616683889557,39,40.0,0.6388888888888888,0.5806451612903226,36.0,31.0,23.0,18.0
holdout,shanxi,M_RW,5,3.0,1,0.7371208213976912,47,40.0,0.6388888888888888,0.5806451612903226,36.0,31.0,23.0,18.0
holdout,shanxi,M_RW,6,0.1,10,0.9030113912715505,3,40.0,1.0,1.0,36.0,31.0,36.0,31.0
holdout,shanxi,M_RW,6,0.5,5,0.836147995595236,20,40.0,0.6388888888888888,0.5806451612903226,36.0,31.0,23.0,18.0
holdout,shanxi,M_RW,6,1.0,6,0.8041576522355305,32,40.0,0.6388888888888888,0.5806451612903226,36.0,31.0,23.0,18.0
holdout,shanxi,M_RW,6,1.5,17,0.7823099971736809,37,40.0,0.6388888888888888,0.5806451612903226,36.0,31.0,23.0,18.0
holdout,shanxi,M_RW,6,2.0,5,0.7630971429211483,40,40.0,0.6388888888888888,0.5806451612903226,36.0,31.0,23.0,18.0
holdout,shanxi,M_RW,6,3.0,14,0.7300582681733302,48,40.0,0.6388888888888888,0.5806451612903226,36.0,31.0,23.0,18.0
holdout,shanxi,M_RW,7,0.1,13,0.9049585775536667,3,40.0,0.9444444444444444,0.9354838709677419,36.0,31.0,34.0,29.0
holdout,shanxi,M_RW,7,0.5,18,0.8269873306711234,20,40.0,0.6666666666666666,0.6129032258064516,36.0,31.0,24.0,19.0
holdout,shanxi,M_RW,7,1.0,13,0.7997272439376023,27,40.0,0.6666666666666666,0.6129032258064516,36.0,31.0,24.0,19.0
holdout,shanxi,M_RW,7,1.5,10,0.7778490600488688,34,40.0,0.6666666666666666,0.6129032258064516,36.0,31.0,24.0,19.0
holdout,shanxi,M_RW,7,2.0,10,0.7577929756505498,35,40.0,0.6666666666666666,0.6129032258064516,36.0,31.0,24.0,19.0
holdout,shanxi,M_RW,7,3.0,10,0.7223853611063349,45,40.0,0.6666666666666666,0.6129032258064516,36.0,31.0,24.0,19.0
holdout,shanxi,M_RW,8,0.1,15,0.901614141564874,3,40.0,0.8888888888888888,0.8709677419354839,36.0,31.0,32.0,27.0
holdout,shanxi,M_RW,8,0.5,5,0.8361932302371441,19,40.0,0.6388888888888888,0.5806451612903226,36.0,31.0,23.0,18.0
holdout,shanxi,M_RW,8,1.0,16,0.8094677475435053,28,40.0,0.6388888888888888,0.5806451612903226,36.0,31.0,23.0,18.0
holdout,shanxi,M_RW,8,1.5,14,0.7897655048119193,39,40.0,0.6388888888888888,0.5806451612903226,36.0,31.0,23.0,18.0
holdout,shanxi,M_RW,8,2.0,4,0.7736509688498736,42,40.0,0.6388888888888888,0.5806451612903226,36.0,31.0,23.0,18.0
holdout,shanxi,M_RW,8,3.0,15,0.7436748341995029,49,40.0,0.6388888888888888,0.5806451612903226,36.0,31.0,23.0,18.0
holdout,shanxi,M_RW,9,0.1,12345,0.9044934593612686,4,40.0,0.9722222222222222,0.967741935483871,36.0,31.0,35.0,30.0
holdout,shanxi,M_RW,9,0.5,2,0.8391017079600657,21,40.0,0.6388888888888888,0.5806451612903226,36.0,31.0,23.0,18.0
holdout,shanxi,M_RW,9,1.0,2,0.8116056927084053,30,40.0,0.6388888888888888,0.5806451612903226,36.0,31.0,23.0,18.0
holdout,shanxi,M_RW,9,1.5,19,0.7903014019862145,34,40.0,0.6388888888888888,0.5806451612903226,36.0,31.0,23.0,18.0
holdout,shanxi,M_RW,9,2.0,10,0.7727388306393917,41,40.0,0.6388888888888888,0.5806451612903226,36.0,31.0,23.0,18.0
holdout,shanxi,M_RW,9,3.0,4,0.74180136785687,50,40.0,0.6388888888888888,0.5806451612903226,36.0,31.0,23.0,18.0
holdout,shanxi,M_RW,10,0.1,16,0.9044066568474153,3,40.0,0.9722222222222222,0.967741935483871,36.0,31.0,35.0,30.0
holdout,shanxi,M_RW,10,0.5,2,0.8406110258503943,23,40.0,0.7777777777777778,0.7419354838709677,36.0,31.0,28.0,23.0
holdout,shanxi,M_RW,10,1.0,7,0.8140248961075799,31,40.0,0.7777777777777778,0.7419354838709677,36.0,31.0,28.0,23.0
holdout,shanxi,M_RW,10,1.5,5,0.7939273439777343,38,40.0,0.7777777777777778,0.7419354838709677,36.0,31.0,28.0,23.0
holdout,shanxi,M_RW,10,2.0,17,0.7756035958758305,41,40.0,0.7777777777777778,0.7419354838709677,36.0,31.0,28.0,23.0
holdout,shanxi,M_RW,10,3.0,11,0.7431407828452136,50,40.0,0.7777777777777778,0.7419354838709677,36.0,31.0,28.0,23.0
holdout,shanxi,M_RW,11,0.1,2,0.9061997768286709,4,40.0,1.0,1.0,36.0,31.0,36.0,31.0
holdout,shanxi,M_RW,11,0.5,8,0.8315421360920803,21,40.0,0.6666666666666666,0.6129032258064516,36.0,31.0,24.0,19.0
holdout,shanxi,M_RW,11,1.0,16,0.8053575026808991,30,40.0,0.6388888888888888,0.5806451612903226,36.0,31.0,23.0,18.0
holdout,shanxi,M_RW,11,1.5,9,0.7840156852305592,38,40.0,0.6388888888888888,0.5806451612903226,36.0,31.0,23.0,18.0
holdout,shanxi,M_RW,11,2.0,2,0.7663109629188547,41,40.0,0.6388888888888888,0.5806451612903226,36.0,31.0,23.0,18.0
holdout,shanxi,M_RW,11,3.0,7,0.7348485362882393,49,40.0,0.6388888888888888,0.5806451612903226,36.0,31.0,23.0,18.0
holdout,shanxi,M_RW,12,0.1,16,0.9058473797772884,3,40.0,0.9166666666666666,0.9032258064516129,36.0,31.0,33.0,28.0
holdout,shanxi,M_RW,12,0.5,9,0.8393969205008536,21,40.0,0.6666666666666666,0.6129032258064516,36.0,31.0,24.0,19.0
holdout,shanxi,M_RW,12,1.0,8,0.812388809255752,31,40.0,0.6388888888888888,0.5806451612903226,36.0,31.0,23.0,18.0
holdout,shanxi,M_RW,12,1.5,8,0.7917348547761937,38,40.0,0.6388888888888888,0.5806451612903226,36.0,31.0,23.0,18.0
holdout,shanxi,M_RW,12,2.0,19,0.7732723117123197,43,40.0,0.6388888888888888,0.5806451612903226,36.0,31.0,23.0,18.0
holdout,shanxi,M_RW,12,3.0,2,0.7426645122073332,47,40.0,0.6388888888888888,0.5806451612903226,36.0,31.0,23.0,18.0
holdout,shanxi,M_RW,13,0.1,1,0.9107034273402812,8,40.0,1.0,1.0,36.0,31.0,36.0,31.0
holdout,shanxi,M_RW,13,0.5,9,0.835130818848608,26,40.0,0.6388888888888888,0.5806451612903226,36.0,31.0,23.0,18.0
holdout,shanxi,M_RW,13,1.0,5,0.8092895535846847,31,40.0,0.6388888888888888,0.5806451612903226,36.0,31.0,23.0,18.0
holdout,shanxi,M_RW,13,1.5,11,0.7896255397182391,41,40.0,0.6388888888888888,0.5806451612903226,36.0,31.0,23.0,18.0
holdout,shanxi,M_RW,13,2.0,19,0.7731544676884763,43,40.0,0.6388888888888888,0.5806451612903226,36.0,31.0,23.0,18.0
holdout,shanxi,M_RW,13,3.0,10,0.7438272421131076,53,40.0,0.6388888888888888,0.5806451612903226,36.0,31.0,23.0,18.0
holdout,shanxi,M_RW,14,0.1,1,0.9037490703923698,3,40.0,1.0,1.0,36.0,31.0,36.0,31.0
holdout,shanxi,M_RW,14,0.5,14,0.8214994971419364,21,40.0,0.7777777777777778,0.7419354838709677,36.0,31.0,28.0,23.0
holdout,shanxi,M_RW,14,1.0,19,0.7918992728019197,29,40.0,0.7222222222222222,0.6774193548387096,36.0,31.0,26.0,21.0
holdout,shanxi,M_RW,14,1.5,13,0.7682549748263863,34,40.0,0.7222222222222222,0.6774193548387096,36.0,31.0,26.0,21.0
holdout,shanxi,M_RW,14,2.0,9,0.7484015287547227,37,40.0,0.7222222222222222,0.6774193548387096,36.0,31.0,26.0,21.0
holdout,shanxi,M_RW,14,3.0,14,0.7105546105207947,46,40.0,0.6388888888888888,0.5806451612903226,36.0,31.0,23.0,18.0
holdout,shanxi,M_RW,15,0.1,2,0.9082584821991935,6,40.0,0.9722222222222222,0.967741935483871,36.0,31.0,35.0,30.0
holdout,shanxi,M_RW,15,0.5,19,0.839340113001915,23,40.0,0.6388888888888888,0.5806451612903226,36.0,31.0,23.0,18.0
holdout,shanxi,M_RW,15,1.0,17,0.8142917283086291,33,40.0,0.6388888888888888,0.5806451612903226,36.0,31.0,23.0,18.0
holdout,shanxi,M_RW,15,1.5,8,0.794477305554538,39,40.0,0.6388888888888888,0.5806451612903226,36.0,31.0,23.0,18.0
holdout,shanxi,M_RW,15,2.0,12,0.7763159120473407,43,40.0,0.6388888888888888,0.5806451612903226,36.0,31.0,23.0,18.0
holdout,shanxi,M_RW,15,3.0,6,0.7447916331093537,49,40.0,0.6388888888888888,0.5806451612903226,36.0,31.0,23.0,18.0
holdout,shanxi,M_RW,16,0.1,16,0.9051684704534727,3,40.0,1.0,1.0,36.0,31.0,36.0,31.0
holdout,shanxi,M_RW,16,0.5,6,0.8373082764542273,22,40.0,0.6944444444444444,0.6451612903225806,36.0,31.0,25.0,20.0
holdout,shanxi,M_RW,16,1.0,13,0.812226965632672,32,40.0,0.6944444444444444,0.6451612903225806,36.0,31.0,25.0,20.0
holdout,shanxi,M_RW,16,1.5,19,0.793455839781033,38,40.0,0.6388888888888888,0.5806451612903226,36.0,31.0,23.0,18.0
holdout,shanxi,M_RW,16,2.0,19,0.7776911858744721,45,40.0,0.6388888888888888,0.5806451612903226,36.0,31.0,23.0,18.0
holdout,shanxi,M_RW,16,3.0,17,0.7484244859661644,51,40.0,0.6388888888888888,0.5806451612903226,36.0,31.0,23.0,18.0
holdout,shanxi,M_RW,17,0.1,12345,0.9013045158860024,2,40.0,0.9722222222222222,0.967741935483871,36.0,31.0,35.0,30.0
holdout,shanxi,M_RW,17,0.5,19,0.8327076725758148,23,40.0,0.6666666666666666,0.6129032258064516,36.0,31.0,24.0,19.0
holdout,shanxi,M_RW,17,1.0,15,0.805138793344204,28,40.0,0.6666666666666666,0.6129032258064516,36.0,31.0,24.0,19.0
holdout,shanxi,M_RW,17,1.5,11,0.7842365412870449,36,40.0,0.6666666666666666,0.6129032258064516,36.0,31.0,24.0,19.0
holdout,shanxi,M_RW,17,2.0,7,0.7654006453170366,39,40.0,0.6666666666666666,0.6129032258064516,36.0,31.0,24.0,19.0
holdout,shanxi,M_RW,17,3.0,12,0.7334970135689918,48,40.0,0.6666666666666666,0.6129032258064516,36.0,31.0,24.0,19.0
holdout,shanxi,M_RW,18,0.1,4,0.9066358915938565,4,40.0,0.9722222222222222,0.967741935483871,36.0,31.0,35.0,30.0
holdout,shanxi,M_RW,18,0.5,3,0.8291287717494711,19,40.0,0.6388888888888888,0.5806451612903226,36.0,31.0,23.0,18.0
holdout,shanxi,M_RW,18,1.0,4,0.799755293266569,26,40.0,0.6388888888888888,0.5806451612903226,36.0,31.0,23.0,18.0
holdout,shanxi,M_RW,18,1.5,3,0.7774176932868945,32,40.0,0.6388888888888888,0.5806451612903226,36.0,31.0,23.0,18.0
holdout,shanxi,M_RW,18,2.0,1,0.7583874631438589,39,40.0,0.6388888888888888,0.5806451612903226,36.0,31.0,23.0,18.0
holdout,shanxi,M_RW,18,3.0,19,0.7243799521768275,43,40.0,0.6388888888888888,0.5806451612903226,36.0,31.0,23.0,18.0
holdout,shanxi,M_RW,19,0.1,4,0.9097153931062518,5,40.0,0.8888888888888888,0.8709677419354839,36.0,31.0,32.0,27.0
holdout,shanxi,M_RW,19,0.5,13,0.827589227662088,20,40.0,0.6388888888888888,0.5806451612903226,36.0,31.0,23.0,18.0
holdout,shanxi,M_RW,19,1.0,18,0.798033022154715,26,40.0,0.6388888888888888,0.5806451612903226,36.0,31.0,23.0,18.0
holdout,shanxi,M_RW,19,1.5,19,0.775482744759674,34,40.0,0.6388888888888888,0.5806451612903226,36.0,31.0,23.0,18.0
holdout,shanxi,M_RW,19,2.0,3,0.7564961891878087,38,40.0,0.6388888888888888,0.5806451612903226,36.0,31.0,23.0,18.0
holdout,shanxi,M_RW,19,3.0,19,0.7228357041983282,42,40.0,0.6388888888888888,0.5806451612903226,36.0,31.0,23.0,18.0
holdout,shanxi,M_RW,20,0.1,15,0.9079233848995096,5,40.0,0.75,0.7096774193548387,36.0,31.0,27.0,22.0
holdout,shanxi,M_RW,20,0.5,14,0.8372588772114722,22,40.0,0.6666666666666666,0.6129032258064516,36.0,31.0,24.0,19.0
holdout,shanxi,M_RW,20,1.0,16,0.8117444120891559,30,40.0,0.6666666666666666,0.6129032258064516,36.0,31.0,24.0,19.0
holdout,shanxi,M_RW,20,1.5,5,0.7917316234896508,38,40.0,0.6388888888888888,0.5806451612903226,36.0,31.0,23.0,18.0
holdout,shanxi,M_RW,20,2.0,16,0.7740454619083652,44,40.0,0.6388888888888888,0.5806451612903226,36.0,31.0,23.0,18.0
holdout,shanxi,M_RW,20,3.0,16,0.7453616186048798,54,40.0,0.6388888888888888,0.5806451612903226,36.0,31.0,23.0,18.0
holdout,shanxi,M_RW,21,0.1,12345,0.9070163461535508,4,40.0,0.8333333333333334,0.8064516129032258,36.0,31.0,30.0,25.0
holdout,shanxi,M_RW,21,0.5,7,0.8356587938075265,22,40.0,0.6666666666666666,0.6129032258064516,36.0,31.0,24.0,19.0
holdout,shanxi,M_RW,21,1.0,8,0.811616335905652,29,40.0,0.6388888888888888,0.5806451612903226,36.0,31.0,23.0,18.0
holdout,shanxi,M_RW,21,1.5,2,0.7920516686454515,40,40.0,0.6388888888888888,0.5806451612903226,36.0,31.0,23.0,18.0
holdout,shanxi,M_RW,21,2.0,5,0.7760461625161772,42,40.0,0.6388888888888888,0.5806451612903226,36.0,31.0,23.0,18.0
holdout,shanxi,M_RW,21,3.0,5,0.7458865173142234,47,40.0,0.6388888888888888,0.5806451612903226,36.0,31.0,23.0,18.0
holdout,shanxi,M_RW,22,0.1,1,0.9037162867476339,2,40.0,0.8611111111111112,0.8387096774193549,36.0,31.0,31.0,26.0
holdout,shanxi,M_RW,22,0.5,19,0.8354055943122275,21,40.0,0.6388888888888888,0.5806451612903226,36.0,31.0,23.0,18.0
holdout,shanxi,M_RW,22,1.0,2,0.8107655335892667,30,40.0,0.6388888888888888,0.5806451612903226,36.0,31.0,23.0,18.0
holdout,shanxi,M_RW,22,1.5,1,0.7912669059852071,36,40.0,0.6388888888888888,0.5806451612903226,36.0,31.0,23.0,18.0
holdout,shanxi,M_RW,22,2.0,11,0.7737342195747601,40,40.0,0.6388888888888888,0.5806451612903226,36.0,31.0,23.0,18.0
holdout,shanxi,M_RW,22,3.0,7,0.7431857383714191,50,40.0,0.6666666666666666,0.6129032258064516,36.0,31.0,24.0,19.0
holdout,shanxi,M_RW,23,0.1,11,0.9063340244400863,4,40.0,1.0,1.0,36.0,31.0,36.0,31.0
holdout,shanxi,M_RW,23,0.5,3,0.8271922049484415,21,40.0,0.75,0.7096774193548387,36.0,31.0,27.0,22.0
holdout,shanxi,M_RW,23,1.0,4,0.7955760628631835,30,40.0,0.7222222222222222,0.6774193548387096,36.0,31.0,26.0,21.0
holdout,shanxi,M_RW,23,1.5,9,0.7721640357105941,34,40.0,0.7222222222222222,0.6774193548387096,36.0,31.0,26.0,21.0
holdout,shanxi,M_RW,23,2.0,8,0.7510976924005389,39,40.0,0.7222222222222222,0.6774193548387096,36.0,31.0,26.0,21.0
holdout,shanxi,M_RW,23,3.0,16,0.7133927384009051,44,40.0,0.7222222222222222,0.6774193548387096,36.0,31.0,26.0,21.0
holdout,shanxi,M_RW,24,0.1,15,0.9129379213327431,6,40.0,0.9444444444444444,0.9354838709677419,36.0,31.0,34.0,29.0
holdout,shanxi,M_RW,24,0.5,13,0.8406502152150547,20,40.0,0.6666666666666666,0.6129032258064516,36.0,31.0,24.0,19.0
holdout,shanxi,M_RW,24,1.0,4,0.8144485278173316,33,40.0,0.6666666666666666,0.6129032258064516,36.0,31.0,24.0,19.0
holdout,shanxi,M_RW,24,1.5,15,0.7947580218166266,42,40.0,0.6666666666666666,0.6129032258064516,36.0,31.0,24.0,19.0
holdout,shanxi,M_RW,24,2.0,9,0.7773688772371046,48,40.0,0.6666666666666666,0.6129032258064516,36.0,31.0,24.0,19.0
holdout,shanxi,M_RW,24,3.0,12345,0.7472573357609522,55,40.0,0.6666666666666666,0.6129032258064516,36.0,31.0,24.0,19.0
holdout,shanxi,M_RW,25,0.1,2,0.9072043685835495,4,40.0,0.9722222222222222,0.967741935483871,36.0,31.0,35.0,30.0
holdout,shanxi,M_RW,25,0.5,10,0.832655487249713,21,40.0,0.7222222222222222,0.6774193548387096,36.0,31.0,26.0,21.0
holdout,shanxi,M_RW,25,1.0,19,0.8056059191650123,29,40.0,0.7222222222222222,0.6774193548387096,36.0,31.0,26.0,21.0
holdout,shanxi,M_RW,25,1.5,4,0.7851709504035863,38,40.0,0.7222222222222222,0.6774193548387096,36.0,31.0,26.0,21.0
holdout,shanxi,M_RW,25,2.0,4,0.7668540136618329,42,40.0,0.6388888888888888,0.5806451612903226,36.0,31.0,23.0,18.0
holdout,shanxi,M_RW,25,3.0,15,0.7351986903498816,51,40.0,0.6388888888888888,0.5806451612903226,36.0,31.0,23.0,18.0
holdout,shanxi,M_RW,26,0.1,12345,0.9106031651460506,7,40.0,0.8611111111111112,0.8387096774193549,36.0,31.0,31.0,26.0
holdout,shanxi,M_RW,26,0.5,12345,0.8334791586580453,21,40.0,0.6388888888888888,0.5806451612903226,36.0,31.0,23.0,18.0
holdout,shanxi,M_RW,26,1.0,15,0.811435656648712,35,40.0,0.6388888888888888,0.5806451612903226,36.0,31.0,23.0,18.0
holdout,shanxi,M_RW,26,1.5,14,0.7945775880566162,43,40.0,0.6388888888888888,0.5806451612903226,36.0,31.0,23.0,18.0
holdout,shanxi,M_RW,26,2.0,12,0.7804455478993813,51,40.0,0.6388888888888888,0.5806451612903226,36.0,31.0,23.0,18.0
holdout,shanxi,M_RW,26,3.0,19,0.7558644424377647,56,40.0,0.6388888888888888,0.5806451612903226,36.0,31.0,23.0,18.0
holdout,shanxi,M_RW,27,0.1,14,0.9118148601897719,7,40.0,0.8333333333333334,0.8064516129032258,36.0,31.0,30.0,25.0
holdout,shanxi,M_RW,27,0.5,9,0.8357233043953639,20,40.0,0.6666666666666666,0.6129032258064516,36.0,31.0,24.0,19.0
holdout,shanxi,M_RW,27,1.0,13,0.8080567558794141,34,40.0,0.6388888888888888,0.5806451612903226,36.0,31.0,23.0,18.0
holdout,shanxi,M_RW,27,1.5,18,0.7885426272417243,38,40.0,0.6388888888888888,0.5806451612903226,36.0,31.0,23.0,18.0
holdout,shanxi,M_RW,27,2.0,14,0.7707202582084333,41,40.0,0.6388888888888888,0.5806451612903226,36.0,31.0,23.0,18.0
holdout,shanxi,M_RW,27,3.0,6,0.7367962819131441,46,40.0,0.6388888888888888,0.5806451612903226,36.0,31.0,23.0,18.0
holdout,shanxi,M_RW,28,0.1,6,0.9027936397701551,3,40.0,1.0,1.0,36.0,31.0,36.0,31.0
holdout,shanxi,M_RW,28,0.5,7,0.8303712806036013,23,40.0,0.6388888888888888,0.5806451612903226,36.0,31.0,23.0,18.0
holdout,shanxi,M_RW,28,1.0,9,0.8042262510686513,34,40.0,0.6388888888888888,0.5806451612903226,36.0,31.0,23.0,18.0
holdout,shanxi,M_RW,28,1.5,12,0.7841763716876633,38,40.0,0.6388888888888888,0.5806451612903226,36.0,31.0,23.0,18.0
holdout,shanxi,M_RW,28,2.0,16,0.7678272141540526,44,40.0,0.6388888888888888,0.5806451612903226,36.0,31.0,23.0,18.0
holdout,shanxi,M_RW,28,3.0,9,0.7376160719723838,48,40.0,0.6388888888888888,0.5806451612903226,36.0,31.0,23.0,18.0
holdout,shanxi,M_RW,29,0.1,2,0.9041664630320558,3,40.0,0.7222222222222222,0.6774193548387096,36.0,31.0,26.0,21.0
holdout,shanxi,M_RW,29,0.5,1,0.8323372464336259,23,40.0,0.6388888888888888,0.5806451612903226,36.0,31.0,23.0,18.0
holdout,shanxi,M_RW,29,1.0,10,0.8049298448779191,33,40.0,0.6388888888888888,0.5806451612903226,36.0,31.0,23.0,18.0
holdout,shanxi,M_RW,29,1.5,1,0.7848937562355854,42,40.0,0.6388888888888888,0.5806451612903226,36.0,31.0,23.0,18.0
holdout,shanxi,M_RW,29,2.0,15,0.7679613106063428,46,40.0,0.6388888888888888,0.5806451612903226,36.0,31.0,23.0,18.0
holdout,shanxi,M_RW,29,3.0,8,0.7375133045500266,51,40.0,0.6388888888888888,0.5806451612903226,36.0,31.0,23.0,18.0
holdout,shanxi,M_RW,30,0.1,19,0.9041026244610905,4,,1.0,1.0,36.0,31.0,36.0,31.0
holdout,shanxi,M_RW,30,0.5,14,0.8208680537417701,21,,0.6666666666666666,0.6129032258064516,36.0,31.0,24.0,19.0
holdout,shanxi,M_RW,30,1.0,5,0.7917999561398362,29,,0.6666666666666666,0.6129032258064516,36.0,31.0,24.0,19.0
holdout,shanxi,M_RW,30,1.5,5,0.7695130473586507,37,,0.6666666666666666,0.6129032258064516,36.0,31.0,24.0,19.0
holdout,shanxi,M_RW,30,2.0,2,0.750261113743421,42,,0.6666666666666666,0.6129032258064516,36.0,31.0,24.0,19.0
holdout,shanxi,M_RW,30,3.0,15,0.716263474434413,49,,0.6388888888888888,0.5806451612903226,36.0,31.0,23.0,18.0
holdout,shanxi,M_RW,31,0.1,14,0.9049583586405561,4,,1.0,1.0,36.0,31.0,36.0,31.0
holdout,shanxi,M_RW,31,0.5,14,0.8258266082906661,19,,0.6944444444444444,0.6451612903225806,36.0,31.0,25.0,20.0
holdout,shanxi,M_RW,31,1.0,13,0.7975800297602534,29,,0.6388888888888888,0.5806451612903226,36.0,31.0,23.0,18.0
holdout,shanxi,M_RW,31,1.5,11,0.7761758759098696,35,,0.6388888888888888,0.5806451612903226,36.0,31.0,23.0,18.0
holdout,shanxi,M_RW,31,2.0,5,0.7564612020960526,37,,0.6388888888888888,0.5806451612903226,36.0,31.0,23.0,18.0
holdout,shanxi,M_RW,31,3.0,9,0.720998319365282,43,,0.6388888888888888,0.5806451612903226,36.0,31.0,23.0,18.0
holdout,shanxi,M_RW,32,0.1,1,0.9082690712345424,4,,0.7777777777777778,0.7419354838709677,36.0,31.0,28.0,23.0
holdout,shanxi,M_RW,32,0.5,5,0.8373005626774841,21,,0.6388888888888888,0.5806451612903226,36.0,31.0,23.0,18.0
holdout,shanxi,M_RW,32,1.0,8,0.8115212979131233,32,,0.6388888888888888,0.5806451612903226,36.0,31.0,23.0,18.0
holdout,shanxi,M_RW,32,1.5,18,0.792641159233989,37,,0.6388888888888888,0.5806451612903226,36.0,31.0,23.0,18.0
holdout,shanxi,M_RW,32,2.0,19,0.7753908639612537,42,,0.6388888888888888,0.5806451612903226,36.0,31.0,23.0,18.0
holdout,shanxi,M_RW,32,3.0,17,0.7444652460941221,50,,0.6388888888888888,0.5806451612903226,36.0,31.0,23.0,18.0
holdout,shanxi,M_RW,33,0.1,2,0.9025342537960687,3,,1.0,1.0,36.0,31.0,36.0,31.0
holdout,shanxi,M_RW,33,0.5,12345,0.8298485980725785,23,,0.6388888888888888,0.5806451612903226,36.0,31.0,23.0,18.0
holdout,shanxi,M_RW,33,1.0,6,0.803177280009595,29,,0.6388888888888888,0.5806451612903226,36.0,31.0,23.0,18.0
holdout,shanxi,M_RW,33,1.5,15,0.7808141153965187,37,,0.6388888888888888,0.5806451612903226,36.0,31.0,23.0,18.0
holdout,shanxi,M_RW,33,2.0,18,0.7632273057941263,42,,0.6388888888888888,0.5806451612903226,36.0,31.0,23.0,18.0
holdout,shanxi,M_RW,33,3.0,16,0.7307346681949273,52,,0.6388888888888888,0.5806451612903226,36.0,31.0,23.0,18.0
holdout,shanxi,M_RW,34,0.1,12345,0.9040239724085872,3,,0.9722222222222222,0.967741935483871,36.0,31.0,35.0,30.0
holdout,shanxi,M_RW,34,0.5,10,0.8344955040209436,21,,0.6666666666666666,0.6129032258064516,36.0,31.0,24.0,19.0
holdout,shanxi,M_RW,34,1.0,2,0.8068428101557749,27,,0.6666666666666666,0.6129032258064516,36.0,31.0,24.0,19.0
holdout,shanxi,M_RW,34,1.5,2,0.7856799567439738,38,,0.6666666666666666,0.6129032258064516,36.0,31.0,24.0,19.0
holdout,shanxi,M_RW,34,2.0,6,0.7686345567123755,44,,0.6666666666666666,0.6129032258064516,36.0,31.0,24.0,19.0
holdout,shanxi,M_RW,34,3.0,19,0.738824238915395,48,,0.6666666666666666,0.6129032258064516,36.0,31.0,24.0,19.0
holdout,shanxi,M_RW,35,0.1,12345,0.90701234625233,5,,1.0,1.0,36.0,31.0,36.0,31.0
holdout,shanxi,M_RW,35,0.5,12,0.8315712739583744,24,,0.6388888888888888,0.5806451612903226,36.0,31.0,23.0,18.0
holdout,shanxi,M_RW,35,1.0,7,0.809340225701024,35,,0.6388888888888888,0.5806451612903226,36.0,31.0,23.0,18.0
holdout,shanxi,M_RW,35,1.5,6,0.7913719774964173,40,,0.6388888888888888,0.5806451612903226,36.0,31.0,23.0,18.0
holdout,shanxi,M_RW,35,2.0,12345,0.7759106755829164,44,,0.6388888888888888,0.5806451612903226,36.0,31.0,23.0,18.0
holdout,shanxi,M_RW,35,3.0,11,0.7476945800992927,50,,0.6388888888888888,0.5806451612903226,36.0,31.0,23.0,18.0
holdout,shanxi,M_RW,36,0.1,2,0.9052870381937269,4,,0.9722222222222222,0.967741935483871,36.0,31.0,35.0,30.0
holdout,shanxi,M_RW,36,0.5,17,0.8307935222070004,20,,0.6388888888888888,0.5806451612903226,36.0,31.0,23.0,18.0
holdout,shanxi,M_RW,36,1.0,1,0.8020747235971937,30,,0.6388888888888888,0.5806451612903226,36.0,31.0,23.0,18.0
holdout,shanxi,M_RW,36,1.5,1,0.7786009168004311,36,,0.6388888888888888,0.5806451612903226,36.0,31.0,23.0,18.0
holdout,shanxi,M_RW,36,2.0,7,0.7603859997657278,45,,0.6388888888888888,0.5806451612903226,36.0,31.0,23.0,18.0
holdout,shanxi,M_RW,36,3.0,5,0.7285195785125483,49,,0.6388888888888888,0.5806451612903226,36.0,31.0,23.0,18.0
holdout,shanxi,M_RW,37,0.1,1,0.9045663715503054,4,,0.9444444444444444,0.9354838709677419,36.0,31.0,34.0,29.0
holdout,shanxi,M_RW,37,0.5,4,0.830560363560789,20,,0.6944444444444444,0.6451612903225806,36.0,31.0,25.0,20.0
holdout,shanxi,M_RW,37,1.0,13,0.8005751179063083,28,,0.6944444444444444,0.6451612903225806,36.0,31.0,25.0,20.0
holdout,shanxi,M_RW,37,1.5,13,0.7760598163050866,32,,0.6944444444444444,0.6451612903225806,36.0,31.0,25.0,20.0
holdout,shanxi,M_RW,37,2.0,1,0.7551283930000771,39,,0.6388888888888888,0.5806451612903226,36.0,31.0,23.0,18.0
holdout,shanxi,M_RW,37,3.0,18,0.7185059708664915,47,,0.6388888888888888,0.5806451612903226,36.0,31.0,23.0,18.0
holdout,shanxi,M_RW,38,0.1,12345,0.9010824626364305,3,,1.0,1.0,36.0,31.0,36.0,31.0
holdout,shanxi,M_RW,38,0.5,5,0.8405776435116339,24,,0.6388888888888888,0.5806451612903226,36.0,31.0,23.0,18.0
holdout,shanxi,M_RW,38,1.0,8,0.8169588669493275,32,,0.6388888888888888,0.5806451612903226,36.0,31.0,23.0,18.0
holdout,shanxi,M_RW,38,1.5,11,0.7978635334101857,40,,0.6388888888888888,0.5806451612903226,36.0,31.0,23.0,18.0
holdout,shanxi,M_RW,38,2.0,6,0.7810201247844628,43,,0.6388888888888888,0.5806451612903226,36.0,31.0,23.0,18.0
holdout,shanxi,M_RW,38,3.0,17,0.7508591800652508,52,,0.6388888888888888,0.5806451612903226,36.0,31.0,23.0,18.0
holdout,shanxi,M_RW,39,0.1,12,0.9041805682760735,4,,1.0,1.0,36.0,31.0,36.0,31.0
holdout,shanxi,M_RW,39,0.5,10,0.8348075949814385,22,,0.6388888888888888,0.5806451612903226,36.0,31.0,23.0,18.0
holdout,shanxi,M_RW,39,1.0,10,0.8109594682757083,31,,0.6388888888888888,0.5806451612903226,36.0,31.0,23.0,18.0
holdout,shanxi,M_RW,39,1.5,14,0.7919638895605282,42,,0.6388888888888888,0.5806451612903226,36.0,31.0,23.0,18.0
holdout,shanxi,M_RW,39,2.0,11,0.7753899701424223,45,,0.6388888888888888,0.5806451612903226,36.0,31.0,23.0,18.0
holdout,shanxi,M_RW,39,3.0,14,0.746449689305733,53,,0.6388888888888888,0.5806451612903226,36.0,31.0,23.0,18.0
holdout,shanxi,M_RW,40,0.1,1,0.9048146610814287,3,,1.0,1.0,36.0,31.0,36.0,31.0
holdout,shanxi,M_RW,40,0.5,10,0.8428879150125873,21,,0.6388888888888888,0.5806451612903226,36.0,31.0,23.0,18.0
holdout,shanxi,M_RW,40,1.0,15,0.8164184852880122,27,,0.6388888888888888,0.5806451612903226,36.0,31.0,23.0,18.0
holdout,shanxi,M_RW,40,1.5,1,0.7944432918853029,32,,0.6388888888888888,0.5806451612903226,36.0,31.0,23.0,18.0
holdout,shanxi,M_RW,40,2.0,6,0.7751447225260814,39,,0.6388888888888888,0.5806451612903226,36.0,31.0,23.0,18.0
holdout,shanxi,M_RW,40,3.0,2,0.7405505877226404,48,,0.6388888888888888,0.5806451612903226,36.0,31.0,23.0,18.0
holdout,shanxi,M_RW,41,0.1,1,0.9009998495478106,2,,0.9722222222222222,0.967741935483871,36.0,31.0,35.0,30.0
holdout,shanxi,M_RW,41,0.5,19,0.8414840496961562,21,,0.6666666666666666,0.6129032258064516,36.0,31.0,24.0,19.0
holdout,shanxi,M_RW,41,1.0,3,0.8161645347816273,32,,0.6666666666666666,0.6129032258064516,36.0,31.0,24.0,19.0
holdout,shanxi,M_RW,41,1.5,18,0.7971910220466222,37,,0.6666666666666666,0.6129032258064516,36.0,31.0,24.0,19.0
holdout,shanxi,M_RW,41,2.0,7,0.7800167472718557,42,,0.6666666666666666,0.6129032258064516,36.0,31.0,24.0,19.0
holdout,shanxi,M_RW,41,3.0,17,0.7484365013936929,50,,0.6388888888888888,0.5806451612903226,36.0,31.0,23.0,18.0
holdout,shanxi,M_RW,42,0.1,3,0.9082919405389811,3,,1.0,1.0,36.0,31.0,36.0,31.0
holdout,shanxi,M_RW,42,0.5,8,0.8341217759000651,21,,0.6666666666666666,0.6129032258064516,36.0,31.0,24.0,19.0
holdout,shanxi,M_RW,42,1.0,16,0.8092711584420081,32,,0.6666666666666666,0.6129032258064516,36.0,31.0,24.0,19.0
holdout,shanxi,M_RW,42,1.5,13,0.7900378986543417,43,,0.6666666666666666,0.6129032258064516,36.0,31.0,24.0,19.0
holdout,shanxi,M_RW,42,2.0,8,0.7749110405608637,51,,0.6388888888888888,0.5806451612903226,36.0,31.0,23.0,18.0
holdout,shanxi,M_RW,42,3.0,2,0.747220436816881,53,,0.6388888888888888,0.5806451612903226,36.0,31.0,23.0,18.0
holdout,shanxi,M_RW,43,0.1,1,0.9017040960679181,3,,1.0,1.0,36.0,31.0,36.0,31.0
holdout,shanxi,M_RW,43,0.5,11,0.8392705482256247,22,,0.7222222222222222,0.6774193548387096,36.0,31.0,26.0,21.0
holdout,shanxi,M_RW,43,1.0,10,0.811922901364369,33,,0.7222222222222222,0.6774193548387096,36.0,31.0,26.0,21.0
holdout,shanxi,M_RW,43,1.5,12345,0.7917371455588739,37,,0.7222222222222222,0.6774193548387096,36.0,31.0,26.0,21.0
holdout,shanxi,M_RW,43,2.0,16,0.7742783273535311,43,,0.7222222222222222,0.6774193548387096,36.0,31.0,26.0,21.0
holdout,shanxi,M_RW,43,3.0,1,0.7423113131795592,50,,0.7222222222222222,0.6774193548387096,36.0,31.0,26.0,21.0
holdout,shanxi,M_RW,44,0.1,2,0.9014582997064301,2,,1.0,1.0,36.0,31.0,36.0,31.0
holdout,shanxi,M_RW,44,0.5,3,0.8299294528652919,18,,0.6666666666666666,0.6129032258064516,36.0,31.0,24.0,19.0
holdout,shanxi,M_RW,44,1.0,15,0.8035114472860536,31,,0.6666666666666666,0.6129032258064516,36.0,31.0,24.0,19.0
holdout,shanxi,M_RW,44,1.5,1,0.7831899124096384,35,,0.6666666666666666,0.6129032258064516,36.0,31.0,24.0,19.0
holdout,shanxi,M_RW,44,2.0,19,0.7646975129537688,41,,0.6666666666666666,0.6129032258064516,36.0,31.0,24.0,19.0
holdout,shanxi,M_RW,44,3.0,1,0.73226595913434,48,,0.6666666666666666,0.6129032258064516,36.0,31.0,24.0,19.0
holdout,shanxi,M_RW,45,0.1,3,0.9041391992523438,3,,1.0,1.0,36.0,31.0,36.0,31.0
holdout,shanxi,M_RW,45,0.5,3,0.8215163839852911,18,,0.6666666666666666,0.6129032258064516,36.0,31.0,24.0,19.0
holdout,shanxi,M_RW,45,1.0,1,0.7923866750489041,27,,0.6388888888888888,0.5806451612903226,36.0,31.0,23.0,18.0
holdout,shanxi,M_RW,45,1.5,8,0.7701979947492951,34,,0.6388888888888888,0.5806451612903226,36.0,31.0,23.0,18.0
holdout,shanxi,M_RW,45,2.0,5,0.7505771525836699,39,,0.6388888888888888,0.5806451612903226,36.0,31.0,23.0,18.0
holdout,shanxi,M_RW,45,3.0,17,0.7140564567037451,44,,0.6388888888888888,0.5806451612903226,36.0,31.0,23.0,18.0
holdout,shanxi,M_RW,46,0.1,4,0.9048892537672278,4,,0.9444444444444444,0.9354838709677419,36.0,31.0,34.0,29.0
holdout,shanxi,M_RW,46,0.5,14,0.834706318548336,19,,0.6388888888888888,0.5806451612903226,36.0,31.0,23.0,18.0
holdout,shanxi,M_RW,46,1.0,13,0.8055638752215202,26,,0.6388888888888888,0.5806451612903226,36.0,31.0,23.0,18.0
holdout,shanxi,M_RW,46,1.5,2,0.7822759160213049,36,,0.6388888888888888,0.5806451612903226,36.0,31.0,23.0,18.0
holdout,shanxi,M_RW,46,2.0,4,0.7620400502594968,40,,0.6388888888888888,0.5806451612903226,36.0,31.0,23.0,18.0
holdout,shanxi,M_RW,46,3.0,12345,0.7275366610052375,46,,0.6388888888888888,0.5806451612903226,36.0,31.0,23.0,18.0
holdout,shanxi,M_RW,47,0.1,1,0.9012459575756927,2,,1.0,1.0,36.0,31.0,36.0,31.0
holdout,shanxi,M_RW,47,0.5,3,0.8198491315429282,20,,0.6666666666666666,0.6129032258064516,36.0,31.0,24.0,19.0
holdout,shanxi,M_RW,47,1.0,3,0.7913277856229177,29,,0.6388888888888888,0.5806451612903226,36.0,31.0,23.0,18.0
holdout,shanxi,M_RW,47,1.5,2,0.7685063985634504,35,,0.6388888888888888,0.5806451612903226,36.0,31.0,23.0,18.0
holdout,shanxi,M_RW,47,2.0,13,0.7479599069578157,37,,0.6388888888888888,0.5806451612903226,36.0,31.0,23.0,18.0
holdout,shanxi,M_RW,47,3.0,3,0.7122976217451961,45,,0.6388888888888888,0.5806451612903226,36.0,31.0,23.0,18.0
holdout,shanxi,M_RW,48,0.1,1,0.9030957081538368,3,,1.0,1.0,36.0,31.0,36.0,31.0
holdout,shanxi,M_RW,48,0.5,2,0.8435448200112641,25,,0.6388888888888888,0.5806451612903226,36.0,31.0,23.0,18.0
holdout,shanxi,M_RW,48,1.0,2,0.821008298999313,36,,0.6388888888888888,0.5806451612903226,36.0,31.0,23.0,18.0
holdout,shanxi,M_RW,48,1.5,9,0.8029909780407425,43,,0.6388888888888888,0.5806451612903226,36.0,31.0,23.0,18.0
holdout,shanxi,M_RW,48,2.0,19,0.7863446035878072,46,,0.6388888888888888,0.5806451612903226,36.0,31.0,23.0,18.0
holdout,shanxi,M_RW,48,3.0,16,0.7595632983504469,53,,0.6388888888888888,0.5806451612903226,36.0,31.0,23.0,18.0
holdout,shanxi,M_RW,49,0.1,12345,0.9059620677629417,3,,0.9722222222222222,0.967741935483871,36.0,31.0,35.0,30.0
holdout,shanxi,M_RW,49,0.5,12,0.8423602714304367,21,,0.7222222222222222,0.6774193548387096,36.0,31.0,26.0,21.0
holdout,shanxi,M_RW,49,1.0,9,0.8170480428129627,31,,0.6388888888888888,0.5806451612903226,36.0,31.0,23.0,18.0
holdout,shanxi,M_RW,49,1.5,5,0.7973795227546953,34,,0.6388888888888888,0.5806451612903226,36.0,31.0,23.0,18.0
holdout,shanxi,M_RW,49,2.0,16,0.7794933788270669,41,,0.6388888888888888,0.5806451612903226,36.0,31.0,23.0,18.0
holdout,shanxi,M_RW,49,3.0,6,0.7469080257659454,47,,0.6388888888888888,0.5806451612903226,36.0,31.0,23.0,18.0
holdout,shanxi,M_RW,50,0.1,4,0.9102439447572551,4,,1.0,1.0,36.0,31.0,36.0,31.0
holdout,shanxi,M_RW,50,0.5,10,0.8420647631296783,21,,0.6666666666666666,0.6129032258064516,36.0,31.0,24.0,19.0
holdout,shanxi,M_RW,50,1.0,7,0.8150993428238763,29,,0.6666666666666666,0.6129032258064516,36.0,31.0,24.0,19.0
holdout,shanxi,M_RW,50,1.5,10,0.7924756347516752,34,,0.6666666666666666,0.6129032258064516,36.0,31.0,24.0,19.0
holdout,shanxi,M_RW,50,2.0,15,0.7725826848784455,38,,0.6666666666666666,0.6129032258064516,36.0,31.0,24.0,19.0
holdout,shanxi,M_RW,50,3.0,15,0.7392569774632155,46,,0.6388888888888888,0.5806451612903226,36.0,31.0,23.0,18.0
holdout,shanxi,M_RW,51,0.1,13,0.9053847039329017,3,,1.0,1.0,36.0,31.0,36.0,31.0
holdout,shanxi,M_RW,51,0.5,4,0.8421626716208928,22,,0.6666666666666666,0.6129032258064516,36.0,31.0,24.0,19.0
holdout,shanxi,M_RW,51,1.0,7,0.8179321574111218,31,,0.6666666666666666,0.6129032258064516,36.0,31.0,24.0,19.0
holdout,shanxi,M_RW,51,1.5,1,0.7975775336110074,38,,0.6944444444444444,0.6451612903225806,36.0,31.0,25.0,20.0
holdout,shanxi,M_RW,51,2.0,4,0.7805636143576871,44,,0.6388888888888888,0.5806451612903226,36.0,31.0,23.0,18.0
holdout,shanxi,M_RW,51,3.0,11,0.7527368340661512,50,,0.6388888888888888,0.5806451612903226,36.0,31.0,23.0,18.0
holdout,shanxi,M_RW,52,0.1,17,0.9057188003587763,4,,0.9722222222222222,0.967741935483871,36.0,31.0,35.0,30.0
holdout,shanxi,M_RW,52,0.5,9,0.8354139774063176,21,,0.6666666666666666,0.6129032258064516,36.0,31.0,24.0,19.0
holdout,shanxi,M_RW,52,1.0,16,0.8102635627412258,28,,0.6666666666666666,0.6129032258064516,36.0,31.0,24.0,19.0
holdout,shanxi,M_RW,52,1.5,2,0.7887907666434738,32,,0.6666666666666666,0.6129032258064516,36.0,31.0,24.0,19.0
holdout,shanxi,M_RW,52,2.0,3,0.7699056243020431,37,,0.6666666666666666,0.6129032258064516,36.0,31.0,24.0,19.0
holdout,shanxi,M_RW,52,3.0,12,0.7369804502484654,49,,0.6666666666666666,0.6129032258064516,36.0,31.0,24.0,19.0
holdout,shanxi,M_RW,53,0.1,16,0.9061114059975776,4,,1.0,1.0,36.0,31.0,36.0,31.0
holdout,shanxi,M_RW,53,0.5,1,0.822088953597101,16,,0.6944444444444444,0.6451612903225806,36.0,31.0,25.0,20.0
holdout,shanxi,M_RW,53,1.0,13,0.7868305720085833,27,,0.6666666666666666,0.6129032258064516,36.0,31.0,24.0,19.0
holdout,shanxi,M_RW,53,1.5,1,0.7628899095666775,32,,0.6666666666666666,0.6129032258064516,36.0,31.0,24.0,19.0
holdout,shanxi,M_RW,53,2.0,14,0.7414701213962361,36,,0.6666666666666666,0.6129032258064516,36.0,31.0,24.0,19.0
holdout,shanxi,M_RW,53,3.0,2,0.7029910738672621,46,,0.6388888888888888,0.5806451612903226,36.0,31.0,23.0,18.0
holdout,shanxi,M_RW,54,0.1,7,0.903839898889442,3,,0.9444444444444444,0.9354838709677419,36.0,31.0,34.0,29.0
holdout,shanxi,M_RW,54,0.5,3,0.8315682297787526,25,,0.6388888888888888,0.5806451612903226,36.0,31.0,23.0,18.0
holdout,shanxi,M_RW,54,1.0,8,0.8089530665256068,31,,0.6388888888888888,0.5806451612903226,36.0,31.0,23.0,18.0
holdout,shanxi,M_RW,54,1.5,1,0.7890527602069853,35,,0.6388888888888888,0.5806451612903226,36.0,31.0,23.0,18.0
holdout,shanxi,M_RW,54,2.0,16,0.7727526896244905,44,,0.6388888888888888,0.5806451612903226,36.0,31.0,23.0,18.0
holdout,shanxi,M_RW,54,3.0,4,0.7442047314554556,49,,0.6388888888888888,0.5806451612903226,36.0,31.0,23.0,18.0
holdout,shanxi,M_RW,55,0.1,8,0.9063279033008372,4,,1.0,1.0,36.0,31.0,36.0,31.0
holdout,shanxi,M_RW,55,0.5,6,0.8352020284770019,21,,0.6388888888888888,0.5806451612903226,36.0,31.0,23.0,18.0
holdout,shanxi,M_RW,55,1.0,16,0.8121087831297901,35,,0.6388888888888888,0.5806451612903226,36.0,31.0,23.0,18.0
holdout,shanxi,M_RW,55,1.5,15,0.7935433974626529,37,,0.6388888888888888,0.5806451612903226,36.0,31.0,23.0,18.0
holdout,shanxi,M_RW,55,2.0,11,0.7758225770970866,42,,0.6388888888888888,0.5806451612903226,36.0,31.0,23.0,18.0
holdout,shanxi,M_RW,55,3.0,4,0.7429603660602442,48,,0.6388888888888888,0.5806451612903226,36.0,31.0,23.0,18.0
holdout,shanxi,M_RW,56,0.1,12345,0.9038779440295712,4,,1.0,1.0,36.0,31.0,36.0,31.0
holdout,shanxi,M_RW,56,0.5,17,0.824113771013759,22,,0.6388888888888888,0.5806451612903226,36.0,31.0,23.0,18.0
holdout,shanxi,M_RW,56,1.0,4,0.7956899176856955,36,,0.6388888888888888,0.5806451612903226,36.0,31.0,23.0,18.0
holdout,shanxi,M_RW,56,1.5,12,0.775847470563726,41,,0.6388888888888888,0.5806451612903226,36.0,31.0,23.0,18.0
holdout,shanxi,M_RW,56,2.0,12345,0.7590052023854882,45,,0.6388888888888888,0.5806451612903226,36.0,31.0,23.0,18.0
holdout,shanxi,M_RW,56,3.0,8,0.7296171722008167,50,,0.6388888888888888,0.5806451612903226,36.0,31.0,23.0,18.0
holdout,shanxi,M_RW,57,0.1,12345,0.9047472830895986,3,,0.9722222222222222,0.967741935483871,36.0,31.0,35.0,30.0
holdout,shanxi,M_RW,57,0.5,3,0.8312027155894551,16,,0.8055555555555556,0.7741935483870968,36.0,31.0,29.0,24.0
holdout,shanxi,M_RW,57,1.0,9,0.804063087190876,31,,0.6944444444444444,0.6451612903225806,36.0,31.0,25.0,20.0
holdout,shanxi,M_RW,57,1.5,1,0.7836907212247137,36,,0.6944444444444444,0.6451612903225806,36.0,31.0,25.0,20.0
holdout,shanxi,M_RW,57,2.0,1,0.7650970754522786,39,,0.6944444444444444,0.6451612903225806,36.0,31.0,25.0,20.0
holdout,shanxi,M_RW,57,3.0,12345,0.7315804922059109,46,,0.6388888888888888,0.5806451612903226,36.0,31.0,23.0,18.0
holdout,shanxi,M_RW,58,0.1,3,0.9067800874869708,5,,0.9166666666666666,0.9032258064516129,36.0,31.0,33.0,28.0
holdout,shanxi,M_RW,58,0.5,12,0.837340064965572,23,,0.6388888888888888,0.5806451612903226,36.0,31.0,23.0,18.0
holdout,shanxi,M_RW,58,1.0,10,0.8131888680777926,31,,0.6388888888888888,0.5806451612903226,36.0,31.0,23.0,18.0
holdout,shanxi,M_RW,58,1.5,9,0.7939378775705364,40,,0.6388888888888888,0.5806451612903226,36.0,31.0,23.0,18.0
holdout,shanxi,M_RW,58,2.0,16,0.7771417817519026,44,,0.6388888888888888,0.5806451612903226,36.0,31.0,23.0,18.0
holdout,shanxi,M_RW,58,3.0,1,0.7478928154506096,50,,0.6388888888888888,0.5806451612903226,36.0,31.0,23.0,18.0
holdout,shanxi,M_RW,59,0.1,13,0.9060972575215145,3,,1.0,1.0,36.0,31.0,36.0,31.0
holdout,shanxi,M_RW,59,0.5,14,0.8251004499904214,21,,0.6666666666666666,0.6129032258064516,36.0,31.0,24.0,19.0
holdout,shanxi,M_RW,59,1.0,5,0.7918494766979534,30,,0.6388888888888888,0.5806451612903226,36.0,31.0,23.0,18.0
holdout,shanxi,M_RW,59,1.5,11,0.769171587821534,38,,0.6388888888888888,0.5806451612903226,36.0,31.0,23.0,18.0
holdout,shanxi,M_RW,59,2.0,9,0.7515038643284012,43,,0.6388888888888888,0.5806451612903226,36.0,31.0,23.0,18.0
holdout,shanxi,M_RW,59,3.0,1,0.7185195080074486,48,,0.6388888888888888,0.5806451612903226,36.0,31.0,23.0,18.0
holdout,shanxi,M_RW,60,0.1,3,0.9109852385841495,5,,1.0,1.0,36.0,31.0,36.0,31.0
holdout,shanxi,M_RW,60,0.5,9,0.8349231726413251,18,,0.6388888888888888,0.5806451612903226,36.0,31.0,23.0,18.0
holdout,shanxi,M_RW,60,1.0,2,0.8055351892105597,30,,0.6388888888888888,0.5806451612903226,36.0,31.0,23.0,18.0
holdout,shanxi,M_RW,60,1.5,11,0.7816496702233992,35,,0.6388888888888888,0.5806451612903226,36.0,31.0,23.0,18.0
holdout,shanxi,M_RW,60,2.0,2,0.7596972904413755,38,,0.6388888888888888,0.5806451612903226,36.0,31.0,23.0,18.0
holdout,shanxi,M_RW,60,3.0,3,0.7210786969002556,49,,0.6388888888888888,0.5806451612903226,36.0,31.0,23.0,18.0
holdout,shanxi,M_RW,61,0.1,5,0.9057866462608115,4,,0.9722222222222222,0.967741935483871,36.0,31.0,35.0,30.0
holdout,shanxi,M_RW,61,0.5,7,0.839575849614093,25,,0.6666666666666666,0.6129032258064516,36.0,31.0,24.0,19.0
holdout,shanxi,M_RW,61,1.0,1,0.8160933902644141,29,,0.6666666666666666,0.6129032258064516,36.0,31.0,24.0,19.0
holdout,shanxi,M_RW,61,1.5,12,0.7956050665251774,37,,0.6666666666666666,0.6129032258064516,36.0,31.0,24.0,19.0
holdout,shanxi,M_RW,61,2.0,1,0.7778969772672218,42,,0.6666666666666666,0.6129032258064516,36.0,31.0,24.0,19.0
holdout,shanxi,M_RW,61,3.0,15,0.745667430977004,51,,0.6666666666666666,0.6129032258064516,36.0,31.0,24.0,19.0
holdout,shanxi,M_RW,62,0.1,11,0.9068265872805024,4,,0.9722222222222222,0.967741935483871,36.0,31.0,35.0,30.0
holdout,shanxi,M_RW,62,0.5,17,0.834156337672407,25,,0.6388888888888888,0.5806451612903226,36.0,31.0,23.0,18.0
holdout,shanxi,M_RW,62,1.0,10,0.8078253292206773,36,,0.6388888888888888,0.5806451612903226,36.0,31.0,23.0,18.0
holdout,shanxi,M_RW,62,1.5,14,0.7898303859560807,43,,0.6388888888888888,0.5806451612903226,36.0,31.0,23.0,18.0
holdout,shanxi,M_RW,62,2.0,1,0.7737731533919144,44,,0.6388888888888888,0.5806451612903226,36.0,31.0,23.0,18.0
holdout,shanxi,M_RW,62,3.0,2,0.744071682691905,50,,0.6388888888888888,0.5806451612903226,36.0,31.0,23.0,18.0
holdout,shanxi,M_RW,63,0.1,3,0.9023453613358193,2,,1.0,1.0,36.0,31.0,36.0,31.0
holdout,shanxi,M_RW,63,0.5,16,0.8307245716988503,18,,0.7222222222222222,0.6774193548387096,36.0,31.0,26.0,21.0
holdout,shanxi,M_RW,63,1.0,1,0.8020589860019575,27,,0.7222222222222222,0.6774193548387096,36.0,31.0,26.0,21.0
holdout,shanxi,M_RW,63,1.5,12345,0.7791055230874667,33,,0.7222222222222222,0.6774193548387096,36.0,31.0,26.0,21.0
holdout,shanxi,M_RW,63,2.0,11,0.760300170850428,37,,0.7222222222222222,0.6774193548387096,36.0,31.0,26.0,21.0
holdout,shanxi,M_RW,63,3.0,15,0.7264411192889376,48,,0.7222222222222222,0.6774193548387096,36.0,31.0,26.0,21.0
holdout,shanxi,M_RW,64,0.1,1,0.9015715234011482,2,,0.8888888888888888,0.8709677419354839,36.0,31.0,32.0,27.0
holdout,shanxi,M_RW,64,0.5,13,0.8335453889142488,24,,0.6666666666666666,0.6129032258064516,36.0,31.0,24.0,19.0
holdout,shanxi,M_RW,64,1.0,16,0.8096917403824907,32,,0.6666666666666666,0.6129032258064516,36.0,31.0,24.0,19.0
holdout,shanxi,M_RW,64,1.5,18,0.7908528026521905,37,,0.6388888888888888,0.5806451612903226,36.0,31.0,23.0,18.0
holdout,shanxi,M_RW,64,2.0,7,0.7737995109221077,43,,0.6388888888888888,0.5806451612903226,36.0,31.0,23.0,18.0
holdout,shanxi,M_RW,64,3.0,17,0.745745409520807,53,,0.6666666666666666,0.6129032258064516,36.0,31.0,24.0,19.0
holdout,shanxi,M_RW,65,0.1,10,0.9095968770971778,6,,0.9722222222222222,0.967741935483871,36.0,31.0,35.0,30.0
holdout,shanxi,M_RW,65,0.5,10,0.8231876707542702,21,,0.7222222222222222,0.6774193548387096,36.0,31.0,26.0,21.0
holdout,shanxi,M_RW,65,1.0,17,0.788075090606154,29,,0.7222222222222222,0.6774193548387096,36.0,31.0,26.0,21.0
holdout,shanxi,M_RW,65,1.5,17,0.7638268936938916,38,,0.7222222222222222,0.6774193548387096,36.0,31.0,26.0,21.0
holdout,shanxi,M_RW,65,2.0,10,0.7443138245853937,40,,0.7222222222222222,0.6774193548387096,36.0,31.0,26.0,21.0
holdout,shanxi,M_RW,65,3.0,15,0.7111806159665954,50,,0.6388888888888888,0.5806451612903226,36.0,31.0,23.0,18.0
holdout,shanxi,M_RW,66,0.1,7,0.9079879746039123,6,,0.9722222222222222,0.967741935483871,36.0,31.0,35.0,30.0
holdout,shanxi,M_RW,66,0.5,12,0.8380699434592348,21,,0.6388888888888888,0.5806451612903226,36.0,31.0,23.0,18.0
holdout,shanxi,M_RW,66,1.0,15,0.8092933945804641,32,,0.6388888888888888,0.5806451612903226,36.0,31.0,23.0,18.0
holdout,shanxi,M_RW,66,1.5,16,0.7880249422090014,36,,0.6388888888888888,0.5806451612903226,36.0,31.0,23.0,18.0
holdout,shanxi,M_RW,66,2.0,15,0.769077797727652,42,,0.6388888888888888,0.5806451612903226,36.0,31.0,23.0,18.0
holdout,shanxi,M_RW,66,3.0,5,0.7369908645658415,48,,0.6388888888888888,0.5806451612903226,36.0,31.0,23.0,18.0
holdout,shanxi,M_RW,67,0.1,7,0.9082735514813141,4,,0.9444444444444444,0.9354838709677419,36.0,31.0,34.0,29.0
holdout,shanxi,M_RW,67,0.5,13,0.8372303866775888,22,,0.6666666666666666,0.6129032258064516,36.0,31.0,24.0,19.0
holdout,shanxi,M_RW,67,1.0,7,0.8124848709682784,30,,0.6944444444444444,0.6451612903225806,36.0,31.0,25.0,20.0
holdout,shanxi,M_RW,67,1.5,17,0.7929319612631904,36,,0.6666666666666666,0.6129032258064516,36.0,31.0,24.0,19.0
holdout,shanxi,M_RW,67,2.0,16,0.7750911597347268,39,,0.6666666666666666,0.6129032258064516,36.0,31.0,24.0,19.0
holdout,shanxi,M_RW,67,3.0,16,0.7430674581928409,47,,0.6666666666666666,0.6129032258064516,36.0,31.0,24.0,19.0
holdout,shanxi,M_RW,68,0.1,2,0.9091355721995485,5,,0.9722222222222222,0.967741935483871,36.0,31.0,35.0,30.0
holdout,shanxi,M_RW,68,0.5,13,0.8427298856359856,21,,0.6944444444444444,0.6451612903225806,36.0,31.0,25.0,20.0
holdout,shanxi,M_RW,68,1.0,18,0.8188610684987238,37,,0.6666666666666666,0.6129032258064516,36.0,31.0,24.0,19.0
holdout,shanxi,M_RW,68,1.5,2,0.7994890555415043,41,,0.6666666666666666,0.6129032258064516,36.0,31.0,24.0,19.0
holdout,shanxi,M_RW,68,2.0,3,0.7828752082654586,44,,0.6666666666666666,0.6129032258064516,36.0,31.0,24.0,19.0
holdout,shanxi,M_RW,68,3.0,18,0.7520939977319725,52,,0.6666666666666666,0.6129032258064516,36.0,31.0,24.0,19.0
holdout,shanxi,M_RW,69,0.1,15,0.9090238938038279,4,,1.0,1.0,36.0,31.0,36.0,31.0
holdout,shanxi,M_RW,69,0.5,14,0.8375962413607149,23,,0.6388888888888888,0.5806451612903226,36.0,31.0,23.0,18.0
holdout,shanxi,M_RW,69,1.0,3,0.8154230668302695,36,,0.6388888888888888,0.5806451612903226,36.0,31.0,23.0,18.0
holdout,shanxi,M_RW,69,1.5,2,0.7986899582388728,38,,0.6388888888888888,0.5806451612903226,36.0,31.0,23.0,18.0
holdout,shanxi,M_RW,69,2.0,3,0.7834459888555851,44,,0.6388888888888888,0.5806451612903226,36.0,31.0,23.0,18.0
holdout,shanxi,M_RW,69,3.0,16,0.755727691923366,52,,0.6388888888888888,0.5806451612903226,36.0,31.0,23.0,18.0
holdout,shanxi,M_RW,70,0.1,12345,0.9087081579135843,4,,0.9722222222222222,0.967741935483871,36.0,31.0,35.0,30.0
holdout,shanxi,M_RW,70,0.5,17,0.8285370566328993,22,,0.6388888888888888,0.5806451612903226,36.0,31.0,23.0,18.0
holdout,shanxi,M_RW,70,1.0,15,0.7986087731038094,31,,0.6388888888888888,0.5806451612903226,36.0,31.0,23.0,18.0
holdout,shanxi,M_RW,70,1.5,16,0.777265189722075,37,,0.6388888888888888,0.5806451612903226,36.0,31.0,23.0,18.0
holdout,shanxi,M_RW,70,2.0,10,0.7580669349777394,42,,0.6388888888888888,0.5806451612903226,36.0,31.0,23.0,18.0
holdout,shanxi,M_RW,70,3.0,14,0.7239281744900028,49,,0.6388888888888888,0.5806451612903226,36.0,31.0,23.0,18.0
holdout,shanxi,M_RW,71,0.1,5,0.9083713911626515,3,,1.0,1.0,36.0,31.0,36.0,31.0
holdout,shanxi,M_RW,71,0.5,1,0.8294683117314883,21,,0.6388888888888888,0.5806451612903226,36.0,31.0,23.0,18.0
holdout,shanxi,M_RW,71,1.0,9,0.8000404696806522,28,,0.6388888888888888,0.5806451612903226,36.0,31.0,23.0,18.0
holdout,shanxi,M_RW,71,1.5,13,0.7759740722213408,33,,0.6388888888888888,0.5806451612903226,36.0,31.0,23.0,18.0
holdout,shanxi,M_RW,71,2.0,15,0.7541118850081889,40,,0.6388888888888888,0.5806451612903226,36.0,31.0,23.0,18.0
holdout,shanxi,M_RW,71,3.0,11,0.7162299174688018,44,,0.6388888888888888,0.5806451612903226,36.0,31.0,23.0,18.0
holdout,shanxi,M_RW,72,0.1,6,0.9066340615358395,4,,1.0,1.0,36.0,31.0,36.0,31.0
holdout,shanxi,M_RW,72,0.5,15,0.8384956597959472,22,,0.6388888888888888,0.5806451612903226,36.0,31.0,23.0,18.0
holdout,shanxi,M_RW,72,1.0,19,0.8156609903639458,30,,0.6388888888888888,0.5806451612903226,36.0,31.0,23.0,18.0
holdout,shanxi,M_RW,72,1.5,15,0.7966883780652847,36,,0.6388888888888888,0.5806451612903226,36.0,31.0,23.0,18.0
holdout,shanxi,M_RW,72,2.0,14,0.7792646624858806,40,,0.6388888888888888,0.5806451612903226,36.0,31.0,23.0,18.0
holdout,shanxi,M_RW,72,3.0,7,0.7478253682855595,49,,0.6388888888888888,0.5806451612903226,36.0,31.0,23.0,18.0
holdout,shanxi,M_RW,73,0.1,14,0.9018223741448665,2,,1.0,1.0,36.0,31.0,36.0,31.0
holdout,shanxi,M_RW,73,0.5,12345,0.8194253023889313,17,,0.6388888888888888,0.5806451612903226,36.0,31.0,23.0,18.0
holdout,shanxi,M_RW,73,1.0,4,0.7864074864454302,25,,0.6388888888888888,0.5806451612903226,36.0,31.0,23.0,18.0
holdout,shanxi,M_RW,73,1.5,4,0.7596595785770794,32,,0.6388888888888888,0.5806451612903226,36.0,31.0,23.0,18.0
holdout,shanxi,M_RW,73,2.0,6,0.7370216494254919,38,,0.6388888888888888,0.5806451612903226,36.0,31.0,23.0,18.0
holdout,shanxi,M_RW,73,3.0,14,0.7007436279421816,48,,0.6388888888888888,0.5806451612903226,36.0,31.0,23.0,18.0
holdout,shanxi,M_RW,74,0.1,9,0.9074411328498906,3,,0.9444444444444444,0.9354838709677419,36.0,31.0,34.0,29.0
holdout,shanxi,M_RW,74,0.5,10,0.8382270341503361,23,,0.6666666666666666,0.6129032258064516,36.0,31.0,24.0,19.0
holdout,shanxi,M_RW,74,1.0,18,0.8143585763577362,32,,0.6388888888888888,0.5806451612903226,36.0,31.0,23.0,18.0
holdout,shanxi,M_RW,74,1.5,18,0.7960934317759336,39,,0.6388888888888888,0.5806451612903226,36.0,31.0,23.0,18.0
holdout,shanxi,M_RW,74,2.0,19,0.7806743328946577,46,,0.6388888888888888,0.5806451612903226,36.0,31.0,23.0,18.0
holdout,shanxi,M_RW,74,3.0,18,0.7534785167329747,52,,0.6388888888888888,0.5806451612903226,36.0,31.0,23.0,18.0
holdout,shanxi,M_RW,75,0.1,10,0.904416200216816,5,,0.9444444444444444,0.9354838709677419,36.0,31.0,34.0,29.0
holdout,shanxi,M_RW,75,0.5,17,0.8296502392665617,22,,0.6666666666666666,0.6129032258064516,36.0,31.0,24.0,19.0
holdout,shanxi,M_RW,75,1.0,14,0.8041812613852272,30,,0.6666666666666666,0.6129032258064516,36.0,31.0,24.0,19.0
holdout,shanxi,M_RW,75,1.5,17,0.7835620535382287,36,,0.6388888888888888,0.5806451612903226,36.0,31.0,23.0,18.0
holdout,shanxi,M_RW,75,2.0,2,0.7666681180936734,41,,0.6388888888888888,0.5806451612903226,36.0,31.0,23.0,18.0
holdout,shanxi,M_RW,75,3.0,5,0.7361295296815406,45,,0.6388888888888888,0.5806451612903226,36.0,31.0,23.0,18.0
holdout,shanxi,M_RW,76,0.1,6,0.905740376776309,5,,1.0,1.0,36.0,31.0,36.0,31.0
holdout,shanxi,M_RW,76,0.5,5,0.8369346532012069,23,,0.6944444444444444,0.6451612903225806,36.0,31.0,25.0,20.0
holdout,shanxi,M_RW,76,1.0,3,0.8124468640548169,35,,0.6944444444444444,0.6451612903225806,36.0,31.0,25.0,20.0
holdout,shanxi,M_RW,76,1.5,17,0.7951914658852172,41,,0.6666666666666666,0.6129032258064516,36.0,31.0,24.0,19.0
holdout,shanxi,M_RW,76,2.0,8,0.7798692929124997,46,,0.6666666666666666,0.6129032258064516,36.0,31.0,24.0,19.0
holdout,shanxi,M_RW,76,3.0,8,0.753219248471258,53,,0.6388888888888888,0.5806451612903226,36.0,31.0,23.0,18.0
holdout,shanxi,M_RW,77,0.1,8,0.9106721504959014,5,,0.9722222222222222,0.967741935483871,36.0,31.0,35.0,30.0
holdout,shanxi,M_RW,77,0.5,18,0.8345641185345422,22,,0.75,0.7096774193548387,36.0,31.0,27.0,22.0
holdout,shanxi,M_RW,77,1.0,17,0.8106568713694878,31,,0.7222222222222222,0.6774193548387096,36.0,31.0,26.0,21.0
holdout,shanxi,M_RW,77,1.5,13,0.7912408240418755,36,,0.7222222222222222,0.6774193548387096,36.0,31.0,26.0,21.0
holdout,shanxi,M_RW,77,2.0,14,0.7745026725303541,41,,0.7222222222222222,0.6774193548387096,36.0,31.0,26.0,21.0
holdout,shanxi,M_RW,77,3.0,18,0.7440408991501101,47,,0.7222222222222222,0.6774193548387096,36.0,31.0,26.0,21.0
holdout,shanxi,M_RW,78,0.1,8,0.901931994790132,3,,0.9722222222222222,0.967741935483871,36.0,31.0,35.0,30.0
holdout,shanxi,M_RW,78,0.5,2,0.8300541185931584,19,,0.6388888888888888,0.5806451612903226,36.0,31.0,23.0,18.0
holdout,shanxi,M_RW,78,1.0,16,0.7999690683912454,29,,0.6388888888888888,0.5806451612903226,36.0,31.0,23.0,18.0
holdout,shanxi,M_RW,78,1.5,13,0.7777725526293235,34,,0.6388888888888888,0.5806451612903226,36.0,31.0,23.0,18.0
holdout,shanxi,M_RW,78,2.0,9,0.7589215224923439,41,,0.6388888888888888,0.5806451612903226,36.0,31.0,23.0,18.0
holdout,shanxi,M_RW,78,3.0,9,0.7264325682464893,45,,0.6388888888888888,0.5806451612903226,36.0,31.0,23.0,18.0
holdout,shanxi,M_RW,79,0.1,2,0.9019166170033119,3,,1.0,1.0,36.0,31.0,36.0,31.0
holdout,shanxi,M_RW,79,0.5,1,0.8362443957220781,21,,0.6666666666666666,0.6129032258064516,36.0,31.0,24.0,19.0
holdout,shanxi,M_RW,79,1.0,12345,0.8092210144605605,31,,0.6388888888888888,0.5806451612903226,36.0,31.0,23.0,18.0
holdout,shanxi,M_RW,79,1.5,12345,0.7898673742499778,38,,0.6388888888888888,0.5806451612903226,36.0,31.0,23.0,18.0
holdout,shanxi,M_RW,79,2.0,6,0.7730021492057871,43,,0.6388888888888888,0.5806451612903226,36.0,31.0,23.0,18.0
holdout,shanxi,M_RW,79,3.0,4,0.7427166361251074,53,,0.6388888888888888,0.5806451612903226,36.0,31.0,23.0,18.0
holdout,shanxi,M_RW,80,0.1,1,0.9029213516904453,3,,0.9722222222222222,0.967741935483871,36.0,31.0,35.0,30.0
holdout,shanxi,M_RW,80,0.5,5,0.8318477058424046,22,,0.6388888888888888,0.5806451612903226,36.0,31.0,23.0,18.0
holdout,shanxi,M_RW,80,1.0,2,0.8055383495892066,29,,0.6388888888888888,0.5806451612903226,36.0,31.0,23.0,18.0
holdout,shanxi,M_RW,80,1.5,13,0.7843999181668199,35,,0.6388888888888888,0.5806451612903226,36.0,31.0,23.0,18.0
holdout,shanxi,M_RW,80,2.0,13,0.7657773579751977,41,,0.6388888888888888,0.5806451612903226,36.0,31.0,23.0,18.0
holdout,shanxi,M_RW,80,3.0,14,0.7350653321448438,46,,0.6388888888888888,0.5806451612903226,36.0,31.0,23.0,18.0
holdout,shanxi,M_RW,81,0.1,15,0.9082830608424645,4,,1.0,1.0,36.0,31.0,36.0,31.0
holdout,shanxi,M_RW,81,0.5,12345,0.8338206755469453,23,,0.6944444444444444,0.6451612903225806,36.0,31.0,25.0,20.0
holdout,shanxi,M_RW,81,1.0,15,0.8097757566211196,33,,0.6666666666666666,0.6129032258064516,36.0,31.0,24.0,19.0
holdout,shanxi,M_RW,81,1.5,4,0.7902169397526562,36,,0.6666666666666666,0.6129032258064516,36.0,31.0,24.0,19.0
holdout,shanxi,M_RW,81,2.0,8,0.7728020270104418,42,,0.6666666666666666,0.6129032258064516,36.0,31.0,24.0,19.0
holdout,shanxi,M_RW,81,3.0,5,0.7410091682634521,45,,0.6666666666666666,0.6129032258064516,36.0,31.0,24.0,19.0
holdout,shanxi,M_RW,82,0.1,3,0.9085931193784855,3,,0.9444444444444444,0.9354838709677419,36.0,31.0,34.0,29.0
holdout,shanxi,M_RW,82,0.5,2,0.8363575200765107,22,,0.6388888888888888,0.5806451612903226,36.0,31.0,23.0,18.0
holdout,shanxi,M_RW,82,1.0,12,0.8066151154134479,35,,0.6388888888888888,0.5806451612903226,36.0,31.0,23.0,18.0
holdout,shanxi,M_RW,82,1.5,9,0.7867918126390424,39,,0.6388888888888888,0.5806451612903226,36.0,31.0,23.0,18.0
holdout,shanxi,M_RW,82,2.0,12,0.7700007018263115,46,,0.6388888888888888,0.5806451612903226,36.0,31.0,23.0,18.0
holdout,shanxi,M_RW,82,3.0,16,0.7394865297760298,52,,0.6388888888888888,0.5806451612903226,36.0,31.0,23.0,18.0
holdout,shanxi,M_RW,83,0.1,4,0.9127196597879278,8,,0.9444444444444444,0.9354838709677419,36.0,31.0,34.0,29.0
holdout,shanxi,M_RW,83,0.5,5,0.8378063277754411,23,,0.6944444444444444,0.6451612903225806,36.0,31.0,25.0,20.0
holdout,shanxi,M_RW,83,1.0,12,0.8143687925288027,34,,0.6944444444444444,0.6451612903225806,36.0,31.0,25.0,20.0
holdout,shanxi,M_RW,83,1.5,16,0.797139771876151,40,,0.6666666666666666,0.6129032258064516,36.0,31.0,24.0,19.0
holdout,shanxi,M_RW,83,2.0,16,0.781740433359752,43,,0.6666666666666666,0.6129032258064516,36.0,31.0,24.0,19.0
holdout,shanxi,M_RW,83,3.0,4,0.7529560548435755,48,,0.6666666666666666,0.6129032258064516,36.0,31.0,24.0,19.0
holdout,shanxi,M_RW,84,0.1,8,0.9113360850285084,7,,1.0,1.0,36.0,31.0,36.0,31.0
holdout,shanxi,M_RW,84,0.5,2,0.8300037809168679,22,,0.6666666666666666,0.6129032258064516,36.0,31.0,24.0,19.0
holdout,shanxi,M_RW,84,1.0,4,0.8029684509953696,31,,0.6666666666666666,0.6129032258064516,36.0,31.0,24.0,19.0
holdout,shanxi,M_RW,84,1.5,6,0.7835210878621932,37,,0.6388888888888888,0.5806451612903226,36.0,31.0,23.0,18.0
holdout,shanxi,M_RW,84,2.0,7,0.7660778210236158,42,,0.6388888888888888,0.5806451612903226,36.0,31.0,23.0,18.0
holdout,shanxi,M_RW,84,3.0,7,0.7349487093393408,51,,0.6388888888888888,0.5806451612903226,36.0,31.0,23.0,18.0
holdout,shanxi,M_RW,85,0.1,13,0.9045049682554509,3,,1.0,1.0,36.0,31.0,36.0,31.0
holdout,shanxi,M_RW,85,0.5,17,0.8266268748507201,21,,0.6666666666666666,0.6129032258064516,36.0,31.0,24.0,19.0
holdout,shanxi,M_RW,85,1.0,9,0.7993066330129611,30,,0.6666666666666666,0.6129032258064516,36.0,31.0,24.0,19.0
holdout,shanxi,M_RW,85,1.5,5,0.7780984597741081,37,,0.6666666666666666,0.6129032258064516,36.0,31.0,24.0,19.0
holdout,shanxi,M_RW,85,2.0,17,0.7606538988033282,44,,0.6944444444444444,0.6451612903225806,36.0,31.0,25.0,20.0
holdout,shanxi,M_RW,85,3.0,6,0.7298538849892104,51,,0.6944444444444444,0.6451612903225806,36.0,31.0,25.0,20.0
holdout,shanxi,M_RW,86,0.1,12345,0.9036396072443995,3,,1.0,1.0,36.0,31.0,36.0,31.0
holdout,shanxi,M_RW,86,0.5,16,0.8285746115950993,22,,0.6944444444444444,0.6451612903225806,36.0,31.0,25.0,20.0
holdout,shanxi,M_RW,86,1.0,8,0.8035494381044389,34,,0.6944444444444444,0.6451612903225806,36.0,31.0,25.0,20.0
holdout,shanxi,M_RW,86,1.5,11,0.7832549812182209,39,,0.6666666666666666,0.6129032258064516,36.0,31.0,24.0,19.0
holdout,shanxi,M_RW,86,2.0,14,0.7653605979308596,43,,0.6666666666666666,0.6129032258064516,36.0,31.0,24.0,19.0
holdout,shanxi,M_RW,86,3.0,6,0.7333759676797708,49,,0.6388888888888888,0.5806451612903226,36.0,31.0,23.0,18.0
holdout,shanxi,M_RW,87,0.1,4,0.908748042747151,5,,0.9166666666666666,0.9032258064516129,36.0,31.0,33.0,28.0
holdout,shanxi,M_RW,87,0.5,5,0.8403112889488502,20,,0.6388888888888888,0.5806451612903226,36.0,31.0,23.0,18.0
holdout,shanxi,M_RW,87,1.0,4,0.8115907703369034,29,,0.6388888888888888,0.5806451612903226,36.0,31.0,23.0,18.0
holdout,shanxi,M_RW,87,1.5,4,0.7884857173030857,34,,0.6388888888888888,0.5806451612903226,36.0,31.0,23.0,18.0
holdout,shanxi,M_RW,87,2.0,17,0.7683166821913628,37,,0.6388888888888888,0.5806451612903226,36.0,31.0,23.0,18.0
holdout,shanxi,M_RW,87,3.0,8,0.7336802790689979,46,,0.6388888888888888,0.5806451612903226,36.0,31.0,23.0,18.0
holdout,shanxi,M_RW,88,0.1,2,0.9046979786629602,3,,0.8333333333333334,0.8064516129032258,36.0,31.0,30.0,25.0
holdout,shanxi,M_RW,88,0.5,5,0.8313904752028493,19,,0.6388888888888888,0.5806451612903226,36.0,31.0,23.0,18.0
holdout,shanxi,M_RW,88,1.0,16,0.8052860506565303,28,,0.6388888888888888,0.5806451612903226,36.0,31.0,23.0,18.0
holdout,shanxi,M_RW,88,1.5,15,0.7847747794397988,36,,0.6388888888888888,0.5806451612903226,36.0,31.0,23.0,18.0
holdout,shanxi,M_RW,88,2.0,14,0.7668679436431804,43,,0.6388888888888888,0.5806451612903226,36.0,31.0,23.0,18.0
holdout,shanxi,M_RW,88,3.0,9,0.7336774858836885,48,,0.6388888888888888,0.5806451612903226,36.0,31.0,23.0,18.0
holdout,shanxi,M_RW,89,0.1,11,0.9048246050838932,3,,0.9722222222222222,0.967741935483871,36.0,31.0,35.0,30.0
holdout,shanxi,M_RW,89,0.5,10,0.827307082445899,23,,0.6666666666666666,0.6129032258064516,36.0,31.0,24.0,19.0
holdout,shanxi,M_RW,89,1.0,10,0.8003378835193771,33,,0.6666666666666666,0.6129032258064516,36.0,31.0,24.0,19.0
holdout,shanxi,M_RW,89,1.5,18,0.7789208843438035,39,,0.6666666666666666,0.6129032258064516,36.0,31.0,24.0,19.0
holdout,shanxi,M_RW,89,2.0,9,0.7602445540663083,42,,0.6666666666666666,0.6129032258064516,36.0,31.0,24.0,19.0
holdout,shanxi,M_RW,89,3.0,10,0.7285030444767268,53,,0.6666666666666666,0.6129032258064516,36.0,31.0,24.0,19.0
holdout,shanxi,M_RW,90,0.1,6,0.9035593172593192,4,,0.9722222222222222,0.967741935483871,36.0,31.0,35.0,30.0
holdout,shanxi,M_RW,90,0.5,18,0.8304086745551732,23,,0.6944444444444444,0.6451612903225806,36.0,31.0,25.0,20.0
holdout,shanxi,M_RW,90,1.0,16,0.8032646683035032,32,,0.6388888888888888,0.5806451612903226,36.0,31.0,23.0,18.0
holdout,shanxi,M_RW,90,1.5,8,0.7832837055019473,40,,0.6388888888888888,0.5806451612903226,36.0,31.0,23.0,18.0
holdout,shanxi,M_RW,90,2.0,12,0.766042184222419,44,,0.6388888888888888,0.5806451612903226,36.0,31.0,23.0,18.0
holdout,shanxi,M_RW,90,3.0,8,0.7349558095384124,50,,0.6388888888888888,0.5806451612903226,36.0,31.0,23.0,18.0
holdout,shanxi,M_RW,91,0.1,10,0.9050248275701779,4,,1.0,1.0,36.0,31.0,36.0,31.0
holdout,shanxi,M_RW,91,0.5,3,0.8295976978316348,20,,0.6944444444444444,0.6451612903225806,36.0,31.0,25.0,20.0
holdout,shanxi,M_RW,91,1.0,10,0.8015040138483087,27,,0.6666666666666666,0.6129032258064516,36.0,31.0,24.0,19.0
holdout,shanxi,M_RW,91,1.5,1,0.7823362900070601,36,,0.6666666666666666,0.6129032258064516,36.0,31.0,24.0,19.0
holdout,shanxi,M_RW,91,2.0,12,0.7654016765820123,40,,0.6666666666666666,0.6129032258064516,36.0,31.0,24.0,19.0
holdout,shanxi,M_RW,91,3.0,14,0.7333161203031079,48,,0.6388888888888888,0.5806451612903226,36.0,31.0,23.0,18.0
holdout,shanxi,M_RW,92,0.1,2,0.9037671433589926,3,,1.0,1.0,36.0,31.0,36.0,31.0
holdout,shanxi,M_RW,92,0.5,19,0.8256265013447149,20,,0.6944444444444444,0.6451612903225806,36.0,31.0,25.0,20.0
holdout,shanxi,M_RW,92,1.0,2,0.798810006480473,32,,0.6944444444444444,0.6451612903225806,36.0,31.0,25.0,20.0
holdout,shanxi,M_RW,92,1.5,9,0.7778820390449283,36,,0.6388888888888888,0.5806451612903226,36.0,31.0,23.0,18.0
holdout,shanxi,M_RW,92,2.0,10,0.7588913732321281,41,,0.6388888888888888,0.5806451612903226,36.0,31.0,23.0,18.0
holdout,shanxi,M_RW,92,3.0,18,0.72509485211829,47,,0.6388888888888888,0.5806451612903226,36.0,31.0,23.0,18.0
holdout,shanxi,M_RW,93,0.1,12345,0.9033839214947998,3,,1.0,1.0,36.0,31.0,36.0,31.0
holdout,shanxi,M_RW,93,0.5,16,0.8316422675877315,21,,0.6666666666666666,0.6129032258064516,36.0,31.0,24.0,19.0
holdout,shanxi,M_RW,93,1.0,8,0.8064773226091345,28,,0.6666666666666666,0.6129032258064516,36.0,31.0,24.0,19.0
holdout,shanxi,M_RW,93,1.5,13,0.7842306508618319,36,,0.6666666666666666,0.6129032258064516,36.0,31.0,24.0,19.0
holdout,shanxi,M_RW,93,2.0,1,0.7656098759161389,41,,0.6388888888888888,0.5806451612903226,36.0,31.0,23.0,18.0
holdout,shanxi,M_RW,93,3.0,9,0.7321666519922612,46,,0.6388888888888888,0.5806451612903226,36.0,31.0,23.0,18.0
holdout,shanxi,M_RW,94,0.1,12345,0.9053178858745314,3,,0.9722222222222222,0.967741935483871,36.0,31.0,35.0,30.0
holdout,shanxi,M_RW,94,0.5,17,0.8369582472223076,24,,0.6388888888888888,0.5806451612903226,36.0,31.0,23.0,18.0
holdout,shanxi,M_RW,94,1.0,16,0.8114638502093641,34,,0.6388888888888888,0.5806451612903226,36.0,31.0,23.0,18.0
holdout,shanxi,M_RW,94,1.5,11,0.7924848436969868,41,,0.6388888888888888,0.5806451612903226,36.0,31.0,23.0,18.0
holdout,shanxi,M_RW,94,2.0,1,0.7758974206895088,46,,0.6388888888888888,0.5806451612903226,36.0,31.0,23.0,18.0
holdout,shanxi,M_RW,94,3.0,4,0.7471128475228662,55,,0.6388888888888888,0.5806451612903226,36.0,31.0,23.0,18.0
holdout,shanxi,M_RW,95,0.1,19,0.9058170454038198,4,,0.9166666666666666,0.9032258064516129,36.0,31.0,33.0,28.0
holdout,shanxi,M_RW,95,0.5,2,0.8389158254848909,23,,0.6666666666666666,0.6129032258064516,36.0,31.0,24.0,19.0
holdout,shanxi,M_RW,95,1.0,11,0.8123740795111342,31,,0.6666666666666666,0.6129032258064516,36.0,31.0,24.0,19.0
holdout,shanxi,M_RW,95,1.5,1,0.7917844835898729,37,,0.6666666666666666,0.6129032258064516,36.0,31.0,24.0,19.0
holdout,shanxi,M_RW,95,2.0,16,0.7733527671135237,41,,0.6666666666666666,0.6129032258064516,36.0,31.0,24.0,19.0
holdout,shanxi,M_RW,95,3.0,3,0.7412115532859518,45,,0.6666666666666666,0.6129032258064516,36.0,31.0,24.0,19.0
holdout,shanxi,M_RW,96,0.1,15,0.911247321856855,6,,0.8055555555555556,0.7741935483870968,36.0,31.0,29.0,24.0
holdout,shanxi,M_RW,96,0.5,6,0.8397193744353524,23,,0.6388888888888888,0.5806451612903226,36.0,31.0,23.0,18.0
holdout,shanxi,M_RW,96,1.0,9,0.815034663951224,33,,0.6388888888888888,0.5806451612903226,36.0,31.0,23.0,18.0
holdout,shanxi,M_RW,96,1.5,11,0.7949318824323356,39,,0.6388888888888888,0.5806451612903226,36.0,31.0,23.0,18.0
holdout,shanxi,M_RW,96,2.0,3,0.7774521654891235,44,,0.6388888888888888,0.5806451612903226,36.0,31.0,23.0,18.0
holdout,shanxi,M_RW,96,3.0,9,0.7453181162644831,48,,0.6388888888888888,0.5806451612903226,36.0,31.0,23.0,18.0
holdout,shanxi,M_RW,97,0.1,10,0.9030160247487742,4,,1.0,1.0,36.0,31.0,36.0,31.0
holdout,shanxi,M_RW,97,0.5,7,0.8299005692921567,23,,0.6388888888888888,0.5806451612903226,36.0,31.0,23.0,18.0
holdout,shanxi,M_RW,97,1.0,6,0.8019702735785439,31,,0.6388888888888888,0.5806451612903226,36.0,31.0,23.0,18.0
holdout,shanxi,M_RW,97,1.5,11,0.7806732038580337,37,,0.6388888888888888,0.5806451612903226,36.0,31.0,23.0,18.0
holdout,shanxi,M_RW,97,2.0,17,0.7615014122428306,41,,0.6388888888888888,0.5806451612903226,36.0,31.0,23.0,18.0
holdout,shanxi,M_RW,97,3.0,11,0.7283696550034258,51,,0.6388888888888888,0.5806451612903226,36.0,31.0,23.0,18.0
holdout,shanxi,M_RW,98,0.1,4,0.9064636828172875,4,,1.0,1.0,36.0,31.0,36.0,31.0
holdout,shanxi,M_RW,98,0.5,9,0.8408744693455733,20,,0.6388888888888888,0.5806451612903226,36.0,31.0,23.0,18.0
holdout,shanxi,M_RW,98,1.0,5,0.8162220817067801,30,,0.6388888888888888,0.5806451612903226,36.0,31.0,23.0,18.0
holdout,shanxi,M_RW,98,1.5,17,0.7951215267839714,38,,0.6388888888888888,0.5806451612903226,36.0,31.0,23.0,18.0
holdout,shanxi,M_RW,98,2.0,3,0.7772103488065527,40,,0.6388888888888888,0.5806451612903226,36.0,31.0,23.0,18.0
holdout,shanxi,M_RW,98,3.0,9,0.7467730847180857,47,,0.6388888888888888,0.5806451612903226,36.0,31.0,23.0,18.0
holdout,shanxi,M_RW,99,0.1,2,0.9010418086143647,2,,1.0,1.0,36.0,31.0,36.0,31.0
holdout,shanxi,M_RW,99,0.5,13,0.8231635164134548,21,,0.6388888888888888,0.5806451612903226,36.0,31.0,23.0,18.0
holdout,shanxi,M_RW,99,1.0,14,0.7964209082823719,33,,0.6388888888888888,0.5806451612903226,36.0,31.0,23.0,18.0
holdout,shanxi,M_RW,99,1.5,16,0.7752027433621694,42,,0.6388888888888888,0.5806451612903226,36.0,31.0,23.0,18.0
holdout,shanxi,M_RW,99,2.0,10,0.7578906744980904,47,,0.6388888888888888,0.5806451612903226,36.0,31.0,23.0,18.0
holdout,shanxi,M_RW,99,3.0,7,0.7273144475012533,50,,0.6388888888888888,0.5806451612903226,36.0,31.0,23.0,18.0
holdout,shanxi,M_RW,100,0.1,10,0.9075485310032011,4,,1.0,1.0,36.0,31.0,36.0,31.0
holdout,shanxi,M_RW,100,0.5,18,0.8279068043640437,23,,0.6666666666666666,0.6129032258064516,36.0,31.0,24.0,19.0
holdout,shanxi,M_RW,100,1.0,6,0.8021751771384593,31,,0.6666666666666666,0.6129032258064516,36.0,31.0,24.0,19.0
holdout,shanxi,M_RW,100,1.5,3,0.7816601996334603,39,,0.6666666666666666,0.6129032258064516,36.0,31.0,24.0,19.0
holdout,shanxi,M_RW,100,2.0,6,0.7640967697431669,42,,0.6666666666666666,0.6129032258064516,36.0,31.0,24.0,19.0
holdout,shanxi,M_RW,100,3.0,7,0.731253478731047,52,,0.6666666666666666,0.6129032258064516,36.0,31.0,24.0,19.0
holdout,shanxi,M_RW,101,0.1,17,0.9077192756694854,4,,0.9722222222222222,0.967741935483871,36.0,31.0,35.0,30.0
holdout,shanxi,M_RW,101,0.5,8,0.8320568695128907,20,,0.6388888888888888,0.5806451612903226,36.0,31.0,23.0,18.0
holdout,shanxi,M_RW,101,1.0,13,0.8055703053415659,28,,0.6388888888888888,0.5806451612903226,36.0,31.0,23.0,18.0
holdout,shanxi,M_RW,101,1.5,7,0.7841778087545309,33,,0.6388888888888888,0.5806451612903226,36.0,31.0,23.0,18.0
holdout,shanxi,M_RW,101,2.0,16,0.7658598046234169,37,,0.6388888888888888,0.5806451612903226,36.0,31.0,23.0,18.0
holdout,shanxi,M_RW,101,3.0,6,0.7308636477049709,44,,0.6388888888888888,0.5806451612903226,36.0,31.0,23.0,18.0
holdout,shanxi,M_RW,102,0.1,5,0.9014059449352304,3,,0.9166666666666666,0.9032258064516129,36.0,31.0,33.0,28.0
holdout,shanxi,M_RW,102,0.5,11,0.8340028249190956,21,,0.6388888888888888,0.5806451612903226,36.0,31.0,23.0,18.0
holdout,shanxi,M_RW,102,1.0,18,0.8087024529768952,31,,0.6388888888888888,0.5806451612903226,36.0,31.0,23.0,18.0
holdout,shanxi,M_RW,102,1.5,18,0.7875408874264529,34,,0.6388888888888888,0.5806451612903226,36.0,31.0,23.0,18.0
holdout,shanxi,M_RW,102,2.0,12345,0.767667394062417,38,,0.6388888888888888,0.5806451612903226,36.0,31.0,23.0,18.0
holdout,shanxi,M_RW,102,3.0,15,0.7315986739175747,45,,0.6388888888888888,0.5806451612903226,36.0,31.0,23.0,18.0
holdout,shanxi,M_RW,103,0.1,6,0.9055117141300936,4,,0.9444444444444444,0.9354838709677419,36.0,31.0,34.0,29.0
holdout,shanxi,M_RW,103,0.5,16,0.8479517659090545,23,,0.6666666666666666,0.6129032258064516,36.0,31.0,24.0,19.0
holdout,shanxi,M_RW,103,1.0,12345,0.8240955843066913,31,,0.6388888888888888,0.5806451612903226,36.0,31.0,23.0,18.0
holdout,shanxi,M_RW,103,1.5,1,0.8048836189510584,38,,0.6388888888888888,0.5806451612903226,36.0,31.0,23.0,18.0
holdout,shanxi,M_RW,103,2.0,8,0.788420144338169,43,,0.6388888888888888,0.5806451612903226,36.0,31.0,23.0,18.0
holdout,shanxi,M_RW,103,3.0,15,0.7598993367555713,51,,0.6388888888888888,0.5806451612903226,36.0,31.0,23.0,18.0
holdout,shanxi,M_RW,104,0.1,9,0.9051485235219656,2,,1.0,1.0,36.0,31.0,36.0,31.0
holdout,shanxi,M_RW,104,0.5,18,0.8321919917937289,23,,0.6388888888888888,0.5806451612903226,36.0,31.0,23.0,18.0
holdout,shanxi,M_RW,104,1.0,5,0.8053128105827367,30,,0.6388888888888888,0.5806451612903226,36.0,31.0,23.0,18.0
holdout,shanxi,M_RW,104,1.5,5,0.7839671000898892,37,,0.6388888888888888,0.5806451612903226,36.0,31.0,23.0,18.0
holdout,shanxi,M_RW,104,2.0,5,0.766378963539712,41,,0.6388888888888888,0.5806451612903226,36.0,31.0,23.0,18.0
holdout,shanxi,M_RW,104,3.0,9,0.7339038371647529,49,,0.6388888888888888,0.5806451612903226,36.0,31.0,23.0,18.0
holdout,shanxi,M_RW,105,0.1,3,0.9047127579027202,5,,0.9166666666666666,0.9032258064516129,36.0,31.0,33.0,28.0
holdout,shanxi,M_RW,105,0.5,12,0.8359611609823356,20,,0.6666666666666666,0.6129032258064516,36.0,31.0,24.0,19.0
holdout,shanxi,M_RW,105,1.0,8,0.8095207407621364,27,,0.6666666666666666,0.6129032258064516,36.0,31.0,24.0,19.0
holdout,shanxi,M_RW,105,1.5,16,0.7862844402548458,32,,0.6388888888888888,0.5806451612903226,36.0,31.0,23.0,18.0
holdout,shanxi,M_RW,105,2.0,7,0.7653955861903183,37,,0.6388888888888888,0.5806451612903226,36.0,31.0,23.0,18.0
holdout,shanxi,M_RW,105,3.0,5,0.7275721436121931,41,,0.6388888888888888,0.5806451612903226,36.0,31.0,23.0,18.0
holdout,shanxi,M_RW,106,0.1,12345,0.9054100945784427,4,,0.9444444444444444,0.9354838709677419,36.0,31.0,34.0,29.0
holdout,shanxi,M_RW,106,0.5,9,0.8357035351908368,21,,0.6944444444444444,0.6451612903225806,36.0,31.0,25.0,20.0
holdout,shanxi,M_RW,106,1.0,7,0.8111311864430725,34,,0.6388888888888888,0.5806451612903226,36.0,31.0,23.0,18.0
holdout,shanxi,M_RW,106,1.5,5,0.7924881119493006,39,,0.6388888888888888,0.5806451612903226,36.0,31.0,23.0,18.0
holdout,shanxi,M_RW,106,2.0,2,0.775592055359826,42,,0.6388888888888888,0.5806451612903226,36.0,31.0,23.0,18.0
holdout,shanxi,M_RW,106,3.0,16,0.7452716557484352,49,,0.6388888888888888,0.5806451612903226,36.0,31.0,23.0,18.0
holdout,shanxi,M_RW,107,0.1,13,0.9011605586834601,2,,1.0,1.0,36.0,31.0,36.0,31.0
holdout,shanxi,M_RW,107,0.5,11,0.8373852170320093,23,,0.6666666666666666,0.6129032258064516,36.0,31.0,24.0,19.0
holdout,shanxi,M_RW,107,1.0,18,0.8144702448423388,33,,0.6666666666666666,0.6129032258064516,36.0,31.0,24.0,19.0
holdout,shanxi,M_RW,107,1.5,18,0.7959786572583906,41,,0.6666666666666666,0.6129032258064516,36.0,31.0,24.0,19.0
holdout,shanxi,M_RW,107,2.0,8,0.7807651286502244,48,,0.6666666666666666,0.6129032258064516,36.0,31.0,24.0,19.0
holdout,shanxi,M_RW,107,3.0,8,0.753215370455777,49,,0.6666666666666666,0.6129032258064516,36.0,31.0,24.0,19.0
holdout,shanxi,M_RW,108,0.1,3,0.9075086904334201,4,,1.0,1.0,36.0,31.0,36.0,31.0
holdout,shanxi,M_RW,108,0.5,5,0.8445366348490433,19,,0.6388888888888888,0.5806451612903226,36.0,31.0,23.0,18.0
holdout,shanxi,M_RW,108,1.0,18,0.819948922849938,33,,0.6388888888888888,0.5806451612903226,36.0,31.0,23.0,18.0
holdout,shanxi,M_RW,108,1.5,14,0.801299158755999,37,,0.6388888888888888,0.5806451612903226,36.0,31.0,23.0,18.0
holdout,shanxi,M_RW,108,2.0,14,0.7851899606738231,43,,0.6388888888888888,0.5806451612903226,36.0,31.0,23.0,18.0
holdout,shanxi,M_RW,108,3.0,11,0.7572997269958693,52,,0.6388888888888888,0.5806451612903226,36.0,31.0,23.0,18.0
holdout,shanxi,M_RW,109,0.1,15,0.9040685086033031,3,,0.9722222222222222,0.967741935483871,36.0,31.0,35.0,30.0
holdout,shanxi,M_RW,109,0.5,7,0.8353531126696554,20,,0.6388888888888888,0.5806451612903226,36.0,31.0,23.0,18.0
holdout,shanxi,M_RW,109,1.0,15,0.8086518639018869,27,,0.6388888888888888,0.5806451612903226,36.0,31.0,23.0,18.0
holdout,shanxi,M_RW,109,1.5,10,0.7861356720984061,31,,0.6388888888888888,0.5806451612903226,36.0,31.0,23.0,18.0
holdout,shanxi,M_RW,109,2.0,17,0.7662870312281015,36,,0.6388888888888888,0.5806451612903226,36.0,31.0,23.0,18.0
holdout,shanxi,M_RW,109,3.0,10,0.7331503940292945,48,,0.6388888888888888,0.5806451612903226,36.0,31.0,23.0,18.0
holdout,shanxi,M_RW,110,0.1,11,0.9031667443547833,3,,1.0,1.0,36.0,31.0,36.0,31.0
holdout,shanxi,M_RW,110,0.5,8,0.8315617817782046,22,,0.6666666666666666,0.6129032258064516,36.0,31.0,24.0,19.0
holdout,shanxi,M_RW,110,1.0,13,0.8045994426497773,31,,0.6388888888888888,0.5806451612903226,36.0,31.0,23.0,18.0
holdout,shanxi,M_RW,110,1.5,3,0.7840883893402315,35,,0.6388888888888888,0.5806451612903226,36.0,31.0,23.0,18.0
holdout,shanxi,M_RW,110,2.0,11,0.7659187852990507,41,,0.6388888888888888,0.5806451612903226,36.0,31.0,23.0,18.0
holdout,shanxi,M_RW,110,3.0,11,0.7333025130949145,50,,0.6388888888888888,0.5806451612903226,36.0,31.0,23.0,18.0
holdout,shanxi,M_RW,111,0.1,1,0.9041180548874624,2,,0.9722222222222222,0.967741935483871,36.0,31.0,35.0,30.0
holdout,shanxi,M_RW,111,0.5,8,0.8306255723875395,21,,0.6666666666666666,0.6129032258064516,36.0,31.0,24.0,19.0
holdout,shanxi,M_RW,111,1.0,18,0.8050137162380504,30,,0.6666666666666666,0.6129032258064516,36.0,31.0,24.0,19.0
holdout,shanxi,M_RW,111,1.5,12345,0.7858507019921831,39,,0.6666666666666666,0.6129032258064516,36.0,31.0,24.0,19.0
holdout,shanxi,M_RW,111,2.0,3,0.7691093936271,41,,0.6666666666666666,0.6129032258064516,36.0,31.0,24.0,19.0
holdout,shanxi,M_RW,111,3.0,3,0.7375873107368909,48,,0.6666666666666666,0.6129032258064516,36.0,31.0,24.0,19.0
holdout,shanxi,M_RW,112,0.1,1,0.9063850285617275,4,,1.0,1.0,36.0,31.0,36.0,31.0
holdout,shanxi,M_RW,112,0.5,8,0.837405015202912,20,,0.6388888888888888,0.5806451612903226,36.0,31.0,23.0,18.0
holdout,shanxi,M_RW,112,1.0,12,0.8088677802633318,29,,0.6388888888888888,0.5806451612903226,36.0,31.0,23.0,18.0
holdout,shanxi,M_RW,112,1.5,8,0.7869495534537329,37,,0.6388888888888888,0.5806451612903226,36.0,31.0,23.0,18.0
holdout,shanxi,M_RW,112,2.0,7,0.7688356713819334,37,,0.6388888888888888,0.5806451612903226,36.0,31.0,23.0,18.0
holdout,shanxi,M_RW,112,3.0,10,0.7368483098668672,46,,0.6388888888888888,0.5806451612903226,36.0,31.0,23.0,18.0
holdout,shanxi,M_RW,113,0.1,16,0.9131582721428331,7,,0.8611111111111112,0.8387096774193549,36.0,31.0,31.0,26.0
holdout,shanxi,M_RW,113,0.5,1,0.8332228201988288,21,,0.6388888888888888,0.5806451612903226,36.0,31.0,23.0,18.0
holdout,shanxi,M_RW,113,1.0,7,0.8067869475827874,33,,0.6388888888888888,0.5806451612903226,36.0,31.0,23.0,18.0
holdout,shanxi,M_RW,113,1.5,12,0.7865709126028942,41,,0.6388888888888888,0.5806451612903226,36.0,31.0,23.0,18.0
holdout,shanxi,M_RW,113,2.0,18,0.7696203280493479,46,,0.6388888888888888,0.5806451612903226,36.0,31.0,23.0,18.0
holdout,shanxi,M_RW,113,3.0,18,0.7383785725968295,49,,0.6666666666666666,0.6129032258064516,36.0,31.0,24.0,19.0
holdout,shanxi,M_RW,114,0.1,2,0.9017244674488254,3,,0.9722222222222222,0.967741935483871,36.0,31.0,35.0,30.0
holdout,shanxi,M_RW,114,0.5,1,0.8422423691916143,21,,0.6388888888888888,0.5806451612903226,36.0,31.0,23.0,18.0
holdout,shanxi,M_RW,114,1.0,18,0.8163515959592844,28,,0.6388888888888888,0.5806451612903226,36.0,31.0,23.0,18.0
holdout,shanxi,M_RW,114,1.5,7,0.7949847703471005,36,,0.6388888888888888,0.5806451612903226,36.0,31.0,23.0,18.0
holdout,shanxi,M_RW,114,2.0,19,0.7758722426314941,39,,0.6388888888888888,0.5806451612903226,36.0,31.0,23.0,18.0
holdout,shanxi,M_RW,114,3.0,10,0.7425230043257111,45,,0.6388888888888888,0.5806451612903226,36.0,31.0,23.0,18.0
holdout,shanxi,M_RW,115,0.1,3,0.908302627444497,4,,0.9722222222222222,0.967741935483871,36.0,31.0,35.0,30.0
holdout,shanxi,M_RW,115,0.5,12,0.8268454773440013,23,,0.6666666666666666,0.6129032258064516,36.0,31.0,24.0,19.0
holdout,shanxi,M_RW,115,1.0,14,0.8041859238585934,31,,0.6666666666666666,0.6129032258064516,36.0,31.0,24.0,19.0
holdout,shanxi,M_RW,115,1.5,14,0.7845292924720221,37,,0.6666666666666666,0.6129032258064516,36.0,31.0,24.0,19.0
holdout,shanxi,M_RW,115,2.0,12,0.7659995588062365,40,,0.6666666666666666,0.6129032258064516,36.0,31.0,24.0,19.0
holdout,shanxi,M_RW,115,3.0,7,0.7335830059962825,47,,0.6666666666666666,0.6129032258064516,36.0,31.0,24.0,19.0
holdout,shanxi,M_RW,116,0.1,1,0.9019551901451001,2,,0.9444444444444444,0.9354838709677419,36.0,31.0,34.0,29.0
holdout,shanxi,M_RW,116,0.5,7,0.8430590375087003,22,,0.6388888888888888,0.5806451612903226,36.0,31.0,23.0,18.0
holdout,shanxi,M_RW,116,1.0,3,0.8174969316168681,30,,0.6666666666666666,0.6129032258064516,36.0,31.0,24.0,19.0
holdout,shanxi,M_RW,116,1.5,19,0.7962268229017707,36,,0.6388888888888888,0.5806451612903226,36.0,31.0,23.0,18.0
holdout,shanxi,M_RW,116,2.0,19,0.7774350521382807,41,,0.6388888888888888,0.5806451612903226,36.0,31.0,23.0,18.0
holdout,shanxi,M_RW,116,3.0,13,0.7435633611770417,50,,0.6388888888888888,0.5806451612903226,36.0,31.0,23.0,18.0
holdout,shanxi,M_RW,117,0.1,12345,0.902093633568137,2,,1.0,1.0,36.0,31.0,36.0,31.0
holdout,shanxi,M_RW,117,0.5,7,0.8415955427555245,19,,0.6944444444444444,0.6451612903225806,36.0,31.0,25.0,20.0
holdout,shanxi,M_RW,117,1.0,15,0.8157669477340546,30,,0.6944444444444444,0.6451612903225806,36.0,31.0,25.0,20.0
holdout,shanxi,M_RW,117,1.5,19,0.7959300203594913,34,,0.6944444444444444,0.6451612903225806,36.0,31.0,25.0,20.0
holdout,shanxi,M_RW,117,2.0,8,0.7784264712425567,39,,0.6944444444444444,0.6451612903225806,36.0,31.0,25.0,20.0
holdout,shanxi,M_RW,117,3.0,2,0.7480722271375372,50,,0.6944444444444444,0.6451612903225806,36.0,31.0,25.0,20.0
holdout,shanxi,M_RW,118,0.1,12345,0.9016009043106815,2,,0.9722222222222222,0.967741935483871,36.0,31.0,35.0,30.0
holdout,shanxi,M_RW,118,0.5,12,0.8326855333151504,21,,0.6666666666666666,0.6129032258064516,36.0,31.0,24.0,19.0
holdout,shanxi,M_RW,118,1.0,18,0.8052309284693271,31,,0.6666666666666666,0.6129032258064516,36.0,31.0,24.0,19.0
holdout,shanxi,M_RW,118,1.5,7,0.7835202675985778,38,,0.6666666666666666,0.6129032258064516,36.0,31.0,24.0,19.0
holdout,shanxi,M_RW,118,2.0,2,0.7640227235017406,43,,0.6666666666666666,0.6129032258064516,36.0,31.0,24.0,19.0
holdout,shanxi,M_RW,118,3.0,9,0.7325486333242593,50,,0.6666666666666666,0.6129032258064516,36.0,31.0,24.0,19.0
holdout,shanxi,M_RW,119,0.1,12345,0.9016132868686784,2,,1.0,1.0,36.0,31.0,36.0,31.0
holdout,shanxi,M_RW,119,0.5,12,0.8291594723340711,19,,0.6666666666666666,0.6129032258064516,36.0,31.0,24.0,19.0
holdout,shanxi,M_RW,119,1.0,13,0.803104168770057,32,,0.6666666666666666,0.6129032258064516,36.0,31.0,24.0,19.0
holdout,shanxi,M_RW,119,1.5,14,0.7810981895674404,36,,0.6388888888888888,0.5806451612903226,36.0,31.0,23.0,18.0
holdout,shanxi,M_RW,119,2.0,9,0.7629780975248399,44,,0.6388888888888888,0.5806451612903226,36.0,31.0,23.0,18.0
holdout,shanxi,M_RW,119,3.0,3,0.7310976417116968,50,,0.6388888888888888,0.5806451612903226,36.0,31.0,23.0,18.0
holdout,shanxi,M_RW,120,0.1,14,0.9100401140004603,6,,0.9166666666666666,0.9032258064516129,36.0,31.0,33.0,28.0
holdout,shanxi,M_RW,120,0.5,4,0.8313582797274026,22,,0.6388888888888888,0.5806451612903226,36.0,31.0,23.0,18.0
holdout,shanxi,M_RW,120,1.0,13,0.805115198951663,31,,0.6388888888888888,0.5806451612903226,36.0,31.0,23.0,18.0
holdout,shanxi,M_RW,120,1.5,5,0.7854552703996143,38,,0.6388888888888888,0.5806451612903226,36.0,31.0,23.0,18.0
holdout,shanxi,M_RW,120,2.0,19,0.7685319344067758,42,,0.6388888888888888,0.5806451612903226,36.0,31.0,23.0,18.0
holdout,shanxi,M_RW,120,3.0,2,0.736986753383305,47,,0.6388888888888888,0.5806451612903226,36.0,31.0,23.0,18.0
holdout,shanxi,M_RW,121,0.1,12,0.9052794665376541,3,,0.9166666666666666,0.9032258064516129,36.0,31.0,33.0,28.0
holdout,shanxi,M_RW,121,0.5,3,0.8438003379509773,23,,0.6388888888888888,0.5806451612903226,36.0,31.0,23.0,18.0
holdout,shanxi,M_RW,121,1.0,17,0.8200544625239459,31,,0.6388888888888888,0.5806451612903226,36.0,31.0,23.0,18.0
holdout,shanxi,M_RW,121,1.5,13,0.8009849473413989,37,,0.6388888888888888,0.5806451612903226,36.0,31.0,23.0,18.0
holdout,shanxi,M_RW,121,2.0,6,0.7832039349028941,40,,0.6388888888888888,0.5806451612903226,36.0,31.0,23.0,18.0
holdout,shanxi,M_RW,121,3.0,4,0.7503059085469919,48,,0.6388888888888888,0.5806451612903226,36.0,31.0,23.0,18.0
holdout,shanxi,M_RW,122,0.1,12345,0.9048568510556111,5,,0.9166666666666666,0.9032258064516129,36.0,31.0,33.0,28.0
holdout,shanxi,M_RW,122,0.5,5,0.8164063793532397,20,,0.6666666666666666,0.6129032258064516,36.0,31.0,24.0,19.0
holdout,shanxi,M_RW,122,1.0,9,0.7889870775855116,28,,0.6388888888888888,0.5806451612903226,36.0,31.0,23.0,18.0
holdout,shanxi,M_RW,122,1.5,10,0.7667658878146965,35,,0.6388888888888888,0.5806451612903226,36.0,31.0,23.0,18.0
holdout,shanxi,M_RW,122,2.0,3,0.7473853312051337,41,,0.6388888888888888,0.5806451612903226,36.0,31.0,23.0,18.0
holdout,shanxi,M_RW,122,3.0,14,0.7155245908321949,49,,0.6388888888888888,0.5806451612903226,36.0,31.0,23.0,18.0
holdout,shanxi,M_RW,123,0.1,3,0.9087258003619748,5,,0.9166666666666666,0.9032258064516129,36.0,31.0,33.0,28.0
holdout,shanxi,M_RW,123,0.5,2,0.8396460936802571,23,,0.6388888888888888,0.5806451612903226,36.0,31.0,23.0,18.0
holdout,shanxi,M_RW,123,1.0,10,0.8150693734559078,30,,0.6388888888888888,0.5806451612903226,36.0,31.0,23.0,18.0
holdout,shanxi,M_RW,123,1.5,15,0.7951539867763772,35,,0.6388888888888888,0.5806451612903226,36.0,31.0,23.0,18.0
holdout,shanxi,M_RW,123,2.0,6,0.7774680764716305,42,,0.6388888888888888,0.5806451612903226,36.0,31.0,23.0,18.0
holdout,shanxi,M_RW,123,3.0,12345,0.7462000505577093,46,,0.6388888888888888,0.5806451612903226,36.0,31.0,23.0,18.0
holdout,shanxi,M_RW,124,0.1,3,0.9045676342504002,4,,0.9722222222222222,0.967741935483871,36.0,31.0,35.0,30.0
holdout,shanxi,M_RW,124,0.5,19,0.8318085289917174,18,,0.6388888888888888,0.5806451612903226,36.0,31.0,23.0,18.0
holdout,shanxi,M_RW,124,1.0,5,0.8036561674392757,28,,0.6388888888888888,0.5806451612903226,36.0,31.0,23.0,18.0
holdout,shanxi,M_RW,124,1.5,14,0.7810422190623152,36,,0.6388888888888888,0.5806451612903226,36.0,31.0,23.0,18.0
holdout,shanxi,M_RW,124,2.0,3,0.762314523998599,40,,0.6388888888888888,0.5806451612903226,36.0,31.0,23.0,18.0
holdout,shanxi,M_RW,124,3.0,13,0.7274886962380286,49,,0.6388888888888888,0.5806451612903226,36.0,31.0,23.0,18.0
holdout,shanxi,M_RW,125,0.1,19,0.9052648647582601,4,,0.9722222222222222,0.967741935483871,36.0,31.0,35.0,30.0
holdout,shanxi,M_RW,125,0.5,13,0.8381924038205202,21,,0.6388888888888888,0.5806451612903226,36.0,31.0,23.0,18.0
holdout,shanxi,M_RW,125,1.0,13,0.8146685377407883,30,,0.6388888888888888,0.5806451612903226,36.0,31.0,23.0,18.0
holdout,shanxi,M_RW,125,1.5,16,0.7963787271837947,36,,0.6388888888888888,0.5806451612903226,36.0,31.0,23.0,18.0
holdout,shanxi,M_RW,125,2.0,11,0.7805215839244635,44,,0.6388888888888888,0.5806451612903226,36.0,31.0,23.0,18.0
holdout,shanxi,M_RW,125,3.0,8,0.7534313354266167,51,,0.6388888888888888,0.5806451612903226,36.0,31.0,23.0,18.0
holdout,shanxi,M_RW,126,0.1,8,0.9013454316477866,3,,1.0,1.0,36.0,31.0,36.0,31.0
holdout,shanxi,M_RW,126,0.5,8,0.8317949216735105,23,,0.6388888888888888,0.5806451612903226,36.0,31.0,23.0,18.0
holdout,shanxi,M_RW,126,1.0,2,0.8061508702170785,33,,0.6388888888888888,0.5806451612903226,36.0,31.0,23.0,18.0
holdout,shanxi,M_RW,126,1.5,19,0.7872578059128846,40,,0.6388888888888888,0.5806451612903226,36.0,31.0,23.0,18.0
holdout,shanxi,M_RW,126,2.0,2,0.7696961780704159,43,,0.6388888888888888,0.5806451612903226,36.0,31.0,23.0,18.0
holdout,shanxi,M_RW,126,3.0,11,0.7398549715609332,50,,0.6388888888888888,0.5806451612903226,36.0,31.0,23.0,18.0
holdout,shanxi,M_RW,127,0.1,1,0.9067644504115127,4,,1.0,1.0,36.0,31.0,36.0,31.0
holdout,shanxi,M_RW,127,0.5,3,0.8293238304948495,22,,0.6388888888888888,0.5806451612903226,36.0,31.0,23.0,18.0
holdout,shanxi,M_RW,127,1.0,17,0.8014421556428952,30,,0.6388888888888888,0.5806451612903226,36.0,31.0,23.0,18.0
holdout,shanxi,M_RW,127,1.5,7,0.7783550144343535,36,,0.6388888888888888,0.5806451612903226,36.0,31.0,23.0,18.0
holdout,shanxi,M_RW,127,2.0,9,0.7573209755498819,40,,0.6388888888888888,0.5806451612903226,36.0,31.0,23.0,18.0
holdout,shanxi,M_RW,127,3.0,11,0.7225192321993071,49,,0.6388888888888888,0.5806451612903226,36.0,31.0,23.0,18.0
holdout,shanxi,M_RW,128,0.1,12345,0.9024982507912096,3,,1.0,1.0,36.0,31.0,36.0,31.0
holdout,shanxi,M_RW,128,0.5,18,0.8253205782329709,20,,0.75,0.7096774193548387,36.0,31.0,27.0,22.0
holdout,shanxi,M_RW,128,1.0,9,0.7926850698159944,28,,0.6666666666666666,0.6129032258064516,36.0,31.0,24.0,19.0
holdout,shanxi,M_RW,128,1.5,16,0.7687021861767525,34,,0.6666666666666666,0.6129032258064516,36.0,31.0,24.0,19.0
holdout,shanxi,M_RW,128,2.0,15,0.7494287492397579,39,,0.6666666666666666,0.6129032258064516,36.0,31.0,24.0,19.0
holdout,shanxi,M_RW,128,3.0,3,0.7138975425170463,47,,0.6666666666666666,0.6129032258064516,36.0,31.0,24.0,19.0
holdout,shanxi,M_RW,129,0.1,11,0.901863467131524,3,,0.9722222222222222,0.967741935483871,36.0,31.0,35.0,30.0
holdout,shanxi,M_RW,129,0.5,2,0.8338049537015281,23,,0.6388888888888888,0.5806451612903226,36.0,31.0,23.0,18.0
holdout,shanxi,M_RW,129,1.0,6,0.8087100078843641,32,,0.6388888888888888,0.5806451612903226,36.0,31.0,23.0,18.0
holdout,shanxi,M_RW,129,1.5,17,0.7877116906164396,38,,0.6388888888888888,0.5806451612903226,36.0,31.0,23.0,18.0
holdout,shanxi,M_RW,129,2.0,12345,0.7691717369738557,42,,0.6388888888888888,0.5806451612903226,36.0,31.0,23.0,18.0
holdout,shanxi,M_RW,129,3.0,4,0.7364553671323238,49,,0.6388888888888888,0.5806451612903226,36.0,31.0,23.0,18.0
holdout,shanxi,M_RW,130,0.1,17,0.906118373376235,4,,0.9444444444444444,0.9354838709677419,36.0,31.0,34.0,29.0
holdout,shanxi,M_RW,130,0.5,15,0.8324306363076751,17,,0.6388888888888888,0.5806451612903226,36.0,31.0,23.0,18.0
holdout,shanxi,M_RW,130,1.0,11,0.8056892724518546,28,,0.6388888888888888,0.5806451612903226,36.0,31.0,23.0,18.0
holdout,shanxi,M_RW,130,1.5,16,0.7851768272732329,38,,0.6388888888888888,0.5806451612903226,36.0,31.0,23.0,18.0
holdout,shanxi,M_RW,130,2.0,6,0.7671737344879916,44,,0.6388888888888888,0.5806451612903226,36.0,31.0,23.0,18.0
holdout,shanxi,M_RW,130,3.0,13,0.7347459330753102,49,,0.6388888888888888,0.5806451612903226,36.0,31.0,23.0,18.0
holdout,shanxi,M_RW,131,0.1,12,0.9058781922512824,3,,0.9444444444444444,0.9354838709677419,36.0,31.0,34.0,29.0
holdout,shanxi,M_RW,131,0.5,1,0.833164835339924,23,,0.6388888888888888,0.5806451612903226,36.0,31.0,23.0,18.0
holdout,shanxi,M_RW,131,1.0,1,0.8072513909530111,34,,0.6388888888888888,0.5806451612903226,36.0,31.0,23.0,18.0
holdout,shanxi,M_RW,131,1.5,7,0.7887962809494958,41,,0.6388888888888888,0.5806451612903226,36.0,31.0,23.0,18.0
holdout,shanxi,M_RW,131,2.0,12345,0.7719106114584369,45,,0.6388888888888888,0.5806451612903226,36.0,31.0,23.0,18.0
holdout,shanxi,M_RW,131,3.0,2,0.7399760385816773,50,,0.6388888888888888,0.5806451612903226,36.0,31.0,23.0,18.0
holdout,shanxi,M_RW,132,0.1,14,0.9064923844802043,5,,0.9444444444444444,0.9354838709677419,36.0,31.0,34.0,29.0
holdout,shanxi,M_RW,132,0.5,5,0.8318369344677555,24,,0.6388888888888888,0.5806451612903226,36.0,31.0,23.0,18.0
holdout,shanxi,M_RW,132,1.0,16,0.807429548264916,31,,0.6388888888888888,0.5806451612903226,36.0,31.0,23.0,18.0
holdout,shanxi,M_RW,132,1.5,12,0.7881384243251734,36,,0.6388888888888888,0.5806451612903226,36.0,31.0,23.0,18.0
holdout,shanxi,M_RW,132,2.0,12,0.770282799719818,39,,0.6388888888888888,0.5806451612903226,36.0,31.0,23.0,18.0
holdout,shanxi,M_RW,132,3.0,12,0.7374560922114883,46,,0.6388888888888888,0.5806451612903226,36.0,31.0,23.0,18.0
holdout,shanxi,M_RW,133,0.1,18,0.9060827039321216,5,,1.0,1.0,36.0,31.0,36.0,31.0
holdout,shanxi,M_RW,133,0.5,2,0.8447840207039892,24,,0.6388888888888888,0.5806451612903226,36.0,31.0,23.0,18.0
holdout,shanxi,M_RW,133,1.0,11,0.8230126201175976,32,,0.6388888888888888,0.5806451612903226,36.0,31.0,23.0,18.0
holdout,shanxi,M_RW,133,1.5,12345,0.8051545604251454,37,,0.6388888888888888,0.5806451612903226,36.0,31.0,23.0,18.0
holdout,shanxi,M_RW,133,2.0,8,0.7889869570613348,41,,0.6388888888888888,0.5806451612903226,36.0,31.0,23.0,18.0
holdout,shanxi,M_RW,133,3.0,12345,0.7594404675430981,48,,0.6388888888888888,0.5806451612903226,36.0,31.0,23.0,18.0
holdout,shanxi,M_RW,134,0.1,5,0.9050640818332885,4,,1.0,1.0,36.0,31.0,36.0,31.0
holdout,shanxi,M_RW,134,0.5,19,0.8274064721064612,22,,0.6388888888888888,0.5806451612903226,36.0,31.0,23.0,18.0
holdout,shanxi,M_RW,134,1.0,2,0.7973908269229708,32,,0.6388888888888888,0.5806451612903226,36.0,31.0,23.0,18.0
holdout,shanxi,M_RW,134,1.5,19,0.7750985977932211,36,,0.6388888888888888,0.5806451612903226,36.0,31.0,23.0,18.0
holdout,shanxi,M_RW,134,2.0,14,0.7565379936286026,38,,0.6388888888888888,0.5806451612903226,36.0,31.0,23.0,18.0
holdout,shanxi,M_RW,134,3.0,16,0.7240932429736544,47,,0.6388888888888888,0.5806451612903226,36.0,31.0,23.0,18.0
holdout,shanxi,M_RW,135,0.1,12345,0.9086621245480377,4,,1.0,1.0,36.0,31.0,36.0,31.0
holdout,shanxi,M_RW,135,0.5,12345,0.8319045205996948,18,,0.7222222222222222,0.6774193548387096,36.0,31.0,26.0,21.0
holdout,shanxi,M_RW,135,1.0,6,0.8031698917044017,28,,0.6666666666666666,0.6129032258064516,36.0,31.0,24.0,19.0
holdout,shanxi,M_RW,135,1.5,6,0.7804919326471652,36,,0.6666666666666666,0.6129032258064516,36.0,31.0,24.0,19.0
holdout,shanxi,M_RW,135,2.0,17,0.7614499339890535,43,,0.6388888888888888,0.5806451612903226,36.0,31.0,23.0,18.0
holdout,shanxi,M_RW,135,3.0,16,0.731093424685926,49,,0.6388888888888888,0.5806451612903226,36.0,31.0,23.0,18.0
holdout,shanxi,M_RW,136,0.1,12345,0.9012014300149481,2,,0.9722222222222222,0.967741935483871,36.0,31.0,35.0,30.0
holdout,shanxi,M_RW,136,0.5,1,0.8427463537513172,22,,0.7222222222222222,0.6774193548387096,36.0,31.0,26.0,21.0
holdout,shanxi,M_RW,136,1.0,14,0.8169057793297668,29,,0.7222222222222222,0.6774193548387096,36.0,31.0,26.0,21.0
holdout,shanxi,M_RW,136,1.5,16,0.7958734667796151,36,,0.6388888888888888,0.5806451612903226,36.0,31.0,23.0,18.0
holdout,shanxi,M_RW,136,2.0,12345,0.7773271357229578,40,,0.6388888888888888,0.5806451612903226,36.0,31.0,23.0,18.0
holdout,shanxi,M_RW,136,3.0,12345,0.7461891766718285,52,,0.6944444444444444,0.6451612903225806,36.0,31.0,25.0,20.0
holdout,shanxi,M_RW,137,0.1,4,0.9100073401516655,7,,0.9444444444444444,0.9354838709677419,36.0,31.0,34.0,29.0
holdout,shanxi,M_RW,137,0.5,16,0.8381908885930943,24,,0.6388888888888888,0.5806451612903226,36.0,31.0,23.0,18.0
holdout,shanxi,M_RW,137,1.0,12,0.814484261265818,33,,0.6388888888888888,0.5806451612903226,36.0,31.0,23.0,18.0
holdout,shanxi,M_RW,137,1.5,7,0.7952260090824766,37,,0.6388888888888888,0.5806451612903226,36.0,31.0,23.0,18.0
holdout,shanxi,M_RW,137,2.0,13,0.777716700974786,40,,0.6388888888888888,0.5806451612903226,36.0,31.0,23.0,18.0
holdout,shanxi,M_RW,137,3.0,6,0.7484675446087065,50,,0.6388888888888888,0.5806451612903226,36.0,31.0,23.0,18.0
holdout,shanxi,M_RW,138,0.1,8,0.9068908387745922,4,,0.9722222222222222,0.967741935483871,36.0,31.0,35.0,30.0
holdout,shanxi,M_RW,138,0.5,5,0.835120446080622,23,,0.6388888888888888,0.5806451612903226,36.0,31.0,23.0,18.0
holdout,shanxi,M_RW,138,1.0,1,0.8084160320823869,33,,0.6388888888888888,0.5806451612903226,36.0,31.0,23.0,18.0
holdout,shanxi,M_RW,138,1.5,10,0.786747412565451,38,,0.6388888888888888,0.5806451612903226,36.0,31.0,23.0,18.0
holdout,shanxi,M_RW,138,2.0,10,0.7677794643841784,42,,0.6388888888888888,0.5806451612903226,36.0,31.0,23.0,18.0
holdout,shanxi,M_RW,138,3.0,6,0.7341296343783191,51,,0.6388888888888888,0.5806451612903226,36.0,31.0,23.0,18.0
holdout,shanxi,M_RW,139,0.1,9,0.905108548338054,5,,0.9444444444444444,0.9354838709677419,36.0,31.0,34.0,29.0
holdout,shanxi,M_RW,139,0.5,2,0.8248524859845391,21,,0.75,0.7096774193548387,36.0,31.0,27.0,22.0
holdout,shanxi,M_RW,139,1.0,10,0.7947152935215633,31,,0.6666666666666666,0.6129032258064516,36.0,31.0,24.0,19.0
holdout,shanxi,M_RW,139,1.5,4,0.7724827055799994,35,,0.6388888888888888,0.5806451612903226,36.0,31.0,23.0,18.0
holdout,shanxi,M_RW,139,2.0,1,0.7516917452601645,39,,0.6388888888888888,0.5806451612903226,36.0,31.0,23.0,18.0
holdout,shanxi,M_RW,139,3.0,17,0.7159949550190302,46,,0.6388888888888888,0.5806451612903226,36.0,31.0,23.0,18.0
holdout,shanxi,M_RW,140,0.1,19,0.9044047236258527,4,,0.8611111111111112,0.8387096774193549,36.0,31.0,31.0,26.0
holdout,shanxi,M_RW,140,0.5,2,0.8454264792368908,22,,0.6944444444444444,0.6451612903225806,36.0,31.0,25.0,20.0
holdout,shanxi,M_RW,140,1.0,4,0.8233871787073295,33,,0.6388888888888888,0.5806451612903226,36.0,31.0,23.0,18.0
holdout,shanxi,M_RW,140,1.5,14,0.8051176524907669,38,,0.6666666666666666,0.6129032258064516,36.0,31.0,24.0,19.0
holdout,shanxi,M_RW,140,2.0,17,0.7882633647142522,38,,0.6388888888888888,0.5806451612903226,36.0,31.0,23.0,18.0
holdout,shanxi,M_RW,140,3.0,11,0.7578731656212856,47,,0.6388888888888888,0.5806451612903226,36.0,31.0,23.0,18.0
holdout,shanxi,M_RW,141,0.1,1,0.9051286362420371,3,,0.7777777777777778,0.7419354838709677,36.0,31.0,28.0,23.0
holdout,shanxi,M_RW,141,0.5,2,0.828569084286164,21,,0.6388888888888888,0.5806451612903226,36.0,31.0,23.0,18.0
holdout,shanxi,M_RW,141,1.0,15,0.8027454959293719,34,,0.6388888888888888,0.5806451612903226,36.0,31.0,23.0,18.0
holdout,shanxi,M_RW,141,1.5,4,0.7820616579822963,39,,0.6388888888888888,0.5806451612903226,36.0,31.0,23.0,18.0
holdout,shanxi,M_RW,141,2.0,10,0.7637235789265231,44,,0.6388888888888888,0.5806451612903226,36.0,31.0,23.0,18.0
holdout,shanxi,M_RW,141,3.0,6,0.7311606438939673,49,,0.6388888888888888,0.5806451612903226,36.0,31.0,23.0,18.0
holdout,shanxi,M_RW,142,0.1,2,0.906733026414869,3,,0.8888888888888888,0.8709677419354839,36.0,31.0,32.0,27.0
holdout,shanxi,M_RW,142,0.5,11,0.8318788766122526,21,,0.6388888888888888,0.5806451612903226,36.0,31.0,23.0,18.0
holdout,shanxi,M_RW,142,1.0,13,0.8072619792577126,30,,0.6388888888888888,0.5806451612903226,36.0,31.0,23.0,18.0
holdout,shanxi,M_RW,142,1.5,14,0.7878509005394939,35,,0.6388888888888888,0.5806451612903226,36.0,31.0,23.0,18.0
holdout,shanxi,M_RW,142,2.0,6,0.7705036323663681,42,,0.6388888888888888,0.5806451612903226,36.0,31.0,23.0,18.0
holdout,shanxi,M_RW,142,3.0,13,0.7398857417978225,48,,0.6388888888888888,0.5806451612903226,36.0,31.0,23.0,18.0
holdout,shanxi,M_RW,143,0.1,1,0.9091644426664924,6,,1.0,1.0,36.0,31.0,36.0,31.0
holdout,shanxi,M_RW,143,0.5,15,0.8353834564400804,20,,0.6666666666666666,0.6129032258064516,36.0,31.0,24.0,19.0
holdout,shanxi,M_RW,143,1.0,8,0.8090802551675398,32,,0.6388888888888888,0.5806451612903226,36.0,31.0,23.0,18.0
holdout,shanxi,M_RW,143,1.5,13,0.7894969341416653,40,,0.6388888888888888,0.5806451612903226,36.0,31.0,23.0,18.0
holdout,shanxi,M_RW,143,2.0,13,0.7717201385009095,44,,0.6388888888888888,0.5806451612903226,36.0,31.0,23.0,18.0
holdout,shanxi,M_RW,143,3.0,9,0.7388630381049638,48,,0.6388888888888888,0.5806451612903226,36.0,31.0,23.0,18.0
holdout,shanxi,M_RW,144,0.1,1,0.9025975431259117,3,,1.0,1.0,36.0,31.0,36.0,31.0
holdout,shanxi,M_RW,144,0.5,8,0.82542511990233,20,,0.7222222222222222,0.6774193548387096,36.0,31.0,26.0,21.0
holdout,shanxi,M_RW,144,1.0,1,0.7910587745696154,29,,0.6666666666666666,0.6129032258064516,36.0,31.0,24.0,19.0
holdout,shanxi,M_RW,144,1.5,5,0.7652089665782056,34,,0.6388888888888888,0.5806451612903226,36.0,31.0,23.0,18.0
holdout,shanxi,M_RW,144,2.0,13,0.7432782923982099,39,,0.6388888888888888,0.5806451612903226,36.0,31.0,23.0,18.0
holdout,shanxi,M_RW,144,3.0,13,0.705610082997087,46,,0.6388888888888888,0.5806451612903226,36.0,31.0,23.0,18.0
holdout,shanxi,M_RW,145,0.1,16,0.9088886337819858,6,,0.9444444444444444,0.9354838709677419,36.0,31.0,34.0,29.0
holdout,shanxi,M_RW,145,0.5,4,0.8299470985300179,21,,0.6666666666666666,0.6129032258064516,36.0,31.0,24.0,19.0
holdout,shanxi,M_RW,145,1.0,3,0.8014923602507743,31,,0.6388888888888888,0.5806451612903226,36.0,31.0,23.0,18.0
holdout,shanxi,M_RW,145,1.5,16,0.7803323469513963,37,,0.6388888888888888,0.5806451612903226,36.0,31.0,23.0,18.0
holdout,shanxi,M_RW,145,2.0,5,0.7601001760692028,40,,0.6388888888888888,0.5806451612903226,36.0,31.0,23.0,18.0
holdout,shanxi,M_RW,145,3.0,4,0.7248937832983203,47,,0.6388888888888888,0.5806451612903226,36.0,31.0,23.0,18.0
holdout,shanxi,M_RW,146,0.1,16,0.904243213880978,3,,1.0,1.0,36.0,31.0,36.0,31.0
holdout,shanxi,M_RW,146,0.5,13,0.8377731743711069,19,,0.6666666666666666,0.6129032258064516,36.0,31.0,24.0,19.0
holdout,shanxi,M_RW,146,1.0,7,0.8136049102266445,30,,0.6388888888888888,0.5806451612903226,36.0,31.0,23.0,18.0
holdout,shanxi,M_RW,146,1.5,2,0.7938597938792561,36,,0.6388888888888888,0.5806451612903226,36.0,31.0,23.0,18.0
holdout,shanxi,M_RW,146,2.0,1,0.776663363096388,40,,0.6388888888888888,0.5806451612903226,36.0,31.0,23.0,18.0
holdout,shanxi,M_RW,146,3.0,1,0.7447860971274093,44,,0.6388888888888888,0.5806451612903226,36.0,31.0,23.0,18.0
holdout,shanxi,M_RW,147,0.1,6,0.9041424440638202,4,,1.0,1.0,36.0,31.0,36.0,31.0
holdout,shanxi,M_RW,147,0.5,19,0.8312369587378815,17,,0.6944444444444444,0.6451612903225806,36.0,31.0,25.0,20.0
holdout,shanxi,M_RW,147,1.0,14,0.8009670731211794,30,,0.6666666666666666,0.6129032258064516,36.0,31.0,24.0,19.0
holdout,shanxi,M_RW,147,1.5,11,0.7797224499788786,36,,0.6666666666666666,0.6129032258064516,36.0,31.0,24.0,19.0
holdout,shanxi,M_RW,147,2.0,1,0.7619055448985413,44,,0.6388888888888888,0.5806451612903226,36.0,31.0,23.0,18.0
holdout,shanxi,M_RW,147,3.0,3,0.7316588131751754,52,,0.6388888888888888,0.5806451612903226,36.0,31.0,23.0,18.0
holdout,shanxi,M_RW,148,0.1,12345,0.9058991293845987,3,,0.9166666666666666,0.9032258064516129,36.0,31.0,33.0,28.0
holdout,shanxi,M_RW,148,0.5,11,0.8397827797347409,21,,0.6388888888888888,0.5806451612903226,36.0,31.0,23.0,18.0
holdout,shanxi,M_RW,148,1.0,6,0.8114322461226402,31,,0.6388888888888888,0.5806451612903226,36.0,31.0,23.0,18.0
holdout,shanxi,M_RW,148,1.5,13,0.7881564051784337,38,,0.6388888888888888,0.5806451612903226,36.0,31.0,23.0,18.0
holdout,shanxi,M_RW,148,2.0,6,0.7689742054988528,44,,0.6388888888888888,0.5806451612903226,36.0,31.0,23.0,18.0
holdout,shanxi,M_RW,148,3.0,12345,0.7350831202152757,55,,0.6388888888888888,0.5806451612903226,36.0,31.0,23.0,18.0
holdout,shanxi,M_RW,149,0.1,5,0.9052476423880839,3,,0.9722222222222222,0.967741935483871,36.0,31.0,35.0,30.0
holdout,shanxi,M_RW,149,0.5,6,0.832366574509642,20,,0.7222222222222222,0.6774193548387096,36.0,31.0,26.0,21.0
holdout,shanxi,M_RW,149,1.0,8,0.8054981844845234,29,,0.6666666666666666,0.6129032258064516,36.0,31.0,24.0,19.0
holdout,shanxi,M_RW,149,1.5,16,0.7851244004037514,33,,0.6666666666666666,0.6129032258064516,36.0,31.0,24.0,19.0
holdout,shanxi,M_RW,149,2.0,1,0.7665599767664938,37,,0.6666666666666666,0.6129032258064516,36.0,31.0,24.0,19.0
holdout,shanxi,M_RW,149,3.0,16,0.7335226505676349,47,,0.6666666666666666,0.6129032258064516,36.0,31.0,24.0,19.0
holdout,shanxi,M_RW,150,0.1,11,0.9086840979711522,6,,1.0,1.0,36.0,31.0,36.0,31.0
holdout,shanxi,M_RW,150,0.5,2,0.841310961037728,23,,0.6666666666666666,0.6129032258064516,36.0,31.0,24.0,19.0
holdout,shanxi,M_RW,150,1.0,10,0.8169394257482328,33,,0.6666666666666666,0.6129032258064516,36.0,31.0,24.0,19.0
holdout,shanxi,M_RW,150,1.5,15,0.798591210393645,41,,0.6666666666666666,0.6129032258064516,36.0,31.0,24.0,19.0
holdout,shanxi,M_RW,150,2.0,13,0.782706294754394,46,,0.6666666666666666,0.6129032258064516,36.0,31.0,24.0,19.0
holdout,shanxi,M_RW,150,3.0,5,0.7541845765085065,53,,0.6666666666666666,0.6129032258064516,36.0,31.0,24.0,19.0
holdout,shanxi,M_RW,151,0.1,12345,0.9067118253450893,3,,1.0,1.0,36.0,31.0,36.0,31.0
holdout,shanxi,M_RW,151,0.5,3,0.8365047520319536,20,,0.6388888888888888,0.5806451612903226,36.0,31.0,23.0,18.0
holdout,shanxi,M_RW,151,1.0,14,0.8083760227015564,28,,0.6388888888888888,0.5806451612903226,36.0,31.0,23.0,18.0
holdout,shanxi,M_RW,151,1.5,5,0.7848803297034532,36,,0.6388888888888888,0.5806451612903226,36.0,31.0,23.0,18.0
holdout,shanxi,M_RW,151,2.0,8,0.7661013264311985,39,,0.6388888888888888,0.5806451612903226,36.0,31.0,23.0,18.0
holdout,shanxi,M_RW,151,3.0,12345,0.7315727894574725,47,,0.6388888888888888,0.5806451612903226,36.0,31.0,23.0,18.0
holdout,shanxi,M_RW,152,0.1,7,0.9078969114839488,4,,0.9444444444444444,0.9354838709677419,36.0,31.0,34.0,29.0
holdout,shanxi,M_RW,152,0.5,2,0.8408402118510724,21,,0.6666666666666666,0.6129032258064516,36.0,31.0,24.0,19.0
holdout,shanxi,M_RW,152,1.0,18,0.8177283091652305,31,,0.6666666666666666,0.6129032258064516,36.0,31.0,24.0,19.0
holdout,shanxi,M_RW,152,1.5,11,0.8002142441000687,38,,0.6666666666666666,0.6129032258064516,36.0,31.0,24.0,19.0
holdout,shanxi,M_RW,152,2.0,17,0.7843184910911991,43,,0.6666666666666666,0.6129032258064516,36.0,31.0,24.0,19.0
holdout,shanxi,M_RW,152,3.0,8,0.755869367744878,52,,0.6666666666666666,0.6129032258064516,36.0,31.0,24.0,19.0
holdout,shanxi,M_RW,153,0.1,12345,0.9037209733165101,4,,1.0,1.0,36.0,31.0,36.0,31.0
holdout,shanxi,M_RW,153,0.5,8,0.8288109943273345,21,,0.6388888888888888,0.5806451612903226,36.0,31.0,23.0,18.0
holdout,shanxi,M_RW,153,1.0,5,0.8014155379433755,29,,0.6388888888888888,0.5806451612903226,36.0,31.0,23.0,18.0
holdout,shanxi,M_RW,153,1.5,10,0.7796309922139691,37,,0.6388888888888888,0.5806451612903226,36.0,31.0,23.0,18.0
holdout,shanxi,M_RW,153,2.0,3,0.7615087522379135,42,,0.6388888888888888,0.5806451612903226,36.0,31.0,23.0,18.0
holdout,shanxi,M_RW,153,3.0,18,0.7300653183641652,50,,0.6388888888888888,0.5806451612903226,36.0,31.0,23.0,18.0
holdout,shanxi,M_RW,154,0.1,12345,0.9044672507276166,3,,1.0,1.0,36.0,31.0,36.0,31.0
holdout,shanxi,M_RW,154,0.5,8,0.8399834782088265,24,,0.6388888888888888,0.5806451612903226,36.0,31.0,23.0,18.0
holdout,shanxi,M_RW,154,1.0,11,0.816186437964919,35,,0.6388888888888888,0.5806451612903226,36.0,31.0,23.0,18.0
holdout,shanxi,M_RW,154,1.5,4,0.7969265660009255,39,,0.6388888888888888,0.5806451612903226,36.0,31.0,23.0,18.0
holdout,shanxi,M_RW,154,2.0,19,0.7787970332548154,43,,0.6388888888888888,0.5806451612903226,36.0,31.0,23.0,18.0
holdout,shanxi,M_RW,154,3.0,2,0.7453199207541991,48,,0.6388888888888888,0.5806451612903226,36.0,31.0,23.0,18.0
holdout,shanxi,M_RW,155,0.1,9,0.908663631911999,5,,1.0,1.0,36.0,31.0,36.0,31.0
holdout,shanxi,M_RW,155,0.5,4,0.8384495624026201,22,,0.6944444444444444,0.6451612903225806,36.0,31.0,25.0,20.0
holdout,shanxi,M_RW,155,1.0,7,0.8139344977420997,31,,0.6944444444444444,0.6451612903225806,36.0,31.0,25.0,20.0
holdout,shanxi,M_RW,155,1.5,5,0.7941094023619566,37,,0.6666666666666666,0.6129032258064516,36.0,31.0,24.0,19.0
holdout,shanxi,M_RW,155,2.0,12345,0.7765961277151822,45,,0.6666666666666666,0.6129032258064516,36.0,31.0,24.0,19.0
holdout,shanxi,M_RW,155,3.0,6,0.7462490553897143,50,,0.6666666666666666,0.6129032258064516,36.0,31.0,24.0,19.0
holdout,shanxi,M_RW,156,0.1,5,0.9033116330618676,2,,0.9444444444444444,0.9354838709677419,36.0,31.0,34.0,29.0
holdout,shanxi,M_RW,156,0.5,8,0.8439210675722651,21,,0.6666666666666666,0.6129032258064516,36.0,31.0,24.0,19.0
holdout,shanxi,M_RW,156,1.0,9,0.8200974431964011,29,,0.6666666666666666,0.6129032258064516,36.0,31.0,24.0,19.0
holdout,shanxi,M_RW,156,1.5,16,0.8010626566160602,39,,0.6666666666666666,0.6129032258064516,36.0,31.0,24.0,19.0
holdout,shanxi,M_RW,156,2.0,12345,0.7851042083952091,43,,0.6666666666666666,0.6129032258064516,36.0,31.0,24.0,19.0
holdout,shanxi,M_RW,156,3.0,12345,0.7571800420773298,52,,0.6388888888888888,0.5806451612903226,36.0,31.0,23.0,18.0
holdout,shanxi,M_RW,157,0.1,4,0.9025433198691599,3,,0.9166666666666666,0.9032258064516129,36.0,31.0,33.0,28.0
holdout,shanxi,M_RW,157,0.5,14,0.8359444107553109,20,,0.6666666666666666,0.6129032258064516,36.0,31.0,24.0,19.0
holdout,shanxi,M_RW,157,1.0,19,0.8085396291438319,29,,0.6388888888888888,0.5806451612903226,36.0,31.0,23.0,18.0
holdout,shanxi,M_RW,157,1.5,17,0.7879486578338715,35,,0.6388888888888888,0.5806451612903226,36.0,31.0,23.0,18.0
holdout,shanxi,M_RW,157,2.0,6,0.7707634056905039,42,,0.6388888888888888,0.5806451612903226,36.0,31.0,23.0,18.0
holdout,shanxi,M_RW,157,3.0,9,0.7433245586048124,51,,0.6388888888888888,0.5806451612903226,36.0,31.0,23.0,18.0
holdout,shanxi,M_RW,158,0.1,12345,0.9078769125339594,5,,1.0,1.0,36.0,31.0,36.0,31.0
holdout,shanxi,M_RW,158,0.5,18,0.8214173724479484,19,,0.6388888888888888,0.5806451612903226,36.0,31.0,23.0,18.0
holdout,shanxi,M_RW,158,1.0,12345,0.7925605381018306,28,,0.6388888888888888,0.5806451612903226,36.0,31.0,23.0,18.0
holdout,shanxi,M_RW,158,1.5,1,0.7717404805504298,37,,0.6388888888888888,0.5806451612903226,36.0,31.0,23.0,18.0
holdout,shanxi,M_RW,158,2.0,19,0.7531602828331898,39,,0.6388888888888888,0.5806451612903226,36.0,31.0,23.0,18.0
holdout,shanxi,M_RW,158,3.0,14,0.7184314389215563,46,,0.6388888888888888,0.5806451612903226,36.0,31.0,23.0,18.0
holdout,shanxi,M_RW,159,0.1,12345,0.9022277093479556,3,,0.9166666666666666,0.9032258064516129,36.0,31.0,33.0,28.0
holdout,shanxi,M_RW,159,0.5,15,0.8363011382458119,24,,0.6388888888888888,0.5806451612903226,36.0,31.0,23.0,18.0
holdout,shanxi,M_RW,159,1.0,5,0.8093754656866855,30,,0.6388888888888888,0.5806451612903226,36.0,31.0,23.0,18.0
holdout,shanxi,M_RW,159,1.5,9,0.7881962407049462,35,,0.6388888888888888,0.5806451612903226,36.0,31.0,23.0,18.0
holdout,shanxi,M_RW,159,2.0,11,0.7700275813757514,40,,0.6388888888888888,0.5806451612903226,36.0,31.0,23.0,18.0
holdout,shanxi,M_RW,159,3.0,7,0.736626463799369,47,,0.6388888888888888,0.5806451612903226,36.0,31.0,23.0,18.0
holdout,shanxi,M_RW,160,0.1,6,0.9041904561365329,3,,1.0,1.0,36.0,31.0,36.0,31.0
holdout,shanxi,M_RW,160,0.5,9,0.8250337240382298,20,,0.7222222222222222,0.6774193548387096,36.0,31.0,26.0,21.0
holdout,shanxi,M_RW,160,1.0,12,0.7955953438885962,29,,0.7222222222222222,0.6774193548387096,36.0,31.0,26.0,21.0
holdout,shanxi,M_RW,160,1.5,3,0.7746674211833506,37,,0.7222222222222222,0.6774193548387096,36.0,31.0,26.0,21.0
holdout,shanxi,M_RW,160,2.0,11,0.7580816907154379,41,,0.7222222222222222,0.6774193548387096,36.0,31.0,26.0,21.0
holdout,shanxi,M_RW,160,3.0,9,0.727105070885399,49,,0.7222222222222222,0.6774193548387096,36.0,31.0,26.0,21.0
holdout,shanxi,M_RW,161,0.1,11,0.9066122758682882,5,,0.9722222222222222,0.967741935483871,36.0,31.0,35.0,30.0
holdout,shanxi,M_RW,161,0.5,7,0.8349124530189064,25,,0.6388888888888888,0.5806451612903226,36.0,31.0,23.0,18.0
holdout,shanxi,M_RW,161,1.0,14,0.8095445220498805,31,,0.6388888888888888,0.5806451612903226,36.0,31.0,23.0,18.0
holdout,shanxi,M_RW,161,1.5,16,0.7895421199820701,37,,0.6388888888888888,0.5806451612903226,36.0,31.0,23.0,18.0
holdout,shanxi,M_RW,161,2.0,1,0.7720521641961355,41,,0.6388888888888888,0.5806451612903226,36.0,31.0,23.0,18.0
holdout,shanxi,M_RW,161,3.0,16,0.7421649413864813,53,,0.6388888888888888,0.5806451612903226,36.0,31.0,23.0,18.0
holdout,shanxi,M_RW,162,0.1,4,0.9031316213274958,3,,1.0,1.0,36.0,31.0,36.0,31.0
holdout,shanxi,M_RW,162,0.5,15,0.8227276288787748,20,,0.6944444444444444,0.6451612903225806,36.0,31.0,25.0,20.0
holdout,shanxi,M_RW,162,1.0,1,0.7945254515697173,30,,0.6388888888888888,0.5806451612903226,36.0,31.0,23.0,18.0
holdout,shanxi,M_RW,162,1.5,4,0.7746081753708137,34,,0.6388888888888888,0.5806451612903226,36.0,31.0,23.0,18.0
holdout,shanxi,M_RW,162,2.0,17,0.7570286295049747,38,,0.6388888888888888,0.5806451612903226,36.0,31.0,23.0,18.0
holdout,shanxi,M_RW,162,3.0,12345,0.7243453872893529,44,,0.6388888888888888,0.5806451612903226,36.0,31.0,23.0,18.0
holdout,shanxi,M_RW,163,0.1,11,0.9101537107232668,7,,0.9722222222222222,0.967741935483871,36.0,31.0,35.0,30.0
holdout,shanxi,M_RW,163,0.5,11,0.8361801540960748,23,,0.7222222222222222,0.6774193548387096,36.0,31.0,26.0,21.0
holdout,shanxi,M_RW,163,1.0,3,0.809751912023093,30,,0.6944444444444444,0.6451612903225806,36.0,31.0,25.0,20.0
holdout,shanxi,M_RW,163,1.5,7,0.7901900518395323,39,,0.6944444444444444,0.6451612903225806,36.0,31.0,25.0,20.0
holdout,shanxi,M_RW,163,2.0,17,0.7727528646151919,43,,0.6944444444444444,0.6451612903225806,36.0,31.0,25.0,20.0
holdout,shanxi,M_RW,163,3.0,10,0.7397138193527366,44,,0.6944444444444444,0.6451612903225806,36.0,31.0,25.0,20.0
holdout,shanxi,M_RW,164,0.1,17,0.9056555273878141,4,,1.0,1.0,36.0,31.0,36.0,31.0
holdout,shanxi,M_RW,164,0.5,5,0.8349293726239709,23,,0.6388888888888888,0.5806451612903226,36.0,31.0,23.0,18.0
holdout,shanxi,M_RW,164,1.0,12,0.8110430414133578,34,,0.6666666666666666,0.6129032258064516,36.0,31.0,24.0,19.0
holdout,shanxi,M_RW,164,1.5,2,0.7930054615441892,39,,0.6666666666666666,0.6129032258064516,36.0,31.0,24.0,19.0
holdout,shanxi,M_RW,164,2.0,6,0.7764864542140802,45,,0.6388888888888888,0.5806451612903226,36.0,31.0,23.0,18.0
holdout,shanxi,M_RW,164,3.0,8,0.7490253749455358,50,,0.6388888888888888,0.5806451612903226,36.0,31.0,23.0,18.0
holdout,shanxi,M_RW,165,0.1,12345,0.9071517363348931,4,,1.0,1.0,36.0,31.0,36.0,31.0
holdout,shanxi,M_RW,165,0.5,12,0.8347877525392374,21,,0.6388888888888888,0.5806451612903226,36.0,31.0,23.0,18.0
holdout,shanxi,M_RW,165,1.0,11,0.8100129188308354,31,,0.6388888888888888,0.5806451612903226,36.0,31.0,23.0,18.0
holdout,shanxi,M_RW,165,1.5,5,0.7897074531156854,36,,0.6388888888888888,0.5806451612903226,36.0,31.0,23.0,18.0
holdout,shanxi,M_RW,165,2.0,3,0.7715654360430588,41,,0.6388888888888888,0.5806451612903226,36.0,31.0,23.0,18.0
holdout,shanxi,M_RW,165,3.0,14,0.7416456042303503,50,,0.6388888888888888,0.5806451612903226,36.0,31.0,23.0,18.0
holdout,shanxi,M_RW,166,0.1,13,0.9028284688522651,3,,0.8888888888888888,0.8709677419354839,36.0,31.0,32.0,27.0
holdout,shanxi,M_RW,166,0.5,4,0.8317260064854632,20,,0.6388888888888888,0.5806451612903226,36.0,31.0,23.0,18.0
holdout,shanxi,M_RW,166,1.0,10,0.8038783892532372,33,,0.6388888888888888,0.5806451612903226,36.0,31.0,23.0,18.0
holdout,shanxi,M_RW,166,1.5,7,0.7840732485427323,43,,0.6388888888888888,0.5806451612903226,36.0,31.0,23.0,18.0
holdout,shanxi,M_RW,166,2.0,8,0.7674786683049013,46,,0.6388888888888888,0.5806451612903226,36.0,31.0,23.0,18.0
holdout,shanxi,M_RW,166,3.0,12,0.7388610857190434,54,,0.6388888888888888,0.5806451612903226,36.0,31.0,23.0,18.0
holdout,shanxi,M_RW,167,0.1,4,0.9025968364341237,3,,0.8888888888888888,0.8709677419354839,36.0,31.0,32.0,27.0
holdout,shanxi,M_RW,167,0.5,11,0.8324733959737605,20,,0.7777777777777778,0.7419354838709677,36.0,31.0,28.0,23.0
holdout,shanxi,M_RW,167,1.0,13,0.8084593742603726,30,,0.75,0.7096774193548387,36.0,31.0,27.0,22.0
holdout,shanxi,M_RW,167,1.5,7,0.7879643675149159,35,,0.75,0.7096774193548387,36.0,31.0,27.0,22.0
holdout,shanxi,M_RW,167,2.0,12345,0.7703199613216122,40,,0.75,0.7096774193548387,36.0,31.0,27.0,22.0
holdout,shanxi,M_RW,167,3.0,13,0.7387857967849142,43,,0.75,0.7096774193548387,36.0,31.0,27.0,22.0
holdout,shanxi,M_RW,168,0.1,2,0.9055491890135979,4,,0.9722222222222222,0.967741935483871,36.0,31.0,35.0,30.0
holdout,shanxi,M_RW,168,0.5,12,0.8311682163638918,23,,0.6388888888888888,0.5806451612903226,36.0,31.0,23.0,18.0
holdout,shanxi,M_RW,168,1.0,4,0.8024252985067472,29,,0.6388888888888888,0.5806451612903226,36.0,31.0,23.0,18.0
holdout,shanxi,M_RW,168,1.5,4,0.7803013264103744,33,,0.6388888888888888,0.5806451612903226,36.0,31.0,23.0,18.0
holdout,shanxi,M_RW,168,2.0,5,0.761201816929048,40,,0.6388888888888888,0.5806451612903226,36.0,31.0,23.0,18.0
holdout,shanxi,M_RW,168,3.0,5,0.7269449946325255,48,,0.6388888888888888,0.5806451612903226,36.0,31.0,23.0,18.0
holdout,shanxi,M_RW,169,0.1,4,0.9010954392229413,3,,1.0,1.0,36.0,31.0,36.0,31.0
holdout,shanxi,M_RW,169,0.5,12345,0.8324086790818023,19,,0.6944444444444444,0.6451612903225806,36.0,31.0,25.0,20.0
holdout,shanxi,M_RW,169,1.0,1,0.8036745929393592,29,,0.6666666666666666,0.6129032258064516,36.0,31.0,24.0,19.0
holdout,shanxi,M_RW,169,1.5,9,0.783312550515915,37,,0.6666666666666666,0.6129032258064516,36.0,31.0,24.0,19.0
holdout,shanxi,M_RW,169,2.0,9,0.765331569879234,41,,0.6666666666666666,0.6129032258064516,36.0,31.0,24.0,19.0
holdout,shanxi,M_RW,169,3.0,7,0.7319111374116767,46,,0.6388888888888888,0.5806451612903226,36.0,31.0,23.0,18.0
holdout,shanxi,M_RW,170,0.1,5,0.9056977712582593,3,,1.0,1.0,36.0,31.0,36.0,31.0
holdout,shanxi,M_RW,170,0.5,5,0.831231697855447,20,,0.6944444444444444,0.6451612903225806,36.0,31.0,25.0,20.0
holdout,shanxi,M_RW,170,1.0,7,0.8058621066223639,31,,0.6944444444444444,0.6451612903225806,36.0,31.0,25.0,20.0
holdout,shanxi,M_RW,170,1.5,12,0.7857798647955224,33,,0.6666666666666666,0.6129032258064516,36.0,31.0,24.0,19.0
holdout,shanxi,M_RW,170,2.0,3,0.7675320002323452,39,,0.6666666666666666,0.6129032258064516,36.0,31.0,24.0,19.0
holdout,shanxi,M_RW,170,3.0,16,0.7356286912953254,46,,0.6388888888888888,0.5806451612903226,36.0,31.0,23.0,18.0
holdout,shanxi,M_RW,171,0.1,12345,0.9004240109599154,2,,0.9166666666666666,0.9032258064516129,36.0,31.0,33.0,28.0
holdout,shanxi,M_RW,171,0.5,19,0.8243497292978265,20,,0.6388888888888888,0.5806451612903226,36.0,31.0,23.0,18.0
holdout,shanxi,M_RW,171,1.0,17,0.7931750945063026,29,,0.6388888888888888,0.5806451612903226,36.0,31.0,23.0,18.0
holdout,shanxi,M_RW,171,1.5,15,0.7696126065113505,34,,0.6388888888888888,0.5806451612903226,36.0,31.0,23.0,18.0
holdout,shanxi,M_RW,171,2.0,8,0.7477510154009989,38,,0.6388888888888888,0.5806451612903226,36.0,31.0,23.0,18.0
holdout,shanxi,M_RW,171,3.0,3,0.7065508288793008,44,,0.6388888888888888,0.5806451612903226,36.0,31.0,23.0,18.0
holdout,shanxi,M_RW,172,0.1,1,0.902330481021355,3,,1.0,1.0,36.0,31.0,36.0,31.0
holdout,shanxi,M_RW,172,0.5,17,0.8355817002530873,21,,0.7222222222222222,0.6774193548387096,36.0,31.0,26.0,21.0
holdout,shanxi,M_RW,172,1.0,6,0.8085024926898949,31,,0.6944444444444444,0.6451612903225806,36.0,31.0,25.0,20.0
holdout,shanxi,M_RW,172,1.5,13,0.7872632946807682,36,,0.6944444444444444,0.6451612903225806,36.0,31.0,25.0,20.0
holdout,shanxi,M_RW,172,2.0,2,0.7679922061255228,42,,0.7222222222222222,0.6774193548387096,36.0,31.0,26.0,21.0
holdout,shanxi,M_RW,172,3.0,16,0.7353440545615706,51,,0.6944444444444444,0.6451612903225806,36.0,31.0,25.0,20.0
holdout,shanxi,M_RW,173,0.1,12345,0.9072225934821339,4,,0.8888888888888888,0.8709677419354839,36.0,31.0,32.0,27.0
holdout,shanxi,M_RW,173,0.5,8,0.830549342545479,21,,0.6388888888888888,0.5806451612903226,36.0,31.0,23.0,18.0
holdout,shanxi,M_RW,173,1.0,15,0.8031219477845264,33,,0.6388888888888888,0.5806451612903226,36.0,31.0,23.0,18.0
holdout,shanxi,M_RW,173,1.5,10,0.7800267818002273,39,,0.6388888888888888,0.5806451612903226,36.0,31.0,23.0,18.0
holdout,shanxi,M_RW,173,2.0,13,0.7586864236707042,41,,0.6388888888888888,0.5806451612903226,36.0,31.0,23.0,18.0
holdout,shanxi,M_RW,173,3.0,7,0.7213968823407381,50,,0.6388888888888888,0.5806451612903226,36.0,31.0,23.0,18.0
holdout,shanxi,M_RW,174,0.1,15,0.9096042352336662,4,,0.9166666666666666,0.9032258064516129,36.0,31.0,33.0,28.0
holdout,shanxi,M_RW,174,0.5,10,0.839945939211959,20,,0.6666666666666666,0.6129032258064516,36.0,31.0,24.0,19.0
holdout,shanxi,M_RW,174,1.0,7,0.8135238656980003,29,,0.6666666666666666,0.6129032258064516,36.0,31.0,24.0,19.0
holdout,shanxi,M_RW,174,1.5,7,0.79419499835371,38,,0.6666666666666666,0.6129032258064516,36.0,31.0,24.0,19.0
holdout,shanxi,M_RW,174,2.0,9,0.7783593308453686,45,,0.6666666666666666,0.6129032258064516,36.0,31.0,24.0,19.0
holdout,shanxi,M_RW,174,3.0,1,0.7497384287203895,52,,0.6666666666666666,0.6129032258064516,36.0,31.0,24.0,19.0
holdout,shanxi,M_RW,175,0.1,1,0.9048260457755471,3,,1.0,1.0,36.0,31.0,36.0,31.0
holdout,shanxi,M_RW,175,0.5,4,0.8215498733275917,20,,0.7222222222222222,0.6774193548387096,36.0,31.0,26.0,21.0
holdout,shanxi,M_RW,175,1.0,7,0.7902741773048197,27,,0.6666666666666666,0.6129032258064516,36.0,31.0,24.0,19.0
holdout,shanxi,M_RW,175,1.5,16,0.7657269231767937,32,,0.6666666666666666,0.6129032258064516,36.0,31.0,24.0,19.0
holdout,shanxi,M_RW,175,2.0,17,0.7432261787499024,36,,0.6944444444444444,0.6451612903225806,36.0,31.0,25.0,20.0
holdout,shanxi,M_RW,175,3.0,1,0.7064257872190834,41,,0.6666666666666666,0.6129032258064516,36.0,31.0,24.0,19.0
holdout,shanxi,M_RW,176,0.1,14,0.9040733406391049,2,,0.9166666666666666,0.9032258064516129,36.0,31.0,33.0,28.0
holdout,shanxi,M_RW,176,0.5,4,0.836894390584129,21,,0.6388888888888888,0.5806451612903226,36.0,31.0,23.0,18.0
holdout,shanxi,M_RW,176,1.0,2,0.8067312325673,29,,0.6388888888888888,0.5806451612903226,36.0,31.0,23.0,18.0
holdout,shanxi,M_RW,176,1.5,7,0.7827419340180247,34,,0.6388888888888888,0.5806451612903226,36.0,31.0,23.0,18.0
holdout,shanxi,M_RW,176,2.0,3,0.7620746054257003,42,,0.6388888888888888,0.5806451612903226,36.0,31.0,23.0,18.0
holdout,shanxi,M_RW,176,3.0,5,0.7299031115742238,50,,0.6388888888888888,0.5806451612903226,36.0,31.0,23.0,18.0
holdout,shanxi,M_RW,177,0.1,18,0.9051306867527297,3,,1.0,1.0,36.0,31.0,36.0,31.0
holdout,shanxi,M_RW,177,0.5,4,0.8298555600453498,20,,0.7222222222222222,0.6774193548387096,36.0,31.0,26.0,21.0
holdout,shanxi,M_RW,177,1.0,3,0.8024798210727768,31,,0.7222222222222222,0.6774193548387096,36.0,31.0,26.0,21.0
holdout,shanxi,M_RW,177,1.5,13,0.7830607816575241,41,,0.7222222222222222,0.6774193548387096,36.0,31.0,26.0,21.0
holdout,shanxi,M_RW,177,2.0,13,0.7661555239657941,45,,0.8055555555555556,0.7741935483870968,36.0,31.0,29.0,24.0
holdout,shanxi,M_RW,177,3.0,12345,0.7384535995779584,58,,0.6944444444444444,0.6451612903225806,36.0,31.0,25.0,20.0
holdout,shanxi,M_RW,178,0.1,2,0.9043773497803723,5,,1.0,1.0,36.0,31.0,36.0,31.0
holdout,shanxi,M_RW,178,0.5,10,0.8376745988500619,25,,0.7222222222222222,0.6774193548387096,36.0,31.0,26.0,21.0
holdout,shanxi,M_RW,178,1.0,11,0.8137665810992725,34,,0.6944444444444444,0.6451612903225806,36.0,31.0,25.0,20.0
holdout,shanxi,M_RW,178,1.5,2,0.7945961988819426,39,,0.6666666666666666,0.6129032258064516,36.0,31.0,24.0,19.0
holdout,shanxi,M_RW,178,2.0,12,0.7766945223902766,42,,0.6666666666666666,0.6129032258064516,36.0,31.0,24.0,19.0
holdout,shanxi,M_RW,178,3.0,15,0.7456229827056737,47,,0.6388888888888888,0.5806451612903226,36.0,31.0,23.0,18.0
holdout,shanxi,M_RW,179,0.1,12345,0.9011625559525596,2,,0.9722222222222222,0.967741935483871,36.0,31.0,35.0,30.0
holdout,shanxi,M_RW,179,0.5,18,0.8230955133383698,16,,0.6666666666666666,0.6129032258064516,36.0,31.0,24.0,19.0
holdout,shanxi,M_RW,179,1.0,14,0.7932547462897839,26,,0.6666666666666666,0.6129032258064516,36.0,31.0,24.0,19.0
holdout,shanxi,M_RW,179,1.5,4,0.7715192348693157,34,,0.6666666666666666,0.6129032258064516,36.0,31.0,24.0,19.0
holdout,shanxi,M_RW,179,2.0,10,0.7514901588764324,38,,0.6944444444444444,0.6451612903225806,36.0,31.0,25.0,20.0
holdout,shanxi,M_RW,179,3.0,8,0.715980611182675,47,,0.6388888888888888,0.5806451612903226,36.0,31.0,23.0,18.0
holdout,shanxi,M_RW,180,0.1,12345,0.8999999999999978,1,,1.0,1.0,36.0,31.0,36.0,31.0
holdout,shanxi,M_RW,180,0.5,1,0.8365640232995187,22,,0.6388888888888888,0.5806451612903226,36.0,31.0,23.0,18.0
holdout,shanxi,M_RW,180,1.0,14,0.8114900915898057,35,,0.6388888888888888,0.5806451612903226,36.0,31.0,23.0,18.0
holdout,shanxi,M_RW,180,1.5,14,0.7911930919938701,42,,0.6388888888888888,0.5806451612903226,36.0,31.0,23.0,18.0
holdout,shanxi,M_RW,180,2.0,4,0.7732988653833455,46,,0.6388888888888888,0.5806451612903226,36.0,31.0,23.0,18.0
holdout,shanxi,M_RW,180,3.0,15,0.7419331710105985,56,,0.6388888888888888,0.5806451612903226,36.0,31.0,23.0,18.0
holdout,shanxi,M_RW,181,0.1,12345,0.9073820193459866,4,,0.9166666666666666,0.9032258064516129,36.0,31.0,33.0,28.0
holdout,shanxi,M_RW,181,0.5,14,0.8343943759193525,22,,0.6388888888888888,0.5806451612903226,36.0,31.0,23.0,18.0
holdout,shanxi,M_RW,181,1.0,6,0.8045620108194895,28,,0.6388888888888888,0.5806451612903226,36.0,31.0,23.0,18.0
holdout,shanxi,M_RW,181,1.5,12,0.7822461385656011,36,,0.6388888888888888,0.5806451612903226,36.0,31.0,23.0,18.0
holdout,shanxi,M_RW,181,2.0,15,0.7635505864328317,41,,0.6388888888888888,0.5806451612903226,36.0,31.0,23.0,18.0
holdout,shanxi,M_RW,181,3.0,3,0.7295144084713467,46,,0.6388888888888888,0.5806451612903226,36.0,31.0,23.0,18.0
holdout,shanxi,M_RW,182,0.1,3,0.9044863222610986,4,,0.9166666666666666,0.9032258064516129,36.0,31.0,33.0,28.0
holdout,shanxi,M_RW,182,0.5,1,0.8328527112724626,22,,0.6388888888888888,0.5806451612903226,36.0,31.0,23.0,18.0
holdout,shanxi,M_RW,182,1.0,19,0.8073259162542273,34,,0.6388888888888888,0.5806451612903226,36.0,31.0,23.0,18.0
holdout,shanxi,M_RW,182,1.5,13,0.787223325050099,38,,0.6388888888888888,0.5806451612903226,36.0,31.0,23.0,18.0
holdout,shanxi,M_RW,182,2.0,13,0.7694583628266103,44,,0.6388888888888888,0.5806451612903226,36.0,31.0,23.0,18.0
holdout,shanxi,M_RW,182,3.0,11,0.7389730204647814,51,,0.6388888888888888,0.5806451612903226,36.0,31.0,23.0,18.0
holdout,shanxi,M_RW,183,0.1,7,0.9044166943612333,3,,0.8888888888888888,0.8709677419354839,36.0,31.0,32.0,27.0
holdout,shanxi,M_RW,183,0.5,6,0.8327420928430405,22,,0.6666666666666666,0.6129032258064516,36.0,31.0,24.0,19.0
holdout,shanxi,M_RW,183,1.0,7,0.808155596630882,33,,0.6388888888888888,0.5806451612903226,36.0,31.0,23.0,18.0
holdout,shanxi,M_RW,183,1.5,11,0.7887013230206258,38,,0.6388888888888888,0.5806451612903226,36.0,31.0,23.0,18.0
holdout,shanxi,M_RW,183,2.0,9,0.7717506515124611,45,,0.6388888888888888,0.5806451612903226,36.0,31.0,23.0,18.0
holdout,shanxi,M_RW,183,3.0,1,0.7419741466172414,50,,0.6388888888888888,0.5806451612903226,36.0,31.0,23.0,18.0
holdout,shanxi,M_RW,184,0.1,12345,0.9034323142103453,3,,1.0,1.0,36.0,31.0,36.0,31.0
holdout,shanxi,M_RW,184,0.5,1,0.8421130573549693,21,,0.6388888888888888,0.5806451612903226,36.0,31.0,23.0,18.0
holdout,shanxi,M_RW,184,1.0,12,0.817811869523785,29,,0.6388888888888888,0.5806451612903226,36.0,31.0,23.0,18.0
holdout,shanxi,M_RW,184,1.5,3,0.7985194844955832,36,,0.6388888888888888,0.5806451612903226,36.0,31.0,23.0,18.0
holdout,shanxi,M_RW,184,2.0,16,0.7810688842286355,39,,0.6388888888888888,0.5806451612903226,36.0,31.0,23.0,18.0
holdout,shanxi,M_RW,184,3.0,16,0.7493958046127431,49,,0.6388888888888888,0.5806451612903226,36.0,31.0,23.0,18.0
holdout,shanxi,M_RW,185,0.1,8,0.9103641018491939,5,,1.0,1.0,36.0,31.0,36.0,31.0
holdout,shanxi,M_RW,185,0.5,5,0.8353051820315958,19,,0.6944444444444444,0.6451612903225806,36.0,31.0,25.0,20.0
holdout,shanxi,M_RW,185,1.0,12,0.8079246414523885,30,,0.6944444444444444,0.6451612903225806,36.0,31.0,25.0,20.0
holdout,shanxi,M_RW,185,1.5,9,0.7862898696936506,35,,0.6944444444444444,0.6451612903225806,36.0,31.0,25.0,20.0
holdout,shanxi,M_RW,185,2.0,13,0.7669399021867213,41,,0.6944444444444444,0.6451612903225806,36.0,31.0,25.0,20.0
holdout,shanxi,M_RW,185,3.0,3,0.7338737302793346,48,,0.6666666666666666,0.6129032258064516,36.0,31.0,24.0,19.0
holdout,shanxi,M_RW,186,0.1,5,0.9061872131917942,3,,1.0,1.0,36.0,31.0,36.0,31.0
holdout,shanxi,M_RW,186,0.5,1,0.8423985319931067,23,,0.6388888888888888,0.5806451612903226,36.0,31.0,23.0,18.0
holdout,shanxi,M_RW,186,1.0,12345,0.8171393363261629,33,,0.6388888888888888,0.5806451612903226,36.0,31.0,23.0,18.0
holdout,shanxi,M_RW,186,1.5,5,0.798625839004843,43,,0.6388888888888888,0.5806451612903226,36.0,31.0,23.0,18.0
holdout,shanxi,M_RW,186,2.0,12345,0.7840442434833237,46,,0.6388888888888888,0.5806451612903226,36.0,31.0,23.0,18.0
holdout,shanxi,M_RW,186,3.0,19,0.7557132905444771,50,,0.6388888888888888,0.5806451612903226,36.0,31.0,23.0,18.0
holdout,shanxi,M_RW,187,0.1,2,0.909973047905947,8,,0.8888888888888888,0.8709677419354839,36.0,31.0,32.0,27.0
holdout,shanxi,M_RW,187,0.5,5,0.8465957736770293,24,,0.6666666666666666,0.6129032258064516,36.0,31.0,24.0,19.0
holdout,shanxi,M_RW,187,1.0,1,0.8213326187784428,32,,0.6666666666666666,0.6129032258064516,36.0,31.0,24.0,19.0
holdout,shanxi,M_RW,187,1.5,3,0.8015209059280556,37,,0.6666666666666666,0.6129032258064516,36.0,31.0,24.0,19.0
holdout,shanxi,M_RW,187,2.0,12345,0.7837068354681054,42,,0.6666666666666666,0.6129032258064516,36.0,31.0,24.0,19.0
holdout,shanxi,M_RW,187,3.0,16,0.7541196852032028,49,,0.6666666666666666,0.6129032258064516,36.0,31.0,24.0,19.0
holdout,shanxi,M_RW,188,0.1,3,0.9040365376268429,3,,1.0,1.0,36.0,31.0,36.0,31.0
holdout,shanxi,M_RW,188,0.5,18,0.8330801541615844,21,,0.7222222222222222,0.6774193548387096,36.0,31.0,26.0,21.0
holdout,shanxi,M_RW,188,1.0,19,0.8056952682865478,29,,0.7222222222222222,0.6774193548387096,36.0,31.0,26.0,21.0
holdout,shanxi,M_RW,188,1.5,19,0.7851611101303957,34,,0.7222222222222222,0.6774193548387096,36.0,31.0,26.0,21.0
holdout,shanxi,M_RW,188,2.0,19,0.7677778691795674,39,,0.6388888888888888,0.5806451612903226,36.0,31.0,23.0,18.0
holdout,shanxi,M_RW,188,3.0,6,0.7376700569714596,50,,0.6388888888888888,0.5806451612903226,36.0,31.0,23.0,18.0
holdout,shanxi,M_RW,189,0.1,13,0.9040793764573819,4,,1.0,1.0,36.0,31.0,36.0,31.0
holdout,shanxi,M_RW,189,0.5,17,0.8274070624579423,22,,0.6388888888888888,0.5806451612903226,36.0,31.0,23.0,18.0
holdout,shanxi,M_RW,189,1.0,17,0.7992836705246871,33,,0.6388888888888888,0.5806451612903226,36.0,31.0,23.0,18.0
holdout,shanxi,M_RW,189,1.5,4,0.7772531234947643,35,,0.6388888888888888,0.5806451612903226,36.0,31.0,23.0,18.0
holdout,shanxi,M_RW,189,2.0,8,0.7568084704900917,38,,0.6388888888888888,0.5806451612903226,36.0,31.0,23.0,18.0
holdout,shanxi,M_RW,189,3.0,13,0.7206322998592098,46,,0.6388888888888888,0.5806451612903226,36.0,31.0,23.0,18.0
holdout,shanxi,M_RW,190,0.1,2,0.9083229369433087,6,,0.9722222222222222,0.967741935483871,36.0,31.0,35.0,30.0
holdout,shanxi,M_RW,190,0.5,7,0.8340401667610235,22,,0.6388888888888888,0.5806451612903226,36.0,31.0,23.0,18.0
holdout,shanxi,M_RW,190,1.0,4,0.8063848528067922,32,,0.6388888888888888,0.5806451612903226,36.0,31.0,23.0,18.0
holdout,shanxi,M_RW,190,1.5,15,0.7858515062519307,37,,0.6388888888888888,0.5806451612903226,36.0,31.0,23.0,18.0
holdout,shanxi,M_RW,190,2.0,16,0.7665424252352719,40,,0.6388888888888888,0.5806451612903226,36.0,31.0,23.0,18.0
holdout,shanxi,M_RW,190,3.0,2,0.7322015501489157,48,,0.6388888888888888,0.5806451612903226,36.0,31.0,23.0,18.0
holdout,shanxi,M_RW,191,0.1,16,0.9072486909690969,5,,0.9444444444444444,0.9354838709677419,36.0,31.0,34.0,29.0
holdout,shanxi,M_RW,191,0.5,13,0.8407970780467037,24,,0.6388888888888888,0.5806451612903226,36.0,31.0,23.0,18.0
holdout,shanxi,M_RW,191,1.0,2,0.8172053475852488,32,,0.6388888888888888,0.5806451612903226,36.0,31.0,23.0,18.0
holdout,shanxi,M_RW,191,1.5,16,0.8005730262317994,37,,0.6388888888888888,0.5806451612903226,36.0,31.0,23.0,18.0
holdout,shanxi,M_RW,191,2.0,12,0.7847822356289459,42,,0.6388888888888888,0.5806451612903226,36.0,31.0,23.0,18.0
holdout,shanxi,M_RW,191,3.0,4,0.7565325339976104,53,,0.6388888888888888,0.5806451612903226,36.0,31.0,23.0,18.0
holdout,shanxi,M_RW,192,0.1,2,0.9138067452048755,5,,0.8611111111111112,0.8387096774193549,36.0,31.0,31.0,26.0
holdout,shanxi,M_RW,192,0.5,14,0.8340446889667683,23,,0.6388888888888888,0.5806451612903226,36.0,31.0,23.0,18.0
holdout,shanxi,M_RW,192,1.0,6,0.806194897435717,28,,0.6388888888888888,0.5806451612903226,36.0,31.0,23.0,18.0
holdout,shanxi,M_RW,192,1.5,14,0.7847112236585768,37,,0.6388888888888888,0.5806451612903226,36.0,31.0,23.0,18.0
holdout,shanxi,M_RW,192,2.0,15,0.7681403835950732,42,,0.6388888888888888,0.5806451612903226,36.0,31.0,23.0,18.0
holdout,shanxi,M_RW,192,3.0,12345,0.7389353831968509,52,,0.6388888888888888,0.5806451612903226,36.0,31.0,23.0,18.0
holdout,shanxi,M_RW,193,0.1,1,0.9045073701768042,4,,1.0,1.0,36.0,31.0,36.0,31.0
holdout,shanxi,M_RW,193,0.5,1,0.8392435810072253,25,,0.6388888888888888,0.5806451612903226,36.0,31.0,23.0,18.0
holdout,shanxi,M_RW,193,1.0,12,0.8155327530920887,35,,0.6388888888888888,0.5806451612903226,36.0,31.0,23.0,18.0
holdout,shanxi,M_RW,193,1.5,5,0.7986318196963342,41,,0.6388888888888888,0.5806451612903226,36.0,31.0,23.0,18.0
holdout,shanxi,M_RW,193,2.0,11,0.7828794321928219,46,,0.6388888888888888,0.5806451612903226,36.0,31.0,23.0,18.0
holdout,shanxi,M_RW,193,3.0,3,0.7536151065166581,51,,0.6388888888888888,0.5806451612903226,36.0,31.0,23.0,18.0
holdout,shanxi,M_RW,194,0.1,5,0.9043991796468593,5,,0.9444444444444444,0.9354838709677419,36.0,31.0,34.0,29.0
holdout,shanxi,M_RW,194,0.5,3,0.8370423455108162,25,,0.6388888888888888,0.5806451612903226,36.0,31.0,23.0,18.0
holdout,shanxi,M_RW,194,1.0,16,0.8125659291609079,33,,0.6388888888888888,0.5806451612903226,36.0,31.0,23.0,18.0
holdout,shanxi,M_RW,194,1.5,1,0.7933053736848549,40,,0.6388888888888888,0.5806451612903226,36.0,31.0,23.0,18.0
holdout,shanxi,M_RW,194,2.0,7,0.7750910335899781,45,,0.6388888888888888,0.5806451612903226,36.0,31.0,23.0,18.0
holdout,shanxi,M_RW,194,3.0,16,0.74386853014465,49,,0.6388888888888888,0.5806451612903226,36.0,31.0,23.0,18.0
holdout,shanxi,M_RW,195,0.1,17,0.9050931353033503,2,,0.9722222222222222,0.967741935483871,36.0,31.0,35.0,30.0
holdout,shanxi,M_RW,195,0.5,18,0.8362757416459538,22,,0.6666666666666666,0.6129032258064516,36.0,31.0,24.0,19.0
holdout,shanxi,M_RW,195,1.0,10,0.809144623223553,29,,0.6388888888888888,0.5806451612903226,36.0,31.0,23.0,18.0
holdout,shanxi,M_RW,195,1.5,4,0.7883020509196313,37,,0.6388888888888888,0.5806451612903226,36.0,31.0,23.0,18.0
holdout,shanxi,M_RW,195,2.0,9,0.7695422512343464,41,,0.6388888888888888,0.5806451612903226,36.0,31.0,23.0,18.0
holdout,shanxi,M_RW,195,3.0,14,0.7364129044656436,52,,0.6388888888888888,0.5806451612903226,36.0,31.0,23.0,18.0
holdout,shanxi,M_RW,196,0.1,19,0.9046995735891494,2,,1.0,1.0,36.0,31.0,36.0,31.0
holdout,shanxi,M_RW,196,0.5,10,0.8244392877214181,16,,0.6666666666666666,0.6129032258064516,36.0,31.0,24.0,19.0
holdout,shanxi,M_RW,196,1.0,7,0.7893353122118192,25,,0.6388888888888888,0.5806451612903226,36.0,31.0,23.0,18.0
holdout,shanxi,M_RW,196,1.5,4,0.7637302827317917,32,,0.6388888888888888,0.5806451612903226,36.0,31.0,23.0,18.0
holdout,shanxi,M_RW,196,2.0,2,0.7425031040176199,38,,0.6388888888888888,0.5806451612903226,36.0,31.0,23.0,18.0
holdout,shanxi,M_RW,196,3.0,14,0.7064862278941146,47,,0.6388888888888888,0.5806451612903226,36.0,31.0,23.0,18.0
holdout,shanxi,M_RW,197,0.1,5,0.9082564074037626,5,,1.0,1.0,36.0,31.0,36.0,31.0
holdout,shanxi,M_RW,197,0.5,13,0.8341307329224396,20,,0.7222222222222222,0.6774193548387096,36.0,31.0,26.0,21.0
holdout,shanxi,M_RW,197,1.0,10,0.8057422096946704,33,,0.6388888888888888,0.5806451612903226,36.0,31.0,23.0,18.0
holdout,shanxi,M_RW,197,1.5,12345,0.7861902934677489,37,,0.6388888888888888,0.5806451612903226,36.0,31.0,23.0,18.0
holdout,shanxi,M_RW,197,2.0,19,0.768414576140505,41,,0.6388888888888888,0.5806451612903226,36.0,31.0,23.0,18.0
holdout,shanxi,M_RW,197,3.0,17,0.7345919810317116,50,,0.6388888888888888,0.5806451612903226,36.0,31.0,23.0,18.0
holdout,shanxi,M_RW,198,0.1,12345,0.904198583141355,3,,0.9166666666666666,0.9032258064516129,36.0,31.0,33.0,28.0
holdout,shanxi,M_RW,198,0.5,12,0.8336488693972666,19,,0.7222222222222222,0.6774193548387096,36.0,31.0,26.0,21.0
holdout,shanxi,M_RW,198,1.0,11,0.8083124095739823,30,,0.7222222222222222,0.6774193548387096,36.0,31.0,26.0,21.0
holdout,shanxi,M_RW,198,1.5,19,0.7874255431237972,38,,0.7222222222222222,0.6774193548387096,36.0,31.0,26.0,21.0
holdout,shanxi,M_RW,198,2.0,6,0.7691481729522109,42,,0.7222222222222222,0.6774193548387096,36.0,31.0,26.0,21.0
holdout,shanxi,M_RW,198,3.0,11,0.7366777605138232,49,,0.6388888888888888,0.5806451612903226,36.0,31.0,23.0,18.0
holdout,shanxi,M_RW,199,0.1,1,0.9026701065192423,2,,1.0,1.0,36.0,31.0,36.0,31.0
holdout,shanxi,M_RW,199,0.5,2,0.828741091078818,23,,0.6666666666666666,0.6129032258064516,36.0,31.0,24.0,19.0
holdout,shanxi,M_RW,199,1.0,12,0.8002595619568332,30,,0.6666666666666666,0.6129032258064516,36.0,31.0,24.0,19.0
holdout,shanxi,M_RW,199,1.5,8,0.7771768641018078,34,,0.6666666666666666,0.6129032258064516,36.0,31.0,24.0,19.0
holdout,shanxi,M_RW,199,2.0,12345,0.7565516177588832,37,,0.6944444444444444,0.6451612903225806,36.0,31.0,25.0,20.0
holdout,shanxi,M_RW,199,3.0,18,0.7198998659805139,49,,0.6666666666666666,0.6129032258064516,36.0,31.0,24.0,19.0
holdout,INGV,observed,-1,0.1,5,0.9951896838295516,108,,1.0,1.0,57.0,51.0,57.0,51.0
holdout,INGV,observed,-1,0.5,12345,0.9825872227308208,124,,1.0,1.0,57.0,51.0,57.0,51.0
holdout,INGV,observed,-1,1.0,9,0.9699632467432291,133,,1.0,1.0,57.0,51.0,57.0,51.0
holdout,INGV,observed,-1,1.5,5,0.9589148321965437,139,,1.0,1.0,57.0,51.0,57.0,51.0
holdout,INGV,observed,-1,2.0,12345,0.9482884578693167,143,,1.0,1.0,57.0,51.0,57.0,51.0
holdout,INGV,observed,-1,3.0,15,0.9271571192379408,148,,1.0,1.0,57.0,51.0,57.0,51.0
holdout,INGV,M_RW,0,0.1,2,0.9617694643150548,39,40.0,0.3157894736842105,0.23529411764705882,57.0,51.0,18.0,12.0
holdout,INGV,M_RW,0,0.5,6,0.9372912860863714,66,40.0,0.24561403508771928,0.1568627450980392,57.0,51.0,14.0,8.0
holdout,INGV,M_RW,0,1.0,4,0.9180625407741104,82,40.0,0.24561403508771928,0.1568627450980392,57.0,51.0,14.0,8.0
holdout,INGV,M_RW,0,1.5,12,0.9012681753296558,91,40.0,0.24561403508771928,0.1568627450980392,57.0,51.0,14.0,8.0
holdout,INGV,M_RW,0,2.0,15,0.8856372444549282,95,40.0,0.24561403508771928,0.1568627450980392,57.0,51.0,14.0,8.0
holdout,INGV,M_RW,0,3.0,15,0.8583172389091096,106,40.0,0.24561403508771928,0.1568627450980392,57.0,51.0,14.0,8.0
holdout,INGV,M_RW,1,0.1,12345,0.9606407457328067,47,40.0,0.24561403508771928,0.1568627450980392,57.0,51.0,14.0,8.0
holdout,INGV,M_RW,1,0.5,15,0.9333174009395667,76,40.0,0.24561403508771928,0.1568627450980392,57.0,51.0,14.0,8.0
holdout,INGV,M_RW,1,1.0,19,0.9119910155915504,88,40.0,0.24561403508771928,0.1568627450980392,57.0,51.0,14.0,8.0
holdout,INGV,M_RW,1,1.5,15,0.894098484655933,98,40.0,0.24561403508771928,0.1568627450980392,57.0,51.0,14.0,8.0
holdout,INGV,M_RW,1,2.0,12,0.8788054913881813,104,40.0,0.24561403508771928,0.1568627450980392,57.0,51.0,14.0,8.0
holdout,INGV,M_RW,1,3.0,3,0.851860024940289,114,40.0,0.24561403508771928,0.1568627450980392,57.0,51.0,14.0,8.0
holdout,INGV,M_RW,2,0.1,12,0.9633231207353584,49,40.0,0.24561403508771928,0.1568627450980392,57.0,51.0,14.0,8.0
holdout,INGV,M_RW,2,0.5,15,0.9372364238770488,71,40.0,0.24561403508771928,0.1568627450980392,57.0,51.0,14.0,8.0
holdout,INGV,M_RW,2,1.0,11,0.9179312334229859,84,40.0,0.24561403508771928,0.1568627450980392,57.0,51.0,14.0,8.0
holdout,INGV,M_RW,2,1.5,7,0.9004551879767793,91,40.0,0.24561403508771928,0.1568627450980392,57.0,51.0,14.0,8.0
holdout,INGV,M_RW,2,2.0,6,0.8849644513432611,100,40.0,0.24561403508771928,0.1568627450980392,57.0,51.0,14.0,8.0
holdout,INGV,M_RW,2,3.0,10,0.859362999429111,107,40.0,0.24561403508771928,0.1568627450980392,57.0,51.0,14.0,8.0
holdout,INGV,M_RW,3,0.1,8,0.9595612239183448,53,40.0,0.45614035087719296,0.39215686274509803,57.0,51.0,26.0,20.0
holdout,INGV,M_RW,3,0.5,19,0.9288988039185073,81,40.0,0.42105263157894735,0.35294117647058826,57.0,51.0,24.0,18.0
holdout,INGV,M_RW,3,1.0,4,0.9044995655209703,92,40.0,0.42105263157894735,0.35294117647058826,57.0,51.0,24.0,18.0
holdout,INGV,M_RW,3,1.5,19,0.8843222939566046,102,40.0,0.42105263157894735,0.35294117647058826,57.0,51.0,24.0,18.0
holdout,INGV,M_RW,3,2.0,11,0.8665822447217651,107,40.0,0.42105263157894735,0.35294117647058826,57.0,51.0,24.0,18.0
holdout,INGV,M_RW,3,3.0,17,0.8333137915169992,115,40.0,0.42105263157894735,0.35294117647058826,57.0,51.0,24.0,18.0
holdout,INGV,M_RW,4,0.1,2,0.9568883534823044,39,40.0,0.2807017543859649,0.19607843137254902,57.0,51.0,16.0,10.0
holdout,INGV,M_RW,4,0.5,14,0.9311196346475427,70,40.0,0.24561403508771928,0.1568627450980392,57.0,51.0,14.0,8.0
holdout,INGV,M_RW,4,1.0,4,0.9100143335859563,77,40.0,0.24561403508771928,0.1568627450980392,57.0,51.0,14.0,8.0
holdout,INGV,M_RW,4,1.5,12345,0.8916277765760027,87,40.0,0.24561403508771928,0.1568627450980392,57.0,51.0,14.0,8.0
holdout,INGV,M_RW,4,2.0,11,0.8746489890604142,90,40.0,0.24561403508771928,0.1568627450980392,57.0,51.0,14.0,8.0
holdout,INGV,M_RW,4,3.0,17,0.8431252104599839,101,40.0,0.24561403508771928,0.1568627450980392,57.0,51.0,14.0,8.0
holdout,INGV,M_RW,5,0.1,7,0.9686761412937648,43,40.0,0.3333333333333333,0.2549019607843137,57.0,51.0,19.0,13.0
holdout,INGV,M_RW,5,0.5,16,0.9459724653886789,69,40.0,0.3333333333333333,0.2549019607843137,57.0,51.0,19.0,13.0
holdout,INGV,M_RW,5,1.0,10,0.9260063227198652,80,40.0,0.3333333333333333,0.2549019607843137,57.0,51.0,19.0,13.0
holdout,INGV,M_RW,5,1.5,14,0.9093469472782172,87,40.0,0.3333333333333333,0.2549019607843137,57.0,51.0,19.0,13.0
holdout,INGV,M_RW,5,2.0,2,0.8947961027979621,94,40.0,0.3333333333333333,0.2549019607843137,57.0,51.0,19.0,13.0
holdout,INGV,M_RW,5,3.0,11,0.8697809539042239,102,40.0,0.3333333333333333,0.2549019607843137,57.0,51.0,19.0,13.0
holdout,INGV,M_RW,6,0.1,2,0.9588802093461313,41,40.0,0.24561403508771928,0.1568627450980392,57.0,51.0,14.0,8.0
holdout,INGV,M_RW,6,0.5,13,0.9306509598460998,70,40.0,0.24561403508771928,0.1568627450980392,57.0,51.0,14.0,8.0
holdout,INGV,M_RW,6,1.0,2,0.9065803726944225,84,40.0,0.24561403508771928,0.1568627450980392,57.0,51.0,14.0,8.0
holdout,INGV,M_RW,6,1.5,12345,0.8894373968133332,91,40.0,0.24561403508771928,0.1568627450980392,57.0,51.0,14.0,8.0
holdout,INGV,M_RW,6,2.0,12,0.874170315717178,99,40.0,0.24561403508771928,0.1568627450980392,57.0,51.0,14.0,8.0
holdout,INGV,M_RW,6,3.0,7,0.848029332287678,114,40.0,0.24561403508771928,0.1568627450980392,57.0,51.0,14.0,8.0
holdout,INGV,M_RW,7,0.1,9,0.9628047972691285,46,40.0,0.42105263157894735,0.35294117647058826,57.0,51.0,24.0,18.0
holdout,INGV,M_RW,7,0.5,18,0.9381482889156669,73,40.0,0.24561403508771928,0.1568627450980392,57.0,51.0,14.0,8.0
holdout,INGV,M_RW,7,1.0,5,0.9178865206651808,81,40.0,0.24561403508771928,0.1568627450980392,57.0,51.0,14.0,8.0
holdout,INGV,M_RW,7,1.5,5,0.9021833533185994,92,40.0,0.24561403508771928,0.1568627450980392,57.0,51.0,14.0,8.0
holdout,INGV,M_RW,7,2.0,9,0.8880630617938836,100,40.0,0.24561403508771928,0.1568627450980392,57.0,51.0,14.0,8.0
holdout,INGV,M_RW,7,3.0,2,0.8634441675407294,106,40.0,0.24561403508771928,0.1568627450980392,57.0,51.0,14.0,8.0
holdout,INGV,M_RW,8,0.1,13,0.9574422281954754,52,40.0,0.8421052631578947,0.8235294117647058,57.0,51.0,48.0,42.0
holdout,INGV,M_RW,8,0.5,2,0.9250680288181227,76,40.0,0.24561403508771928,0.1568627450980392,57.0,51.0,14.0,8.0
holdout,INGV,M_RW,8,1.0,6,0.8991710290133813,87,40.0,0.24561403508771928,0.1568627450980392,57.0,51.0,14.0,8.0
holdout,INGV,M_RW,8,1.5,14,0.8764344376536802,93,40.0,0.24561403508771928,0.1568627450980392,57.0,51.0,14.0,8.0
holdout,INGV,M_RW,8,2.0,14,0.8571890321805268,98,40.0,0.24561403508771928,0.1568627450980392,57.0,51.0,14.0,8.0
holdout,INGV,M_RW,8,3.0,17,0.8261571117688636,106,40.0,0.24561403508771928,0.1568627450980392,57.0,51.0,14.0,8.0
holdout,INGV,M_RW,9,0.1,6,0.9635175881230086,45,40.0,0.3333333333333333,0.2549019607843137,57.0,51.0,19.0,13.0
holdout,INGV,M_RW,9,0.5,11,0.9340270062433661,70,40.0,0.24561403508771928,0.1568627450980392,57.0,51.0,14.0,8.0
holdout,INGV,M_RW,9,1.0,7,0.9097992117762442,87,40.0,0.24561403508771928,0.1568627450980392,57.0,51.0,14.0,8.0
holdout,INGV,M_RW,9,1.5,7,0.8920713131278942,95,40.0,0.24561403508771928,0.1568627450980392,57.0,51.0,14.0,8.0
holdout,INGV,M_RW,9,2.0,12,0.8759526059151613,101,40.0,0.24561403508771928,0.1568627450980392,57.0,51.0,14.0,8.0
holdout,INGV,M_RW,9,3.0,9,0.8487439242902642,107,40.0,0.24561403508771928,0.1568627450980392,57.0,51.0,14.0,8.0
holdout,INGV,M_RW,10,0.1,5,0.9617253967899067,46,40.0,0.24561403508771928,0.1568627450980392,57.0,51.0,14.0,8.0
holdout,INGV,M_RW,10,0.5,14,0.9362150213941808,70,40.0,0.24561403508771928,0.1568627450980392,57.0,51.0,14.0,8.0
holdout,INGV,M_RW,10,1.0,1,0.9141795312147013,82,40.0,0.24561403508771928,0.1568627450980392,57.0,51.0,14.0,8.0
holdout,INGV,M_RW,10,1.5,1,0.8954019735845605,91,40.0,0.24561403508771928,0.1568627450980392,57.0,51.0,14.0,8.0
holdout,INGV,M_RW,10,2.0,15,0.8793758041937564,94,40.0,0.24561403508771928,0.1568627450980392,57.0,51.0,14.0,8.0
holdout,INGV,M_RW,10,3.0,3,0.8508746920556913,104,40.0,0.24561403508771928,0.1568627450980392,57.0,51.0,14.0,8.0
holdout,INGV,M_RW,11,0.1,12,0.9567938914739318,45,40.0,0.24561403508771928,0.1568627450980392,57.0,51.0,14.0,8.0
holdout,INGV,M_RW,11,0.5,14,0.9298931283098014,70,40.0,0.24561403508771928,0.1568627450980392,57.0,51.0,14.0,8.0
holdout,INGV,M_RW,11,1.0,15,0.906075963259404,84,40.0,0.24561403508771928,0.1568627450980392,57.0,51.0,14.0,8.0
holdout,INGV,M_RW,11,1.5,6,0.8873997774751191,98,40.0,0.24561403508771928,0.1568627450980392,57.0,51.0,14.0,8.0
holdout,INGV,M_RW,11,2.0,1,0.8705595360083903,100,40.0,0.24561403508771928,0.1568627450980392,57.0,51.0,14.0,8.0
holdout,INGV,M_RW,11,3.0,8,0.8435380238770421,108,40.0,0.24561403508771928,0.1568627450980392,57.0,51.0,14.0,8.0
holdout,INGV,M_RW,12,0.1,2,0.9583775864279297,43,40.0,0.24561403508771928,0.1568627450980392,57.0,51.0,14.0,8.0
holdout,INGV,M_RW,12,0.5,3,0.9286378860643109,74,40.0,0.24561403508771928,0.1568627450980392,57.0,51.0,14.0,8.0
holdout,INGV,M_RW,12,1.0,4,0.9059992275937061,90,40.0,0.24561403508771928,0.1568627450980392,57.0,51.0,14.0,8.0
holdout,INGV,M_RW,12,1.5,3,0.8878758759902435,98,40.0,0.24561403508771928,0.1568627450980392,57.0,51.0,14.0,8.0
holdout,INGV,M_RW,12,2.0,8,0.872251251538781,105,40.0,0.24561403508771928,0.1568627450980392,57.0,51.0,14.0,8.0
holdout,INGV,M_RW,12,3.0,12345,0.8427005178771573,107,40.0,0.24561403508771928,0.1568627450980392,57.0,51.0,14.0,8.0
holdout,INGV,M_RW,13,0.1,14,0.9594546686583624,46,40.0,0.24561403508771928,0.1568627450980392,57.0,51.0,14.0,8.0
holdout,INGV,M_RW,13,0.5,12,0.9351506717656897,78,40.0,0.24561403508771928,0.1568627450980392,57.0,51.0,14.0,8.0
holdout,INGV,M_RW,13,1.0,8,0.917161421528348,92,40.0,0.24561403508771928,0.1568627450980392,57.0,51.0,14.0,8.0
holdout,INGV,M_RW,13,1.5,6,0.9027318558372949,99,40.0,0.24561403508771928,0.1568627450980392,57.0,51.0,14.0,8.0
holdout,INGV,M_RW,13,2.0,12,0.8887570399545482,104,40.0,0.24561403508771928,0.1568627450980392,57.0,51.0,14.0,8.0
holdout,INGV,M_RW,13,3.0,12345,0.8634729406297256,112,40.0,0.24561403508771928,0.1568627450980392,57.0,51.0,14.0,8.0
holdout,INGV,M_RW,14,0.1,12,0.9657170847252726,51,40.0,0.45614035087719296,0.39215686274509803,57.0,51.0,26.0,20.0
holdout,INGV,M_RW,14,0.5,5,0.9421743400026055,78,40.0,0.24561403508771928,0.1568627450980392,57.0,51.0,14.0,8.0
holdout,INGV,M_RW,14,1.0,9,0.9236666261754031,89,40.0,0.24561403508771928,0.1568627450980392,57.0,51.0,14.0,8.0
holdout,INGV,M_RW,14,1.5,9,0.9082263225505725,95,40.0,0.24561403508771928,0.1568627450980392,57.0,51.0,14.0,8.0
holdout,INGV,M_RW,14,2.0,10,0.8944411487045515,99,40.0,0.24561403508771928,0.1568627450980392,57.0,51.0,14.0,8.0
holdout,INGV,M_RW,14,3.0,19,0.8690784163391698,107,40.0,0.24561403508771928,0.1568627450980392,57.0,51.0,14.0,8.0
holdout,INGV,M_RW,15,0.1,10,0.9668106906688715,49,40.0,0.543859649122807,0.49019607843137253,57.0,51.0,31.0,25.0
holdout,INGV,M_RW,15,0.5,15,0.9411970701102872,77,40.0,0.2807017543859649,0.19607843137254902,57.0,51.0,16.0,10.0
holdout,INGV,M_RW,15,1.0,6,0.9215364427142921,85,40.0,0.2807017543859649,0.19607843137254902,57.0,51.0,16.0,10.0
holdout,INGV,M_RW,15,1.5,15,0.903780507858985,90,40.0,0.2807017543859649,0.19607843137254902,57.0,51.0,16.0,10.0
holdout,INGV,M_RW,15,2.0,12345,0.8876754972501216,100,40.0,0.2807017543859649,0.19607843137254902,57.0,51.0,16.0,10.0
holdout,INGV,M_RW,15,3.0,13,0.8599366925725506,110,40.0,0.2807017543859649,0.19607843137254902,57.0,51.0,16.0,10.0
holdout,INGV,M_RW,16,0.1,19,0.9642262307528664,48,40.0,0.24561403508771928,0.1568627450980392,57.0,51.0,14.0,8.0
holdout,INGV,M_RW,16,0.5,9,0.9386845541697987,77,40.0,0.24561403508771928,0.1568627450980392,57.0,51.0,14.0,8.0
holdout,INGV,M_RW,16,1.0,6,0.916501693599856,94,40.0,0.24561403508771928,0.1568627450980392,57.0,51.0,14.0,8.0
holdout,INGV,M_RW,16,1.5,19,0.8982322706084882,99,40.0,0.24561403508771928,0.1568627450980392,57.0,51.0,14.0,8.0
holdout,INGV,M_RW,16,2.0,3,0.8821655608822151,103,40.0,0.24561403508771928,0.1568627450980392,57.0,51.0,14.0,8.0
holdout,INGV,M_RW,16,3.0,19,0.8551741296873977,111,40.0,0.24561403508771928,0.1568627450980392,57.0,51.0,14.0,8.0
holdout,INGV,M_RW,17,0.1,10,0.9622905562873824,42,40.0,0.24561403508771928,0.1568627450980392,57.0,51.0,14.0,8.0
holdout,INGV,M_RW,17,0.5,16,0.9314351702417389,67,40.0,0.24561403508771928,0.1568627450980392,57.0,51.0,14.0,8.0
holdout,INGV,M_RW,17,1.0,7,0.9052020056455677,79,40.0,0.24561403508771928,0.1568627450980392,57.0,51.0,14.0,8.0
holdout,INGV,M_RW,17,1.5,13,0.8838326057884989,83,40.0,0.24561403508771928,0.1568627450980392,57.0,51.0,14.0,8.0
holdout,INGV,M_RW,17,2.0,17,0.8645017908511312,90,40.0,0.24561403508771928,0.1568627450980392,57.0,51.0,14.0,8.0
holdout,INGV,M_RW,17,3.0,10,0.8323369101284258,102,40.0,0.24561403508771928,0.1568627450980392,57.0,51.0,14.0,8.0
holdout,INGV,M_RW,18,0.1,12,0.9675347280003279,46,40.0,0.42105263157894735,0.35294117647058826,57.0,51.0,24.0,18.0
holdout,INGV,M_RW,18,0.5,4,0.9431998353178387,74,40.0,0.24561403508771928,0.1568627450980392,57.0,51.0,14.0,8.0
holdout,INGV,M_RW,18,1.0,15,0.923740786932335,83,40.0,0.24561403508771928,0.1568627450980392,57.0,51.0,14.0,8.0
holdout,INGV,M_RW,18,1.5,15,0.9074232125152885,87,40.0,0.24561403508771928,0.1568627450980392,57.0,51.0,14.0,8.0
holdout,INGV,M_RW,18,2.0,16,0.8926672887810446,95,40.0,0.24561403508771928,0.1568627450980392,57.0,51.0,14.0,8.0
holdout,INGV,M_RW,18,3.0,13,0.8655174786826001,104,40.0,0.24561403508771928,0.1568627450980392,57.0,51.0,14.0,8.0
holdout,INGV,M_RW,19,0.1,16,0.9694371093038174,42,40.0,0.3157894736842105,0.23529411764705882,57.0,51.0,18.0,12.0
holdout,INGV,M_RW,19,0.5,12,0.9481069968700125,72,40.0,0.24561403508771928,0.1568627450980392,57.0,51.0,14.0,8.0
holdout,INGV,M_RW,19,1.0,11,0.9305201523906489,83,40.0,0.24561403508771928,0.1568627450980392,57.0,51.0,14.0,8.0
holdout,INGV,M_RW,19,1.5,11,0.9153123193508387,89,40.0,0.24561403508771928,0.1568627450980392,57.0,51.0,14.0,8.0
holdout,INGV,M_RW,19,2.0,12345,0.9024507843303798,96,40.0,0.24561403508771928,0.1568627450980392,57.0,51.0,14.0,8.0
holdout,INGV,M_RW,19,3.0,2,0.879588947053411,105,40.0,0.24561403508771928,0.1568627450980392,57.0,51.0,14.0,8.0
holdout,INGV,M_RW,20,0.1,12345,0.9687903342180341,49,40.0,0.24561403508771928,0.1568627450980392,57.0,51.0,14.0,8.0
holdout,INGV,M_RW,20,0.5,8,0.9440503158384188,73,40.0,0.24561403508771928,0.1568627450980392,57.0,51.0,14.0,8.0
holdout,INGV,M_RW,20,1.0,14,0.9249265367941539,86,40.0,0.24561403508771928,0.1568627450980392,57.0,51.0,14.0,8.0
holdout,INGV,M_RW,20,1.5,1,0.909265063448724,94,40.0,0.24561403508771928,0.1568627450980392,57.0,51.0,14.0,8.0
holdout,INGV,M_RW,20,2.0,15,0.894313063734302,96,40.0,0.24561403508771928,0.1568627450980392,57.0,51.0,14.0,8.0
holdout,INGV,M_RW,20,3.0,2,0.8669314491536959,104,40.0,0.24561403508771928,0.1568627450980392,57.0,51.0,14.0,8.0
holdout,INGV,M_RW,21,0.1,11,0.9632607416964891,46,40.0,0.24561403508771928,0.1568627450980392,57.0,51.0,14.0,8.0
holdout,INGV,M_RW,21,0.5,3,0.9379501904891675,70,40.0,0.24561403508771928,0.1568627450980392,57.0,51.0,14.0,8.0
holdout,INGV,M_RW,21,1.0,3,0.9206091989737762,82,40.0,0.24561403508771928,0.1568627450980392,57.0,51.0,14.0,8.0
holdout,INGV,M_RW,21,1.5,8,0.9060263285305902,92,40.0,0.24561403508771928,0.1568627450980392,57.0,51.0,14.0,8.0
holdout,INGV,M_RW,21,2.0,4,0.8928852473458532,98,40.0,0.24561403508771928,0.1568627450980392,57.0,51.0,14.0,8.0
holdout,INGV,M_RW,21,3.0,6,0.868352260360292,108,40.0,0.24561403508771928,0.1568627450980392,57.0,51.0,14.0,8.0
holdout,INGV,M_RW,22,0.1,15,0.9633070891838751,49,40.0,0.24561403508771928,0.1568627450980392,57.0,51.0,14.0,8.0
holdout,INGV,M_RW,22,0.5,18,0.9402535515550637,71,40.0,0.24561403508771928,0.1568627450980392,57.0,51.0,14.0,8.0
holdout,INGV,M_RW,22,1.0,6,0.9213735302833912,84,40.0,0.24561403508771928,0.1568627450980392,57.0,51.0,14.0,8.0
holdout,INGV,M_RW,22,1.5,6,0.9048151888611473,92,40.0,0.24561403508771928,0.1568627450980392,57.0,51.0,14.0,8.0
holdout,INGV,M_RW,22,2.0,16,0.8892929371422811,95,40.0,0.24561403508771928,0.1568627450980392,57.0,51.0,14.0,8.0
holdout,INGV,M_RW,22,3.0,4,0.861863869586563,105,40.0,0.24561403508771928,0.1568627450980392,57.0,51.0,14.0,8.0
holdout,INGV,M_RW,23,0.1,13,0.9655891816017522,52,40.0,0.3333333333333333,0.2549019607843137,57.0,51.0,19.0,13.0
holdout,INGV,M_RW,23,0.5,10,0.9406945529956935,78,40.0,0.3333333333333333,0.2549019607843137,57.0,51.0,19.0,13.0
holdout,INGV,M_RW,23,1.0,10,0.9171255498915456,91,40.0,0.3333333333333333,0.2549019607843137,57.0,51.0,19.0,13.0
holdout,INGV,M_RW,23,1.5,12,0.898311468169409,102,40.0,0.3333333333333333,0.2549019607843137,57.0,51.0,19.0,13.0
holdout,INGV,M_RW,23,2.0,10,0.8806956127821991,109,40.0,0.3333333333333333,0.2549019607843137,57.0,51.0,19.0,13.0
holdout,INGV,M_RW,23,3.0,9,0.8502462596171054,116,40.0,0.3333333333333333,0.2549019607843137,57.0,51.0,19.0,13.0
holdout,INGV,M_RW,24,0.1,8,0.9599427068786685,45,40.0,0.24561403508771928,0.1568627450980392,57.0,51.0,14.0,8.0
holdout,INGV,M_RW,24,0.5,3,0.9304515251076756,74,40.0,0.24561403508771928,0.1568627450980392,57.0,51.0,14.0,8.0
holdout,INGV,M_RW,24,1.0,10,0.9099897155569917,92,40.0,0.24561403508771928,0.1568627450980392,57.0,51.0,14.0,8.0
holdout,INGV,M_RW,24,1.5,6,0.8933016769378879,101,40.0,0.24561403508771928,0.1568627450980392,57.0,51.0,14.0,8.0
holdout,INGV,M_RW,24,2.0,15,0.8776361235098767,105,40.0,0.24561403508771928,0.1568627450980392,57.0,51.0,14.0,8.0
holdout,INGV,M_RW,24,3.0,4,0.849131829260724,111,40.0,0.24561403508771928,0.1568627450980392,57.0,51.0,14.0,8.0
holdout,INGV,M_RW,25,0.1,2,0.9698879839906297,48,40.0,0.3333333333333333,0.2549019607843137,57.0,51.0,19.0,13.0
holdout,INGV,M_RW,25,0.5,19,0.9503830499968603,74,40.0,0.3333333333333333,0.2549019607843137,57.0,51.0,19.0,13.0
holdout,INGV,M_RW,25,1.0,5,0.932774678803036,89,40.0,0.3333333333333333,0.2549019607843137,57.0,51.0,19.0,13.0
holdout,INGV,M_RW,25,1.5,5,0.9190640736763398,95,40.0,0.3333333333333333,0.2549019607843137,57.0,51.0,19.0,13.0
holdout,INGV,M_RW,25,2.0,16,0.9072960221093406,100,40.0,0.3333333333333333,0.2549019607843137,57.0,51.0,19.0,13.0
holdout,INGV,M_RW,25,3.0,13,0.8862191948911818,112,40.0,0.24561403508771928,0.1568627450980392,57.0,51.0,14.0,8.0
holdout,INGV,M_RW,26,0.1,13,0.9636346708051335,48,40.0,0.42105263157894735,0.35294117647058826,57.0,51.0,24.0,18.0
holdout,INGV,M_RW,26,0.5,6,0.9359978413563494,67,40.0,0.42105263157894735,0.35294117647058826,57.0,51.0,24.0,18.0
holdout,INGV,M_RW,26,1.0,15,0.9134337776260087,82,40.0,0.42105263157894735,0.35294117647058826,57.0,51.0,24.0,18.0
holdout,INGV,M_RW,26,1.5,7,0.8958429569459965,91,40.0,0.24561403508771928,0.1568627450980392,57.0,51.0,14.0,8.0
holdout,INGV,M_RW,26,2.0,17,0.8809392999926835,98,40.0,0.24561403508771928,0.1568627450980392,57.0,51.0,14.0,8.0
holdout,INGV,M_RW,26,3.0,14,0.8542283405028331,108,40.0,0.24561403508771928,0.1568627450980392,57.0,51.0,14.0,8.0
holdout,INGV,M_RW,27,0.1,13,0.9615061311728977,44,40.0,0.24561403508771928,0.1568627450980392,57.0,51.0,14.0,8.0
holdout,INGV,M_RW,27,0.5,13,0.9337780009493519,73,40.0,0.24561403508771928,0.1568627450980392,57.0,51.0,14.0,8.0
holdout,INGV,M_RW,27,1.0,13,0.9107421624159736,85,40.0,0.24561403508771928,0.1568627450980392,57.0,51.0,14.0,8.0
holdout,INGV,M_RW,27,1.5,7,0.8910316918872027,94,40.0,0.24561403508771928,0.1568627450980392,57.0,51.0,14.0,8.0
holdout,INGV,M_RW,27,2.0,9,0.8762331590788096,100,40.0,0.24561403508771928,0.1568627450980392,57.0,51.0,14.0,8.0
holdout,INGV,M_RW,27,3.0,12345,0.8504737683074793,107,40.0,0.24561403508771928,0.1568627450980392,57.0,51.0,14.0,8.0
holdout,INGV,M_RW,28,0.1,7,0.9617533954564309,43,40.0,0.2807017543859649,0.19607843137254902,57.0,51.0,16.0,10.0
holdout,INGV,M_RW,28,0.5,3,0.932643809011167,66,40.0,0.24561403508771928,0.1568627450980392,57.0,51.0,14.0,8.0
holdout,INGV,M_RW,28,1.0,14,0.9116979648362582,80,40.0,0.24561403508771928,0.1568627450980392,57.0,51.0,14.0,8.0
holdout,INGV,M_RW,28,1.5,5,0.8936319832814018,90,40.0,0.24561403508771928,0.1568627450980392,57.0,51.0,14.0,8.0
holdout,INGV,M_RW,28,2.0,5,0.8782916330380166,94,40.0,0.24561403508771928,0.1568627450980392,57.0,51.0,14.0,8.0
holdout,INGV,M_RW,28,3.0,14,0.8481201388062997,98,40.0,0.24561403508771928,0.1568627450980392,57.0,51.0,14.0,8.0
holdout,INGV,M_RW,29,0.1,18,0.9672178760350603,38,40.0,0.24561403508771928,0.1568627450980392,57.0,51.0,14.0,8.0
holdout,INGV,M_RW,29,0.5,4,0.9477044227583499,70,40.0,0.24561403508771928,0.1568627450980392,57.0,51.0,14.0,8.0
holdout,INGV,M_RW,29,1.0,4,0.9325917533358928,89,40.0,0.24561403508771928,0.1568627450980392,57.0,51.0,14.0,8.0
holdout,INGV,M_RW,29,1.5,15,0.9185007405748009,93,40.0,0.24561403508771928,0.1568627450980392,57.0,51.0,14.0,8.0
holdout,INGV,M_RW,29,2.0,5,0.9057881006150923,100,40.0,0.24561403508771928,0.1568627450980392,57.0,51.0,14.0,8.0
holdout,INGV,M_RW,29,3.0,6,0.8834341512574396,107,40.0,0.24561403508771928,0.1568627450980392,57.0,51.0,14.0,8.0
holdout,INGV,M_RW,30,0.1,12345,0.9644654930945794,48,,0.5087719298245614,0.45098039215686275,57.0,51.0,29.0,23.0
holdout,INGV,M_RW,30,0.5,7,0.9358004748284193,74,,0.42105263157894735,0.35294117647058826,57.0,51.0,24.0,18.0
holdout,INGV,M_RW,30,1.0,13,0.9156407156854388,81,,0.24561403508771928,0.1568627450980392,57.0,51.0,14.0,8.0
holdout,INGV,M_RW,30,1.5,14,0.8979534173838268,90,,0.24561403508771928,0.1568627450980392,57.0,51.0,14.0,8.0
holdout,INGV,M_RW,30,2.0,3,0.8827508661270278,98,,0.24561403508771928,0.1568627450980392,57.0,51.0,14.0,8.0
holdout,INGV,M_RW,30,3.0,6,0.8551646403390847,106,,0.24561403508771928,0.1568627450980392,57.0,51.0,14.0,8.0
holdout,INGV,M_RW,31,0.1,4,0.9601711307591243,42,,0.24561403508771928,0.1568627450980392,57.0,51.0,14.0,8.0
holdout,INGV,M_RW,31,0.5,19,0.9323031243795507,68,,0.24561403508771928,0.1568627450980392,57.0,51.0,14.0,8.0
holdout,INGV,M_RW,31,1.0,1,0.9134301862646002,76,,0.24561403508771928,0.1568627450980392,57.0,51.0,14.0,8.0
holdout,INGV,M_RW,31,1.5,16,0.8966784057699758,85,,0.24561403508771928,0.1568627450980392,57.0,51.0,14.0,8.0
holdout,INGV,M_RW,31,2.0,1,0.8824768693477087,90,,0.24561403508771928,0.1568627450980392,57.0,51.0,14.0,8.0
holdout,INGV,M_RW,31,3.0,3,0.8567715210122007,98,,0.24561403508771928,0.1568627450980392,57.0,51.0,14.0,8.0
holdout,INGV,M_RW,32,0.1,3,0.9694413076144692,46,,0.3333333333333333,0.2549019607843137,57.0,51.0,19.0,13.0
holdout,INGV,M_RW,32,0.5,17,0.949001199220689,71,,0.3333333333333333,0.2549019607843137,57.0,51.0,19.0,13.0
holdout,INGV,M_RW,32,1.0,5,0.9324140426791857,84,,0.24561403508771928,0.1568627450980392,57.0,51.0,14.0,8.0
holdout,INGV,M_RW,32,1.5,6,0.917708207670458,89,,0.24561403508771928,0.1568627450980392,57.0,51.0,14.0,8.0
holdout,INGV,M_RW,32,2.0,7,0.9034460319164658,92,,0.24561403508771928,0.1568627450980392,57.0,51.0,14.0,8.0
holdout,INGV,M_RW,32,3.0,16,0.875976439563798,100,,0.24561403508771928,0.1568627450980392,57.0,51.0,14.0,8.0
holdout,INGV,M_RW,33,0.1,14,0.963145947664907,43,,0.24561403508771928,0.1568627450980392,57.0,51.0,14.0,8.0
holdout,INGV,M_RW,33,0.5,9,0.9366951294631493,66,,0.24561403508771928,0.1568627450980392,57.0,51.0,14.0,8.0
holdout,INGV,M_RW,33,1.0,14,0.9159357907652713,78,,0.24561403508771928,0.1568627450980392,57.0,51.0,14.0,8.0
holdout,INGV,M_RW,33,1.5,10,0.8965504176475261,87,,0.24561403508771928,0.1568627450980392,57.0,51.0,14.0,8.0
holdout,INGV,M_RW,33,2.0,5,0.8805468297372248,98,,0.24561403508771928,0.1568627450980392,57.0,51.0,14.0,8.0
holdout,INGV,M_RW,33,3.0,13,0.8498205744769513,108,,0.24561403508771928,0.1568627450980392,57.0,51.0,14.0,8.0
holdout,INGV,M_RW,34,0.1,3,0.9660260464397364,40,,0.24561403508771928,0.1568627450980392,57.0,51.0,14.0,8.0
holdout,INGV,M_RW,34,0.5,11,0.9424699198028623,63,,0.24561403508771928,0.1568627450980392,57.0,51.0,14.0,8.0
holdout,INGV,M_RW,34,1.0,3,0.922160596189228,74,,0.24561403508771928,0.1568627450980392,57.0,51.0,14.0,8.0
holdout,INGV,M_RW,34,1.5,7,0.9064177999093823,83,,0.24561403508771928,0.1568627450980392,57.0,51.0,14.0,8.0
holdout,INGV,M_RW,34,2.0,1,0.8929255072851823,91,,0.24561403508771928,0.1568627450980392,57.0,51.0,14.0,8.0
holdout,INGV,M_RW,34,3.0,16,0.8682751281103895,99,,0.24561403508771928,0.1568627450980392,57.0,51.0,14.0,8.0
holdout,INGV,M_RW,35,0.1,1,0.9579679627865588,50,,0.45614035087719296,0.39215686274509803,57.0,51.0,26.0,20.0
holdout,INGV,M_RW,35,0.5,13,0.9299864059011705,73,,0.24561403508771928,0.1568627450980392,57.0,51.0,14.0,8.0
holdout,INGV,M_RW,35,1.0,8,0.9078170754429572,88,,0.24561403508771928,0.1568627450980392,57.0,51.0,14.0,8.0
holdout,INGV,M_RW,35,1.5,8,0.8899243462717724,97,,0.24561403508771928,0.1568627450980392,57.0,51.0,14.0,8.0
holdout,INGV,M_RW,35,2.0,12,0.8733089909267033,101,,0.24561403508771928,0.1568627450980392,57.0,51.0,14.0,8.0
holdout,INGV,M_RW,35,3.0,4,0.8451120968854224,111,,0.24561403508771928,0.1568627450980392,57.0,51.0,14.0,8.0
holdout,INGV,M_RW,36,0.1,4,0.9660135088268433,44,,0.45614035087719296,0.39215686274509803,57.0,51.0,26.0,20.0
holdout,INGV,M_RW,36,0.5,19,0.9439944623283816,74,,0.45614035087719296,0.39215686274509803,57.0,51.0,26.0,20.0
holdout,INGV,M_RW,36,1.0,6,0.927454664416926,84,,0.24561403508771928,0.1568627450980392,57.0,51.0,14.0,8.0
holdout,INGV,M_RW,36,1.5,6,0.9130629728887556,90,,0.24561403508771928,0.1568627450980392,57.0,51.0,14.0,8.0
holdout,INGV,M_RW,36,2.0,11,0.9003675880331508,98,,0.24561403508771928,0.1568627450980392,57.0,51.0,14.0,8.0
holdout,INGV,M_RW,36,3.0,6,0.878482182424003,116,,0.24561403508771928,0.1568627450980392,57.0,51.0,14.0,8.0
holdout,INGV,M_RW,37,0.1,3,0.9555200300774872,48,,0.24561403508771928,0.1568627450980392,57.0,51.0,14.0,8.0
holdout,INGV,M_RW,37,0.5,16,0.9224175730884763,70,,0.24561403508771928,0.1568627450980392,57.0,51.0,14.0,8.0
holdout,INGV,M_RW,37,1.0,11,0.8961975602309649,80,,0.24561403508771928,0.1568627450980392,57.0,51.0,14.0,8.0
holdout,INGV,M_RW,37,1.5,1,0.874885295934984,87,,0.24561403508771928,0.1568627450980392,57.0,51.0,14.0,8.0
holdout,INGV,M_RW,37,2.0,1,0.8596688473629647,96,,0.24561403508771928,0.1568627450980392,57.0,51.0,14.0,8.0
holdout,INGV,M_RW,37,3.0,5,0.8336347157499933,107,,0.24561403508771928,0.1568627450980392,57.0,51.0,14.0,8.0
holdout,INGV,M_RW,38,0.1,6,0.9650466340599622,38,,0.45614035087719296,0.39215686274509803,57.0,51.0,26.0,20.0
holdout,INGV,M_RW,38,0.5,5,0.940439451333882,60,,0.24561403508771928,0.1568627450980392,57.0,51.0,14.0,8.0
holdout,INGV,M_RW,38,1.0,15,0.920420836630067,74,,0.24561403508771928,0.1568627450980392,57.0,51.0,14.0,8.0
holdout,INGV,M_RW,38,1.5,2,0.9037858757523767,87,,0.24561403508771928,0.1568627450980392,57.0,51.0,14.0,8.0
holdout,INGV,M_RW,38,2.0,2,0.8898355269014776,91,,0.24561403508771928,0.1568627450980392,57.0,51.0,14.0,8.0
holdout,INGV,M_RW,38,3.0,2,0.8656792189570162,99,,0.24561403508771928,0.1568627450980392,57.0,51.0,14.0,8.0
holdout,INGV,M_RW,39,0.1,16,0.9611277346781266,43,,0.49122807017543857,0.43137254901960786,57.0,51.0,28.0,22.0
holdout,INGV,M_RW,39,0.5,4,0.9334908914015668,72,,0.24561403508771928,0.1568627450980392,57.0,51.0,14.0,8.0
holdout,INGV,M_RW,39,1.0,1,0.9119513556188984,81,,0.24561403508771928,0.1568627450980392,57.0,51.0,14.0,8.0
holdout,INGV,M_RW,39,1.5,12,0.8934866305628577,88,,0.24561403508771928,0.1568627450980392,57.0,51.0,14.0,8.0
holdout,INGV,M_RW,39,2.0,3,0.8770057839763762,96,,0.24561403508771928,0.1568627450980392,57.0,51.0,14.0,8.0
holdout,INGV,M_RW,39,3.0,6,0.8468288037766333,101,,0.24561403508771928,0.1568627450980392,57.0,51.0,14.0,8.0
holdout,INGV,M_RW,40,0.1,9,0.9591767186913042,50,,0.3157894736842105,0.23529411764705882,57.0,51.0,18.0,12.0
holdout,INGV,M_RW,40,0.5,4,0.9319775098293563,72,,0.24561403508771928,0.1568627450980392,57.0,51.0,14.0,8.0
holdout,INGV,M_RW,40,1.0,6,0.9117260872079833,88,,0.24561403508771928,0.1568627450980392,57.0,51.0,14.0,8.0
holdout,INGV,M_RW,40,1.5,17,0.8946350053109308,94,,0.24561403508771928,0.1568627450980392,57.0,51.0,14.0,8.0
holdout,INGV,M_RW,40,2.0,12345,0.8787693771570996,100,,0.24561403508771928,0.1568627450980392,57.0,51.0,14.0,8.0
holdout,INGV,M_RW,40,3.0,9,0.8501227178457775,109,,0.24561403508771928,0.1568627450980392,57.0,51.0,14.0,8.0
holdout,INGV,M_RW,41,0.1,12,0.9640415227796867,45,,0.3157894736842105,0.23529411764705882,57.0,51.0,18.0,12.0
holdout,INGV,M_RW,41,0.5,17,0.9415335790664036,71,,0.24561403508771928,0.1568627450980392,57.0,51.0,14.0,8.0
holdout,INGV,M_RW,41,1.0,8,0.9221514676808737,82,,0.24561403508771928,0.1568627450980392,57.0,51.0,14.0,8.0
holdout,INGV,M_RW,41,1.5,1,0.9068617305265178,93,,0.24561403508771928,0.1568627450980392,57.0,51.0,14.0,8.0
holdout,INGV,M_RW,41,2.0,1,0.8922867039774062,103,,0.24561403508771928,0.1568627450980392,57.0,51.0,14.0,8.0
holdout,INGV,M_RW,41,3.0,15,0.8675365793579937,111,,0.24561403508771928,0.1568627450980392,57.0,51.0,14.0,8.0
holdout,INGV,M_RW,42,0.1,17,0.9663388550533419,46,,0.2807017543859649,0.19607843137254902,57.0,51.0,16.0,10.0
holdout,INGV,M_RW,42,0.5,3,0.9446173437445649,67,,0.2807017543859649,0.19607843137254902,57.0,51.0,16.0,10.0
holdout,INGV,M_RW,42,1.0,17,0.9266430728804933,80,,0.2807017543859649,0.19607843137254902,57.0,51.0,16.0,10.0
holdout,INGV,M_RW,42,1.5,15,0.9114002403879876,91,,0.2807017543859649,0.19607843137254902,57.0,51.0,16.0,10.0
holdout,INGV,M_RW,42,2.0,15,0.8975018079964978,97,,0.2807017543859649,0.19607843137254902,57.0,51.0,16.0,10.0
holdout,INGV,M_RW,42,3.0,15,0.8729866983347698,108,,0.2807017543859649,0.19607843137254902,57.0,51.0,16.0,10.0
holdout,INGV,M_RW,43,0.1,11,0.9668860749664565,44,,0.3684210526315789,0.29411764705882354,57.0,51.0,21.0,15.0
holdout,INGV,M_RW,43,0.5,12345,0.9439252251313471,72,,0.3333333333333333,0.2549019607843137,57.0,51.0,19.0,13.0
holdout,INGV,M_RW,43,1.0,3,0.9255054052599112,90,,0.24561403508771928,0.1568627450980392,57.0,51.0,14.0,8.0
holdout,INGV,M_RW,43,1.5,6,0.9104490799485766,95,,0.24561403508771928,0.1568627450980392,57.0,51.0,14.0,8.0
holdout,INGV,M_RW,43,2.0,11,0.8969097119080613,100,,0.24561403508771928,0.1568627450980392,57.0,51.0,14.0,8.0
holdout,INGV,M_RW,43,3.0,5,0.8720187951422406,111,,0.24561403508771928,0.1568627450980392,57.0,51.0,14.0,8.0
holdout,INGV,M_RW,44,0.1,14,0.9671759847187485,42,,0.24561403508771928,0.1568627450980392,57.0,51.0,14.0,8.0
holdout,INGV,M_RW,44,0.5,12,0.944415739684314,66,,0.24561403508771928,0.1568627450980392,57.0,51.0,14.0,8.0
holdout,INGV,M_RW,44,1.0,14,0.9273398689820843,79,,0.24561403508771928,0.1568627450980392,57.0,51.0,14.0,8.0
holdout,INGV,M_RW,44,1.5,11,0.9126847699643083,88,,0.24561403508771928,0.1568627450980392,57.0,51.0,14.0,8.0
holdout,INGV,M_RW,44,2.0,12345,0.8997807668512059,94,,0.24561403508771928,0.1568627450980392,57.0,51.0,14.0,8.0
holdout,INGV,M_RW,44,3.0,11,0.8758173974621721,106,,0.24561403508771928,0.1568627450980392,57.0,51.0,14.0,8.0
holdout,INGV,M_RW,45,0.1,1,0.9575289956141779,41,,0.24561403508771928,0.1568627450980392,57.0,51.0,14.0,8.0
holdout,INGV,M_RW,45,0.5,9,0.927077765224059,69,,0.42105263157894735,0.35294117647058826,57.0,51.0,24.0,18.0
holdout,INGV,M_RW,45,1.0,12,0.9035417100769642,80,,0.24561403508771928,0.1568627450980392,57.0,51.0,14.0,8.0
holdout,INGV,M_RW,45,1.5,12345,0.8842367660527621,88,,0.24561403508771928,0.1568627450980392,57.0,51.0,14.0,8.0
holdout,INGV,M_RW,45,2.0,14,0.8686425638923392,94,,0.24561403508771928,0.1568627450980392,57.0,51.0,14.0,8.0
holdout,INGV,M_RW,45,3.0,7,0.8406458953717504,103,,0.24561403508771928,0.1568627450980392,57.0,51.0,14.0,8.0
holdout,INGV,M_RW,46,0.1,8,0.9627929536362241,45,,0.24561403508771928,0.1568627450980392,57.0,51.0,14.0,8.0
holdout,INGV,M_RW,46,0.5,12345,0.9339219849088409,70,,0.24561403508771928,0.1568627450980392,57.0,51.0,14.0,8.0
holdout,INGV,M_RW,46,1.0,18,0.9120852871871891,80,,0.24561403508771928,0.1568627450980392,57.0,51.0,14.0,8.0
holdout,INGV,M_RW,46,1.5,3,0.8936556343462501,89,,0.24561403508771928,0.1568627450980392,57.0,51.0,14.0,8.0
holdout,INGV,M_RW,46,2.0,18,0.8768418235815779,94,,0.24561403508771928,0.1568627450980392,57.0,51.0,14.0,8.0
holdout,INGV,M_RW,46,3.0,11,0.844960417166587,104,,0.24561403508771928,0.1568627450980392,57.0,51.0,14.0,8.0
holdout,INGV,M_RW,47,0.1,15,0.9638330320991281,44,,0.42105263157894735,0.35294117647058826,57.0,51.0,24.0,18.0
holdout,INGV,M_RW,47,0.5,3,0.9382517929196024,72,,0.24561403508771928,0.1568627450980392,57.0,51.0,14.0,8.0
holdout,INGV,M_RW,47,1.0,6,0.9167576458193645,86,,0.24561403508771928,0.1568627450980392,57.0,51.0,14.0,8.0
holdout,INGV,M_RW,47,1.5,17,0.9006986925320731,94,,0.24561403508771928,0.1568627450980392,57.0,51.0,14.0,8.0
holdout,INGV,M_RW,47,2.0,1,0.8863447610941606,98,,0.24561403508771928,0.1568627450980392,57.0,51.0,14.0,8.0
holdout,INGV,M_RW,47,3.0,1,0.8616788438304188,107,,0.24561403508771928,0.1568627450980392,57.0,51.0,14.0,8.0
holdout,INGV,M_RW,48,0.1,9,0.9647514498171644,44,,0.45614035087719296,0.39215686274509803,57.0,51.0,26.0,20.0
holdout,INGV,M_RW,48,0.5,1,0.938723569068756,70,,0.24561403508771928,0.1568627450980392,57.0,51.0,14.0,8.0
holdout,INGV,M_RW,48,1.0,3,0.9191763812134881,81,,0.24561403508771928,0.1568627450980392,57.0,51.0,14.0,8.0
holdout,INGV,M_RW,48,1.5,15,0.9031890968545256,93,,0.24561403508771928,0.1568627450980392,57.0,51.0,14.0,8.0
holdout,INGV,M_RW,48,2.0,14,0.889789345195571,101,,0.24561403508771928,0.1568627450980392,57.0,51.0,14.0,8.0
holdout,INGV,M_RW,48,3.0,4,0.8644055869027208,109,,0.24561403508771928,0.1568627450980392,57.0,51.0,14.0,8.0
holdout,INGV,M_RW,49,0.1,12345,0.9670235395934418,40,,0.24561403508771928,0.1568627450980392,57.0,51.0,14.0,8.0
holdout,INGV,M_RW,49,0.5,12345,0.9452819727824635,62,,0.24561403508771928,0.1568627450980392,57.0,51.0,14.0,8.0
holdout,INGV,M_RW,49,1.0,15,0.924084069877304,75,,0.24561403508771928,0.1568627450980392,57.0,51.0,14.0,8.0
holdout,INGV,M_RW,49,1.5,15,0.906337222820246,81,,0.24561403508771928,0.1568627450980392,57.0,51.0,14.0,8.0
holdout,INGV,M_RW,49,2.0,14,0.8898912647219599,89,,0.24561403508771928,0.1568627450980392,57.0,51.0,14.0,8.0
holdout,INGV,M_RW,49,3.0,16,0.8587727653115165,98,,0.24561403508771928,0.1568627450980392,57.0,51.0,14.0,8.0
holdout,INGV,M_RW,50,0.1,7,0.9588202707030191,42,,0.24561403508771928,0.1568627450980392,57.0,51.0,14.0,8.0
holdout,INGV,M_RW,50,0.5,3,0.9284466028005078,72,,0.24561403508771928,0.1568627450980392,57.0,51.0,14.0,8.0
holdout,INGV,M_RW,50,1.0,8,0.9091402809108315,87,,0.24561403508771928,0.1568627450980392,57.0,51.0,14.0,8.0
holdout,INGV,M_RW,50,1.5,16,0.8926966222942331,100,,0.24561403508771928,0.1568627450980392,57.0,51.0,14.0,8.0
holdout,INGV,M_RW,50,2.0,15,0.8780385567939336,107,,0.24561403508771928,0.1568627450980392,57.0,51.0,14.0,8.0
holdout,INGV,M_RW,50,3.0,4,0.8500787462726619,112,,0.24561403508771928,0.1568627450980392,57.0,51.0,14.0,8.0
holdout,INGV,M_RW,51,0.1,4,0.9632151081199499,52,,0.3157894736842105,0.23529411764705882,57.0,51.0,18.0,12.0
holdout,INGV,M_RW,51,0.5,15,0.9399139810376321,78,,0.3157894736842105,0.23529411764705882,57.0,51.0,18.0,12.0
holdout,INGV,M_RW,51,1.0,19,0.9208042163864081,90,,0.3157894736842105,0.23529411764705882,57.0,51.0,18.0,12.0
holdout,INGV,M_RW,51,1.5,7,0.9039355871001964,97,,0.3157894736842105,0.23529411764705882,57.0,51.0,18.0,12.0
holdout,INGV,M_RW,51,2.0,12345,0.8873121594334559,100,,0.24561403508771928,0.1568627450980392,57.0,51.0,14.0,8.0
holdout,INGV,M_RW,51,3.0,7,0.8564633031467831,110,,0.24561403508771928,0.1568627450980392,57.0,51.0,14.0,8.0
holdout,INGV,M_RW,52,0.1,8,0.9687123923269269,50,,0.42105263157894735,0.35294117647058826,57.0,51.0,24.0,18.0
holdout,INGV,M_RW,52,0.5,10,0.9474382297821887,77,,0.24561403508771928,0.1568627450980392,57.0,51.0,14.0,8.0
holdout,INGV,M_RW,52,1.0,2,0.9294592781302783,83,,0.24561403508771928,0.1568627450980392,57.0,51.0,14.0,8.0
holdout,INGV,M_RW,52,1.5,2,0.9146494615454052,92,,0.24561403508771928,0.1568627450980392,57.0,51.0,14.0,8.0
holdout,INGV,M_RW,52,2.0,2,0.9011951502420299,98,,0.24561403508771928,0.1568627450980392,57.0,51.0,14.0,8.0
holdout,INGV,M_RW,52,3.0,9,0.8769252221533586,108,,0.24561403508771928,0.1568627450980392,57.0,51.0,14.0,8.0
holdout,INGV,M_RW,53,0.1,2,0.9684548895609982,43,,0.24561403508771928,0.1568627450980392,57.0,51.0,14.0,8.0
holdout,INGV,M_RW,53,0.5,7,0.9444769786752969,72,,0.24561403508771928,0.1568627450980392,57.0,51.0,14.0,8.0
holdout,INGV,M_RW,53,1.0,17,0.9252586250212287,87,,0.24561403508771928,0.1568627450980392,57.0,51.0,14.0,8.0
holdout,INGV,M_RW,53,1.5,6,0.9081111900818943,93,,0.24561403508771928,0.1568627450980392,57.0,51.0,14.0,8.0
holdout,INGV,M_RW,53,2.0,9,0.8913763482896289,101,,0.24561403508771928,0.1568627450980392,57.0,51.0,14.0,8.0
holdout,INGV,M_RW,53,3.0,3,0.8625214221438727,112,,0.24561403508771928,0.1568627450980392,57.0,51.0,14.0,8.0
holdout,INGV,M_RW,54,0.1,2,0.9670762188726897,47,,0.2807017543859649,0.19607843137254902,57.0,51.0,16.0,10.0
holdout,INGV,M_RW,54,0.5,12345,0.9434465333712226,75,,0.2807017543859649,0.19607843137254902,57.0,51.0,16.0,10.0
holdout,INGV,M_RW,54,1.0,6,0.9237942248955103,89,,0.2807017543859649,0.19607843137254902,57.0,51.0,16.0,10.0
holdout,INGV,M_RW,54,1.5,14,0.9071746221152509,99,,0.2807017543859649,0.19607843137254902,57.0,51.0,16.0,10.0
holdout,INGV,M_RW,54,2.0,11,0.892324636553404,104,,0.24561403508771928,0.1568627450980392,57.0,51.0,14.0,8.0
holdout,INGV,M_RW,54,3.0,1,0.8669174032551169,113,,0.24561403508771928,0.1568627450980392,57.0,51.0,14.0,8.0
holdout,INGV,M_RW,55,0.1,2,0.9614199603933711,41,,0.45614035087719296,0.39215686274509803,57.0,51.0,26.0,20.0
holdout,INGV,M_RW,55,0.5,7,0.9327670223533253,62,,0.24561403508771928,0.1568627450980392,57.0,51.0,14.0,8.0
holdout,INGV,M_RW,55,1.0,13,0.9105816001699182,84,,0.24561403508771928,0.1568627450980392,57.0,51.0,14.0,8.0
holdout,INGV,M_RW,55,1.5,18,0.8925934269291569,89,,0.24561403508771928,0.1568627450980392,57.0,51.0,14.0,8.0
holdout,INGV,M_RW,55,2.0,5,0.875073841538463,93,,0.24561403508771928,0.1568627450980392,57.0,51.0,14.0,8.0
holdout,INGV,M_RW,55,3.0,6,0.8454525507365823,109,,0.24561403508771928,0.1568627450980392,57.0,51.0,14.0,8.0
holdout,INGV,M_RW,56,0.1,6,0.9643949298988607,44,,0.24561403508771928,0.1568627450980392,57.0,51.0,14.0,8.0
holdout,INGV,M_RW,56,0.5,10,0.9369848565646729,66,,0.24561403508771928,0.1568627450980392,57.0,51.0,14.0,8.0
holdout,INGV,M_RW,56,1.0,7,0.9136046291665662,77,,0.24561403508771928,0.1568627450980392,57.0,51.0,14.0,8.0
holdout,INGV,M_RW,56,1.5,11,0.893427577239968,83,,0.24561403508771928,0.1568627450980392,57.0,51.0,14.0,8.0
holdout,INGV,M_RW,56,2.0,11,0.875840218947337,87,,0.24561403508771928,0.1568627450980392,57.0,51.0,14.0,8.0
holdout,INGV,M_RW,56,3.0,18,0.8479013642969668,95,,0.24561403508771928,0.1568627450980392,57.0,51.0,14.0,8.0
holdout,INGV,M_RW,57,0.1,16,0.9597466796156782,42,,0.24561403508771928,0.1568627450980392,57.0,51.0,14.0,8.0
holdout,INGV,M_RW,57,0.5,3,0.9248542308255708,68,,0.24561403508771928,0.1568627450980392,57.0,51.0,14.0,8.0
holdout,INGV,M_RW,57,1.0,6,0.9022624741613534,76,,0.24561403508771928,0.1568627450980392,57.0,51.0,14.0,8.0
holdout,INGV,M_RW,57,1.5,9,0.8840164870990593,88,,0.24561403508771928,0.1568627450980392,57.0,51.0,14.0,8.0
holdout,INGV,M_RW,57,2.0,13,0.8686008135869915,94,,0.24561403508771928,0.1568627450980392,57.0,51.0,14.0,8.0
holdout,INGV,M_RW,57,3.0,1,0.8398473692416842,99,,0.24561403508771928,0.1568627450980392,57.0,51.0,14.0,8.0
holdout,INGV,M_RW,58,0.1,17,0.9564506801693998,46,,0.8070175438596491,0.7843137254901961,57.0,51.0,46.0,40.0
holdout,INGV,M_RW,58,0.5,13,0.9243645134655408,72,,0.8070175438596491,0.7843137254901961,57.0,51.0,46.0,40.0
holdout,INGV,M_RW,58,1.0,6,0.896371306249324,81,,0.42105263157894735,0.35294117647058826,57.0,51.0,24.0,18.0
holdout,INGV,M_RW,58,1.5,1,0.8724396710583641,91,,0.42105263157894735,0.35294117647058826,57.0,51.0,24.0,18.0
holdout,INGV,M_RW,58,2.0,17,0.8512236202429146,95,,0.42105263157894735,0.35294117647058826,57.0,51.0,24.0,18.0
holdout,INGV,M_RW,58,3.0,8,0.8118671763710029,105,,0.42105263157894735,0.35294117647058826,57.0,51.0,24.0,18.0
holdout,INGV,M_RW,59,0.1,13,0.9608204328056937,46,,0.24561403508771928,0.1568627450980392,57.0,51.0,14.0,8.0
holdout,INGV,M_RW,59,0.5,19,0.9345528156497994,72,,0.24561403508771928,0.1568627450980392,57.0,51.0,14.0,8.0
holdout,INGV,M_RW,59,1.0,16,0.9158082755368259,89,,0.24561403508771928,0.1568627450980392,57.0,51.0,14.0,8.0
holdout,INGV,M_RW,59,1.5,7,0.9003989632208779,95,,0.24561403508771928,0.1568627450980392,57.0,51.0,14.0,8.0
holdout,INGV,M_RW,59,2.0,1,0.8866002266849774,98,,0.24561403508771928,0.1568627450980392,57.0,51.0,14.0,8.0
holdout,INGV,M_RW,59,3.0,13,0.8599757265190986,100,,0.24561403508771928,0.1568627450980392,57.0,51.0,14.0,8.0
holdout,INGV,M_RW,60,0.1,19,0.9631491711713304,42,,0.49122807017543857,0.43137254901960786,57.0,51.0,28.0,22.0
holdout,INGV,M_RW,60,0.5,6,0.9350707625441059,69,,0.24561403508771928,0.1568627450980392,57.0,51.0,14.0,8.0
holdout,INGV,M_RW,60,1.0,13,0.9128211114301013,77,,0.24561403508771928,0.1568627450980392,57.0,51.0,14.0,8.0
holdout,INGV,M_RW,60,1.5,4,0.8945527133654133,87,,0.24561403508771928,0.1568627450980392,57.0,51.0,14.0,8.0
holdout,INGV,M_RW,60,2.0,14,0.8795701979270015,92,,0.24561403508771928,0.1568627450980392,57.0,51.0,14.0,8.0
holdout,INGV,M_RW,60,3.0,13,0.8540138071931399,101,,0.24561403508771928,0.1568627450980392,57.0,51.0,14.0,8.0
holdout,INGV,M_RW,61,0.1,3,0.9629991628756979,48,,0.8421052631578947,0.8235294117647058,57.0,51.0,48.0,42.0
holdout,INGV,M_RW,61,0.5,5,0.9368907196120405,72,,0.42105263157894735,0.35294117647058826,57.0,51.0,24.0,18.0
holdout,INGV,M_RW,61,1.0,2,0.9188633018521256,88,,0.42105263157894735,0.35294117647058826,57.0,51.0,24.0,18.0
holdout,INGV,M_RW,61,1.5,12345,0.9053866143100011,100,,0.42105263157894735,0.35294117647058826,57.0,51.0,24.0,18.0
holdout,INGV,M_RW,61,2.0,17,0.8931224961268837,105,,0.42105263157894735,0.35294117647058826,57.0,51.0,24.0,18.0
holdout,INGV,M_RW,61,3.0,19,0.871191127171199,116,,0.42105263157894735,0.35294117647058826,57.0,51.0,24.0,18.0
holdout,INGV,M_RW,62,0.1,4,0.9616779745767816,44,,0.24561403508771928,0.1568627450980392,57.0,51.0,14.0,8.0
holdout,INGV,M_RW,62,0.5,18,0.9372655816920019,69,,0.24561403508771928,0.1568627450980392,57.0,51.0,14.0,8.0
holdout,INGV,M_RW,62,1.0,10,0.9183778933585519,80,,0.24561403508771928,0.1568627450980392,57.0,51.0,14.0,8.0
holdout,INGV,M_RW,62,1.5,6,0.903176598789056,89,,0.24561403508771928,0.1568627450980392,57.0,51.0,14.0,8.0
holdout,INGV,M_RW,62,2.0,9,0.8900145814674009,95,,0.24561403508771928,0.1568627450980392,57.0,51.0,14.0,8.0
holdout,INGV,M_RW,62,3.0,14,0.8667029030586558,104,,0.24561403508771928,0.1568627450980392,57.0,51.0,14.0,8.0
holdout,INGV,M_RW,63,0.1,6,0.9650254088020993,45,,0.24561403508771928,0.1568627450980392,57.0,51.0,14.0,8.0
holdout,INGV,M_RW,63,0.5,15,0.9427065215585173,70,,0.24561403508771928,0.1568627450980392,57.0,51.0,14.0,8.0
holdout,INGV,M_RW,63,1.0,7,0.9251005730609704,82,,0.24561403508771928,0.1568627450980392,57.0,51.0,14.0,8.0
holdout,INGV,M_RW,63,1.5,6,0.9098297317976104,91,,0.24561403508771928,0.1568627450980392,57.0,51.0,14.0,8.0
holdout,INGV,M_RW,63,2.0,12,0.8961610737036626,96,,0.24561403508771928,0.1568627450980392,57.0,51.0,14.0,8.0
holdout,INGV,M_RW,63,3.0,5,0.8710713399369819,104,,0.24561403508771928,0.1568627450980392,57.0,51.0,14.0,8.0
holdout,INGV,M_RW,64,0.1,12345,0.9607937070890711,43,,0.24561403508771928,0.1568627450980392,57.0,51.0,14.0,8.0
holdout,INGV,M_RW,64,0.5,12,0.9313194282682895,73,,0.24561403508771928,0.1568627450980392,57.0,51.0,14.0,8.0
holdout,INGV,M_RW,64,1.0,1,0.9076592052932331,89,,0.24561403508771928,0.1568627450980392,57.0,51.0,14.0,8.0
holdout,INGV,M_RW,64,1.5,3,0.8893016567071949,97,,0.24561403508771928,0.1568627450980392,57.0,51.0,14.0,8.0
holdout,INGV,M_RW,64,2.0,10,0.8728214430016838,102,,0.24561403508771928,0.1568627450980392,57.0,51.0,14.0,8.0
holdout,INGV,M_RW,64,3.0,11,0.8445010252702896,116,,0.24561403508771928,0.1568627450980392,57.0,51.0,14.0,8.0
holdout,INGV,M_RW,65,0.1,12345,0.9605632398351053,53,,0.3684210526315789,0.29411764705882354,57.0,51.0,21.0,15.0
holdout,INGV,M_RW,65,0.5,10,0.9332978451153433,74,,0.3333333333333333,0.2549019607843137,57.0,51.0,19.0,13.0
holdout,INGV,M_RW,65,1.0,12345,0.9151145709319489,90,,0.3333333333333333,0.2549019607843137,57.0,51.0,19.0,13.0
holdout,INGV,M_RW,65,1.5,15,0.9003576001160342,97,,0.3333333333333333,0.2549019607843137,57.0,51.0,19.0,13.0
holdout,INGV,M_RW,65,2.0,1,0.8868600826692296,105,,0.3333333333333333,0.2549019607843137,57.0,51.0,19.0,13.0
holdout,INGV,M_RW,65,3.0,11,0.8636908937612235,117,,0.3333333333333333,0.2549019607843137,57.0,51.0,19.0,13.0
holdout,INGV,M_RW,66,0.1,7,0.9640683117342198,49,,0.3157894736842105,0.23529411764705882,57.0,51.0,18.0,12.0
holdout,INGV,M_RW,66,0.5,7,0.9391782928944014,75,,0.24561403508771928,0.1568627450980392,57.0,51.0,14.0,8.0
holdout,INGV,M_RW,66,1.0,2,0.9204509777888396,92,,0.24561403508771928,0.1568627450980392,57.0,51.0,14.0,8.0
holdout,INGV,M_RW,66,1.5,13,0.9055131129313081,96,,0.24561403508771928,0.1568627450980392,57.0,51.0,14.0,8.0
holdout,INGV,M_RW,66,2.0,6,0.8914617915125664,100,,0.24561403508771928,0.1568627450980392,57.0,51.0,14.0,8.0
holdout,INGV,M_RW,66,3.0,16,0.8659081315176925,115,,0.24561403508771928,0.1568627450980392,57.0,51.0,14.0,8.0
holdout,INGV,M_RW,67,0.1,8,0.960659107086275,42,,0.24561403508771928,0.1568627450980392,57.0,51.0,14.0,8.0
holdout,INGV,M_RW,67,0.5,12345,0.9346674549378058,71,,0.24561403508771928,0.1568627450980392,57.0,51.0,14.0,8.0
holdout,INGV,M_RW,67,1.0,6,0.9127166217457631,86,,0.24561403508771928,0.1568627450980392,57.0,51.0,14.0,8.0
holdout,INGV,M_RW,67,1.5,12,0.8937653327476413,93,,0.24561403508771928,0.1568627450980392,57.0,51.0,14.0,8.0
holdout,INGV,M_RW,67,2.0,6,0.8781325228425136,98,,0.24561403508771928,0.1568627450980392,57.0,51.0,14.0,8.0
holdout,INGV,M_RW,67,3.0,6,0.8516431805042726,110,,0.24561403508771928,0.1568627450980392,57.0,51.0,14.0,8.0
holdout,INGV,M_RW,68,0.1,14,0.9629702909036029,53,,0.45614035087719296,0.39215686274509803,57.0,51.0,26.0,20.0
holdout,INGV,M_RW,68,0.5,15,0.9412524046608151,75,,0.24561403508771928,0.1568627450980392,57.0,51.0,14.0,8.0
holdout,INGV,M_RW,68,1.0,15,0.9237767166096776,86,,0.24561403508771928,0.1568627450980392,57.0,51.0,14.0,8.0
holdout,INGV,M_RW,68,1.5,16,0.9090736616339831,98,,0.24561403508771928,0.1568627450980392,57.0,51.0,14.0,8.0
holdout,INGV,M_RW,68,2.0,1,0.8962714537309326,104,,0.24561403508771928,0.1568627450980392,57.0,51.0,14.0,8.0
holdout,INGV,M_RW,68,3.0,18,0.8720522145626494,111,,0.24561403508771928,0.1568627450980392,57.0,51.0,14.0,8.0
holdout,INGV,M_RW,69,0.1,6,0.9635567910539745,46,,0.24561403508771928,0.1568627450980392,57.0,51.0,14.0,8.0
holdout,INGV,M_RW,69,0.5,16,0.9426351846954755,72,,0.24561403508771928,0.1568627450980392,57.0,51.0,14.0,8.0
holdout,INGV,M_RW,69,1.0,9,0.9245338506842331,87,,0.24561403508771928,0.1568627450980392,57.0,51.0,14.0,8.0
holdout,INGV,M_RW,69,1.5,2,0.9087561748403513,92,,0.24561403508771928,0.1568627450980392,57.0,51.0,14.0,8.0
holdout,INGV,M_RW,69,2.0,12,0.8936066803882521,97,,0.24561403508771928,0.1568627450980392,57.0,51.0,14.0,8.0
holdout,INGV,M_RW,69,3.0,12,0.8673283770503346,109,,0.24561403508771928,0.1568627450980392,57.0,51.0,14.0,8.0
holdout,INGV,M_RW,70,0.1,12345,0.9659529619160585,51,,0.24561403508771928,0.1568627450980392,57.0,51.0,14.0,8.0
holdout,INGV,M_RW,70,0.5,6,0.9406907295513894,79,,0.24561403508771928,0.1568627450980392,57.0,51.0,14.0,8.0
holdout,INGV,M_RW,70,1.0,6,0.9208175974402724,92,,0.24561403508771928,0.1568627450980392,57.0,51.0,14.0,8.0
holdout,INGV,M_RW,70,1.5,17,0.9039685383767164,95,,0.24561403508771928,0.1568627450980392,57.0,51.0,14.0,8.0
holdout,INGV,M_RW,70,2.0,1,0.8884433456093315,105,,0.24561403508771928,0.1568627450980392,57.0,51.0,14.0,8.0
holdout,INGV,M_RW,70,3.0,8,0.8617050601878584,113,,0.24561403508771928,0.1568627450980392,57.0,51.0,14.0,8.0
holdout,INGV,M_RW,71,0.1,19,0.9591220844654731,50,,0.49122807017543857,0.43137254901960786,57.0,51.0,28.0,22.0
holdout,INGV,M_RW,71,0.5,7,0.9347058712470631,76,,0.3157894736842105,0.23529411764705882,57.0,51.0,18.0,12.0
holdout,INGV,M_RW,71,1.0,8,0.9155265045275167,86,,0.3157894736842105,0.23529411764705882,57.0,51.0,18.0,12.0
holdout,INGV,M_RW,71,1.5,12345,0.898549238416917,92,,0.24561403508771928,0.1568627450980392,57.0,51.0,14.0,8.0
holdout,INGV,M_RW,71,2.0,19,0.8827268205619515,97,,0.24561403508771928,0.1568627450980392,57.0,51.0,14.0,8.0
holdout,INGV,M_RW,71,3.0,3,0.8534336050222877,108,,0.24561403508771928,0.1568627450980392,57.0,51.0,14.0,8.0
holdout,INGV,M_RW,72,0.1,9,0.9629977550336161,49,,0.24561403508771928,0.1568627450980392,57.0,51.0,14.0,8.0
holdout,INGV,M_RW,72,0.5,18,0.9366261630170502,76,,0.24561403508771928,0.1568627450980392,57.0,51.0,14.0,8.0
holdout,INGV,M_RW,72,1.0,12,0.918721110123651,92,,0.24561403508771928,0.1568627450980392,57.0,51.0,14.0,8.0
holdout,INGV,M_RW,72,1.5,2,0.9038755010980576,97,,0.24561403508771928,0.1568627450980392,57.0,51.0,14.0,8.0
holdout,INGV,M_RW,72,2.0,4,0.8908812805109178,102,,0.24561403508771928,0.1568627450980392,57.0,51.0,14.0,8.0
holdout,INGV,M_RW,72,3.0,6,0.8675900474485169,113,,0.24561403508771928,0.1568627450980392,57.0,51.0,14.0,8.0
holdout,INGV,M_RW,73,0.1,18,0.9654027072477641,44,,0.24561403508771928,0.1568627450980392,57.0,51.0,14.0,8.0
holdout,INGV,M_RW,73,0.5,7,0.9447308645912974,76,,0.24561403508771928,0.1568627450980392,57.0,51.0,14.0,8.0
holdout,INGV,M_RW,73,1.0,12,0.9283201350184017,86,,0.24561403508771928,0.1568627450980392,57.0,51.0,14.0,8.0
holdout,INGV,M_RW,73,1.5,15,0.9139258009474085,95,,0.24561403508771928,0.1568627450980392,57.0,51.0,14.0,8.0
holdout,INGV,M_RW,73,2.0,12,0.9002604693263644,99,,0.24561403508771928,0.1568627450980392,57.0,51.0,14.0,8.0
holdout,INGV,M_RW,73,3.0,14,0.8757979178179224,108,,0.24561403508771928,0.1568627450980392,57.0,51.0,14.0,8.0
holdout,INGV,M_RW,74,0.1,10,0.9587099146797031,46,,0.42105263157894735,0.35294117647058826,57.0,51.0,24.0,18.0
holdout,INGV,M_RW,74,0.5,18,0.9265501639234505,65,,0.42105263157894735,0.35294117647058826,57.0,51.0,24.0,18.0
holdout,INGV,M_RW,74,1.0,3,0.9008504844126045,76,,0.42105263157894735,0.35294117647058826,57.0,51.0,24.0,18.0
holdout,INGV,M_RW,74,1.5,4,0.8798703193086934,88,,0.42105263157894735,0.35294117647058826,57.0,51.0,24.0,18.0
holdout,INGV,M_RW,74,2.0,13,0.8636852041568711,92,,0.42105263157894735,0.35294117647058826,57.0,51.0,24.0,18.0
holdout,INGV,M_RW,74,3.0,4,0.8340472924835309,104,,0.42105263157894735,0.35294117647058826,57.0,51.0,24.0,18.0
holdout,INGV,M_RW,75,0.1,2,0.9579504782527816,45,,0.42105263157894735,0.35294117647058826,57.0,51.0,24.0,18.0
holdout,INGV,M_RW,75,0.5,15,0.9313948368192374,74,,0.42105263157894735,0.35294117647058826,57.0,51.0,24.0,18.0
holdout,INGV,M_RW,75,1.0,12,0.9108643759591339,89,,0.42105263157894735,0.35294117647058826,57.0,51.0,24.0,18.0
holdout,INGV,M_RW,75,1.5,12345,0.8936077191350583,102,,0.42105263157894735,0.35294117647058826,57.0,51.0,24.0,18.0
holdout,INGV,M_RW,75,2.0,10,0.8792892948784473,106,,0.24561403508771928,0.1568627450980392,57.0,51.0,14.0,8.0
holdout,INGV,M_RW,75,3.0,13,0.8543930248973493,115,,0.24561403508771928,0.1568627450980392,57.0,51.0,14.0,8.0
holdout,INGV,M_RW,76,0.1,19,0.9650635413272091,46,,0.5087719298245614,0.45098039215686275,57.0,51.0,29.0,23.0
holdout,INGV,M_RW,76,0.5,2,0.9424451330096021,73,,0.24561403508771928,0.1568627450980392,57.0,51.0,14.0,8.0
holdout,INGV,M_RW,76,1.0,13,0.9246058653285761,91,,0.24561403508771928,0.1568627450980392,57.0,51.0,14.0,8.0
holdout,INGV,M_RW,76,1.5,18,0.9105461174441898,102,,0.24561403508771928,0.1568627450980392,57.0,51.0,14.0,8.0
holdout,INGV,M_RW,76,2.0,18,0.8972813305973667,106,,0.24561403508771928,0.1568627450980392,57.0,51.0,14.0,8.0
holdout,INGV,M_RW,76,3.0,3,0.8735065018488837,114,,0.24561403508771928,0.1568627450980392,57.0,51.0,14.0,8.0
holdout,INGV,M_RW,77,0.1,18,0.9672393498590196,47,,0.3333333333333333,0.2549019607843137,57.0,51.0,19.0,13.0
holdout,INGV,M_RW,77,0.5,15,0.9456424530748327,80,,0.24561403508771928,0.1568627450980392,57.0,51.0,14.0,8.0
holdout,INGV,M_RW,77,1.0,16,0.9277954979821209,94,,0.24561403508771928,0.1568627450980392,57.0,51.0,14.0,8.0
holdout,INGV,M_RW,77,1.5,13,0.9124137002835336,102,,0.24561403508771928,0.1568627450980392,57.0,51.0,14.0,8.0
holdout,INGV,M_RW,77,2.0,19,0.8973471064520888,107,,0.24561403508771928,0.1568627450980392,57.0,51.0,14.0,8.0
holdout,INGV,M_RW,77,3.0,12,0.8689282663129675,113,,0.24561403508771928,0.1568627450980392,57.0,51.0,14.0,8.0
holdout,INGV,M_RW,78,0.1,2,0.963797841744918,47,,0.24561403508771928,0.1568627450980392,57.0,51.0,14.0,8.0
holdout,INGV,M_RW,78,0.5,18,0.9401126188164405,73,,0.24561403508771928,0.1568627450980392,57.0,51.0,14.0,8.0
holdout,INGV,M_RW,78,1.0,6,0.9224915708929748,92,,0.24561403508771928,0.1568627450980392,57.0,51.0,14.0,8.0
holdout,INGV,M_RW,78,1.5,14,0.9080258959439023,98,,0.24561403508771928,0.1568627450980392,57.0,51.0,14.0,8.0
holdout,INGV,M_RW,78,2.0,3,0.8949685705950859,107,,0.24561403508771928,0.1568627450980392,57.0,51.0,14.0,8.0
holdout,INGV,M_RW,78,3.0,2,0.8720829825664808,120,,0.24561403508771928,0.1568627450980392,57.0,51.0,14.0,8.0
holdout,INGV,M_RW,79,0.1,6,0.9634233321350687,43,,0.24561403508771928,0.1568627450980392,57.0,51.0,14.0,8.0
holdout,INGV,M_RW,79,0.5,2,0.9338021988859128,66,,0.24561403508771928,0.1568627450980392,57.0,51.0,14.0,8.0
holdout,INGV,M_RW,79,1.0,13,0.909411269365513,81,,0.24561403508771928,0.1568627450980392,57.0,51.0,14.0,8.0
holdout,INGV,M_RW,79,1.5,9,0.8905056285271346,93,,0.24561403508771928,0.1568627450980392,57.0,51.0,14.0,8.0
holdout,INGV,M_RW,79,2.0,15,0.8737908790379006,100,,0.24561403508771928,0.1568627450980392,57.0,51.0,14.0,8.0
holdout,INGV,M_RW,79,3.0,10,0.8462645393291494,111,,0.24561403508771928,0.1568627450980392,57.0,51.0,14.0,8.0
holdout,INGV,M_RW,80,0.1,16,0.9614162867792175,45,,0.49122807017543857,0.43137254901960786,57.0,51.0,28.0,22.0
holdout,INGV,M_RW,80,0.5,18,0.9363382762562019,72,,0.24561403508771928,0.1568627450980392,57.0,51.0,14.0,8.0
holdout,INGV,M_RW,80,1.0,18,0.9185964982798925,88,,0.24561403508771928,0.1568627450980392,57.0,51.0,14.0,8.0
holdout,INGV,M_RW,80,1.5,16,0.9036540021682705,94,,0.24561403508771928,0.1568627450980392,57.0,51.0,14.0,8.0
holdout,INGV,M_RW,80,2.0,5,0.8899410254623107,99,,0.24561403508771928,0.1568627450980392,57.0,51.0,14.0,8.0
holdout,INGV,M_RW,80,3.0,8,0.8642582076271149,109,,0.24561403508771928,0.1568627450980392,57.0,51.0,14.0,8.0
holdout,INGV,M_RW,81,0.1,11,0.9625080679700563,45,,0.42105263157894735,0.35294117647058826,57.0,51.0,24.0,18.0
holdout,INGV,M_RW,81,0.5,11,0.9390103002544125,75,,0.42105263157894735,0.35294117647058826,57.0,51.0,24.0,18.0
holdout,INGV,M_RW,81,1.0,15,0.9205270437626303,82,,0.42105263157894735,0.35294117647058826,57.0,51.0,24.0,18.0
holdout,INGV,M_RW,81,1.5,16,0.9041994396328582,94,,0.42105263157894735,0.35294117647058826,57.0,51.0,24.0,18.0
holdout,INGV,M_RW,81,2.0,17,0.8896694056932679,103,,0.42105263157894735,0.35294117647058826,57.0,51.0,24.0,18.0
holdout,INGV,M_RW,81,3.0,14,0.8632721940548972,111,,0.42105263157894735,0.35294117647058826,57.0,51.0,24.0,18.0
holdout,INGV,M_RW,82,0.1,3,0.9583644844550946,43,,0.42105263157894735,0.35294117647058826,57.0,51.0,24.0,18.0
holdout,INGV,M_RW,82,0.5,16,0.9285180208322855,78,,0.24561403508771928,0.1568627450980392,57.0,51.0,14.0,8.0
holdout,INGV,M_RW,82,1.0,3,0.9073896770972174,84,,0.24561403508771928,0.1568627450980392,57.0,51.0,14.0,8.0
holdout,INGV,M_RW,82,1.5,3,0.8904197117174015,90,,0.24561403508771928,0.1568627450980392,57.0,51.0,14.0,8.0
holdout,INGV,M_RW,82,2.0,4,0.8747048746179763,97,,0.24561403508771928,0.1568627450980392,57.0,51.0,14.0,8.0
holdout,INGV,M_RW,82,3.0,10,0.846441443847264,108,,0.24561403508771928,0.1568627450980392,57.0,51.0,14.0,8.0
holdout,INGV,M_RW,83,0.1,11,0.9528616294983622,47,,0.3333333333333333,0.2549019607843137,57.0,51.0,19.0,13.0
holdout,INGV,M_RW,83,0.5,16,0.920262811588955,68,,0.24561403508771928,0.1568627450980392,57.0,51.0,14.0,8.0
holdout,INGV,M_RW,83,1.0,19,0.8962976185826232,83,,0.24561403508771928,0.1568627450980392,57.0,51.0,14.0,8.0
holdout,INGV,M_RW,83,1.5,5,0.8775968932434792,95,,0.24561403508771928,0.1568627450980392,57.0,51.0,14.0,8.0
holdout,INGV,M_RW,83,2.0,7,0.860247650371889,100,,0.24561403508771928,0.1568627450980392,57.0,51.0,14.0,8.0
holdout,INGV,M_RW,83,3.0,13,0.8306354376549144,109,,0.24561403508771928,0.1568627450980392,57.0,51.0,14.0,8.0
holdout,INGV,M_RW,84,0.1,14,0.9659266265047147,49,,0.24561403508771928,0.1568627450980392,57.0,51.0,14.0,8.0
holdout,INGV,M_RW,84,0.5,10,0.9394654410599093,79,,0.24561403508771928,0.1568627450980392,57.0,51.0,14.0,8.0
holdout,INGV,M_RW,84,1.0,17,0.9211911020420616,92,,0.24561403508771928,0.1568627450980392,57.0,51.0,14.0,8.0
holdout,INGV,M_RW,84,1.5,1,0.906503143564639,94,,0.24561403508771928,0.1568627450980392,57.0,51.0,14.0,8.0
holdout,INGV,M_RW,84,2.0,16,0.892726675417524,108,,0.24561403508771928,0.1568627450980392,57.0,51.0,14.0,8.0
holdout,INGV,M_RW,84,3.0,12345,0.8671740733295916,116,,0.24561403508771928,0.1568627450980392,57.0,51.0,14.0,8.0
holdout,INGV,M_RW,85,0.1,15,0.9652234642941299,45,,0.24561403508771928,0.1568627450980392,57.0,51.0,14.0,8.0
holdout,INGV,M_RW,85,0.5,1,0.9408390591441723,68,,0.24561403508771928,0.1568627450980392,57.0,51.0,14.0,8.0
holdout,INGV,M_RW,85,1.0,19,0.923711876759871,85,,0.24561403508771928,0.1568627450980392,57.0,51.0,14.0,8.0
holdout,INGV,M_RW,85,1.5,10,0.9084080914383148,94,,0.24561403508771928,0.1568627450980392,57.0,51.0,14.0,8.0
holdout,INGV,M_RW,85,2.0,12345,0.893850794857828,96,,0.24561403508771928,0.1568627450980392,57.0,51.0,14.0,8.0
holdout,INGV,M_RW,85,3.0,13,0.8669498977255837,104,,0.24561403508771928,0.1568627450980392,57.0,51.0,14.0,8.0
holdout,INGV,M_RW,86,0.1,13,0.9706713109221154,46,,0.24561403508771928,0.1568627450980392,57.0,51.0,14.0,8.0
holdout,INGV,M_RW,86,0.5,7,0.9456317360752254,75,,0.24561403508771928,0.1568627450980392,57.0,51.0,14.0,8.0
holdout,INGV,M_RW,86,1.0,7,0.9253402259415818,84,,0.24561403508771928,0.1568627450980392,57.0,51.0,14.0,8.0
holdout,INGV,M_RW,86,1.5,5,0.9082121984421618,90,,0.24561403508771928,0.1568627450980392,57.0,51.0,14.0,8.0
holdout,INGV,M_RW,86,2.0,5,0.8935163387746423,98,,0.24561403508771928,0.1568627450980392,57.0,51.0,14.0,8.0
holdout,INGV,M_RW,86,3.0,14,0.8668690474788778,104,,0.24561403508771928,0.1568627450980392,57.0,51.0,14.0,8.0
holdout,INGV,M_RW,87,0.1,12345,0.9674922662875037,49,,0.24561403508771928,0.1568627450980392,57.0,51.0,14.0,8.0
holdout,INGV,M_RW,87,0.5,14,0.9415114173700105,71,,0.24561403508771928,0.1568627450980392,57.0,51.0,14.0,8.0
holdout,INGV,M_RW,87,1.0,15,0.9224528756122367,83,,0.24561403508771928,0.1568627450980392,57.0,51.0,14.0,8.0
holdout,INGV,M_RW,87,1.5,7,0.906916954896406,89,,0.24561403508771928,0.1568627450980392,57.0,51.0,14.0,8.0
holdout,INGV,M_RW,87,2.0,18,0.8923315936756184,97,,0.24561403508771928,0.1568627450980392,57.0,51.0,14.0,8.0
holdout,INGV,M_RW,87,3.0,8,0.8654149792143468,107,,0.24561403508771928,0.1568627450980392,57.0,51.0,14.0,8.0
holdout,INGV,M_RW,88,0.1,5,0.9697023349480407,47,,0.24561403508771928,0.1568627450980392,57.0,51.0,14.0,8.0
holdout,INGV,M_RW,88,0.5,1,0.9469400674154351,69,,0.24561403508771928,0.1568627450980392,57.0,51.0,14.0,8.0
holdout,INGV,M_RW,88,1.0,4,0.9283061566668995,81,,0.24561403508771928,0.1568627450980392,57.0,51.0,14.0,8.0
holdout,INGV,M_RW,88,1.5,12,0.9128270253567112,92,,0.24561403508771928,0.1568627450980392,57.0,51.0,14.0,8.0
holdout,INGV,M_RW,88,2.0,6,0.8995694294299336,97,,0.24561403508771928,0.1568627450980392,57.0,51.0,14.0,8.0
holdout,INGV,M_RW,88,3.0,17,0.8741349259762539,101,,0.24561403508771928,0.1568627450980392,57.0,51.0,14.0,8.0
holdout,INGV,M_RW,89,0.1,4,0.9655999018737588,52,,0.24561403508771928,0.1568627450980392,57.0,51.0,14.0,8.0
holdout,INGV,M_RW,89,0.5,7,0.9385545318760831,75,,0.24561403508771928,0.1568627450980392,57.0,51.0,14.0,8.0
holdout,INGV,M_RW,89,1.0,11,0.9171731868197467,84,,0.24561403508771928,0.1568627450980392,57.0,51.0,14.0,8.0
holdout,INGV,M_RW,89,1.5,3,0.9002322561219213,89,,0.24561403508771928,0.1568627450980392,57.0,51.0,14.0,8.0
holdout,INGV,M_RW,89,2.0,5,0.8849478947174126,94,,0.24561403508771928,0.1568627450980392,57.0,51.0,14.0,8.0
holdout,INGV,M_RW,89,3.0,7,0.8586511258571179,107,,0.24561403508771928,0.1568627450980392,57.0,51.0,14.0,8.0
holdout,INGV,M_RW,90,0.1,16,0.9673284239044475,46,,0.3333333333333333,0.2549019607843137,57.0,51.0,19.0,13.0
holdout,INGV,M_RW,90,0.5,8,0.9448118322397853,73,,0.42105263157894735,0.35294117647058826,57.0,51.0,24.0,18.0
holdout,INGV,M_RW,90,1.0,2,0.9249610372020313,84,,0.24561403508771928,0.1568627450980392,57.0,51.0,14.0,8.0
holdout,INGV,M_RW,90,1.5,12345,0.9075800868641036,93,,0.24561403508771928,0.1568627450980392,57.0,51.0,14.0,8.0
holdout,INGV,M_RW,90,2.0,12345,0.8934361067492838,101,,0.24561403508771928,0.1568627450980392,57.0,51.0,14.0,8.0
holdout,INGV,M_RW,90,3.0,17,0.8694208806493265,110,,0.24561403508771928,0.1568627450980392,57.0,51.0,14.0,8.0
holdout,INGV,M_RW,91,0.1,9,0.9611047624989827,46,,0.6140350877192983,0.5686274509803921,57.0,51.0,35.0,29.0
holdout,INGV,M_RW,91,0.5,15,0.9300354816364444,71,,0.24561403508771928,0.1568627450980392,57.0,51.0,14.0,8.0
holdout,INGV,M_RW,91,1.0,1,0.9079364649492394,83,,0.24561403508771928,0.1568627450980392,57.0,51.0,14.0,8.0
holdout,INGV,M_RW,91,1.5,15,0.8900511493556306,94,,0.24561403508771928,0.1568627450980392,57.0,51.0,14.0,8.0
holdout,INGV,M_RW,91,2.0,7,0.8733303813372844,97,,0.24561403508771928,0.1568627450980392,57.0,51.0,14.0,8.0
holdout,INGV,M_RW,91,3.0,16,0.8439443706587944,105,,0.24561403508771928,0.1568627450980392,57.0,51.0,14.0,8.0
holdout,INGV,M_RW,92,0.1,4,0.9645955571370634,43,,0.42105263157894735,0.35294117647058826,57.0,51.0,24.0,18.0
holdout,INGV,M_RW,92,0.5,12345,0.9387518584249347,66,,0.42105263157894735,0.35294117647058826,57.0,51.0,24.0,18.0
holdout,INGV,M_RW,92,1.0,12345,0.9174395591140051,84,,0.42105263157894735,0.35294117647058826,57.0,51.0,24.0,18.0
holdout,INGV,M_RW,92,1.5,8,0.90059187559716,88,,0.24561403508771928,0.1568627450980392,57.0,51.0,14.0,8.0
holdout,INGV,M_RW,92,2.0,2,0.8850248661241416,94,,0.24561403508771928,0.1568627450980392,57.0,51.0,14.0,8.0
holdout,INGV,M_RW,92,3.0,16,0.8565662748604435,97,,0.24561403508771928,0.1568627450980392,57.0,51.0,14.0,8.0
holdout,INGV,M_RW,93,0.1,3,0.9706588973536577,46,,0.45614035087719296,0.39215686274509803,57.0,51.0,26.0,20.0
holdout,INGV,M_RW,93,0.5,6,0.9491015371708377,73,,0.45614035087719296,0.39215686274509803,57.0,51.0,26.0,20.0
holdout,INGV,M_RW,93,1.0,18,0.9302596626866525,89,,0.45614035087719296,0.39215686274509803,57.0,51.0,26.0,20.0
holdout,INGV,M_RW,93,1.5,15,0.9145774820036492,92,,0.45614035087719296,0.39215686274509803,57.0,51.0,26.0,20.0
holdout,INGV,M_RW,93,2.0,13,0.9003674735541519,101,,0.45614035087719296,0.39215686274509803,57.0,51.0,26.0,20.0
holdout,INGV,M_RW,93,3.0,3,0.8761387260846506,114,,0.45614035087719296,0.39215686274509803,57.0,51.0,26.0,20.0
holdout,INGV,M_RW,94,0.1,19,0.958527173317537,41,,0.45614035087719296,0.39215686274509803,57.0,51.0,26.0,20.0
holdout,INGV,M_RW,94,0.5,1,0.9328723471371148,72,,0.45614035087719296,0.39215686274509803,57.0,51.0,26.0,20.0
holdout,INGV,M_RW,94,1.0,18,0.9098658366670623,80,,0.45614035087719296,0.39215686274509803,57.0,51.0,26.0,20.0
holdout,INGV,M_RW,94,1.5,5,0.8912842642321256,89,,0.45614035087719296,0.39215686274509803,57.0,51.0,26.0,20.0
holdout,INGV,M_RW,94,2.0,11,0.8750399545221124,98,,0.45614035087719296,0.39215686274509803,57.0,51.0,26.0,20.0
holdout,INGV,M_RW,94,3.0,16,0.8463545586615272,108,,0.45614035087719296,0.39215686274509803,57.0,51.0,26.0,20.0
holdout,INGV,M_RW,95,0.1,3,0.9643549326668357,45,,0.24561403508771928,0.1568627450980392,57.0,51.0,14.0,8.0
holdout,INGV,M_RW,95,0.5,19,0.9393584090784691,72,,0.24561403508771928,0.1568627450980392,57.0,51.0,14.0,8.0
holdout,INGV,M_RW,95,1.0,1,0.9191380329133401,88,,0.24561403508771928,0.1568627450980392,57.0,51.0,14.0,8.0
holdout,INGV,M_RW,95,1.5,1,0.9037013602066386,96,,0.24561403508771928,0.1568627450980392,57.0,51.0,14.0,8.0
holdout,INGV,M_RW,95,2.0,14,0.8894277559631336,100,,0.24561403508771928,0.1568627450980392,57.0,51.0,14.0,8.0
holdout,INGV,M_RW,95,3.0,12,0.863977691518945,112,,0.24561403508771928,0.1568627450980392,57.0,51.0,14.0,8.0
holdout,INGV,M_RW,96,0.1,18,0.9582877090153533,43,,0.45614035087719296,0.39215686274509803,57.0,51.0,26.0,20.0
holdout,INGV,M_RW,96,0.5,11,0.9301213807953884,71,,0.24561403508771928,0.1568627450980392,57.0,51.0,14.0,8.0
holdout,INGV,M_RW,96,1.0,14,0.9089326131333826,87,,0.24561403508771928,0.1568627450980392,57.0,51.0,14.0,8.0
holdout,INGV,M_RW,96,1.5,3,0.8912299533413265,97,,0.24561403508771928,0.1568627450980392,57.0,51.0,14.0,8.0
holdout,INGV,M_RW,96,2.0,10,0.8772179333832708,103,,0.24561403508771928,0.1568627450980392,57.0,51.0,14.0,8.0
holdout,INGV,M_RW,96,3.0,17,0.8521700066043757,116,,0.24561403508771928,0.1568627450980392,57.0,51.0,14.0,8.0
holdout,INGV,M_RW,97,0.1,5,0.966411362690466,46,,0.3333333333333333,0.2549019607843137,57.0,51.0,19.0,13.0
holdout,INGV,M_RW,97,0.5,7,0.9401050907000552,68,,0.24561403508771928,0.1568627450980392,57.0,51.0,14.0,8.0
holdout,INGV,M_RW,97,1.0,5,0.92013137556199,80,,0.24561403508771928,0.1568627450980392,57.0,51.0,14.0,8.0
holdout,INGV,M_RW,97,1.5,6,0.9043517736843789,97,,0.24561403508771928,0.1568627450980392,57.0,51.0,14.0,8.0
holdout,INGV,M_RW,97,2.0,11,0.8907827330294624,100,,0.24561403508771928,0.1568627450980392,57.0,51.0,14.0,8.0
holdout,INGV,M_RW,97,3.0,14,0.8668795982392411,107,,0.24561403508771928,0.1568627450980392,57.0,51.0,14.0,8.0
holdout,INGV,M_RW,98,0.1,19,0.9692349678556701,49,,0.24561403508771928,0.1568627450980392,57.0,51.0,14.0,8.0
holdout,INGV,M_RW,98,0.5,5,0.9491749494449692,77,,0.24561403508771928,0.1568627450980392,57.0,51.0,14.0,8.0
holdout,INGV,M_RW,98,1.0,3,0.9332587790860584,92,,0.24561403508771928,0.1568627450980392,57.0,51.0,14.0,8.0
holdout,INGV,M_RW,98,1.5,3,0.9205009282690283,99,,0.24561403508771928,0.1568627450980392,57.0,51.0,14.0,8.0
holdout,INGV,M_RW,98,2.0,3,0.9090967339848632,107,,0.24561403508771928,0.1568627450980392,57.0,51.0,14.0,8.0
holdout,INGV,M_RW,98,3.0,18,0.8877722155894174,114,,0.24561403508771928,0.1568627450980392,57.0,51.0,14.0,8.0
holdout,INGV,M_RW,99,0.1,1,0.961915996442282,43,,0.3333333333333333,0.2549019607843137,57.0,51.0,19.0,13.0
holdout,INGV,M_RW,99,0.5,9,0.929788238922542,68,,0.24561403508771928,0.1568627450980392,57.0,51.0,14.0,8.0
holdout,INGV,M_RW,99,1.0,19,0.9097611016952499,84,,0.24561403508771928,0.1568627450980392,57.0,51.0,14.0,8.0
holdout,INGV,M_RW,99,1.5,18,0.8933449449209269,93,,0.24561403508771928,0.1568627450980392,57.0,51.0,14.0,8.0
holdout,INGV,M_RW,99,2.0,18,0.8778367854235721,96,,0.24561403508771928,0.1568627450980392,57.0,51.0,14.0,8.0
holdout,INGV,M_RW,99,3.0,18,0.849840143810152,112,,0.24561403508771928,0.1568627450980392,57.0,51.0,14.0,8.0
holdout,INGV,M_RW,100,0.1,16,0.9641375574641554,41,,0.45614035087719296,0.39215686274509803,57.0,51.0,26.0,20.0
holdout,INGV,M_RW,100,0.5,13,0.9406419620289597,64,,0.24561403508771928,0.1568627450980392,57.0,51.0,14.0,8.0
holdout,INGV,M_RW,100,1.0,2,0.9213902658416022,73,,0.24561403508771928,0.1568627450980392,57.0,51.0,14.0,8.0
holdout,INGV,M_RW,100,1.5,6,0.9056348461432844,78,,0.24561403508771928,0.1568627450980392,57.0,51.0,14.0,8.0
holdout,INGV,M_RW,100,2.0,4,0.8914206996127013,83,,0.24561403508771928,0.1568627450980392,57.0,51.0,14.0,8.0
holdout,INGV,M_RW,100,3.0,2,0.8669933360856757,94,,0.24561403508771928,0.1568627450980392,57.0,51.0,14.0,8.0
holdout,INGV,M_RW,101,0.1,18,0.9628971405297104,48,,0.42105263157894735,0.35294117647058826,57.0,51.0,24.0,18.0
holdout,INGV,M_RW,101,0.5,19,0.9328431421021416,71,,0.24561403508771928,0.1568627450980392,57.0,51.0,14.0,8.0
holdout,INGV,M_RW,101,1.0,19,0.9097788986474944,85,,0.24561403508771928,0.1568627450980392,57.0,51.0,14.0,8.0
holdout,INGV,M_RW,101,1.5,3,0.8914077914626527,91,,0.24561403508771928,0.1568627450980392,57.0,51.0,14.0,8.0
holdout,INGV,M_RW,101,2.0,13,0.8750048019454391,98,,0.24561403508771928,0.1568627450980392,57.0,51.0,14.0,8.0
holdout,INGV,M_RW,101,3.0,9,0.8467033442097438,104,,0.24561403508771928,0.1568627450980392,57.0,51.0,14.0,8.0
holdout,INGV,M_RW,102,0.1,10,0.9655534065490605,50,,0.3333333333333333,0.2549019607843137,57.0,51.0,19.0,13.0
holdout,INGV,M_RW,102,0.5,14,0.9396703776920031,78,,0.24561403508771928,0.1568627450980392,57.0,51.0,14.0,8.0
holdout,INGV,M_RW,102,1.0,5,0.9204941164955207,91,,0.24561403508771928,0.1568627450980392,57.0,51.0,14.0,8.0
holdout,INGV,M_RW,102,1.5,7,0.9054420817083295,101,,0.24561403508771928,0.1568627450980392,57.0,51.0,14.0,8.0
holdout,INGV,M_RW,102,2.0,11,0.8925271119574771,114,,0.24561403508771928,0.1568627450980392,57.0,51.0,14.0,8.0
holdout,INGV,M_RW,102,3.0,4,0.8691649024219325,121,,0.24561403508771928,0.1568627450980392,57.0,51.0,14.0,8.0
holdout,INGV,M_RW,103,0.1,17,0.9674459790023494,49,,0.3157894736842105,0.23529411764705882,57.0,51.0,18.0,12.0
holdout,INGV,M_RW,103,0.5,4,0.9429919909858957,74,,0.24561403508771928,0.1568627450980392,57.0,51.0,14.0,8.0
holdout,INGV,M_RW,103,1.0,9,0.9238029967000287,88,,0.24561403508771928,0.1568627450980392,57.0,51.0,14.0,8.0
holdout,INGV,M_RW,103,1.5,13,0.9082949492171574,94,,0.24561403508771928,0.1568627450980392,57.0,51.0,14.0,8.0
holdout,INGV,M_RW,103,2.0,14,0.8941074168777827,100,,0.24561403508771928,0.1568627450980392,57.0,51.0,14.0,8.0
holdout,INGV,M_RW,103,3.0,13,0.8691805307710009,109,,0.24561403508771928,0.1568627450980392,57.0,51.0,14.0,8.0
holdout,INGV,M_RW,104,0.1,16,0.9583448880562545,43,,0.24561403508771928,0.1568627450980392,57.0,51.0,14.0,8.0
holdout,INGV,M_RW,104,0.5,12345,0.926593125300565,66,,0.24561403508771928,0.1568627450980392,57.0,51.0,14.0,8.0
holdout,INGV,M_RW,104,1.0,11,0.9051048477225062,85,,0.24561403508771928,0.1568627450980392,57.0,51.0,14.0,8.0
holdout,INGV,M_RW,104,1.5,8,0.8866286185594002,92,,0.24561403508771928,0.1568627450980392,57.0,51.0,14.0,8.0
holdout,INGV,M_RW,104,2.0,1,0.8705036599595309,101,,0.24561403508771928,0.1568627450980392,57.0,51.0,14.0,8.0
holdout,INGV,M_RW,104,3.0,19,0.8429055772535377,109,,0.24561403508771928,0.1568627450980392,57.0,51.0,14.0,8.0
holdout,INGV,M_RW,105,0.1,18,0.9619588446511023,41,,0.8421052631578947,0.8235294117647058,57.0,51.0,48.0,42.0
holdout,INGV,M_RW,105,0.5,6,0.9287103352213811,74,,0.24561403508771928,0.1568627450980392,57.0,51.0,14.0,8.0
holdout,INGV,M_RW,105,1.0,4,0.9064049761405805,85,,0.24561403508771928,0.1568627450980392,57.0,51.0,14.0,8.0
holdout,INGV,M_RW,105,1.5,19,0.888448545383618,97,,0.24561403508771928,0.1568627450980392,57.0,51.0,14.0,8.0
holdout,INGV,M_RW,105,2.0,8,0.8723444427116679,102,,0.24561403508771928,0.1568627450980392,57.0,51.0,14.0,8.0
holdout,INGV,M_RW,105,3.0,7,0.8437567551542128,110,,0.24561403508771928,0.1568627450980392,57.0,51.0,14.0,8.0
holdout,INGV,M_RW,106,0.1,13,0.9602694044467196,54,,0.45614035087719296,0.39215686274509803,57.0,51.0,26.0,20.0
holdout,INGV,M_RW,106,0.5,18,0.9337892590720006,83,,0.24561403508771928,0.1568627450980392,57.0,51.0,14.0,8.0
holdout,INGV,M_RW,106,1.0,5,0.9132289098973553,92,,0.24561403508771928,0.1568627450980392,57.0,51.0,14.0,8.0
holdout,INGV,M_RW,106,1.5,14,0.8963288639557684,107,,0.24561403508771928,0.1568627450980392,57.0,51.0,14.0,8.0
holdout,INGV,M_RW,106,2.0,18,0.8808417099435378,115,,0.24561403508771928,0.1568627450980392,57.0,51.0,14.0,8.0
holdout,INGV,M_RW,106,3.0,4,0.8537800446865219,121,,0.24561403508771928,0.1568627450980392,57.0,51.0,14.0,8.0
holdout,INGV,M_RW,107,0.1,19,0.9652357636391797,43,,0.3157894736842105,0.23529411764705882,57.0,51.0,18.0,12.0
holdout,INGV,M_RW,107,0.5,18,0.9398478502636971,68,,0.24561403508771928,0.1568627450980392,57.0,51.0,14.0,8.0
holdout,INGV,M_RW,107,1.0,18,0.9178051873766244,83,,0.24561403508771928,0.1568627450980392,57.0,51.0,14.0,8.0
holdout,INGV,M_RW,107,1.5,9,0.8987498164511218,87,,0.24561403508771928,0.1568627450980392,57.0,51.0,14.0,8.0
holdout,INGV,M_RW,107,2.0,4,0.8828004686964718,90,,0.24561403508771928,0.1568627450980392,57.0,51.0,14.0,8.0
holdout,INGV,M_RW,107,3.0,8,0.8537448075553085,98,,0.24561403508771928,0.1568627450980392,57.0,51.0,14.0,8.0
holdout,INGV,M_RW,108,0.1,11,0.9589870345453068,45,,0.49122807017543857,0.43137254901960786,57.0,51.0,28.0,22.0
holdout,INGV,M_RW,108,0.5,6,0.9298300271182666,65,,0.24561403508771928,0.1568627450980392,57.0,51.0,14.0,8.0
holdout,INGV,M_RW,108,1.0,13,0.9074750632120426,81,,0.24561403508771928,0.1568627450980392,57.0,51.0,14.0,8.0
holdout,INGV,M_RW,108,1.5,6,0.8895809193215776,88,,0.24561403508771928,0.1568627450980392,57.0,51.0,14.0,8.0
holdout,INGV,M_RW,108,2.0,13,0.8740827378447003,95,,0.24561403508771928,0.1568627450980392,57.0,51.0,14.0,8.0
holdout,INGV,M_RW,108,3.0,14,0.8468571076550147,105,,0.24561403508771928,0.1568627450980392,57.0,51.0,14.0,8.0
holdout,INGV,M_RW,109,0.1,9,0.9598246178437573,46,,0.8070175438596491,0.7843137254901961,57.0,51.0,46.0,40.0
holdout,INGV,M_RW,109,0.5,10,0.9320063643206349,71,,0.45614035087719296,0.39215686274509803,57.0,51.0,26.0,20.0
holdout,INGV,M_RW,109,1.0,3,0.9120104462945471,84,,0.24561403508771928,0.1568627450980392,57.0,51.0,14.0,8.0
holdout,INGV,M_RW,109,1.5,16,0.895005935317333,92,,0.24561403508771928,0.1568627450980392,57.0,51.0,14.0,8.0
holdout,INGV,M_RW,109,2.0,14,0.8797696258036656,98,,0.24561403508771928,0.1568627450980392,57.0,51.0,14.0,8.0
holdout,INGV,M_RW,109,3.0,2,0.8517894017162737,110,,0.24561403508771928,0.1568627450980392,57.0,51.0,14.0,8.0
holdout,INGV,M_RW,110,0.1,19,0.9668125843470683,45,,0.45614035087719296,0.39215686274509803,57.0,51.0,26.0,20.0
holdout,INGV,M_RW,110,0.5,13,0.9442579204963782,74,,0.24561403508771928,0.1568627450980392,57.0,51.0,14.0,8.0
holdout,INGV,M_RW,110,1.0,1,0.9231107108481538,83,,0.24561403508771928,0.1568627450980392,57.0,51.0,14.0,8.0
holdout,INGV,M_RW,110,1.5,2,0.9067280887523038,92,,0.24561403508771928,0.1568627450980392,57.0,51.0,14.0,8.0
holdout,INGV,M_RW,110,2.0,12,0.8924082175118642,100,,0.24561403508771928,0.1568627450980392,57.0,51.0,14.0,8.0
holdout,INGV,M_RW,110,3.0,5,0.8658356624735729,111,,0.24561403508771928,0.1568627450980392,57.0,51.0,14.0,8.0
holdout,INGV,M_RW,111,0.1,15,0.9586193066887615,50,,0.42105263157894735,0.35294117647058826,57.0,51.0,24.0,18.0
holdout,INGV,M_RW,111,0.5,18,0.9283916892601561,78,,0.24561403508771928,0.1568627450980392,57.0,51.0,14.0,8.0
holdout,INGV,M_RW,111,1.0,12345,0.9077097707744547,89,,0.24561403508771928,0.1568627450980392,57.0,51.0,14.0,8.0
holdout,INGV,M_RW,111,1.5,19,0.8889049939993275,94,,0.24561403508771928,0.1568627450980392,57.0,51.0,14.0,8.0
holdout,INGV,M_RW,111,2.0,18,0.873403320498149,104,,0.24561403508771928,0.1568627450980392,57.0,51.0,14.0,8.0
holdout,INGV,M_RW,111,3.0,5,0.8460759611485644,113,,0.24561403508771928,0.1568627450980392,57.0,51.0,14.0,8.0
holdout,INGV,M_RW,112,0.1,3,0.966617244794698,41,,0.42105263157894735,0.35294117647058826,57.0,51.0,24.0,18.0
holdout,INGV,M_RW,112,0.5,18,0.9424628143934972,68,,0.24561403508771928,0.1568627450980392,57.0,51.0,14.0,8.0
holdout,INGV,M_RW,112,1.0,16,0.9226517622211786,82,,0.24561403508771928,0.1568627450980392,57.0,51.0,14.0,8.0
holdout,INGV,M_RW,112,1.5,13,0.9059747604474286,91,,0.24561403508771928,0.1568627450980392,57.0,51.0,14.0,8.0
holdout,INGV,M_RW,112,2.0,14,0.8902560162810554,92,,0.24561403508771928,0.1568627450980392,57.0,51.0,14.0,8.0
holdout,INGV,M_RW,112,3.0,9,0.8624332779688193,108,,0.24561403508771928,0.1568627450980392,57.0,51.0,14.0,8.0
holdout,INGV,M_RW,113,0.1,7,0.9628741630552072,40,,0.5087719298245614,0.45098039215686275,57.0,51.0,29.0,23.0
holdout,INGV,M_RW,113,0.5,4,0.9411301044793156,70,,0.3333333333333333,0.2549019607843137,57.0,51.0,19.0,13.0
holdout,INGV,M_RW,113,1.0,12345,0.9232023133626294,86,,0.24561403508771928,0.1568627450980392,57.0,51.0,14.0,8.0
holdout,INGV,M_RW,113,1.5,14,0.9093457344895616,95,,0.24561403508771928,0.1568627450980392,57.0,51.0,14.0,8.0
holdout,INGV,M_RW,113,2.0,12345,0.8971936461860783,101,,0.24561403508771928,0.1568627450980392,57.0,51.0,14.0,8.0
holdout,INGV,M_RW,113,3.0,7,0.8744068848094528,111,,0.24561403508771928,0.1568627450980392,57.0,51.0,14.0,8.0
holdout,INGV,M_RW,114,0.1,12,0.9684689457979703,44,,0.24561403508771928,0.1568627450980392,57.0,51.0,14.0,8.0
holdout,INGV,M_RW,114,0.5,12345,0.9450044196565512,67,,0.24561403508771928,0.1568627450980392,57.0,51.0,14.0,8.0
holdout,INGV,M_RW,114,1.0,1,0.9257404926526507,79,,0.24561403508771928,0.1568627450980392,57.0,51.0,14.0,8.0
holdout,INGV,M_RW,114,1.5,12345,0.9100537499017859,86,,0.24561403508771928,0.1568627450980392,57.0,51.0,14.0,8.0
holdout,INGV,M_RW,114,2.0,3,0.8952802053934721,94,,0.24561403508771928,0.1568627450980392,57.0,51.0,14.0,8.0
holdout,INGV,M_RW,114,3.0,8,0.8685288099984136,103,,0.24561403508771928,0.1568627450980392,57.0,51.0,14.0,8.0
holdout,INGV,M_RW,115,0.1,7,0.9615570610851907,42,,0.42105263157894735,0.35294117647058826,57.0,51.0,24.0,18.0
holdout,INGV,M_RW,115,0.5,4,0.9285225853649016,69,,0.42105263157894735,0.35294117647058826,57.0,51.0,24.0,18.0
holdout,INGV,M_RW,115,1.0,4,0.9029837592633734,79,,0.42105263157894735,0.35294117647058826,57.0,51.0,24.0,18.0
holdout,INGV,M_RW,115,1.5,18,0.8814048186726859,88,,0.24561403508771928,0.1568627450980392,57.0,51.0,14.0,8.0
holdout,INGV,M_RW,115,2.0,11,0.86273353101777,97,,0.24561403508771928,0.1568627450980392,57.0,51.0,14.0,8.0
holdout,INGV,M_RW,115,3.0,17,0.8289135783975312,109,,0.24561403508771928,0.1568627450980392,57.0,51.0,14.0,8.0
holdout,INGV,M_RW,116,0.1,17,0.9635860889482408,47,,0.2807017543859649,0.19607843137254902,57.0,51.0,16.0,10.0
holdout,INGV,M_RW,116,0.5,5,0.9405921341606592,71,,0.2807017543859649,0.19607843137254902,57.0,51.0,16.0,10.0
holdout,INGV,M_RW,116,1.0,15,0.9239995733903863,85,,0.2807017543859649,0.19607843137254902,57.0,51.0,16.0,10.0
holdout,INGV,M_RW,116,1.5,18,0.9099509361307316,95,,0.2807017543859649,0.19607843137254902,57.0,51.0,16.0,10.0
holdout,INGV,M_RW,116,2.0,4,0.8970799302053042,100,,0.2807017543859649,0.19607843137254902,57.0,51.0,16.0,10.0
holdout,INGV,M_RW,116,3.0,2,0.8729108231261666,108,,0.2807017543859649,0.19607843137254902,57.0,51.0,16.0,10.0
holdout,INGV,M_RW,117,0.1,4,0.963711813354427,43,,0.3157894736842105,0.23529411764705882,57.0,51.0,18.0,12.0
holdout,INGV,M_RW,117,0.5,5,0.939325214803399,67,,0.24561403508771928,0.1568627450980392,57.0,51.0,14.0,8.0
holdout,INGV,M_RW,117,1.0,10,0.9207833015867304,85,,0.24561403508771928,0.1568627450980392,57.0,51.0,14.0,8.0
holdout,INGV,M_RW,117,1.5,10,0.9058097614314162,93,,0.24561403508771928,0.1568627450980392,57.0,51.0,14.0,8.0
holdout,INGV,M_RW,117,2.0,16,0.8922155297113968,98,,0.24561403508771928,0.1568627450980392,57.0,51.0,14.0,8.0
holdout,INGV,M_RW,117,3.0,19,0.8689667874721281,106,,0.24561403508771928,0.1568627450980392,57.0,51.0,14.0,8.0
holdout,INGV,M_RW,118,0.1,1,0.9629584801075235,41,,0.3333333333333333,0.2549019607843137,57.0,51.0,19.0,13.0
holdout,INGV,M_RW,118,0.5,9,0.9351971347599092,68,,0.3333333333333333,0.2549019607843137,57.0,51.0,19.0,13.0
holdout,INGV,M_RW,118,1.0,15,0.9141305196416857,82,,0.3333333333333333,0.2549019607843137,57.0,51.0,19.0,13.0
holdout,INGV,M_RW,118,1.5,16,0.896808611224832,89,,0.3333333333333333,0.2549019607843137,57.0,51.0,19.0,13.0
holdout,INGV,M_RW,118,2.0,8,0.8824434601611048,98,,0.3333333333333333,0.2549019607843137,57.0,51.0,19.0,13.0
holdout,INGV,M_RW,118,3.0,15,0.857239451631615,112,,0.3333333333333333,0.2549019607843137,57.0,51.0,19.0,13.0
holdout,INGV,M_RW,119,0.1,5,0.964991047240959,46,,0.9649122807017544,0.9607843137254902,57.0,51.0,55.0,49.0
holdout,INGV,M_RW,119,0.5,18,0.9351212034127634,71,,0.49122807017543857,0.43137254901960786,57.0,51.0,28.0,22.0
holdout,INGV,M_RW,119,1.0,4,0.9128791186125641,83,,0.49122807017543857,0.43137254901960786,57.0,51.0,28.0,22.0
holdout,INGV,M_RW,119,1.5,19,0.8958864853716493,91,,0.42105263157894735,0.35294117647058826,57.0,51.0,24.0,18.0
holdout,INGV,M_RW,119,2.0,12345,0.8827316563208095,100,,0.42105263157894735,0.35294117647058826,57.0,51.0,24.0,18.0
holdout,INGV,M_RW,119,3.0,19,0.8570946990220095,113,,0.24561403508771928,0.1568627450980392,57.0,51.0,14.0,8.0
holdout,INGV,M_RW,120,0.1,12345,0.9624355901420037,41,,0.24561403508771928,0.1568627450980392,57.0,51.0,14.0,8.0
holdout,INGV,M_RW,120,0.5,5,0.9380884044182921,63,,0.24561403508771928,0.1568627450980392,57.0,51.0,14.0,8.0
holdout,INGV,M_RW,120,1.0,9,0.917717589424955,77,,0.24561403508771928,0.1568627450980392,57.0,51.0,14.0,8.0
holdout,INGV,M_RW,120,1.5,11,0.9005113084853129,89,,0.24561403508771928,0.1568627450980392,57.0,51.0,14.0,8.0
holdout,INGV,M_RW,120,2.0,12345,0.8853034115043875,94,,0.24561403508771928,0.1568627450980392,57.0,51.0,14.0,8.0
holdout,INGV,M_RW,120,3.0,13,0.8590053606169588,105,,0.24561403508771928,0.1568627450980392,57.0,51.0,14.0,8.0
holdout,INGV,M_RW,121,0.1,13,0.966475340023337,56,,0.5263157894736842,0.47058823529411764,57.0,51.0,30.0,24.0
holdout,INGV,M_RW,121,0.5,3,0.9427589148688484,77,,0.24561403508771928,0.1568627450980392,57.0,51.0,14.0,8.0
holdout,INGV,M_RW,121,1.0,12345,0.9244396486051782,93,,0.24561403508771928,0.1568627450980392,57.0,51.0,14.0,8.0
holdout,INGV,M_RW,121,1.5,4,0.9105215918365672,101,,0.24561403508771928,0.1568627450980392,57.0,51.0,14.0,8.0
holdout,INGV,M_RW,121,2.0,6,0.8971143734029725,107,,0.24561403508771928,0.1568627450980392,57.0,51.0,14.0,8.0
holdout,INGV,M_RW,121,3.0,10,0.8736148583558722,116,,0.24561403508771928,0.1568627450980392,57.0,51.0,14.0,8.0
holdout,INGV,M_RW,122,0.1,17,0.9630976988731398,49,,0.24561403508771928,0.1568627450980392,57.0,51.0,14.0,8.0
holdout,INGV,M_RW,122,0.5,15,0.9373070109613074,69,,0.24561403508771928,0.1568627450980392,57.0,51.0,14.0,8.0
holdout,INGV,M_RW,122,1.0,2,0.9190016140019983,83,,0.24561403508771928,0.1568627450980392,57.0,51.0,14.0,8.0
holdout,INGV,M_RW,122,1.5,9,0.903164205234955,91,,0.24561403508771928,0.1568627450980392,57.0,51.0,14.0,8.0
holdout,INGV,M_RW,122,2.0,12345,0.8890533190699536,99,,0.24561403508771928,0.1568627450980392,57.0,51.0,14.0,8.0
holdout,INGV,M_RW,122,3.0,19,0.863613435543622,108,,0.24561403508771928,0.1568627450980392,57.0,51.0,14.0,8.0
holdout,INGV,M_RW,123,0.1,2,0.9642117522030125,47,,0.24561403508771928,0.1568627450980392,57.0,51.0,14.0,8.0
holdout,INGV,M_RW,123,0.5,12345,0.9428463543848085,73,,0.24561403508771928,0.1568627450980392,57.0,51.0,14.0,8.0
holdout,INGV,M_RW,123,1.0,17,0.924666275246728,86,,0.24561403508771928,0.1568627450980392,57.0,51.0,14.0,8.0
holdout,INGV,M_RW,123,1.5,9,0.9084765198068709,94,,0.24561403508771928,0.1568627450980392,57.0,51.0,14.0,8.0
holdout,INGV,M_RW,123,2.0,8,0.8948767437516919,96,,0.24561403508771928,0.1568627450980392,57.0,51.0,14.0,8.0
holdout,INGV,M_RW,123,3.0,4,0.870910503716102,106,,0.24561403508771928,0.1568627450980392,57.0,51.0,14.0,8.0
holdout,INGV,M_RW,124,0.1,18,0.9661757911112504,45,,0.3157894736842105,0.23529411764705882,57.0,51.0,18.0,12.0
holdout,INGV,M_RW,124,0.5,9,0.9446867621090967,65,,0.24561403508771928,0.1568627450980392,57.0,51.0,14.0,8.0
holdout,INGV,M_RW,124,1.0,2,0.9248705143250534,84,,0.24561403508771928,0.1568627450980392,57.0,51.0,14.0,8.0
holdout,INGV,M_RW,124,1.5,12,0.9089868903725433,96,,0.24561403508771928,0.1568627450980392,57.0,51.0,14.0,8.0
holdout,INGV,M_RW,124,2.0,15,0.8945769550214824,98,,0.24561403508771928,0.1568627450980392,57.0,51.0,14.0,8.0
holdout,INGV,M_RW,124,3.0,16,0.8701314147609183,114,,0.24561403508771928,0.1568627450980392,57.0,51.0,14.0,8.0
holdout,INGV,M_RW,125,0.1,8,0.9617614421902122,44,,0.5087719298245614,0.45098039215686275,57.0,51.0,29.0,23.0
holdout,INGV,M_RW,125,0.5,8,0.9373917321446549,73,,0.3333333333333333,0.2549019607843137,57.0,51.0,19.0,13.0
holdout,INGV,M_RW,125,1.0,4,0.9186775643542755,80,,0.3333333333333333,0.2549019607843137,57.0,51.0,19.0,13.0
holdout,INGV,M_RW,125,1.5,4,0.9031410950129943,89,,0.3333333333333333,0.2549019607843137,57.0,51.0,19.0,13.0
holdout,INGV,M_RW,125,2.0,6,0.8883628263867498,94,,0.3333333333333333,0.2549019607843137,57.0,51.0,19.0,13.0
holdout,INGV,M_RW,125,3.0,9,0.8616257702866891,105,,0.3333333333333333,0.2549019607843137,57.0,51.0,19.0,13.0
holdout,INGV,M_RW,126,0.1,3,0.9699334617388674,51,,0.2807017543859649,0.19607843137254902,57.0,51.0,16.0,10.0
holdout,INGV,M_RW,126,0.5,16,0.9513762456643116,75,,0.2807017543859649,0.19607843137254902,57.0,51.0,16.0,10.0
holdout,INGV,M_RW,126,1.0,5,0.9352998470101352,86,,0.2807017543859649,0.19607843137254902,57.0,51.0,16.0,10.0
holdout,INGV,M_RW,126,1.5,7,0.9211554871264219,89,,0.2807017543859649,0.19607843137254902,57.0,51.0,16.0,10.0
holdout,INGV,M_RW,126,2.0,7,0.9082024121474942,97,,0.2807017543859649,0.19607843137254902,57.0,51.0,16.0,10.0
holdout,INGV,M_RW,126,3.0,16,0.8836964698459367,105,,0.2807017543859649,0.19607843137254902,57.0,51.0,16.0,10.0
holdout,INGV,M_RW,127,0.1,11,0.9664018224685431,42,,0.3333333333333333,0.2549019607843137,57.0,51.0,19.0,13.0
holdout,INGV,M_RW,127,0.5,2,0.9392369160151879,63,,0.24561403508771928,0.1568627450980392,57.0,51.0,14.0,8.0
holdout,INGV,M_RW,127,1.0,3,0.9174097754090837,83,,0.24561403508771928,0.1568627450980392,57.0,51.0,14.0,8.0
holdout,INGV,M_RW,127,1.5,9,0.9006906065447069,89,,0.24561403508771928,0.1568627450980392,57.0,51.0,14.0,8.0
holdout,INGV,M_RW,127,2.0,15,0.8856160139643625,95,,0.24561403508771928,0.1568627450980392,57.0,51.0,14.0,8.0
holdout,INGV,M_RW,127,3.0,10,0.8576543567821977,103,,0.24561403508771928,0.1568627450980392,57.0,51.0,14.0,8.0
holdout,INGV,M_RW,128,0.1,2,0.9673620673957826,48,,0.3333333333333333,0.2549019607843137,57.0,51.0,19.0,13.0
holdout,INGV,M_RW,128,0.5,18,0.9437116496918406,73,,0.24561403508771928,0.1568627450980392,57.0,51.0,14.0,8.0
holdout,INGV,M_RW,128,1.0,6,0.921610583091304,85,,0.24561403508771928,0.1568627450980392,57.0,51.0,14.0,8.0
holdout,INGV,M_RW,128,1.5,16,0.9038141442350072,94,,0.24561403508771928,0.1568627450980392,57.0,51.0,14.0,8.0
holdout,INGV,M_RW,128,2.0,8,0.8888545145687606,101,,0.24561403508771928,0.1568627450980392,57.0,51.0,14.0,8.0
holdout,INGV,M_RW,128,3.0,12,0.8632106557205287,113,,0.24561403508771928,0.1568627450980392,57.0,51.0,14.0,8.0
holdout,INGV,M_RW,129,0.1,12,0.9587490231199629,51,,0.45614035087719296,0.39215686274509803,57.0,51.0,26.0,20.0
holdout,INGV,M_RW,129,0.5,5,0.9259292295710562,78,,0.24561403508771928,0.1568627450980392,57.0,51.0,14.0,8.0
holdout,INGV,M_RW,129,1.0,11,0.9037678288792684,92,,0.24561403508771928,0.1568627450980392,57.0,51.0,14.0,8.0
holdout,INGV,M_RW,129,1.5,18,0.8870040978257009,102,,0.24561403508771928,0.1568627450980392,57.0,51.0,14.0,8.0
holdout,INGV,M_RW,129,2.0,7,0.8727870408270058,105,,0.24561403508771928,0.1568627450980392,57.0,51.0,14.0,8.0
holdout,INGV,M_RW,129,3.0,13,0.8463725699864529,114,,0.24561403508771928,0.1568627450980392,57.0,51.0,14.0,8.0
holdout,INGV,M_RW,130,0.1,16,0.9661379295392469,42,,0.3157894736842105,0.23529411764705882,57.0,51.0,18.0,12.0
holdout,INGV,M_RW,130,0.5,3,0.9419261031271267,71,,0.24561403508771928,0.1568627450980392,57.0,51.0,14.0,8.0
holdout,INGV,M_RW,130,1.0,5,0.9204253024584346,84,,0.24561403508771928,0.1568627450980392,57.0,51.0,14.0,8.0
holdout,INGV,M_RW,130,1.5,3,0.9028484211733825,94,,0.24561403508771928,0.1568627450980392,57.0,51.0,14.0,8.0
holdout,INGV,M_RW,130,2.0,3,0.8872134125884058,99,,0.24561403508771928,0.1568627450980392,57.0,51.0,14.0,8.0
holdout,INGV,M_RW,130,3.0,2,0.8581561955292559,106,,0.24561403508771928,0.1568627450980392,57.0,51.0,14.0,8.0
holdout,INGV,M_RW,131,0.1,1,0.9669430978929321,47,,0.24561403508771928,0.1568627450980392,57.0,51.0,14.0,8.0
holdout,INGV,M_RW,131,0.5,13,0.9422606597602501,67,,0.24561403508771928,0.1568627450980392,57.0,51.0,14.0,8.0
holdout,INGV,M_RW,131,1.0,14,0.9233485434389035,84,,0.24561403508771928,0.1568627450980392,57.0,51.0,14.0,8.0
holdout,INGV,M_RW,131,1.5,9,0.9087848475541249,95,,0.24561403508771928,0.1568627450980392,57.0,51.0,14.0,8.0
holdout,INGV,M_RW,131,2.0,14,0.8948966117148281,100,,0.24561403508771928,0.1568627450980392,57.0,51.0,14.0,8.0
holdout,INGV,M_RW,131,3.0,8,0.8677968447847595,103,,0.24561403508771928,0.1568627450980392,57.0,51.0,14.0,8.0
holdout,INGV,M_RW,132,0.1,3,0.9653118543887493,48,,0.24561403508771928,0.1568627450980392,57.0,51.0,14.0,8.0
holdout,INGV,M_RW,132,0.5,10,0.9439806897103065,78,,0.24561403508771928,0.1568627450980392,57.0,51.0,14.0,8.0
holdout,INGV,M_RW,132,1.0,18,0.9256356228186113,92,,0.24561403508771928,0.1568627450980392,57.0,51.0,14.0,8.0
holdout,INGV,M_RW,132,1.5,7,0.9111044552168156,99,,0.24561403508771928,0.1568627450980392,57.0,51.0,14.0,8.0
holdout,INGV,M_RW,132,2.0,7,0.8979015870748015,104,,0.24561403508771928,0.1568627450980392,57.0,51.0,14.0,8.0
holdout,INGV,M_RW,132,3.0,11,0.872911432063458,111,,0.24561403508771928,0.1568627450980392,57.0,51.0,14.0,8.0
holdout,INGV,M_RW,133,0.1,7,0.9612050021670917,41,,0.24561403508771928,0.1568627450980392,57.0,51.0,14.0,8.0
holdout,INGV,M_RW,133,0.5,15,0.9332478007513504,70,,0.24561403508771928,0.1568627450980392,57.0,51.0,14.0,8.0
holdout,INGV,M_RW,133,1.0,6,0.9119034004078195,83,,0.24561403508771928,0.1568627450980392,57.0,51.0,14.0,8.0
holdout,INGV,M_RW,133,1.5,6,0.8949183790638018,91,,0.24561403508771928,0.1568627450980392,57.0,51.0,14.0,8.0
holdout,INGV,M_RW,133,2.0,14,0.8807846067116254,97,,0.24561403508771928,0.1568627450980392,57.0,51.0,14.0,8.0
holdout,INGV,M_RW,133,3.0,8,0.855645727886381,106,,0.24561403508771928,0.1568627450980392,57.0,51.0,14.0,8.0
holdout,INGV,M_RW,134,0.1,12345,0.9642975496197337,46,,0.3157894736842105,0.23529411764705882,57.0,51.0,18.0,12.0
holdout,INGV,M_RW,134,0.5,2,0.940520016696314,73,,0.24561403508771928,0.1568627450980392,57.0,51.0,14.0,8.0
holdout,INGV,M_RW,134,1.0,3,0.9222605851443488,92,,0.24561403508771928,0.1568627450980392,57.0,51.0,14.0,8.0
holdout,INGV,M_RW,134,1.5,9,0.9070559996640603,101,,0.24561403508771928,0.1568627450980392,57.0,51.0,14.0,8.0
holdout,INGV,M_RW,134,2.0,18,0.8936131892179411,108,,0.24561403508771928,0.1568627450980392,57.0,51.0,14.0,8.0
holdout,INGV,M_RW,134,3.0,4,0.8695484496091637,117,,0.24561403508771928,0.1568627450980392,57.0,51.0,14.0,8.0
holdout,INGV,M_RW,135,0.1,5,0.9485649485759684,35,,0.8070175438596491,0.7843137254901961,57.0,51.0,46.0,40.0
holdout,INGV,M_RW,135,0.5,11,0.9161913510075907,72,,0.45614035087719296,0.39215686274509803,57.0,51.0,26.0,20.0
holdout,INGV,M_RW,135,1.0,14,0.8922270181129796,82,,0.45614035087719296,0.39215686274509803,57.0,51.0,26.0,20.0
holdout,INGV,M_RW,135,1.5,19,0.8724300041668518,86,,0.45614035087719296,0.39215686274509803,57.0,51.0,26.0,20.0
holdout,INGV,M_RW,135,2.0,9,0.8546323824611715,90,,0.45614035087719296,0.39215686274509803,57.0,51.0,26.0,20.0
holdout,INGV,M_RW,135,3.0,4,0.8239221976136367,102,,0.45614035087719296,0.39215686274509803,57.0,51.0,26.0,20.0
holdout,INGV,M_RW,136,0.1,3,0.9587697679135178,39,,0.42105263157894735,0.35294117647058826,57.0,51.0,24.0,18.0
holdout,INGV,M_RW,136,0.5,12345,0.9294366889625347,65,,0.42105263157894735,0.35294117647058826,57.0,51.0,24.0,18.0
holdout,INGV,M_RW,136,1.0,1,0.9079577141736754,75,,0.42105263157894735,0.35294117647058826,57.0,51.0,24.0,18.0
holdout,INGV,M_RW,136,1.5,3,0.889138025047945,82,,0.42105263157894735,0.35294117647058826,57.0,51.0,24.0,18.0
holdout,INGV,M_RW,136,2.0,10,0.8726285234799256,88,,0.42105263157894735,0.35294117647058826,57.0,51.0,24.0,18.0
holdout,INGV,M_RW,136,3.0,7,0.8439133016983038,100,,0.42105263157894735,0.35294117647058826,57.0,51.0,24.0,18.0
holdout,INGV,M_RW,137,0.1,15,0.9683032741324431,47,,0.24561403508771928,0.1568627450980392,57.0,51.0,14.0,8.0
holdout,INGV,M_RW,137,0.5,2,0.9418309090730602,69,,0.24561403508771928,0.1568627450980392,57.0,51.0,14.0,8.0
holdout,INGV,M_RW,137,1.0,13,0.9226232590479752,79,,0.24561403508771928,0.1568627450980392,57.0,51.0,14.0,8.0
holdout,INGV,M_RW,137,1.5,14,0.9082483331739573,89,,0.24561403508771928,0.1568627450980392,57.0,51.0,14.0,8.0
holdout,INGV,M_RW,137,2.0,6,0.8957327641981446,94,,0.24561403508771928,0.1568627450980392,57.0,51.0,14.0,8.0
holdout,INGV,M_RW,137,3.0,9,0.8725402955735189,102,,0.24561403508771928,0.1568627450980392,57.0,51.0,14.0,8.0
holdout,INGV,M_RW,138,0.1,19,0.9661137574881509,50,,0.5087719298245614,0.45098039215686275,57.0,51.0,29.0,23.0
holdout,INGV,M_RW,138,0.5,4,0.9374352745625631,77,,0.5087719298245614,0.45098039215686275,57.0,51.0,29.0,23.0
holdout,INGV,M_RW,138,1.0,4,0.9171877901675548,88,,0.24561403508771928,0.1568627450980392,57.0,51.0,14.0,8.0
holdout,INGV,M_RW,138,1.5,11,0.900983432725947,94,,0.24561403508771928,0.1568627450980392,57.0,51.0,14.0,8.0
holdout,INGV,M_RW,138,2.0,13,0.8868831761465066,105,,0.24561403508771928,0.1568627450980392,57.0,51.0,14.0,8.0
holdout,INGV,M_RW,138,3.0,13,0.8641993280198431,117,,0.24561403508771928,0.1568627450980392,57.0,51.0,14.0,8.0
holdout,INGV,M_RW,139,0.1,9,0.9617182578059493,48,,0.8421052631578947,0.8235294117647058,57.0,51.0,48.0,42.0
holdout,INGV,M_RW,139,0.5,14,0.9323306880755742,68,,0.42105263157894735,0.35294117647058826,57.0,51.0,24.0,18.0
holdout,INGV,M_RW,139,1.0,18,0.9120893923099642,80,,0.42105263157894735,0.35294117647058826,57.0,51.0,24.0,18.0
holdout,INGV,M_RW,139,1.5,7,0.8967565571291471,91,,0.42105263157894735,0.35294117647058826,57.0,51.0,24.0,18.0
holdout,INGV,M_RW,139,2.0,12345,0.8837084905797437,99,,0.42105263157894735,0.35294117647058826,57.0,51.0,24.0,18.0
holdout,INGV,M_RW,139,3.0,13,0.8609085806319037,105,,0.42105263157894735,0.35294117647058826,57.0,51.0,24.0,18.0
holdout,INGV,M_RW,140,0.1,18,0.9699737899309607,39,,0.24561403508771928,0.1568627450980392,57.0,51.0,14.0,8.0
holdout,INGV,M_RW,140,0.5,16,0.9452015417657541,62,,0.24561403508771928,0.1568627450980392,57.0,51.0,14.0,8.0
holdout,INGV,M_RW,140,1.0,18,0.9250260533350189,80,,0.24561403508771928,0.1568627450980392,57.0,51.0,14.0,8.0
holdout,INGV,M_RW,140,1.5,18,0.9079351179927478,87,,0.24561403508771928,0.1568627450980392,57.0,51.0,14.0,8.0
holdout,INGV,M_RW,140,2.0,2,0.8920630974959883,98,,0.24561403508771928,0.1568627450980392,57.0,51.0,14.0,8.0
holdout,INGV,M_RW,140,3.0,3,0.8664821808843347,109,,0.24561403508771928,0.1568627450980392,57.0,51.0,14.0,8.0
holdout,INGV,M_RW,141,0.1,11,0.9636098512477244,49,,0.2807017543859649,0.19607843137254902,57.0,51.0,16.0,10.0
holdout,INGV,M_RW,141,0.5,5,0.9350238678962077,72,,0.24561403508771928,0.1568627450980392,57.0,51.0,14.0,8.0
holdout,INGV,M_RW,141,1.0,4,0.910605098952948,84,,0.24561403508771928,0.1568627450980392,57.0,51.0,14.0,8.0
holdout,INGV,M_RW,141,1.5,12,0.8936264566072086,96,,0.24561403508771928,0.1568627450980392,57.0,51.0,14.0,8.0
holdout,INGV,M_RW,141,2.0,12345,0.8787173186377698,102,,0.24561403508771928,0.1568627450980392,57.0,51.0,14.0,8.0
holdout,INGV,M_RW,141,3.0,12345,0.8501190108767669,106,,0.24561403508771928,0.1568627450980392,57.0,51.0,14.0,8.0
holdout,INGV,M_RW,142,0.1,10,0.9608962425737508,40,,0.42105263157894735,0.35294117647058826,57.0,51.0,24.0,18.0
holdout,INGV,M_RW,142,0.5,19,0.9309947367339668,68,,0.42105263157894735,0.35294117647058826,57.0,51.0,24.0,18.0
holdout,INGV,M_RW,142,1.0,8,0.9092326796057066,86,,0.42105263157894735,0.35294117647058826,57.0,51.0,24.0,18.0
holdout,INGV,M_RW,142,1.5,2,0.8920087863624134,96,,0.42105263157894735,0.35294117647058826,57.0,51.0,24.0,18.0
holdout,INGV,M_RW,142,2.0,5,0.8769686150587653,103,,0.24561403508771928,0.1568627450980392,57.0,51.0,14.0,8.0
holdout,INGV,M_RW,142,3.0,5,0.8511297091103104,111,,0.24561403508771928,0.1568627450980392,57.0,51.0,14.0,8.0
holdout,INGV,M_RW,143,0.1,10,0.9660671121901492,43,,0.42105263157894735,0.35294117647058826,57.0,51.0,24.0,18.0
holdout,INGV,M_RW,143,0.5,6,0.9420896744640445,70,,0.42105263157894735,0.35294117647058826,57.0,51.0,24.0,18.0
holdout,INGV,M_RW,143,1.0,3,0.9226957895019826,78,,0.42105263157894735,0.35294117647058826,57.0,51.0,24.0,18.0
holdout,INGV,M_RW,143,1.5,11,0.9052883391115895,87,,0.42105263157894735,0.35294117647058826,57.0,51.0,24.0,18.0
holdout,INGV,M_RW,143,2.0,15,0.8895285385131968,91,,0.42105263157894735,0.35294117647058826,57.0,51.0,24.0,18.0
holdout,INGV,M_RW,143,3.0,2,0.8613604638343602,101,,0.42105263157894735,0.35294117647058826,57.0,51.0,24.0,18.0
holdout,INGV,M_RW,144,0.1,19,0.9642246070629483,51,,0.42105263157894735,0.35294117647058826,57.0,51.0,24.0,18.0
holdout,INGV,M_RW,144,0.5,8,0.9383743001485625,79,,0.42105263157894735,0.35294117647058826,57.0,51.0,24.0,18.0
holdout,INGV,M_RW,144,1.0,12345,0.9187006404620662,90,,0.42105263157894735,0.35294117647058826,57.0,51.0,24.0,18.0
holdout,INGV,M_RW,144,1.5,10,0.9028019790678928,97,,0.42105263157894735,0.35294117647058826,57.0,51.0,24.0,18.0
holdout,INGV,M_RW,144,2.0,4,0.8884365187616454,100,,0.42105263157894735,0.35294117647058826,57.0,51.0,24.0,18.0
holdout,INGV,M_RW,144,3.0,3,0.8641038757036126,112,,0.42105263157894735,0.35294117647058826,57.0,51.0,24.0,18.0
holdout,INGV,M_RW,145,0.1,12345,0.9602021216393665,48,,0.3157894736842105,0.23529411764705882,57.0,51.0,18.0,12.0
holdout,INGV,M_RW,145,0.5,14,0.933023862074875,76,,0.3157894736842105,0.23529411764705882,57.0,51.0,18.0,12.0
holdout,INGV,M_RW,145,1.0,8,0.9117134661453884,84,,0.3157894736842105,0.23529411764705882,57.0,51.0,18.0,12.0
holdout,INGV,M_RW,145,1.5,11,0.8944288938953393,92,,0.24561403508771928,0.1568627450980392,57.0,51.0,14.0,8.0
holdout,INGV,M_RW,145,2.0,2,0.8781840107903467,99,,0.24561403508771928,0.1568627450980392,57.0,51.0,14.0,8.0
holdout,INGV,M_RW,145,3.0,6,0.8498741303741846,108,,0.24561403508771928,0.1568627450980392,57.0,51.0,14.0,8.0
holdout,INGV,M_RW,146,0.1,2,0.9674895692023295,49,,0.45614035087719296,0.39215686274509803,57.0,51.0,26.0,20.0
holdout,INGV,M_RW,146,0.5,2,0.9472095854342506,76,,0.45614035087719296,0.39215686274509803,57.0,51.0,26.0,20.0
holdout,INGV,M_RW,146,1.0,1,0.9299887786516855,88,,0.24561403508771928,0.1568627450980392,57.0,51.0,14.0,8.0
holdout,INGV,M_RW,146,1.5,17,0.9166711562854476,96,,0.24561403508771928,0.1568627450980392,57.0,51.0,14.0,8.0
holdout,INGV,M_RW,146,2.0,17,0.9049586813701224,101,,0.24561403508771928,0.1568627450980392,57.0,51.0,14.0,8.0
holdout,INGV,M_RW,146,3.0,18,0.8832600460777863,110,,0.24561403508771928,0.1568627450980392,57.0,51.0,14.0,8.0
holdout,INGV,M_RW,147,0.1,5,0.9642901268648765,40,,0.49122807017543857,0.43137254901960786,57.0,51.0,28.0,22.0
holdout,INGV,M_RW,147,0.5,11,0.942003505945298,72,,0.24561403508771928,0.1568627450980392,57.0,51.0,14.0,8.0
holdout,INGV,M_RW,147,1.0,7,0.9250229489365074,89,,0.24561403508771928,0.1568627450980392,57.0,51.0,14.0,8.0
holdout,INGV,M_RW,147,1.5,8,0.9094259593268715,94,,0.24561403508771928,0.1568627450980392,57.0,51.0,14.0,8.0
holdout,INGV,M_RW,147,2.0,19,0.8948109693194432,102,,0.24561403508771928,0.1568627450980392,57.0,51.0,14.0,8.0
holdout,INGV,M_RW,147,3.0,16,0.869473534466979,107,,0.24561403508771928,0.1568627450980392,57.0,51.0,14.0,8.0
holdout,INGV,M_RW,148,0.1,19,0.9635581518186943,49,,0.24561403508771928,0.1568627450980392,57.0,51.0,14.0,8.0
holdout,INGV,M_RW,148,0.5,11,0.9373470645185243,73,,0.24561403508771928,0.1568627450980392,57.0,51.0,14.0,8.0
holdout,INGV,M_RW,148,1.0,6,0.9194408315298016,92,,0.24561403508771928,0.1568627450980392,57.0,51.0,14.0,8.0
holdout,INGV,M_RW,148,1.5,8,0.9049070190221651,99,,0.24561403508771928,0.1568627450980392,57.0,51.0,14.0,8.0
holdout,INGV,M_RW,148,2.0,8,0.8910603529760289,101,,0.24561403508771928,0.1568627450980392,57.0,51.0,14.0,8.0
holdout,INGV,M_RW,148,3.0,3,0.8658660408547739,110,,0.24561403508771928,0.1568627450980392,57.0,51.0,14.0,8.0
holdout,INGV,M_RW,149,0.1,18,0.9598489607895433,43,,0.42105263157894735,0.35294117647058826,57.0,51.0,24.0,18.0
holdout,INGV,M_RW,149,0.5,13,0.9279103956358015,75,,0.42105263157894735,0.35294117647058826,57.0,51.0,24.0,18.0
holdout,INGV,M_RW,149,1.0,2,0.9072789327677739,87,,0.42105263157894735,0.35294117647058826,57.0,51.0,24.0,18.0
holdout,INGV,M_RW,149,1.5,10,0.8913370109431205,94,,0.42105263157894735,0.35294117647058826,57.0,51.0,24.0,18.0
holdout,INGV,M_RW,149,2.0,5,0.8775613700028123,99,,0.42105263157894735,0.35294117647058826,57.0,51.0,24.0,18.0
holdout,INGV,M_RW,149,3.0,12345,0.8508309819301634,104,,0.42105263157894735,0.35294117647058826,57.0,51.0,24.0,18.0
holdout,INGV,M_RW,150,0.1,9,0.9608769809624402,48,,0.24561403508771928,0.1568627450980392,57.0,51.0,14.0,8.0
holdout,INGV,M_RW,150,0.5,13,0.9298424942093502,69,,0.24561403508771928,0.1568627450980392,57.0,51.0,14.0,8.0
holdout,INGV,M_RW,150,1.0,2,0.9082818119623784,81,,0.24561403508771928,0.1568627450980392,57.0,51.0,14.0,8.0
holdout,INGV,M_RW,150,1.5,9,0.891635756909009,93,,0.24561403508771928,0.1568627450980392,57.0,51.0,14.0,8.0
holdout,INGV,M_RW,150,2.0,17,0.876840113728874,101,,0.24561403508771928,0.1568627450980392,57.0,51.0,14.0,8.0
holdout,INGV,M_RW,150,3.0,1,0.8496015922673898,107,,0.24561403508771928,0.1568627450980392,57.0,51.0,14.0,8.0
holdout,INGV,M_RW,151,0.1,10,0.9653621354594777,46,,0.3333333333333333,0.2549019607843137,57.0,51.0,19.0,13.0
holdout,INGV,M_RW,151,0.5,3,0.9420672272594983,75,,0.24561403508771928,0.1568627450980392,57.0,51.0,14.0,8.0
holdout,INGV,M_RW,151,1.0,4,0.9247562624304332,86,,0.24561403508771928,0.1568627450980392,57.0,51.0,14.0,8.0
holdout,INGV,M_RW,151,1.5,9,0.908797447667118,93,,0.24561403508771928,0.1568627450980392,57.0,51.0,14.0,8.0
holdout,INGV,M_RW,151,2.0,12345,0.8936583117203263,102,,0.24561403508771928,0.1568627450980392,57.0,51.0,14.0,8.0
holdout,INGV,M_RW,151,3.0,4,0.8665510312420293,109,,0.24561403508771928,0.1568627450980392,57.0,51.0,14.0,8.0
holdout,INGV,M_RW,152,0.1,9,0.9654028405677211,42,,0.2807017543859649,0.19607843137254902,57.0,51.0,16.0,10.0
holdout,INGV,M_RW,152,0.5,7,0.9405711366369371,66,,0.2807017543859649,0.19607843137254902,57.0,51.0,16.0,10.0
holdout,INGV,M_RW,152,1.0,9,0.9209748711012383,79,,0.2807017543859649,0.19607843137254902,57.0,51.0,16.0,10.0
holdout,INGV,M_RW,152,1.5,9,0.9043282863866499,90,,0.2807017543859649,0.19607843137254902,57.0,51.0,16.0,10.0
holdout,INGV,M_RW,152,2.0,17,0.8896486640061966,97,,0.2807017543859649,0.19607843137254902,57.0,51.0,16.0,10.0
holdout,INGV,M_RW,152,3.0,10,0.8647146145403227,104,,0.2807017543859649,0.19607843137254902,57.0,51.0,16.0,10.0
holdout,INGV,M_RW,153,0.1,15,0.9597093200960973,42,,0.42105263157894735,0.35294117647058826,57.0,51.0,24.0,18.0
holdout,INGV,M_RW,153,0.5,14,0.9344979840839253,73,,0.42105263157894735,0.35294117647058826,57.0,51.0,24.0,18.0
holdout,INGV,M_RW,153,1.0,17,0.9158270719701913,81,,0.24561403508771928,0.1568627450980392,57.0,51.0,14.0,8.0
holdout,INGV,M_RW,153,1.5,6,0.9006049561790812,90,,0.24561403508771928,0.1568627450980392,57.0,51.0,14.0,8.0
holdout,INGV,M_RW,153,2.0,10,0.8867659233081887,100,,0.24561403508771928,0.1568627450980392,57.0,51.0,14.0,8.0
holdout,INGV,M_RW,153,3.0,17,0.8614926624803165,105,,0.24561403508771928,0.1568627450980392,57.0,51.0,14.0,8.0
holdout,INGV,M_RW,154,0.1,12,0.9617642986211693,45,,0.49122807017543857,0.43137254901960786,57.0,51.0,28.0,22.0
holdout,INGV,M_RW,154,0.5,5,0.936817948069451,66,,0.2807017543859649,0.19607843137254902,57.0,51.0,16.0,10.0
holdout,INGV,M_RW,154,1.0,10,0.9168804571346623,83,,0.24561403508771928,0.1568627450980392,57.0,51.0,14.0,8.0
holdout,INGV,M_RW,154,1.5,15,0.8993795768814282,91,,0.24561403508771928,0.1568627450980392,57.0,51.0,14.0,8.0
holdout,INGV,M_RW,154,2.0,17,0.8835184831005535,98,,0.24561403508771928,0.1568627450980392,57.0,51.0,14.0,8.0
holdout,INGV,M_RW,154,3.0,16,0.856109275888088,108,,0.24561403508771928,0.1568627450980392,57.0,51.0,14.0,8.0
holdout,INGV,M_RW,155,0.1,2,0.9662004193027921,44,,0.42105263157894735,0.35294117647058826,57.0,51.0,24.0,18.0
holdout,INGV,M_RW,155,0.5,9,0.9469990721929673,71,,0.24561403508771928,0.1568627450980392,57.0,51.0,14.0,8.0
holdout,INGV,M_RW,155,1.0,10,0.92940993053163,83,,0.24561403508771928,0.1568627450980392,57.0,51.0,14.0,8.0
holdout,INGV,M_RW,155,1.5,5,0.9142264341173882,89,,0.24561403508771928,0.1568627450980392,57.0,51.0,14.0,8.0
holdout,INGV,M_RW,155,2.0,5,0.9000527370568289,97,,0.24561403508771928,0.1568627450980392,57.0,51.0,14.0,8.0
holdout,INGV,M_RW,155,3.0,5,0.8735043268979404,107,,0.24561403508771928,0.1568627450980392,57.0,51.0,14.0,8.0
holdout,INGV,M_RW,156,0.1,18,0.9674830229177049,43,,0.45614035087719296,0.39215686274509803,57.0,51.0,26.0,20.0
holdout,INGV,M_RW,156,0.5,13,0.9401833037798438,69,,0.42105263157894735,0.35294117647058826,57.0,51.0,24.0,18.0
holdout,INGV,M_RW,156,1.0,19,0.9173787021838415,78,,0.24561403508771928,0.1568627450980392,57.0,51.0,14.0,8.0
holdout,INGV,M_RW,156,1.5,6,0.9000327320558283,86,,0.24561403508771928,0.1568627450980392,57.0,51.0,14.0,8.0
holdout,INGV,M_RW,156,2.0,6,0.8851205729167709,95,,0.24561403508771928,0.1568627450980392,57.0,51.0,14.0,8.0
holdout,INGV,M_RW,156,3.0,16,0.8584007870369122,104,,0.24561403508771928,0.1568627450980392,57.0,51.0,14.0,8.0
holdout,INGV,M_RW,157,0.1,3,0.9585533148152624,44,,0.42105263157894735,0.35294117647058826,57.0,51.0,24.0,18.0
holdout,INGV,M_RW,157,0.5,8,0.9314700065277167,68,,0.24561403508771928,0.1568627450980392,57.0,51.0,14.0,8.0
holdout,INGV,M_RW,157,1.0,2,0.9104311121922793,77,,0.24561403508771928,0.1568627450980392,57.0,51.0,14.0,8.0
holdout,INGV,M_RW,157,1.5,7,0.894184141141542,85,,0.24561403508771928,0.1568627450980392,57.0,51.0,14.0,8.0
holdout,INGV,M_RW,157,2.0,6,0.880030391203091,91,,0.24561403508771928,0.1568627450980392,57.0,51.0,14.0,8.0
holdout,INGV,M_RW,157,3.0,7,0.8541046495634373,100,,0.24561403508771928,0.1568627450980392,57.0,51.0,14.0,8.0
holdout,INGV,M_RW,158,0.1,12345,0.9623016152456396,49,,0.24561403508771928,0.1568627450980392,57.0,51.0,14.0,8.0
holdout,INGV,M_RW,158,0.5,14,0.9364656459363594,73,,0.24561403508771928,0.1568627450980392,57.0,51.0,14.0,8.0
holdout,INGV,M_RW,158,1.0,12,0.916228472694671,87,,0.24561403508771928,0.1568627450980392,57.0,51.0,14.0,8.0
holdout,INGV,M_RW,158,1.5,12,0.8992729190544463,93,,0.24561403508771928,0.1568627450980392,57.0,51.0,14.0,8.0
holdout,INGV,M_RW,158,2.0,2,0.8848151315524933,101,,0.24561403508771928,0.1568627450980392,57.0,51.0,14.0,8.0
holdout,INGV,M_RW,158,3.0,2,0.8607127974822423,110,,0.24561403508771928,0.1568627450980392,57.0,51.0,14.0,8.0
holdout,INGV,M_RW,159,0.1,17,0.9606232574555653,47,,0.24561403508771928,0.1568627450980392,57.0,51.0,14.0,8.0
holdout,INGV,M_RW,159,0.5,9,0.9357634017096358,77,,0.24561403508771928,0.1568627450980392,57.0,51.0,14.0,8.0
holdout,INGV,M_RW,159,1.0,15,0.918115260003322,91,,0.24561403508771928,0.1568627450980392,57.0,51.0,14.0,8.0
holdout,INGV,M_RW,159,1.5,16,0.9039305385532049,102,,0.24561403508771928,0.1568627450980392,57.0,51.0,14.0,8.0
holdout,INGV,M_RW,159,2.0,10,0.8909554775911381,108,,0.24561403508771928,0.1568627450980392,57.0,51.0,14.0,8.0
holdout,INGV,M_RW,159,3.0,16,0.866612263581616,120,,0.24561403508771928,0.1568627450980392,57.0,51.0,14.0,8.0
holdout,INGV,M_RW,160,0.1,11,0.9629294958034418,46,,0.49122807017543857,0.43137254901960786,57.0,51.0,28.0,22.0
holdout,INGV,M_RW,160,0.5,12345,0.9372406098881495,78,,0.42105263157894735,0.35294117647058826,57.0,51.0,24.0,18.0
holdout,INGV,M_RW,160,1.0,1,0.916437247413842,86,,0.42105263157894735,0.35294117647058826,57.0,51.0,24.0,18.0
holdout,INGV,M_RW,160,1.5,15,0.8989485757517837,89,,0.42105263157894735,0.35294117647058826,57.0,51.0,24.0,18.0
holdout,INGV,M_RW,160,2.0,1,0.8829292538678758,94,,0.42105263157894735,0.35294117647058826,57.0,51.0,24.0,18.0
holdout,INGV,M_RW,160,3.0,5,0.8544039901908501,107,,0.42105263157894735,0.35294117647058826,57.0,51.0,24.0,18.0
holdout,INGV,M_RW,161,0.1,6,0.9595439163631715,42,,0.24561403508771928,0.1568627450980392,57.0,51.0,14.0,8.0
holdout,INGV,M_RW,161,0.5,12,0.9303574973607738,71,,0.24561403508771928,0.1568627450980392,57.0,51.0,14.0,8.0
holdout,INGV,M_RW,161,1.0,8,0.9077207320362116,84,,0.24561403508771928,0.1568627450980392,57.0,51.0,14.0,8.0
holdout,INGV,M_RW,161,1.5,8,0.8888360094020056,91,,0.24561403508771928,0.1568627450980392,57.0,51.0,14.0,8.0
holdout,INGV,M_RW,161,2.0,7,0.8724010840266264,98,,0.24561403508771928,0.1568627450980392,57.0,51.0,14.0,8.0
holdout,INGV,M_RW,161,3.0,10,0.846228009909271,111,,0.24561403508771928,0.1568627450980392,57.0,51.0,14.0,8.0
holdout,INGV,M_RW,162,0.1,13,0.9705617757935189,44,,0.3157894736842105,0.23529411764705882,57.0,51.0,18.0,12.0
holdout,INGV,M_RW,162,0.5,13,0.9502682125637928,72,,0.24561403508771928,0.1568627450980392,57.0,51.0,14.0,8.0
holdout,INGV,M_RW,162,1.0,9,0.9350128673849156,87,,0.24561403508771928,0.1568627450980392,57.0,51.0,14.0,8.0
holdout,INGV,M_RW,162,1.5,3,0.9225206549272595,97,,0.24561403508771928,0.1568627450980392,57.0,51.0,14.0,8.0
holdout,INGV,M_RW,162,2.0,10,0.9107163509275483,107,,0.24561403508771928,0.1568627450980392,57.0,51.0,14.0,8.0
holdout,INGV,M_RW,162,3.0,10,0.8886447757715629,112,,0.24561403508771928,0.1568627450980392,57.0,51.0,14.0,8.0
holdout,INGV,M_RW,163,0.1,6,0.9592224049086394,49,,0.24561403508771928,0.1568627450980392,57.0,51.0,14.0,8.0
holdout,INGV,M_RW,163,0.5,12345,0.9332286335978663,71,,0.24561403508771928,0.1568627450980392,57.0,51.0,14.0,8.0
holdout,INGV,M_RW,163,1.0,16,0.9127501212905347,81,,0.24561403508771928,0.1568627450980392,57.0,51.0,14.0,8.0
holdout,INGV,M_RW,163,1.5,12345,0.8962077182178393,92,,0.24561403508771928,0.1568627450980392,57.0,51.0,14.0,8.0
holdout,INGV,M_RW,163,2.0,9,0.8823728791847011,104,,0.24561403508771928,0.1568627450980392,57.0,51.0,14.0,8.0
holdout,INGV,M_RW,163,3.0,17,0.8571592106127187,108,,0.24561403508771928,0.1568627450980392,57.0,51.0,14.0,8.0
holdout,INGV,M_RW,164,0.1,5,0.9642036211204367,48,,0.24561403508771928,0.1568627450980392,57.0,51.0,14.0,8.0
holdout,INGV,M_RW,164,0.5,5,0.9361491167186202,70,,0.24561403508771928,0.1568627450980392,57.0,51.0,14.0,8.0
holdout,INGV,M_RW,164,1.0,10,0.9115304012390165,82,,0.24561403508771928,0.1568627450980392,57.0,51.0,14.0,8.0
holdout,INGV,M_RW,164,1.5,10,0.8922117789711486,91,,0.24561403508771928,0.1568627450980392,57.0,51.0,14.0,8.0
holdout,INGV,M_RW,164,2.0,10,0.8760646073142386,103,,0.24561403508771928,0.1568627450980392,57.0,51.0,14.0,8.0
holdout,INGV,M_RW,164,3.0,16,0.8484876314153161,112,,0.24561403508771928,0.1568627450980392,57.0,51.0,14.0,8.0
holdout,INGV,M_RW,165,0.1,10,0.9654944392436615,47,,0.24561403508771928,0.1568627450980392,57.0,51.0,14.0,8.0
holdout,INGV,M_RW,165,0.5,1,0.9445216107820038,72,,0.24561403508771928,0.1568627450980392,57.0,51.0,14.0,8.0
holdout,INGV,M_RW,165,1.0,9,0.9265685307462962,82,,0.24561403508771928,0.1568627450980392,57.0,51.0,14.0,8.0
holdout,INGV,M_RW,165,1.5,6,0.9110378499299446,93,,0.24561403508771928,0.1568627450980392,57.0,51.0,14.0,8.0
holdout,INGV,M_RW,165,2.0,12345,0.8966265325465387,101,,0.24561403508771928,0.1568627450980392,57.0,51.0,14.0,8.0
holdout,INGV,M_RW,165,3.0,14,0.8715908628034262,104,,0.24561403508771928,0.1568627450980392,57.0,51.0,14.0,8.0
holdout,INGV,M_RW,166,0.1,7,0.964246728390038,43,,0.24561403508771928,0.1568627450980392,57.0,51.0,14.0,8.0
holdout,INGV,M_RW,166,0.5,11,0.9367341797301745,74,,0.24561403508771928,0.1568627450980392,57.0,51.0,14.0,8.0
holdout,INGV,M_RW,166,1.0,13,0.9133643344294221,86,,0.24561403508771928,0.1568627450980392,57.0,51.0,14.0,8.0
holdout,INGV,M_RW,166,1.5,3,0.895230527350993,95,,0.24561403508771928,0.1568627450980392,57.0,51.0,14.0,8.0
holdout,INGV,M_RW,166,2.0,9,0.8787981177698763,97,,0.24561403508771928,0.1568627450980392,57.0,51.0,14.0,8.0
holdout,INGV,M_RW,166,3.0,8,0.850716829556598,108,,0.24561403508771928,0.1568627450980392,57.0,51.0,14.0,8.0
holdout,INGV,M_RW,167,0.1,7,0.964263842011225,45,,0.24561403508771928,0.1568627450980392,57.0,51.0,14.0,8.0
holdout,INGV,M_RW,167,0.5,14,0.938859719998074,70,,0.24561403508771928,0.1568627450980392,57.0,51.0,14.0,8.0
holdout,INGV,M_RW,167,1.0,17,0.9187010286850852,83,,0.24561403508771928,0.1568627450980392,57.0,51.0,14.0,8.0
holdout,INGV,M_RW,167,1.5,12,0.9013650557336361,91,,0.24561403508771928,0.1568627450980392,57.0,51.0,14.0,8.0
holdout,INGV,M_RW,167,2.0,13,0.8856928266005344,98,,0.24561403508771928,0.1568627450980392,57.0,51.0,14.0,8.0
holdout,INGV,M_RW,167,3.0,9,0.8584739093262058,110,,0.24561403508771928,0.1568627450980392,57.0,51.0,14.0,8.0
holdout,INGV,M_RW,168,0.1,6,0.9652280731364246,42,,0.8070175438596491,0.7843137254901961,57.0,51.0,46.0,40.0
holdout,INGV,M_RW,168,0.5,13,0.9418327326849488,69,,0.24561403508771928,0.1568627450980392,57.0,51.0,14.0,8.0
holdout,INGV,M_RW,168,1.0,11,0.9228360146713258,84,,0.24561403508771928,0.1568627450980392,57.0,51.0,14.0,8.0
holdout,INGV,M_RW,168,1.5,4,0.9070122580631065,89,,0.24561403508771928,0.1568627450980392,57.0,51.0,14.0,8.0
holdout,INGV,M_RW,168,2.0,18,0.8930754528040814,92,,0.24561403508771928,0.1568627450980392,57.0,51.0,14.0,8.0
holdout,INGV,M_RW,168,3.0,3,0.8674049303711646,98,,0.24561403508771928,0.1568627450980392,57.0,51.0,14.0,8.0
holdout,INGV,M_RW,169,0.1,19,0.9545092403489617,47,,0.24561403508771928,0.1568627450980392,57.0,51.0,14.0,8.0
holdout,INGV,M_RW,169,0.5,15,0.9199676041472079,74,,0.24561403508771928,0.1568627450980392,57.0,51.0,14.0,8.0
holdout,INGV,M_RW,169,1.0,13,0.8943557942867666,85,,0.24561403508771928,0.1568627450980392,57.0,51.0,14.0,8.0
holdout,INGV,M_RW,169,1.5,2,0.8733938617547301,92,,0.24561403508771928,0.1568627450980392,57.0,51.0,14.0,8.0
holdout,INGV,M_RW,169,2.0,6,0.8555454575093939,97,,0.24561403508771928,0.1568627450980392,57.0,51.0,14.0,8.0
holdout,INGV,M_RW,169,3.0,13,0.8251878624926342,111,,0.24561403508771928,0.1568627450980392,57.0,51.0,14.0,8.0
holdout,INGV,M_RW,170,0.1,1,0.9689314766793194,49,,0.24561403508771928,0.1568627450980392,57.0,51.0,14.0,8.0
holdout,INGV,M_RW,170,0.5,4,0.9467555038551109,73,,0.24561403508771928,0.1568627450980392,57.0,51.0,14.0,8.0
holdout,INGV,M_RW,170,1.0,4,0.9269829913685033,84,,0.24561403508771928,0.1568627450980392,57.0,51.0,14.0,8.0
holdout,INGV,M_RW,170,1.5,11,0.9124095238660094,95,,0.24561403508771928,0.1568627450980392,57.0,51.0,14.0,8.0
holdout,INGV,M_RW,170,2.0,16,0.8998309828770772,99,,0.24561403508771928,0.1568627450980392,57.0,51.0,14.0,8.0
holdout,INGV,M_RW,170,3.0,9,0.8765720413960967,114,,0.24561403508771928,0.1568627450980392,57.0,51.0,14.0,8.0
holdout,INGV,M_RW,171,0.1,8,0.9654805533631625,46,,0.24561403508771928,0.1568627450980392,57.0,51.0,14.0,8.0
holdout,INGV,M_RW,171,0.5,5,0.9421758534934607,69,,0.24561403508771928,0.1568627450980392,57.0,51.0,14.0,8.0
holdout,INGV,M_RW,171,1.0,8,0.9246808362253307,80,,0.24561403508771928,0.1568627450980392,57.0,51.0,14.0,8.0
holdout,INGV,M_RW,171,1.5,18,0.9093726910223954,89,,0.24561403508771928,0.1568627450980392,57.0,51.0,14.0,8.0
holdout,INGV,M_RW,171,2.0,13,0.8953556014332043,94,,0.24561403508771928,0.1568627450980392,57.0,51.0,14.0,8.0
holdout,INGV,M_RW,171,3.0,14,0.8696248107920944,104,,0.24561403508771928,0.1568627450980392,57.0,51.0,14.0,8.0
holdout,INGV,M_RW,172,0.1,15,0.9634660262749194,37,,0.8070175438596491,0.7843137254901961,57.0,51.0,46.0,40.0
holdout,INGV,M_RW,172,0.5,12,0.9377847230346774,65,,0.8070175438596491,0.7843137254901961,57.0,51.0,46.0,40.0
holdout,INGV,M_RW,172,1.0,13,0.9162086381438895,72,,0.8070175438596491,0.7843137254901961,57.0,51.0,46.0,40.0
holdout,INGV,M_RW,172,1.5,2,0.8983475359952134,84,,0.42105263157894735,0.35294117647058826,57.0,51.0,24.0,18.0
holdout,INGV,M_RW,172,2.0,18,0.8836231211423551,92,,0.42105263157894735,0.35294117647058826,57.0,51.0,24.0,18.0
holdout,INGV,M_RW,172,3.0,1,0.8575959492180751,99,,0.42105263157894735,0.35294117647058826,57.0,51.0,24.0,18.0
holdout,INGV,M_RW,173,0.1,11,0.9680765141128528,44,,0.3333333333333333,0.2549019607843137,57.0,51.0,19.0,13.0
holdout,INGV,M_RW,173,0.5,11,0.9435141081957522,69,,0.3333333333333333,0.2549019607843137,57.0,51.0,19.0,13.0
holdout,INGV,M_RW,173,1.0,4,0.922624936175857,75,,0.3333333333333333,0.2549019607843137,57.0,51.0,19.0,13.0
holdout,INGV,M_RW,173,1.5,17,0.9058903804509479,86,,0.24561403508771928,0.1568627450980392,57.0,51.0,14.0,8.0
holdout,INGV,M_RW,173,2.0,15,0.8912667910219964,93,,0.24561403508771928,0.1568627450980392,57.0,51.0,14.0,8.0
holdout,INGV,M_RW,173,3.0,6,0.8664802151434625,102,,0.24561403508771928,0.1568627450980392,57.0,51.0,14.0,8.0
holdout,INGV,M_RW,174,0.1,17,0.9625202063795375,51,,0.24561403508771928,0.1568627450980392,57.0,51.0,14.0,8.0
holdout,INGV,M_RW,174,0.5,10,0.9311784768166249,75,,0.24561403508771928,0.1568627450980392,57.0,51.0,14.0,8.0
holdout,INGV,M_RW,174,1.0,17,0.9107310039515848,89,,0.24561403508771928,0.1568627450980392,57.0,51.0,14.0,8.0
holdout,INGV,M_RW,174,1.5,8,0.894334440187795,96,,0.24561403508771928,0.1568627450980392,57.0,51.0,14.0,8.0
holdout,INGV,M_RW,174,2.0,13,0.8794597002948371,102,,0.24561403508771928,0.1568627450980392,57.0,51.0,14.0,8.0
holdout,INGV,M_RW,174,3.0,10,0.853338126588704,110,,0.24561403508771928,0.1568627450980392,57.0,51.0,14.0,8.0
holdout,INGV,M_RW,175,0.1,16,0.9657432790080303,44,,0.24561403508771928,0.1568627450980392,57.0,51.0,14.0,8.0
holdout,INGV,M_RW,175,0.5,5,0.9398111975129659,73,,0.24561403508771928,0.1568627450980392,57.0,51.0,14.0,8.0
holdout,INGV,M_RW,175,1.0,7,0.9205387448370151,91,,0.24561403508771928,0.1568627450980392,57.0,51.0,14.0,8.0
holdout,INGV,M_RW,175,1.5,7,0.9073235604071286,101,,0.45614035087719296,0.39215686274509803,57.0,51.0,26.0,20.0
holdout,INGV,M_RW,175,2.0,6,0.8949839157570653,105,,0.45614035087719296,0.39215686274509803,57.0,51.0,26.0,20.0
holdout,INGV,M_RW,175,3.0,4,0.872088416503809,109,,0.45614035087719296,0.39215686274509803,57.0,51.0,26.0,20.0
holdout,INGV,M_RW,176,0.1,4,0.9634206231945911,53,,0.3157894736842105,0.23529411764705882,57.0,51.0,18.0,12.0
holdout,INGV,M_RW,176,0.5,13,0.9352260208774817,81,,0.24561403508771928,0.1568627450980392,57.0,51.0,14.0,8.0
holdout,INGV,M_RW,176,1.0,11,0.9144291250960247,96,,0.24561403508771928,0.1568627450980392,57.0,51.0,14.0,8.0
holdout,INGV,M_RW,176,1.5,14,0.8983806388716269,102,,0.24561403508771928,0.1568627450980392,57.0,51.0,14.0,8.0
holdout,INGV,M_RW,176,2.0,9,0.8832147142815293,108,,0.24561403508771928,0.1568627450980392,57.0,51.0,14.0,8.0
holdout,INGV,M_RW,176,3.0,16,0.8565573737597263,123,,0.24561403508771928,0.1568627450980392,57.0,51.0,14.0,8.0
holdout,INGV,M_RW,177,0.1,14,0.9611466687501816,50,,0.24561403508771928,0.1568627450980392,57.0,51.0,14.0,8.0
holdout,INGV,M_RW,177,0.5,19,0.9332336107634572,74,,0.24561403508771928,0.1568627450980392,57.0,51.0,14.0,8.0
holdout,INGV,M_RW,177,1.0,12,0.9137118574398412,90,,0.24561403508771928,0.1568627450980392,57.0,51.0,14.0,8.0
holdout,INGV,M_RW,177,1.5,13,0.897388036053274,95,,0.24561403508771928,0.1568627450980392,57.0,51.0,14.0,8.0
holdout,INGV,M_RW,177,2.0,17,0.8819656641547501,96,,0.24561403508771928,0.1568627450980392,57.0,51.0,14.0,8.0
holdout,INGV,M_RW,177,3.0,1,0.8549966278106411,111,,0.24561403508771928,0.1568627450980392,57.0,51.0,14.0,8.0
holdout,INGV,M_RW,178,0.1,5,0.9705281305571226,46,,0.42105263157894735,0.35294117647058826,57.0,51.0,24.0,18.0
holdout,INGV,M_RW,178,0.5,12345,0.9519170512928259,76,,0.24561403508771928,0.1568627450980392,57.0,51.0,14.0,8.0
holdout,INGV,M_RW,178,1.0,11,0.9370675104013741,87,,0.24561403508771928,0.1568627450980392,57.0,51.0,14.0,8.0
holdout,INGV,M_RW,178,1.5,7,0.9246747065769632,97,,0.24561403508771928,0.1568627450980392,57.0,51.0,14.0,8.0
holdout,INGV,M_RW,178,2.0,12345,0.9133681391666436,99,,0.24561403508771928,0.1568627450980392,57.0,51.0,14.0,8.0
holdout,INGV,M_RW,178,3.0,19,0.8921167811410383,108,,0.24561403508771928,0.1568627450980392,57.0,51.0,14.0,8.0
holdout,INGV,M_RW,179,0.1,13,0.9631916578404798,51,,0.3333333333333333,0.2549019607843137,57.0,51.0,19.0,13.0
holdout,INGV,M_RW,179,0.5,8,0.9378314014647554,73,,0.24561403508771928,0.1568627450980392,57.0,51.0,14.0,8.0
holdout,INGV,M_RW,179,1.0,10,0.9187861250237169,82,,0.24561403508771928,0.1568627450980392,57.0,51.0,14.0,8.0
holdout,INGV,M_RW,179,1.5,17,0.9028300030883036,97,,0.24561403508771928,0.1568627450980392,57.0,51.0,14.0,8.0
holdout,INGV,M_RW,179,2.0,17,0.8884708412331482,104,,0.24561403508771928,0.1568627450980392,57.0,51.0,14.0,8.0
holdout,INGV,M_RW,179,3.0,14,0.8624027890956143,113,,0.24561403508771928,0.1568627450980392,57.0,51.0,14.0,8.0
holdout,INGV,M_RW,180,0.1,11,0.9708689187513748,56,,0.24561403508771928,0.1568627450980392,57.0,51.0,14.0,8.0
holdout,INGV,M_RW,180,0.5,9,0.9508540921466019,80,,0.24561403508771928,0.1568627450980392,57.0,51.0,14.0,8.0
holdout,INGV,M_RW,180,1.0,5,0.9340953065511115,93,,0.24561403508771928,0.1568627450980392,57.0,51.0,14.0,8.0
holdout,INGV,M_RW,180,1.5,14,0.9192479430421328,97,,0.24561403508771928,0.1568627450980392,57.0,51.0,14.0,8.0
holdout,INGV,M_RW,180,2.0,13,0.904863561312496,100,,0.24561403508771928,0.1568627450980392,57.0,51.0,14.0,8.0
holdout,INGV,M_RW,180,3.0,7,0.8790526029913239,109,,0.24561403508771928,0.1568627450980392,57.0,51.0,14.0,8.0
holdout,INGV,M_RW,181,0.1,13,0.9624206419808894,44,,0.24561403508771928,0.1568627450980392,57.0,51.0,14.0,8.0
holdout,INGV,M_RW,181,0.5,14,0.9349300348490217,80,,0.24561403508771928,0.1568627450980392,57.0,51.0,14.0,8.0
holdout,INGV,M_RW,181,1.0,19,0.9128501683953695,88,,0.24561403508771928,0.1568627450980392,57.0,51.0,14.0,8.0
holdout,INGV,M_RW,181,1.5,12345,0.8964943183403599,93,,0.24561403508771928,0.1568627450980392,57.0,51.0,14.0,8.0
holdout,INGV,M_RW,181,2.0,7,0.8818749080759155,97,,0.24561403508771928,0.1568627450980392,57.0,51.0,14.0,8.0
holdout,INGV,M_RW,181,3.0,6,0.8550945571530222,108,,0.24561403508771928,0.1568627450980392,57.0,51.0,14.0,8.0
holdout,INGV,M_RW,182,0.1,17,0.9615158599996114,50,,0.3684210526315789,0.29411764705882354,57.0,51.0,21.0,15.0
holdout,INGV,M_RW,182,0.5,6,0.93328546510484,69,,0.3333333333333333,0.2549019607843137,57.0,51.0,19.0,13.0
holdout,INGV,M_RW,182,1.0,15,0.9114451154496924,83,,0.3333333333333333,0.2549019607843137,57.0,51.0,19.0,13.0
holdout,INGV,M_RW,182,1.5,7,0.8948985397496233,92,,0.3333333333333333,0.2549019607843137,57.0,51.0,19.0,13.0
holdout,INGV,M_RW,182,2.0,12,0.8801189818303131,98,,0.24561403508771928,0.1568627450980392,57.0,51.0,14.0,8.0
holdout,INGV,M_RW,182,3.0,7,0.8526921382980549,110,,0.24561403508771928,0.1568627450980392,57.0,51.0,14.0,8.0
holdout,INGV,M_RW,183,0.1,2,0.9616385498672344,40,,0.45614035087719296,0.39215686274509803,57.0,51.0,26.0,20.0
holdout,INGV,M_RW,183,0.5,8,0.9361890585929363,68,,0.42105263157894735,0.35294117647058826,57.0,51.0,24.0,18.0
holdout,INGV,M_RW,183,1.0,10,0.9161563929634944,80,,0.42105263157894735,0.35294117647058826,57.0,51.0,24.0,18.0
holdout,INGV,M_RW,183,1.5,8,0.8992026377618109,89,,0.42105263157894735,0.35294117647058826,57.0,51.0,24.0,18.0
holdout,INGV,M_RW,183,2.0,15,0.882777138186176,95,,0.42105263157894735,0.35294117647058826,57.0,51.0,24.0,18.0
holdout,INGV,M_RW,183,3.0,5,0.8564609664289338,112,,0.42105263157894735,0.35294117647058826,57.0,51.0,24.0,18.0
holdout,INGV,M_RW,184,0.1,8,0.9634697910729486,52,,0.5087719298245614,0.45098039215686275,57.0,51.0,29.0,23.0
holdout,INGV,M_RW,184,0.5,19,0.9384007693136678,78,,0.24561403508771928,0.1568627450980392,57.0,51.0,14.0,8.0
holdout,INGV,M_RW,184,1.0,8,0.9175418573679959,90,,0.24561403508771928,0.1568627450980392,57.0,51.0,14.0,8.0
holdout,INGV,M_RW,184,1.5,13,0.900105151472158,101,,0.24561403508771928,0.1568627450980392,57.0,51.0,14.0,8.0
holdout,INGV,M_RW,184,2.0,3,0.8834151510174992,106,,0.24561403508771928,0.1568627450980392,57.0,51.0,14.0,8.0
holdout,INGV,M_RW,184,3.0,1,0.854683789115032,117,,0.24561403508771928,0.1568627450980392,57.0,51.0,14.0,8.0
holdout,INGV,M_RW,185,0.1,7,0.9593650062929788,48,,0.24561403508771928,0.1568627450980392,57.0,51.0,14.0,8.0
holdout,INGV,M_RW,185,0.5,3,0.9286288674842827,73,,0.24561403508771928,0.1568627450980392,57.0,51.0,14.0,8.0
holdout,INGV,M_RW,185,1.0,18,0.905968046062983,85,,0.24561403508771928,0.1568627450980392,57.0,51.0,14.0,8.0
holdout,INGV,M_RW,185,1.5,8,0.8855885413313824,94,,0.24561403508771928,0.1568627450980392,57.0,51.0,14.0,8.0
holdout,INGV,M_RW,185,2.0,6,0.8677470021158306,101,,0.24561403508771928,0.1568627450980392,57.0,51.0,14.0,8.0
holdout,INGV,M_RW,185,3.0,11,0.8369097829802818,112,,0.24561403508771928,0.1568627450980392,57.0,51.0,14.0,8.0
holdout,INGV,M_RW,186,0.1,4,0.9625605728502896,47,,0.24561403508771928,0.1568627450980392,57.0,51.0,14.0,8.0
holdout,INGV,M_RW,186,0.5,9,0.9327828619696906,71,,0.24561403508771928,0.1568627450980392,57.0,51.0,14.0,8.0
holdout,INGV,M_RW,186,1.0,1,0.9112115269010185,88,,0.24561403508771928,0.1568627450980392,57.0,51.0,14.0,8.0
holdout,INGV,M_RW,186,1.5,1,0.8938881712913744,95,,0.24561403508771928,0.1568627450980392,57.0,51.0,14.0,8.0
holdout,INGV,M_RW,186,2.0,3,0.878983007592613,102,,0.24561403508771928,0.1568627450980392,57.0,51.0,14.0,8.0
holdout,INGV,M_RW,186,3.0,16,0.8527229828677223,111,,0.24561403508771928,0.1568627450980392,57.0,51.0,14.0,8.0
holdout,INGV,M_RW,187,0.1,10,0.9632211428369792,44,,0.42105263157894735,0.35294117647058826,57.0,51.0,24.0,18.0
holdout,INGV,M_RW,187,0.5,8,0.9383650126789465,71,,0.42105263157894735,0.35294117647058826,57.0,51.0,24.0,18.0
holdout,INGV,M_RW,187,1.0,11,0.9182964726085798,83,,0.42105263157894735,0.35294117647058826,57.0,51.0,24.0,18.0
holdout,INGV,M_RW,187,1.5,12345,0.9020065337106515,89,,0.42105263157894735,0.35294117647058826,57.0,51.0,24.0,18.0
holdout,INGV,M_RW,187,2.0,3,0.8874904194205333,95,,0.42105263157894735,0.35294117647058826,57.0,51.0,24.0,18.0
holdout,INGV,M_RW,187,3.0,12,0.860917779509219,102,,0.42105263157894735,0.35294117647058826,57.0,51.0,24.0,18.0
holdout,INGV,M_RW,188,0.1,15,0.9669494984359341,46,,0.24561403508771928,0.1568627450980392,57.0,51.0,14.0,8.0
holdout,INGV,M_RW,188,0.5,11,0.9430496064505862,71,,0.24561403508771928,0.1568627450980392,57.0,51.0,14.0,8.0
holdout,INGV,M_RW,188,1.0,1,0.9231819937626278,81,,0.24561403508771928,0.1568627450980392,57.0,51.0,14.0,8.0
holdout,INGV,M_RW,188,1.5,8,0.9064996167619723,92,,0.24561403508771928,0.1568627450980392,57.0,51.0,14.0,8.0
holdout,INGV,M_RW,188,2.0,5,0.8918737060742595,97,,0.24561403508771928,0.1568627450980392,57.0,51.0,14.0,8.0
holdout,INGV,M_RW,188,3.0,13,0.8649827243633135,109,,0.24561403508771928,0.1568627450980392,57.0,51.0,14.0,8.0
holdout,INGV,M_RW,189,0.1,2,0.9639500810309609,42,,0.45614035087719296,0.39215686274509803,57.0,51.0,26.0,20.0
holdout,INGV,M_RW,189,0.5,4,0.9407545400407367,63,,0.24561403508771928,0.1568627450980392,57.0,51.0,14.0,8.0
holdout,INGV,M_RW,189,1.0,11,0.9212267485308111,78,,0.24561403508771928,0.1568627450980392,57.0,51.0,14.0,8.0
holdout,INGV,M_RW,189,1.5,19,0.9038967742046237,89,,0.24561403508771928,0.1568627450980392,57.0,51.0,14.0,8.0
holdout,INGV,M_RW,189,2.0,11,0.8891409293074916,97,,0.24561403508771928,0.1568627450980392,57.0,51.0,14.0,8.0
holdout,INGV,M_RW,189,3.0,9,0.8637288732845366,102,,0.24561403508771928,0.1568627450980392,57.0,51.0,14.0,8.0
holdout,INGV,M_RW,190,0.1,5,0.9638315700369693,48,,0.24561403508771928,0.1568627450980392,57.0,51.0,14.0,8.0
holdout,INGV,M_RW,190,0.5,7,0.9347756921204929,72,,0.24561403508771928,0.1568627450980392,57.0,51.0,14.0,8.0
holdout,INGV,M_RW,190,1.0,2,0.9102407493003284,82,,0.24561403508771928,0.1568627450980392,57.0,51.0,14.0,8.0
holdout,INGV,M_RW,190,1.5,4,0.8901699897273488,95,,0.24561403508771928,0.1568627450980392,57.0,51.0,14.0,8.0
holdout,INGV,M_RW,190,2.0,12,0.8749018907209916,100,,0.24561403508771928,0.1568627450980392,57.0,51.0,14.0,8.0
holdout,INGV,M_RW,190,3.0,12,0.846306243728006,110,,0.24561403508771928,0.1568627450980392,57.0,51.0,14.0,8.0
holdout,INGV,M_RW,191,0.1,18,0.9640879306662863,42,,0.49122807017543857,0.43137254901960786,57.0,51.0,28.0,22.0
holdout,INGV,M_RW,191,0.5,15,0.9368300117633246,68,,0.24561403508771928,0.1568627450980392,57.0,51.0,14.0,8.0
holdout,INGV,M_RW,191,1.0,8,0.9173820832439585,74,,0.24561403508771928,0.1568627450980392,57.0,51.0,14.0,8.0
holdout,INGV,M_RW,191,1.5,6,0.9010012845264139,84,,0.24561403508771928,0.1568627450980392,57.0,51.0,14.0,8.0
holdout,INGV,M_RW,191,2.0,1,0.885438239273842,90,,0.24561403508771928,0.1568627450980392,57.0,51.0,14.0,8.0
holdout,INGV,M_RW,191,3.0,12345,0.8590109118639405,100,,0.24561403508771928,0.1568627450980392,57.0,51.0,14.0,8.0
holdout,INGV,M_RW,192,0.1,2,0.9649444410228475,46,,0.24561403508771928,0.1568627450980392,57.0,51.0,14.0,8.0
holdout,INGV,M_RW,192,0.5,2,0.937551148765455,69,,0.24561403508771928,0.1568627450980392,57.0,51.0,14.0,8.0
holdout,INGV,M_RW,192,1.0,11,0.9157410904397933,82,,0.24561403508771928,0.1568627450980392,57.0,51.0,14.0,8.0
holdout,INGV,M_RW,192,1.5,14,0.898361346179887,90,,0.24561403508771928,0.1568627450980392,57.0,51.0,14.0,8.0
holdout,INGV,M_RW,192,2.0,6,0.8835449684767152,100,,0.24561403508771928,0.1568627450980392,57.0,51.0,14.0,8.0
holdout,INGV,M_RW,192,3.0,17,0.8561479078079051,110,,0.24561403508771928,0.1568627450980392,57.0,51.0,14.0,8.0
holdout,INGV,M_RW,193,0.1,7,0.9613126457637936,45,,0.24561403508771928,0.1568627450980392,57.0,51.0,14.0,8.0
holdout,INGV,M_RW,193,0.5,12345,0.9303522260423335,73,,0.24561403508771928,0.1568627450980392,57.0,51.0,14.0,8.0
holdout,INGV,M_RW,193,1.0,15,0.9087015886246909,88,,0.24561403508771928,0.1568627450980392,57.0,51.0,14.0,8.0
holdout,INGV,M_RW,193,1.5,13,0.8908424436476672,98,,0.24561403508771928,0.1568627450980392,57.0,51.0,14.0,8.0
holdout,INGV,M_RW,193,2.0,8,0.8747113222417163,104,,0.24561403508771928,0.1568627450980392,57.0,51.0,14.0,8.0
holdout,INGV,M_RW,193,3.0,8,0.8456716012370491,116,,0.24561403508771928,0.1568627450980392,57.0,51.0,14.0,8.0
holdout,INGV,M_RW,194,0.1,10,0.9704046847833793,47,,0.24561403508771928,0.1568627450980392,57.0,51.0,14.0,8.0
holdout,INGV,M_RW,194,0.5,14,0.9503537737897418,75,,0.24561403508771928,0.1568627450980392,57.0,51.0,14.0,8.0
holdout,INGV,M_RW,194,1.0,16,0.933933709573237,86,,0.24561403508771928,0.1568627450980392,57.0,51.0,14.0,8.0
holdout,INGV,M_RW,194,1.5,1,0.9198610806966826,94,,0.24561403508771928,0.1568627450980392,57.0,51.0,14.0,8.0
holdout,INGV,M_RW,194,2.0,1,0.9078914500975277,100,,0.24561403508771928,0.1568627450980392,57.0,51.0,14.0,8.0
holdout,INGV,M_RW,194,3.0,1,0.8862838131806527,104,,0.24561403508771928,0.1568627450980392,57.0,51.0,14.0,8.0
holdout,INGV,M_RW,195,0.1,3,0.9597426304669954,52,,0.2807017543859649,0.19607843137254902,57.0,51.0,16.0,10.0
holdout,INGV,M_RW,195,0.5,2,0.9327055638938946,72,,0.24561403508771928,0.1568627450980392,57.0,51.0,14.0,8.0
holdout,INGV,M_RW,195,1.0,13,0.9114554045627656,86,,0.24561403508771928,0.1568627450980392,57.0,51.0,14.0,8.0
holdout,INGV,M_RW,195,1.5,12,0.8930535123606369,96,,0.24561403508771928,0.1568627450980392,57.0,51.0,14.0,8.0
holdout,INGV,M_RW,195,2.0,12,0.8760895691423429,103,,0.24561403508771928,0.1568627450980392,57.0,51.0,14.0,8.0
holdout,INGV,M_RW,195,3.0,12345,0.8478889203918158,110,,0.24561403508771928,0.1568627450980392,57.0,51.0,14.0,8.0
holdout,INGV,M_RW,196,0.1,17,0.9555300193566675,43,,0.24561403508771928,0.1568627450980392,57.0,51.0,14.0,8.0
holdout,INGV,M_RW,196,0.5,18,0.9271227523751581,70,,0.24561403508771928,0.1568627450980392,57.0,51.0,14.0,8.0
holdout,INGV,M_RW,196,1.0,9,0.9024424176056054,83,,0.24561403508771928,0.1568627450980392,57.0,51.0,14.0,8.0
holdout,INGV,M_RW,196,1.5,13,0.8832693931200969,89,,0.24561403508771928,0.1568627450980392,57.0,51.0,14.0,8.0
holdout,INGV,M_RW,196,2.0,7,0.8666532402147855,99,,0.24561403508771928,0.1568627450980392,57.0,51.0,14.0,8.0
holdout,INGV,M_RW,196,3.0,1,0.8366868922423866,108,,0.24561403508771928,0.1568627450980392,57.0,51.0,14.0,8.0
holdout,INGV,M_RW,197,0.1,14,0.9625379260183922,48,,0.3157894736842105,0.23529411764705882,57.0,51.0,18.0,12.0
holdout,INGV,M_RW,197,0.5,18,0.9382466431736611,71,,0.24561403508771928,0.1568627450980392,57.0,51.0,14.0,8.0
holdout,INGV,M_RW,197,1.0,11,0.9185992372079335,84,,0.24561403508771928,0.1568627450980392,57.0,51.0,14.0,8.0
holdout,INGV,M_RW,197,1.5,11,0.9028460377195683,93,,0.24561403508771928,0.1568627450980392,57.0,51.0,14.0,8.0
holdout,INGV,M_RW,197,2.0,3,0.8883573484358012,98,,0.24561403508771928,0.1568627450980392,57.0,51.0,14.0,8.0
holdout,INGV,M_RW,197,3.0,8,0.8620984166739851,105,,0.24561403508771928,0.1568627450980392,57.0,51.0,14.0,8.0
holdout,INGV,M_RW,198,0.1,17,0.9644187039278299,43,,0.24561403508771928,0.1568627450980392,57.0,51.0,14.0,8.0
holdout,INGV,M_RW,198,0.5,4,0.9381183122034509,63,,0.24561403508771928,0.1568627450980392,57.0,51.0,14.0,8.0
holdout,INGV,M_RW,198,1.0,2,0.9162130765944375,80,,0.24561403508771928,0.1568627450980392,57.0,51.0,14.0,8.0
holdout,INGV,M_RW,198,1.5,9,0.8995768516569286,94,,0.24561403508771928,0.1568627450980392,57.0,51.0,14.0,8.0
holdout,INGV,M_RW,198,2.0,18,0.8841771896029719,97,,0.24561403508771928,0.1568627450980392,57.0,51.0,14.0,8.0
holdout,INGV,M_RW,198,3.0,3,0.8585984537489469,104,,0.24561403508771928,0.1568627450980392,57.0,51.0,14.0,8.0
holdout,INGV,M_RW,199,0.1,18,0.9632146488804786,51,,0.45614035087719296,0.39215686274509803,57.0,51.0,26.0,20.0
holdout,INGV,M_RW,199,0.5,8,0.9351884656434921,72,,0.24561403508771928,0.1568627450980392,57.0,51.0,14.0,8.0
holdout,INGV,M_RW,199,1.0,3,0.9104233482950154,85,,0.24561403508771928,0.1568627450980392,57.0,51.0,14.0,8.0
holdout,INGV,M_RW,199,1.5,5,0.8920273460768496,95,,0.24561403508771928,0.1568627450980392,57.0,51.0,14.0,8.0
holdout,INGV,M_RW,199,2.0,1,0.8762053861329563,105,,0.24561403508771928,0.1568627450980392,57.0,51.0,14.0,8.0
holdout,INGV,M_RW,199,3.0,4,0.848393608040793,112,,0.24561403508771928,0.1568627450980392,57.0,51.0,14.0,8.0
holdout,chuandian,observed,-1,0.1,17,0.9959857102686587,77,,0.9443099273607748,0.9429280397022333,413.0,403.0,390.0,380.0
holdout,chuandian,observed,-1,0.5,14,0.986919595305003,107,,0.9200968523002422,0.9181141439205955,413.0,403.0,380.0,370.0
holdout,chuandian,observed,-1,1.0,1,0.9765828159209773,117,,0.9200968523002422,0.9181141439205955,413.0,403.0,380.0,370.0
holdout,chuandian,observed,-1,1.5,9,0.9665615632816736,122,,0.9200968523002422,0.9181141439205955,413.0,403.0,380.0,370.0
holdout,chuandian,observed,-1,2.0,15,0.956599602819429,124,,0.9200968523002422,0.9181141439205955,413.0,403.0,380.0,370.0
holdout,chuandian,observed,-1,3.0,12345,0.936758690568698,131,,0.9200968523002422,0.9181141439205955,413.0,403.0,380.0,370.0
holdout,chuandian,M_RW,0,0.1,2,0.9742038367670495,25,40.0,0.45278450363196127,0.4392059553349876,413.0,403.0,187.0,177.0
holdout,chuandian,M_RW,0,0.5,6,0.9564464003745303,59,40.0,0.45278450363196127,0.4392059553349876,413.0,403.0,187.0,177.0
holdout,chuandian,M_RW,0,1.0,7,0.9423607701114818,75,40.0,0.45278450363196127,0.4392059553349876,413.0,403.0,187.0,177.0
holdout,chuandian,M_RW,0,1.5,11,0.9300249504445139,85,40.0,0.45278450363196127,0.4392059553349876,413.0,403.0,187.0,177.0
holdout,chuandian,M_RW,0,2.0,11,0.9191437939208648,97,40.0,0.45278450363196127,0.4392059553349876,413.0,403.0,187.0,177.0
holdout,chuandian,M_RW,0,3.0,10,0.8982645334333517,105,40.0,0.45278450363196127,0.4392059553349876,413.0,403.0,187.0,177.0
holdout,chuandian,M_RW,1,0.1,14,0.9737182024544616,29,40.0,0.45278450363196127,0.4392059553349876,413.0,403.0,187.0,177.0
holdout,chuandian,M_RW,1,0.5,8,0.955317740514123,61,40.0,0.45278450363196127,0.4392059553349876,413.0,403.0,187.0,177.0
holdout,chuandian,M_RW,1,1.0,7,0.9399163971263284,78,40.0,0.45278450363196127,0.4392059553349876,413.0,403.0,187.0,177.0
holdout,chuandian,M_RW,1,1.5,9,0.9264503397128332,83,40.0,0.45278450363196127,0.4392059553349876,413.0,403.0,187.0,177.0
holdout,chuandian,M_RW,1,2.0,9,0.9150918285757428,92,40.0,0.45278450363196127,0.4392059553349876,413.0,403.0,187.0,177.0
holdout,chuandian,M_RW,1,3.0,5,0.8937797289362122,105,40.0,0.45278450363196127,0.4392059553349876,413.0,403.0,187.0,177.0
holdout,chuandian,M_RW,2,0.1,12345,0.9728510379354025,29,40.0,0.46246973365617433,0.4491315136476427,413.0,403.0,191.0,181.0
holdout,chuandian,M_RW,2,0.5,19,0.9550189404459188,54,40.0,0.45278450363196127,0.4392059553349876,413.0,403.0,187.0,177.0
holdout,chuandian,M_RW,2,1.0,9,0.9404916634320566,66,40.0,0.45278450363196127,0.4392059553349876,413.0,403.0,187.0,177.0
holdout,chuandian,M_RW,2,1.5,3,0.9276704654441982,81,40.0,0.45278450363196127,0.4392059553349876,413.0,403.0,187.0,177.0
holdout,chuandian,M_RW,2,2.0,7,0.9157545018437913,85,40.0,0.45278450363196127,0.4392059553349876,413.0,403.0,187.0,177.0
holdout,chuandian,M_RW,2,3.0,9,0.8945706309044834,96,40.0,0.45278450363196127,0.4392059553349876,413.0,403.0,187.0,177.0
holdout,chuandian,M_RW,3,0.1,18,0.9691413538342205,28,40.0,0.4963680387409201,0.4838709677419355,413.0,403.0,205.0,195.0
holdout,chuandian,M_RW,3,0.5,5,0.9475259426990438,56,40.0,0.4963680387409201,0.4838709677419355,413.0,403.0,205.0,195.0
holdout,chuandian,M_RW,3,1.0,11,0.9314852363731421,69,40.0,0.4963680387409201,0.4838709677419355,413.0,403.0,205.0,195.0
holdout,chuandian,M_RW,3,1.5,3,0.9180063167618681,79,40.0,0.4963680387409201,0.4838709677419355,413.0,403.0,205.0,195.0
holdout,chuandian,M_RW,3,2.0,17,0.9060183933095912,85,40.0,0.4963680387409201,0.4838709677419355,413.0,403.0,205.0,195.0
holdout,chuandian,M_RW,3,3.0,8,0.8839968424458138,95,40.0,0.4963680387409201,0.4838709677419355,413.0,403.0,205.0,195.0
holdout,chuandian,M_RW,4,0.1,18,0.9682970395070143,34,40.0,0.5351089588377724,0.5235732009925558,413.0,403.0,221.0,211.0
holdout,chuandian,M_RW,4,0.5,11,0.9481842425815278,65,40.0,0.5181598062953995,0.5062034739454094,413.0,403.0,214.0,204.0
holdout,chuandian,M_RW,4,1.0,8,0.9328061075508771,79,40.0,0.5181598062953995,0.5062034739454094,413.0,403.0,214.0,204.0
holdout,chuandian,M_RW,4,1.5,17,0.9199558233583379,87,40.0,0.5181598062953995,0.5062034739454094,413.0,403.0,214.0,204.0
holdout,chuandian,M_RW,4,2.0,4,0.9080309638977274,94,40.0,0.5181598062953995,0.5062034739454094,413.0,403.0,214.0,204.0
holdout,chuandian,M_RW,4,3.0,19,0.8854763101640597,103,40.0,0.5181598062953995,0.5062034739454094,413.0,403.0,214.0,204.0
holdout,chuandian,M_RW,5,0.1,16,0.9728438576175815,36,40.0,0.46246973365617433,0.4491315136476427,413.0,403.0,191.0,181.0
holdout,chuandian,M_RW,5,0.5,2,0.9563441394839195,64,40.0,0.45278450363196127,0.4392059553349876,413.0,403.0,187.0,177.0
holdout,chuandian,M_RW,5,1.0,1,0.942133535449049,81,40.0,0.45278450363196127,0.4392059553349876,413.0,403.0,187.0,177.0
holdout,chuandian,M_RW,5,1.5,12345,0.9301178882193325,92,40.0,0.45278450363196127,0.4392059553349876,413.0,403.0,187.0,177.0
holdout,chuandian,M_RW,5,2.0,18,0.9186515258571015,102,40.0,0.45278450363196127,0.4392059553349876,413.0,403.0,187.0,177.0
holdout,chuandian,M_RW,5,3.0,9,0.8983186706523297,112,40.0,0.45278450363196127,0.4392059553349876,413.0,403.0,187.0,177.0
holdout,chuandian,M_RW,6,0.1,12345,0.9743918349727253,30,40.0,0.46973365617433416,0.456575682382134,413.0,403.0,194.0,184.0
holdout,chuandian,M_RW,6,0.5,4,0.960004118662737,64,40.0,0.4600484261501211,0.4466501240694789,413.0,403.0,190.0,180.0
holdout,chuandian,M_RW,6,1.0,11,0.9477240340138687,82,40.0,0.4600484261501211,0.4466501240694789,413.0,403.0,190.0,180.0
holdout,chuandian,M_RW,6,1.5,6,0.9372404803954901,89,40.0,0.4600484261501211,0.4466501240694789,413.0,403.0,190.0,180.0
holdout,chuandian,M_RW,6,2.0,1,0.9277408266605922,97,40.0,0.45278450363196127,0.4392059553349876,413.0,403.0,187.0,177.0
holdout,chuandian,M_RW,6,3.0,4,0.9097823958274764,109,40.0,0.45278450363196127,0.4392059553349876,413.0,403.0,187.0,177.0
holdout,chuandian,M_RW,7,0.1,6,0.9667959315699562,38,40.0,0.5569007263922519,0.5459057071960298,413.0,403.0,230.0,220.0
holdout,chuandian,M_RW,7,0.5,18,0.946451868857484,64,40.0,0.5447941888619855,0.533498759305211,413.0,403.0,225.0,215.0
holdout,chuandian,M_RW,7,1.0,4,0.928631044819882,77,40.0,0.5641646489104116,0.5533498759305211,413.0,403.0,233.0,223.0
holdout,chuandian,M_RW,7,1.5,4,0.9144619759229541,89,40.0,0.45278450363196127,0.4392059553349876,413.0,403.0,187.0,177.0
holdout,chuandian,M_RW,7,2.0,5,0.9021112621101158,97,40.0,0.45278450363196127,0.4392059553349876,413.0,403.0,187.0,177.0
holdout,chuandian,M_RW,7,3.0,13,0.8797891460399714,107,40.0,0.45278450363196127,0.4392059553349876,413.0,403.0,187.0,177.0
holdout,chuandian,M_RW,8,0.1,12,0.9735307105255546,29,40.0,0.5738498789346247,0.5632754342431762,413.0,403.0,237.0,227.0
holdout,chuandian,M_RW,8,0.5,12,0.9551759030906903,55,40.0,0.5738498789346247,0.5632754342431762,413.0,403.0,237.0,227.0
holdout,chuandian,M_RW,8,1.0,11,0.9392587479714688,73,40.0,0.5738498789346247,0.5632754342431762,413.0,403.0,237.0,227.0
holdout,chuandian,M_RW,8,1.5,17,0.9253816015210463,86,40.0,0.5738498789346247,0.5632754342431762,413.0,403.0,237.0,227.0
holdout,chuandian,M_RW,8,2.0,10,0.913484469852604,92,40.0,0.5738498789346247,0.5632754342431762,413.0,403.0,237.0,227.0
holdout,chuandian,M_RW,8,3.0,5,0.8912180839435555,103,40.0,0.5738498789346247,0.5632754342431762,413.0,403.0,237.0,227.0
holdout,chuandian,M_RW,9,0.1,1,0.9715563913168707,36,40.0,0.46246973365617433,0.4491315136476427,413.0,403.0,191.0,181.0
holdout,chuandian,M_RW,9,0.5,19,0.9554850100002089,64,40.0,0.46246973365617433,0.4491315136476427,413.0,403.0,191.0,181.0
holdout,chuandian,M_RW,9,1.0,13,0.9413980056630082,82,40.0,0.45278450363196127,0.4392059553349876,413.0,403.0,187.0,177.0
holdout,chuandian,M_RW,9,1.5,17,0.9291876250929519,90,40.0,0.45278450363196127,0.4392059553349876,413.0,403.0,187.0,177.0
holdout,chuandian,M_RW,9,2.0,19,0.9175913109568825,96,40.0,0.45278450363196127,0.4392059553349876,413.0,403.0,187.0,177.0
holdout,chuandian,M_RW,9,3.0,10,0.8972485569237688,105,40.0,0.45278450363196127,0.4392059553349876,413.0,403.0,187.0,177.0
holdout,chuandian,M_RW,10,0.1,6,0.9728489472661704,30,40.0,0.45278450363196127,0.4392059553349876,413.0,403.0,187.0,177.0
holdout,chuandian,M_RW,10,0.5,4,0.9551248930151479,57,40.0,0.45278450363196127,0.4392059553349876,413.0,403.0,187.0,177.0
holdout,chuandian,M_RW,10,1.0,2,0.9409829530640625,73,40.0,0.45278450363196127,0.4392059553349876,413.0,403.0,187.0,177.0
holdout,chuandian,M_RW,10,1.5,14,0.929850110772999,87,40.0,0.45278450363196127,0.4392059553349876,413.0,403.0,187.0,177.0
holdout,chuandian,M_RW,10,2.0,16,0.9204002883265586,93,40.0,0.45278450363196127,0.4392059553349876,413.0,403.0,187.0,177.0
holdout,chuandian,M_RW,10,3.0,3,0.90218574931414,108,40.0,0.45278450363196127,0.4392059553349876,413.0,403.0,187.0,177.0
holdout,chuandian,M_RW,11,0.1,14,0.9699299767440754,29,40.0,0.4576271186440678,0.4441687344913151,413.0,403.0,189.0,179.0
holdout,chuandian,M_RW,11,0.5,12345,0.9511391489901624,67,40.0,0.45278450363196127,0.4392059553349876,413.0,403.0,187.0,177.0
holdout,chuandian,M_RW,11,1.0,10,0.9364994018482659,84,40.0,0.45278450363196127,0.4392059553349876,413.0,403.0,187.0,177.0
holdout,chuandian,M_RW,11,1.5,4,0.9239758042549185,97,40.0,0.45278450363196127,0.4392059553349876,413.0,403.0,187.0,177.0
holdout,chuandian,M_RW,11,2.0,14,0.9130665158483151,103,40.0,0.45278450363196127,0.4392059553349876,413.0,403.0,187.0,177.0
holdout,chuandian,M_RW,11,3.0,5,0.8925251500705368,112,40.0,0.45278450363196127,0.4392059553349876,413.0,403.0,187.0,177.0
holdout,chuandian,M_RW,12,0.1,18,0.9675268394925781,26,40.0,0.576271186440678,0.56575682382134,413.0,403.0,238.0,228.0
holdout,chuandian,M_RW,12,0.5,8,0.9464534835844344,58,40.0,0.4552058111380145,0.44168734491315137,413.0,403.0,188.0,178.0
holdout,chuandian,M_RW,12,1.0,1,0.9280189014297017,75,40.0,0.4552058111380145,0.44168734491315137,413.0,403.0,188.0,178.0
holdout,chuandian,M_RW,12,1.5,10,0.9151264229580758,87,40.0,0.4552058111380145,0.44168734491315137,413.0,403.0,188.0,178.0
holdout,chuandian,M_RW,12,2.0,1,0.9034514509153289,92,40.0,0.45278450363196127,0.4392059553349876,413.0,403.0,187.0,177.0
holdout,chuandian,M_RW,12,3.0,6,0.8812825627865593,104,40.0,0.45278450363196127,0.4392059553349876,413.0,403.0,187.0,177.0
holdout,chuandian,M_RW,13,0.1,16,0.9705082688515533,27,40.0,0.45278450363196127,0.4392059553349876,413.0,403.0,187.0,177.0
holdout,chuandian,M_RW,13,0.5,15,0.9515587333214401,50,40.0,0.45278450363196127,0.4392059553349876,413.0,403.0,187.0,177.0
holdout,chuandian,M_RW,13,1.0,16,0.937664303328136,71,40.0,0.45278450363196127,0.4392059553349876,413.0,403.0,187.0,177.0
holdout,chuandian,M_RW,13,1.5,13,0.9254168137565316,84,40.0,0.45278450363196127,0.4392059553349876,413.0,403.0,187.0,177.0
holdout,chuandian,M_RW,13,2.0,13,0.9142193722819782,90,40.0,0.45278450363196127,0.4392059553349876,413.0,403.0,187.0,177.0
holdout,chuandian,M_RW,13,3.0,4,0.8955099744093907,100,40.0,0.45278450363196127,0.4392059553349876,413.0,403.0,187.0,177.0
holdout,chuandian,M_RW,14,0.1,3,0.9690258706216847,25,40.0,0.45278450363196127,0.4392059553349876,413.0,403.0,187.0,177.0
holdout,chuandian,M_RW,14,0.5,9,0.9462526057790709,50,40.0,0.45278450363196127,0.4392059553349876,413.0,403.0,187.0,177.0
holdout,chuandian,M_RW,14,1.0,10,0.928658574382419,69,40.0,0.45278450363196127,0.4392059553349876,413.0,403.0,187.0,177.0
holdout,chuandian,M_RW,14,1.5,2,0.9149502655729524,78,40.0,0.45278450363196127,0.4392059553349876,413.0,403.0,187.0,177.0
holdout,chuandian,M_RW,14,2.0,5,0.9025635163147312,82,40.0,0.45278450363196127,0.4392059553349876,413.0,403.0,187.0,177.0
holdout,chuandian,M_RW,14,3.0,11,0.88157484822364,96,40.0,0.45278450363196127,0.4392059553349876,413.0,403.0,187.0,177.0
holdout,chuandian,M_RW,15,0.1,16,0.9694377204412402,30,40.0,0.5472154963680388,0.5359801488833746,413.0,403.0,226.0,216.0
holdout,chuandian,M_RW,15,0.5,14,0.9512117920597624,59,40.0,0.5472154963680388,0.5359801488833746,413.0,403.0,226.0,216.0
holdout,chuandian,M_RW,15,1.0,13,0.9352898905524321,74,40.0,0.5447941888619855,0.533498759305211,413.0,403.0,225.0,215.0
holdout,chuandian,M_RW,15,1.5,13,0.9209469675063466,82,40.0,0.5447941888619855,0.533498759305211,413.0,403.0,225.0,215.0
holdout,chuandian,M_RW,15,2.0,13,0.9087468094964533,88,40.0,0.5447941888619855,0.533498759305211,413.0,403.0,225.0,215.0
holdout,chuandian,M_RW,15,3.0,8,0.8874073408847484,98,40.0,0.5447941888619855,0.533498759305211,413.0,403.0,225.0,215.0
holdout,chuandian,M_RW,16,0.1,3,0.9683056717199265,31,40.0,0.45278450363196127,0.4392059553349876,413.0,403.0,187.0,177.0
holdout,chuandian,M_RW,16,0.5,12,0.9491060599198378,59,40.0,0.45278450363196127,0.4392059553349876,413.0,403.0,187.0,177.0
holdout,chuandian,M_RW,16,1.0,15,0.9348208509957423,73,40.0,0.45278450363196127,0.4392059553349876,413.0,403.0,187.0,177.0
holdout,chuandian,M_RW,16,1.5,3,0.922853150956652,84,40.0,0.45278450363196127,0.4392059553349876,413.0,403.0,187.0,177.0
holdout,chuandian,M_RW,16,2.0,8,0.9114586772813099,87,40.0,0.45278450363196127,0.4392059553349876,413.0,403.0,187.0,177.0
holdout,chuandian,M_RW,16,3.0,6,0.8909075823502571,96,40.0,0.45278450363196127,0.4392059553349876,413.0,403.0,187.0,177.0
holdout,chuandian,M_RW,17,0.1,15,0.9701091836765517,30,40.0,0.5230024213075061,0.511166253101737,413.0,403.0,216.0,206.0
holdout,chuandian,M_RW,17,0.5,12345,0.9505434952181453,59,40.0,0.5181598062953995,0.5062034739454094,413.0,403.0,214.0,204.0
holdout,chuandian,M_RW,17,1.0,11,0.9354281959411205,73,40.0,0.5181598062953995,0.5062034739454094,413.0,403.0,214.0,204.0
holdout,chuandian,M_RW,17,1.5,17,0.9234048224106941,84,40.0,0.45278450363196127,0.4392059553349876,413.0,403.0,187.0,177.0
holdout,chuandian,M_RW,17,2.0,15,0.9126281203789145,92,40.0,0.45278450363196127,0.4392059553349876,413.0,403.0,187.0,177.0
holdout,chuandian,M_RW,17,3.0,2,0.8919502828856706,99,40.0,0.45278450363196127,0.4392059553349876,413.0,403.0,187.0,177.0
holdout,chuandian,M_RW,18,0.1,9,0.9703572961120371,33,40.0,0.45278450363196127,0.4392059553349876,413.0,403.0,187.0,177.0
holdout,chuandian,M_RW,18,0.5,19,0.9531904870193769,63,40.0,0.45278450363196127,0.4392059553349876,413.0,403.0,187.0,177.0
holdout,chuandian,M_RW,18,1.0,15,0.9387201955908652,78,40.0,0.45278450363196127,0.4392059553349876,413.0,403.0,187.0,177.0
holdout,chuandian,M_RW,18,1.5,12345,0.9255771922942072,82,40.0,0.45278450363196127,0.4392059553349876,413.0,403.0,187.0,177.0
holdout,chuandian,M_RW,18,2.0,10,0.9140880583004565,90,40.0,0.45278450363196127,0.4392059553349876,413.0,403.0,187.0,177.0
holdout,chuandian,M_RW,18,3.0,9,0.8939628092529851,98,40.0,0.45278450363196127,0.4392059553349876,413.0,403.0,187.0,177.0
holdout,chuandian,M_RW,19,0.1,13,0.9722527104033722,34,40.0,0.45278450363196127,0.4392059553349876,413.0,403.0,187.0,177.0
holdout,chuandian,M_RW,19,0.5,3,0.9565274632784169,67,40.0,0.45278450363196127,0.4392059553349876,413.0,403.0,187.0,177.0
holdout,chuandian,M_RW,19,1.0,1,0.94330045696626,88,40.0,0.45278450363196127,0.4392059553349876,413.0,403.0,187.0,177.0
holdout,chuandian,M_RW,19,1.5,9,0.9324891542031165,95,40.0,0.45278450363196127,0.4392059553349876,413.0,403.0,187.0,177.0
holdout,chuandian,M_RW,19,2.0,12345,0.9222771807435921,101,40.0,0.45278450363196127,0.4392059553349876,413.0,403.0,187.0,177.0
holdout,chuandian,M_RW,19,3.0,12345,0.9032741730791084,113,40.0,0.45278450363196127,0.4392059553349876,413.0,403.0,187.0,177.0
holdout,chuandian,M_RW,20,0.1,18,0.9736135216794701,27,40.0,0.45278450363196127,0.4392059553349876,413.0,403.0,187.0,177.0
holdout,chuandian,M_RW,20,0.5,4,0.955829672422048,56,40.0,0.45278450363196127,0.4392059553349876,413.0,403.0,187.0,177.0
holdout,chuandian,M_RW,20,1.0,16,0.9404267648502996,75,40.0,0.45278450363196127,0.4392059553349876,413.0,403.0,187.0,177.0
holdout,chuandian,M_RW,20,1.5,12,0.9281025233092423,81,40.0,0.45278450363196127,0.4392059553349876,413.0,403.0,187.0,177.0
holdout,chuandian,M_RW,20,2.0,17,0.9169188026582665,94,40.0,0.45278450363196127,0.4392059553349876,413.0,403.0,187.0,177.0
holdout,chuandian,M_RW,20,3.0,7,0.8983471793197237,101,40.0,0.45278450363196127,0.4392059553349876,413.0,403.0,187.0,177.0
holdout,chuandian,M_RW,21,0.1,17,0.9719136074248159,37,40.0,0.45278450363196127,0.4392059553349876,413.0,403.0,187.0,177.0
holdout,chuandian,M_RW,21,0.5,13,0.9544683385011202,68,40.0,0.45278450363196127,0.4392059553349876,413.0,403.0,187.0,177.0
holdout,chuandian,M_RW,21,1.0,4,0.9411679366715944,83,40.0,0.45278450363196127,0.4392059553349876,413.0,403.0,187.0,177.0
holdout,chuandian,M_RW,21,1.5,10,0.9297806627038142,96,40.0,0.45278450363196127,0.4392059553349876,413.0,403.0,187.0,177.0
holdout,chuandian,M_RW,21,2.0,13,0.9197497960001856,104,40.0,0.45278450363196127,0.4392059553349876,413.0,403.0,187.0,177.0
holdout,chuandian,M_RW,21,3.0,14,0.9011531054826809,113,40.0,0.45278450363196127,0.4392059553349876,413.0,403.0,187.0,177.0
holdout,chuandian,M_RW,22,0.1,9,0.9712237974546256,29,40.0,0.585956416464891,0.575682382133995,413.0,403.0,242.0,232.0
holdout,chuandian,M_RW,22,0.5,9,0.9553959119079852,61,40.0,0.6222760290556901,0.6129032258064516,413.0,403.0,257.0,247.0
holdout,chuandian,M_RW,22,1.0,5,0.9420051702597929,81,40.0,0.6198547215496368,0.6104218362282878,413.0,403.0,256.0,246.0
holdout,chuandian,M_RW,22,1.5,14,0.9320093070535529,89,40.0,0.4552058111380145,0.44168734491315137,413.0,403.0,188.0,178.0
holdout,chuandian,M_RW,22,2.0,6,0.9220645054964225,97,40.0,0.4552058111380145,0.44168734491315137,413.0,403.0,188.0,178.0
holdout,chuandian,M_RW,22,3.0,7,0.9038013254896775,105,40.0,0.4552058111380145,0.44168734491315137,413.0,403.0,188.0,178.0
holdout,chuandian,M_RW,23,0.1,15,0.9714286346910508,29,40.0,0.4576271186440678,0.4441687344913151,413.0,403.0,189.0,179.0
holdout,chuandian,M_RW,23,0.5,5,0.9533400719727243,57,40.0,0.45278450363196127,0.4392059553349876,413.0,403.0,187.0,177.0
holdout,chuandian,M_RW,23,1.0,12345,0.9391051258546259,70,40.0,0.45278450363196127,0.4392059553349876,413.0,403.0,187.0,177.0
holdout,chuandian,M_RW,23,1.5,8,0.9261867202583192,81,40.0,0.45278450363196127,0.4392059553349876,413.0,403.0,187.0,177.0
holdout,chuandian,M_RW,23,2.0,8,0.9143969766989546,88,40.0,0.45278450363196127,0.4392059553349876,413.0,403.0,187.0,177.0
holdout,chuandian,M_RW,23,3.0,8,0.8933078552670555,101,40.0,0.45278450363196127,0.4392059553349876,413.0,403.0,187.0,177.0
holdout,chuandian,M_RW,24,0.1,16,0.9698724858232604,30,40.0,0.4576271186440678,0.4441687344913151,413.0,403.0,189.0,179.0
holdout,chuandian,M_RW,24,0.5,12,0.9504571135621449,63,40.0,0.4576271186440678,0.4441687344913151,413.0,403.0,189.0,179.0
holdout,chuandian,M_RW,24,1.0,4,0.9362128013527505,76,40.0,0.4576271186440678,0.4441687344913151,413.0,403.0,189.0,179.0
holdout,chuandian,M_RW,24,1.5,15,0.9245562839498804,91,40.0,0.4576271186440678,0.4441687344913151,413.0,403.0,189.0,179.0
holdout,chuandian,M_RW,24,2.0,10,0.9137336014886932,94,40.0,0.4576271186440678,0.4441687344913151,413.0,403.0,189.0,179.0
holdout,chuandian,M_RW,24,3.0,5,0.8937135678875445,107,40.0,0.4576271186440678,0.4441687344913151,413.0,403.0,189.0,179.0
holdout,chuandian,M_RW,25,0.1,7,0.9686600038638061,24,40.0,0.46246973365617433,0.4491315136476427,413.0,403.0,191.0,181.0
holdout,chuandian,M_RW,25,0.5,15,0.9486635071286502,52,40.0,0.45278450363196127,0.4392059553349876,413.0,403.0,187.0,177.0
holdout,chuandian,M_RW,25,1.0,17,0.9338486904780827,69,40.0,0.45278450363196127,0.4392059553349876,413.0,403.0,187.0,177.0
holdout,chuandian,M_RW,25,1.5,14,0.9214209144151997,80,40.0,0.45278450363196127,0.4392059553349876,413.0,403.0,187.0,177.0
holdout,chuandian,M_RW,25,2.0,19,0.9104247074132653,87,40.0,0.45278450363196127,0.4392059553349876,413.0,403.0,187.0,177.0
holdout,chuandian,M_RW,25,3.0,14,0.8899945158273114,94,40.0,0.45278450363196127,0.4392059553349876,413.0,403.0,187.0,177.0
holdout,chuandian,M_RW,26,0.1,10,0.9727602591253998,35,40.0,0.45278450363196127,0.4392059553349876,413.0,403.0,187.0,177.0
holdout,chuandian,M_RW,26,0.5,15,0.9560868531139666,64,40.0,0.5084745762711864,0.49627791563275436,413.0,403.0,210.0,200.0
holdout,chuandian,M_RW,26,1.0,9,0.942434207434197,84,40.0,0.5084745762711864,0.49627791563275436,413.0,403.0,210.0,200.0
holdout,chuandian,M_RW,26,1.5,4,0.9303727700798489,89,40.0,0.45278450363196127,0.4392059553349876,413.0,403.0,187.0,177.0
holdout,chuandian,M_RW,26,2.0,16,0.919835182530915,97,40.0,0.45278450363196127,0.4392059553349876,413.0,403.0,187.0,177.0
holdout,chuandian,M_RW,26,3.0,9,0.9000664353852688,105,40.0,0.45278450363196127,0.4392059553349876,413.0,403.0,187.0,177.0
holdout,chuandian,M_RW,27,0.1,6,0.9742453400544163,40,40.0,0.4600484261501211,0.4466501240694789,413.0,403.0,190.0,180.0
holdout,chuandian,M_RW,27,0.5,1,0.9545236641082635,67,40.0,0.45278450363196127,0.4392059553349876,413.0,403.0,187.0,177.0
holdout,chuandian,M_RW,27,1.0,12,0.9396700464676199,80,40.0,0.45278450363196127,0.4392059553349876,413.0,403.0,187.0,177.0
holdout,chuandian,M_RW,27,1.5,9,0.9284864208119051,90,40.0,0.45278450363196127,0.4392059553349876,413.0,403.0,187.0,177.0
holdout,chuandian,M_RW,27,2.0,9,0.9180123075601201,96,40.0,0.45278450363196127,0.4392059553349876,413.0,403.0,187.0,177.0
holdout,chuandian,M_RW,27,3.0,18,0.8975846227252419,102,40.0,0.45278450363196127,0.4392059553349876,413.0,403.0,187.0,177.0
holdout,chuandian,M_RW,28,0.1,7,0.9736608174007874,34,40.0,0.5641646489104116,0.5533498759305211,413.0,403.0,233.0,223.0
holdout,chuandian,M_RW,28,0.5,1,0.9565711235340758,65,40.0,0.5205811138014528,0.5086848635235732,413.0,403.0,215.0,205.0
holdout,chuandian,M_RW,28,1.0,13,0.9434073428372937,80,40.0,0.5205811138014528,0.5086848635235732,413.0,403.0,215.0,205.0
holdout,chuandian,M_RW,28,1.5,19,0.9324054864093848,93,40.0,0.45278450363196127,0.4392059553349876,413.0,403.0,187.0,177.0
holdout,chuandian,M_RW,28,2.0,19,0.9229173826162952,103,40.0,0.45278450363196127,0.4392059553349876,413.0,403.0,187.0,177.0
holdout,chuandian,M_RW,28,3.0,9,0.9051056314508973,113,40.0,0.45278450363196127,0.4392059553349876,413.0,403.0,187.0,177.0
holdout,chuandian,M_RW,29,0.1,5,0.9693210183201115,30,40.0,0.4576271186440678,0.4441687344913151,413.0,403.0,189.0,179.0
holdout,chuandian,M_RW,29,0.5,2,0.9518320604851307,60,40.0,0.45278450363196127,0.4392059553349876,413.0,403.0,187.0,177.0
holdout,chuandian,M_RW,29,1.0,10,0.9369241575272362,70,40.0,0.45278450363196127,0.4392059553349876,413.0,403.0,187.0,177.0
holdout,chuandian,M_RW,29,1.5,12345,0.9239748120732846,79,40.0,0.45278450363196127,0.4392059553349876,413.0,403.0,187.0,177.0
holdout,chuandian,M_RW,29,2.0,8,0.9126046264401929,86,40.0,0.45278450363196127,0.4392059553349876,413.0,403.0,187.0,177.0
holdout,chuandian,M_RW,29,3.0,12345,0.8918466802835772,96,40.0,0.45278450363196127,0.4392059553349876,413.0,403.0,187.0,177.0
holdout,chuandian,M_RW,30,0.1,10,0.9719097659888966,31,,0.4552058111380145,0.44168734491315137,413.0,403.0,188.0,178.0
holdout,chuandian,M_RW,30,0.5,15,0.9556095332451602,60,,0.4552058111380145,0.44168734491315137,413.0,403.0,188.0,178.0
holdout,chuandian,M_RW,30,1.0,12,0.9408612104210876,75,,0.4552058111380145,0.44168734491315137,413.0,403.0,188.0,178.0
holdout,chuandian,M_RW,30,1.5,18,0.9284605304068155,85,,0.4552058111380145,0.44168734491315137,413.0,403.0,188.0,178.0
holdout,chuandian,M_RW,30,2.0,18,0.9169596327820649,90,,0.4552058111380145,0.44168734491315137,413.0,403.0,188.0,178.0
holdout,chuandian,M_RW,30,3.0,10,0.8950034622271336,97,,0.4552058111380145,0.44168734491315137,413.0,403.0,188.0,178.0
holdout,chuandian,M_RW,31,0.1,2,0.9722294502172671,31,,0.45278450363196127,0.4392059553349876,413.0,403.0,187.0,177.0
holdout,chuandian,M_RW,31,0.5,1,0.9532225034628903,56,,0.45278450363196127,0.4392059553349876,413.0,403.0,187.0,177.0
holdout,chuandian,M_RW,31,1.0,10,0.9381806598431717,70,,0.45278450363196127,0.4392059553349876,413.0,403.0,187.0,177.0
holdout,chuandian,M_RW,31,1.5,9,0.9254062872513582,82,,0.45278450363196127,0.4392059553349876,413.0,403.0,187.0,177.0
holdout,chuandian,M_RW,31,2.0,13,0.9138632631114266,90,,0.45278450363196127,0.4392059553349876,413.0,403.0,187.0,177.0
holdout,chuandian,M_RW,31,3.0,16,0.8932814964164024,101,,0.45278450363196127,0.4392059553349876,413.0,403.0,187.0,177.0
holdout,chuandian,M_RW,32,0.1,17,0.971053693890505,25,,0.4552058111380145,0.44168734491315137,413.0,403.0,188.0,178.0
holdout,chuandian,M_RW,32,0.5,10,0.9504785696648684,61,,0.4552058111380145,0.44168734491315137,413.0,403.0,188.0,178.0
holdout,chuandian,M_RW,32,1.0,14,0.9358550732932669,75,,0.45278450363196127,0.4392059553349876,413.0,403.0,187.0,177.0
holdout,chuandian,M_RW,32,1.5,19,0.9223980314795479,83,,0.45278450363196127,0.4392059553349876,413.0,403.0,187.0,177.0
holdout,chuandian,M_RW,32,2.0,10,0.9098264309597149,95,,0.45278450363196127,0.4392059553349876,413.0,403.0,187.0,177.0
holdout,chuandian,M_RW,32,3.0,6,0.8873895950286277,107,,0.4552058111380145,0.44168734491315137,413.0,403.0,188.0,178.0
holdout,chuandian,M_RW,33,0.1,8,0.9714907380958319,32,,0.4552058111380145,0.44168734491315137,413.0,403.0,188.0,178.0
holdout,chuandian,M_RW,33,0.5,9,0.9541221889298398,61,,0.4552058111380145,0.44168734491315137,413.0,403.0,188.0,178.0
holdout,chuandian,M_RW,33,1.0,9,0.9401577248759334,80,,0.45278450363196127,0.4392059553349876,413.0,403.0,187.0,177.0
holdout,chuandian,M_RW,33,1.5,18,0.9280553504292839,85,,0.45278450363196127,0.4392059553349876,413.0,403.0,187.0,177.0
holdout,chuandian,M_RW,33,2.0,10,0.9170920641687064,91,,0.45278450363196127,0.4392059553349876,413.0,403.0,187.0,177.0
holdout,chuandian,M_RW,33,3.0,14,0.8972309499166616,101,,0.45278450363196127,0.4392059553349876,413.0,403.0,187.0,177.0
holdout,chuandian,M_RW,34,0.1,6,0.9751655043246991,32,,0.4576271186440678,0.4441687344913151,413.0,403.0,189.0,179.0
holdout,chuandian,M_RW,34,0.5,8,0.9610261644722863,65,,0.4576271186440678,0.4441687344913151,413.0,403.0,189.0,179.0
holdout,chuandian,M_RW,34,1.0,10,0.94867084242383,81,,0.4576271186440678,0.4441687344913151,413.0,403.0,189.0,179.0
holdout,chuandian,M_RW,34,1.5,10,0.9375797121419431,85,,0.4576271186440678,0.4441687344913151,413.0,403.0,189.0,179.0
holdout,chuandian,M_RW,34,2.0,10,0.9269018384799775,94,,0.4576271186440678,0.4441687344913151,413.0,403.0,189.0,179.0
holdout,chuandian,M_RW,34,3.0,14,0.907698811320789,104,,0.4576271186440678,0.4441687344913151,413.0,403.0,189.0,179.0
holdout,chuandian,M_RW,35,0.1,4,0.9700275000837618,34,,0.5738498789346247,0.5632754342431762,413.0,403.0,237.0,227.0
holdout,chuandian,M_RW,35,0.5,12,0.9537789711908647,63,,0.45278450363196127,0.4392059553349876,413.0,403.0,187.0,177.0
holdout,chuandian,M_RW,35,1.0,18,0.9406237122511687,77,,0.45278450363196127,0.4392059553349876,413.0,403.0,187.0,177.0
holdout,chuandian,M_RW,35,1.5,18,0.9289126422958395,83,,0.45278450363196127,0.4392059553349876,413.0,403.0,187.0,177.0
holdout,chuandian,M_RW,35,2.0,12,0.9174846617948826,90,,0.45278450363196127,0.4392059553349876,413.0,403.0,187.0,177.0
holdout,chuandian,M_RW,35,3.0,8,0.8960674860303015,97,,0.45278450363196127,0.4392059553349876,413.0,403.0,187.0,177.0
holdout,chuandian,M_RW,36,0.1,18,0.9757956455119157,32,,0.6585956416464891,0.6501240694789082,413.0,403.0,272.0,262.0
holdout,chuandian,M_RW,36,0.5,11,0.961196234744986,63,,0.4576271186440678,0.4441687344913151,413.0,403.0,189.0,179.0
holdout,chuandian,M_RW,36,1.0,7,0.9495763945593326,79,,0.4576271186440678,0.4441687344913151,413.0,403.0,189.0,179.0
holdout,chuandian,M_RW,36,1.5,13,0.9399538010877014,91,,0.4576271186440678,0.4441687344913151,413.0,403.0,189.0,179.0
holdout,chuandian,M_RW,36,2.0,6,0.9308352750558694,100,,0.4576271186440678,0.4441687344913151,413.0,403.0,189.0,179.0
holdout,chuandian,M_RW,36,3.0,7,0.9143573516886823,112,,0.4576271186440678,0.4441687344913151,413.0,403.0,189.0,179.0
holdout,chuandian,M_RW,37,0.1,1,0.9680489358684793,34,,0.45278450363196127,0.4392059553349876,413.0,403.0,187.0,177.0
holdout,chuandian,M_RW,37,0.5,18,0.942302505281815,62,,0.45278450363196127,0.4392059553349876,413.0,403.0,187.0,177.0
holdout,chuandian,M_RW,37,1.0,14,0.9250915424224752,73,,0.45278450363196127,0.4392059553349876,413.0,403.0,187.0,177.0
holdout,chuandian,M_RW,37,1.5,16,0.9125527945382554,83,,0.45278450363196127,0.4392059553349876,413.0,403.0,187.0,177.0
holdout,chuandian,M_RW,37,2.0,16,0.9007762801509436,91,,0.45278450363196127,0.4392059553349876,413.0,403.0,187.0,177.0
holdout,chuandian,M_RW,37,3.0,4,0.8792189163349635,100,,0.45278450363196127,0.4392059553349876,413.0,403.0,187.0,177.0
holdout,chuandian,M_RW,38,0.1,19,0.9712775957725005,32,,0.6561743341404358,0.6476426799007444,413.0,403.0,271.0,261.0
holdout,chuandian,M_RW,38,0.5,2,0.954641311165371,61,,0.45278450363196127,0.4392059553349876,413.0,403.0,187.0,177.0
holdout,chuandian,M_RW,38,1.0,3,0.9397300330643201,77,,0.45278450363196127,0.4392059553349876,413.0,403.0,187.0,177.0
holdout,chuandian,M_RW,38,1.5,4,0.9271635207173186,88,,0.4552058111380145,0.44168734491315137,413.0,403.0,188.0,178.0
holdout,chuandian,M_RW,38,2.0,13,0.915784367359975,93,,0.45278450363196127,0.4392059553349876,413.0,403.0,187.0,177.0
holdout,chuandian,M_RW,38,3.0,10,0.8943228664883442,104,,0.45278450363196127,0.4392059553349876,413.0,403.0,187.0,177.0
holdout,chuandian,M_RW,39,0.1,7,0.970693685379015,31,,0.6198547215496368,0.6104218362282878,413.0,403.0,256.0,246.0
holdout,chuandian,M_RW,39,0.5,7,0.9533819516548804,63,,0.5254237288135594,0.5136476426799007,413.0,403.0,217.0,207.0
holdout,chuandian,M_RW,39,1.0,7,0.9411286459594149,78,,0.45278450363196127,0.4392059553349876,413.0,403.0,187.0,177.0
holdout,chuandian,M_RW,39,1.5,1,0.9308931179927168,84,,0.45278450363196127,0.4392059553349876,413.0,403.0,187.0,177.0
holdout,chuandian,M_RW,39,2.0,6,0.9211925796442509,92,,0.45278450363196127,0.4392059553349876,413.0,403.0,187.0,177.0
holdout,chuandian,M_RW,39,3.0,7,0.9035421599686793,102,,0.45278450363196127,0.4392059553349876,413.0,403.0,187.0,177.0
holdout,chuandian,M_RW,40,0.1,19,0.9701142507015167,31,,0.4552058111380145,0.44168734491315137,413.0,403.0,188.0,178.0
holdout,chuandian,M_RW,40,0.5,5,0.9521520956563332,68,,0.4552058111380145,0.44168734491315137,413.0,403.0,188.0,178.0
holdout,chuandian,M_RW,40,1.0,7,0.9375387206275707,76,,0.4552058111380145,0.44168734491315137,413.0,403.0,188.0,178.0
holdout,chuandian,M_RW,40,1.5,7,0.9248787240323937,86,,0.4552058111380145,0.44168734491315137,413.0,403.0,188.0,178.0
holdout,chuandian,M_RW,40,2.0,2,0.9136412188341609,96,,0.45278450363196127,0.4392059553349876,413.0,403.0,187.0,177.0
holdout,chuandian,M_RW,40,3.0,14,0.8940296457554769,109,,0.45278450363196127,0.4392059553349876,413.0,403.0,187.0,177.0
holdout,chuandian,M_RW,41,0.1,12345,0.9699515850975982,32,,0.45278450363196127,0.4392059553349876,413.0,403.0,187.0,177.0
holdout,chuandian,M_RW,41,0.5,5,0.9522569678461903,65,,0.45278450363196127,0.4392059553349876,413.0,403.0,187.0,177.0
holdout,chuandian,M_RW,41,1.0,18,0.9382065061077731,82,,0.45278450363196127,0.4392059553349876,413.0,403.0,187.0,177.0
holdout,chuandian,M_RW,41,1.5,7,0.9262978320930869,92,,0.45278450363196127,0.4392059553349876,413.0,403.0,187.0,177.0
holdout,chuandian,M_RW,41,2.0,15,0.9154977641477792,100,,0.45278450363196127,0.4392059553349876,413.0,403.0,187.0,177.0
holdout,chuandian,M_RW,41,3.0,15,0.8952336559223474,105,,0.45278450363196127,0.4392059553349876,413.0,403.0,187.0,177.0
holdout,chuandian,M_RW,42,0.1,11,0.9718558328380025,32,,0.5738498789346247,0.5632754342431762,413.0,403.0,237.0,227.0
holdout,chuandian,M_RW,42,0.5,1,0.9559072553376301,64,,0.45278450363196127,0.4392059553349876,413.0,403.0,187.0,177.0
holdout,chuandian,M_RW,42,1.0,13,0.9417496321333029,80,,0.45278450363196127,0.4392059553349876,413.0,403.0,187.0,177.0
holdout,chuandian,M_RW,42,1.5,11,0.9297887907755932,85,,0.45278450363196127,0.4392059553349876,413.0,403.0,187.0,177.0
holdout,chuandian,M_RW,42,2.0,19,0.9184453664685469,92,,0.45278450363196127,0.4392059553349876,413.0,403.0,187.0,177.0
holdout,chuandian,M_RW,42,3.0,17,0.8975547905576989,102,,0.45278450363196127,0.4392059553349876,413.0,403.0,187.0,177.0
holdout,chuandian,M_RW,43,0.1,12345,0.9700561497584669,30,,0.48184019370460046,0.46898263027295284,413.0,403.0,199.0,189.0
holdout,chuandian,M_RW,43,0.5,12345,0.9485175951314686,61,,0.45278450363196127,0.4392059553349876,413.0,403.0,187.0,177.0
holdout,chuandian,M_RW,43,1.0,4,0.9318420975604419,80,,0.45278450363196127,0.4392059553349876,413.0,403.0,187.0,177.0
holdout,chuandian,M_RW,43,1.5,8,0.919534692590427,92,,0.45278450363196127,0.4392059553349876,413.0,403.0,187.0,177.0
holdout,chuandian,M_RW,43,2.0,16,0.9084115258264802,94,,0.45278450363196127,0.4392059553349876,413.0,403.0,187.0,177.0
holdout,chuandian,M_RW,43,3.0,4,0.8867163798372151,105,,0.45278450363196127,0.4392059553349876,413.0,403.0,187.0,177.0
holdout,chuandian,M_RW,44,0.1,2,0.9719367727742161,31,,0.5786924939467313,0.5682382133995038,413.0,403.0,239.0,229.0
holdout,chuandian,M_RW,44,0.5,3,0.9526306191135212,54,,0.5786924939467313,0.5682382133995038,413.0,403.0,239.0,229.0
holdout,chuandian,M_RW,44,1.0,19,0.9352827045024253,70,,0.5786924939467313,0.5682382133995038,413.0,403.0,239.0,229.0
holdout,chuandian,M_RW,44,1.5,1,0.9219643380884374,80,,0.5786924939467313,0.5682382133995038,413.0,403.0,239.0,229.0
holdout,chuandian,M_RW,44,2.0,9,0.9102628136432014,89,,0.5786924939467313,0.5682382133995038,413.0,403.0,239.0,229.0
holdout,chuandian,M_RW,44,3.0,1,0.8891790638436229,102,,0.5786924939467313,0.5682382133995038,413.0,403.0,239.0,229.0
holdout,chuandian,M_RW,45,0.1,15,0.9722230242194208,36,,0.4576271186440678,0.4441687344913151,413.0,403.0,189.0,179.0
holdout,chuandian,M_RW,45,0.5,6,0.9538909370509405,66,,0.45278450363196127,0.4392059553349876,413.0,403.0,187.0,177.0
holdout,chuandian,M_RW,45,1.0,12,0.9392202144136773,78,,0.45278450363196127,0.4392059553349876,413.0,403.0,187.0,177.0
holdout,chuandian,M_RW,45,1.5,5,0.9274198118689765,91,,0.45278450363196127,0.4392059553349876,413.0,403.0,187.0,177.0
holdout,chuandian,M_RW,45,2.0,5,0.9172901725927786,97,,0.45278450363196127,0.4392059553349876,413.0,403.0,187.0,177.0
holdout,chuandian,M_RW,45,3.0,12,0.8987428600484431,104,,0.45278450363196127,0.4392059553349876,413.0,403.0,187.0,177.0
holdout,chuandian,M_RW,46,0.1,7,0.9707192867039013,36,,0.4552058111380145,0.44168734491315137,413.0,403.0,188.0,178.0
holdout,chuandian,M_RW,46,0.5,18,0.9528022930101672,67,,0.5084745762711864,0.49627791563275436,413.0,403.0,210.0,200.0
holdout,chuandian,M_RW,46,1.0,5,0.938270885375776,79,,0.45278450363196127,0.4392059553349876,413.0,403.0,187.0,177.0
holdout,chuandian,M_RW,46,1.5,9,0.9267561116768663,89,,0.45278450363196127,0.4392059553349876,413.0,403.0,187.0,177.0
holdout,chuandian,M_RW,46,2.0,10,0.9166427266183562,99,,0.45278450363196127,0.4392059553349876,413.0,403.0,187.0,177.0
holdout,chuandian,M_RW,46,3.0,12,0.8984851801452725,111,,0.45278450363196127,0.4392059553349876,413.0,403.0,187.0,177.0
holdout,chuandian,M_RW,47,0.1,19,0.9675241544281749,31,,0.7481840193704601,0.7419354838709677,413.0,403.0,309.0,299.0
holdout,chuandian,M_RW,47,0.5,8,0.9500954209530008,66,,0.585956416464891,0.575682382133995,413.0,403.0,242.0,232.0
holdout,chuandian,M_RW,47,1.0,1,0.9361447633783622,81,,0.5181598062953995,0.5062034739454094,413.0,403.0,214.0,204.0
holdout,chuandian,M_RW,47,1.5,9,0.9249408226882758,94,,0.5181598062953995,0.5062034739454094,413.0,403.0,214.0,204.0
holdout,chuandian,M_RW,47,2.0,9,0.9145602160090948,96,,0.5181598062953995,0.5062034739454094,413.0,403.0,214.0,204.0
holdout,chuandian,M_RW,47,3.0,14,0.8947890886532368,102,,0.5181598062953995,0.5062034739454094,413.0,403.0,214.0,204.0
holdout,chuandian,M_RW,48,0.1,6,0.9710514009386961,32,,0.5230024213075061,0.511166253101737,413.0,403.0,216.0,206.0
holdout,chuandian,M_RW,48,0.5,1,0.9525281014400866,63,,0.47699757869249393,0.4640198511166253,413.0,403.0,197.0,187.0
holdout,chuandian,M_RW,48,1.0,8,0.9388338842832484,83,,0.47699757869249393,0.4640198511166253,413.0,403.0,197.0,187.0
holdout,chuandian,M_RW,48,1.5,8,0.9271754895201586,91,,0.47699757869249393,0.4640198511166253,413.0,403.0,197.0,187.0
holdout,chuandian,M_RW,48,2.0,11,0.9167526556507296,98,,0.47699757869249393,0.4640198511166253,413.0,403.0,197.0,187.0
holdout,chuandian,M_RW,48,3.0,6,0.8982197631681696,112,,0.47699757869249393,0.4640198511166253,413.0,403.0,197.0,187.0
holdout,chuandian,M_RW,49,0.1,9,0.9735484646412874,40,,0.45278450363196127,0.4392059553349876,413.0,403.0,187.0,177.0
holdout,chuandian,M_RW,49,0.5,4,0.9574159778699963,63,,0.45278450363196127,0.4392059553349876,413.0,403.0,187.0,177.0
holdout,chuandian,M_RW,49,1.0,2,0.944949441734277,81,,0.45278450363196127,0.4392059553349876,413.0,403.0,187.0,177.0
holdout,chuandian,M_RW,49,1.5,12,0.9345608782155562,88,,0.45278450363196127,0.4392059553349876,413.0,403.0,187.0,177.0
holdout,chuandian,M_RW,49,2.0,1,0.9247525823197371,96,,0.45278450363196127,0.4392059553349876,413.0,403.0,187.0,177.0
holdout,chuandian,M_RW,49,3.0,8,0.9063986701057316,101,,0.45278450363196127,0.4392059553349876,413.0,403.0,187.0,177.0
holdout,chuandian,M_RW,50,0.1,12345,0.9734633652198106,34,,0.4552058111380145,0.44168734491315137,413.0,403.0,188.0,178.0
holdout,chuandian,M_RW,50,0.5,19,0.9573948848002631,71,,0.4576271186440678,0.4441687344913151,413.0,403.0,189.0,179.0
holdout,chuandian,M_RW,50,1.0,12,0.9444021146754228,84,,0.4552058111380145,0.44168734491315137,413.0,403.0,188.0,178.0
holdout,chuandian,M_RW,50,1.5,15,0.9330320585002888,96,,0.4552058111380145,0.44168734491315137,413.0,403.0,188.0,178.0
holdout,chuandian,M_RW,50,2.0,15,0.9225787001883118,104,,0.45278450363196127,0.4392059553349876,413.0,403.0,187.0,177.0
holdout,chuandian,M_RW,50,3.0,3,0.903845375062476,112,,0.45278450363196127,0.4392059553349876,413.0,403.0,187.0,177.0
holdout,chuandian,M_RW,51,0.1,2,0.9708368304533673,29,,0.4552058111380145,0.44168734491315137,413.0,403.0,188.0,178.0
holdout,chuandian,M_RW,51,0.5,3,0.953634770174744,55,,0.45278450363196127,0.4392059553349876,413.0,403.0,187.0,177.0
holdout,chuandian,M_RW,51,1.0,14,0.9384699447816427,73,,0.45278450363196127,0.4392059553349876,413.0,403.0,187.0,177.0
holdout,chuandian,M_RW,51,1.5,14,0.9259594562872909,82,,0.45278450363196127,0.4392059553349876,413.0,403.0,187.0,177.0
holdout,chuandian,M_RW,51,2.0,5,0.9154957531661133,88,,0.45278450363196127,0.4392059553349876,413.0,403.0,187.0,177.0
holdout,chuandian,M_RW,51,3.0,1,0.8956784885032534,96,,0.45278450363196127,0.4392059553349876,413.0,403.0,187.0,177.0
holdout,chuandian,M_RW,52,0.1,17,0.9706005246568985,31,,0.45278450363196127,0.4392059553349876,413.0,403.0,187.0,177.0
holdout,chuandian,M_RW,52,0.5,18,0.9528833009134641,60,,0.45278450363196127,0.4392059553349876,413.0,403.0,187.0,177.0
holdout,chuandian,M_RW,52,1.0,1,0.9371125404748232,74,,0.45278450363196127,0.4392059553349876,413.0,403.0,187.0,177.0
holdout,chuandian,M_RW,52,1.5,14,0.9238109348406551,85,,0.45278450363196127,0.4392059553349876,413.0,403.0,187.0,177.0
holdout,chuandian,M_RW,52,2.0,2,0.9123842767305461,91,,0.45278450363196127,0.4392059553349876,413.0,403.0,187.0,177.0
holdout,chuandian,M_RW,52,3.0,3,0.8921799236749255,101,,0.45278450363196127,0.4392059553349876,413.0,403.0,187.0,177.0
holdout,chuandian,M_RW,53,0.1,5,0.968348674942885,32,,0.513317191283293,0.5012406947890818,413.0,403.0,212.0,202.0
holdout,chuandian,M_RW,53,0.5,4,0.9463332427014004,61,,0.5084745762711864,0.49627791563275436,413.0,403.0,210.0,200.0
holdout,chuandian,M_RW,53,1.0,19,0.9280343752369873,73,,0.5084745762711864,0.49627791563275436,413.0,403.0,210.0,200.0
holdout,chuandian,M_RW,53,1.5,9,0.9138702312317314,83,,0.45278450363196127,0.4392059553349876,413.0,403.0,187.0,177.0
holdout,chuandian,M_RW,53,2.0,7,0.9011766828344325,92,,0.45278450363196127,0.4392059553349876,413.0,403.0,187.0,177.0
holdout,chuandian,M_RW,53,3.0,4,0.8800144146573459,101,,0.45278450363196127,0.4392059553349876,413.0,403.0,187.0,177.0
holdout,chuandian,M_RW,54,0.1,18,0.9698796064837016,30,,0.4600484261501211,0.4466501240694789,413.0,403.0,190.0,180.0
holdout,chuandian,M_RW,54,0.5,15,0.9512884925204513,62,,0.4576271186440678,0.4441687344913151,413.0,403.0,189.0,179.0
holdout,chuandian,M_RW,54,1.0,15,0.9375159542353111,81,,0.45278450363196127,0.4392059553349876,413.0,403.0,187.0,177.0
holdout,chuandian,M_RW,54,1.5,12,0.925172319026025,86,,0.45278450363196127,0.4392059553349876,413.0,403.0,187.0,177.0
holdout,chuandian,M_RW,54,2.0,14,0.9135795969077163,99,,0.45278450363196127,0.4392059553349876,413.0,403.0,187.0,177.0
holdout,chuandian,M_RW,54,3.0,19,0.8934911609465694,106,,0.45278450363196127,0.4392059553349876,413.0,403.0,187.0,177.0
holdout,chuandian,M_RW,55,0.1,11,0.9739095271163737,34,,0.5205811138014528,0.5086848635235732,413.0,403.0,215.0,205.0
holdout,chuandian,M_RW,55,0.5,15,0.9565148654800367,59,,0.5084745762711864,0.49627791563275436,413.0,403.0,210.0,200.0
holdout,chuandian,M_RW,55,1.0,8,0.941456569279632,76,,0.5084745762711864,0.49627791563275436,413.0,403.0,210.0,200.0
holdout,chuandian,M_RW,55,1.5,10,0.9294028118154186,83,,0.5084745762711864,0.49627791563275436,413.0,403.0,210.0,200.0
holdout,chuandian,M_RW,55,2.0,19,0.9181512936120385,88,,0.5084745762711864,0.49627791563275436,413.0,403.0,210.0,200.0
holdout,chuandian,M_RW,55,3.0,17,0.8995632828864913,100,,0.5084745762711864,0.49627791563275436,413.0,403.0,210.0,200.0
holdout,chuandian,M_RW,56,0.1,1,0.9723707546602951,34,,0.4939467312348668,0.4813895781637717,413.0,403.0,204.0,194.0
holdout,chuandian,M_RW,56,0.5,6,0.9552281819793752,61,,0.47699757869249393,0.4640198511166253,413.0,403.0,197.0,187.0
holdout,chuandian,M_RW,56,1.0,6,0.9394278688799383,75,,0.47699757869249393,0.4640198511166253,413.0,403.0,197.0,187.0
holdout,chuandian,M_RW,56,1.5,16,0.9252328730421467,83,,0.47699757869249393,0.4640198511166253,413.0,403.0,197.0,187.0
holdout,chuandian,M_RW,56,2.0,12345,0.9129424771661675,92,,0.47699757869249393,0.4640198511166253,413.0,403.0,197.0,187.0
holdout,chuandian,M_RW,56,3.0,6,0.8907034616129977,104,,0.47699757869249393,0.4640198511166253,413.0,403.0,197.0,187.0
holdout,chuandian,M_RW,57,0.1,3,0.9707837097176276,36,,0.5738498789346247,0.5632754342431762,413.0,403.0,237.0,227.0
holdout,chuandian,M_RW,57,0.5,12345,0.9543719787397256,63,,0.5738498789346247,0.5632754342431762,413.0,403.0,237.0,227.0
holdout,chuandian,M_RW,57,1.0,13,0.9399030364406047,83,,0.5738498789346247,0.5632754342431762,413.0,403.0,237.0,227.0
holdout,chuandian,M_RW,57,1.5,13,0.9286775049543102,93,,0.5738498789346247,0.5632754342431762,413.0,403.0,237.0,227.0
holdout,chuandian,M_RW,57,2.0,13,0.9182553070862819,103,,0.5738498789346247,0.5632754342431762,413.0,403.0,237.0,227.0
holdout,chuandian,M_RW,57,3.0,6,0.9003811367561629,113,,0.45278450363196127,0.4392059553349876,413.0,403.0,187.0,177.0
holdout,chuandian,M_RW,58,0.1,1,0.9681335443337462,30,,0.5447941888619855,0.533498759305211,413.0,403.0,225.0,215.0
holdout,chuandian,M_RW,58,0.5,16,0.9496129019747832,61,,0.5447941888619855,0.533498759305211,413.0,403.0,225.0,215.0
holdout,chuandian,M_RW,58,1.0,14,0.9352523850083149,79,,0.5447941888619855,0.533498759305211,413.0,403.0,225.0,215.0
holdout,chuandian,M_RW,58,1.5,10,0.9244531445025228,87,,0.5447941888619855,0.533498759305211,413.0,403.0,225.0,215.0
holdout,chuandian,M_RW,58,2.0,6,0.9146892848309431,95,,0.5447941888619855,0.533498759305211,413.0,403.0,225.0,215.0
holdout,chuandian,M_RW,58,3.0,16,0.8964593226024941,104,,0.5447941888619855,0.533498759305211,413.0,403.0,225.0,215.0
holdout,chuandian,M_RW,59,0.1,3,0.9741504327150867,32,,0.45278450363196127,0.4392059553349876,413.0,403.0,187.0,177.0
holdout,chuandian,M_RW,59,0.5,18,0.9584920389547175,63,,0.45278450363196127,0.4392059553349876,413.0,403.0,187.0,177.0
holdout,chuandian,M_RW,59,1.0,17,0.9452434647652672,77,,0.45278450363196127,0.4392059553349876,413.0,403.0,187.0,177.0
holdout,chuandian,M_RW,59,1.5,12345,0.9342666258970037,88,,0.45278450363196127,0.4392059553349876,413.0,403.0,187.0,177.0
holdout,chuandian,M_RW,59,2.0,11,0.9246422500093494,92,,0.45278450363196127,0.4392059553349876,413.0,403.0,187.0,177.0
holdout,chuandian,M_RW,59,3.0,11,0.906185535282001,101,,0.45278450363196127,0.4392059553349876,413.0,403.0,187.0,177.0
holdout,chuandian,M_RW,60,0.1,19,0.9719171855486525,31,,0.45278450363196127,0.4392059553349876,413.0,403.0,187.0,177.0
holdout,chuandian,M_RW,60,0.5,13,0.953750016032065,63,,0.45278450363196127,0.4392059553349876,413.0,403.0,187.0,177.0
holdout,chuandian,M_RW,60,1.0,8,0.9379693514547675,87,,0.45278450363196127,0.4392059553349876,413.0,403.0,187.0,177.0
holdout,chuandian,M_RW,60,1.5,1,0.9239542431806391,90,,0.45278450363196127,0.4392059553349876,413.0,403.0,187.0,177.0
holdout,chuandian,M_RW,60,2.0,9,0.9113661195904509,96,,0.45278450363196127,0.4392059553349876,413.0,403.0,187.0,177.0
holdout,chuandian,M_RW,60,3.0,15,0.8905419656921275,108,,0.45278450363196127,0.4392059553349876,413.0,403.0,187.0,177.0
holdout,chuandian,M_RW,61,0.1,14,0.9719361313694403,36,,0.48184019370460046,0.46898263027295284,413.0,403.0,199.0,189.0
holdout,chuandian,M_RW,61,0.5,2,0.955316766676761,64,,0.45278450363196127,0.4392059553349876,413.0,403.0,187.0,177.0
holdout,chuandian,M_RW,61,1.0,19,0.9424367696713141,83,,0.45278450363196127,0.4392059553349876,413.0,403.0,187.0,177.0
holdout,chuandian,M_RW,61,1.5,6,0.9322695776572689,91,,0.45278450363196127,0.4392059553349876,413.0,403.0,187.0,177.0
holdout,chuandian,M_RW,61,2.0,2,0.922930503259434,102,,0.45278450363196127,0.4392059553349876,413.0,403.0,187.0,177.0
holdout,chuandian,M_RW,61,3.0,17,0.9062485637189742,112,,0.45278450363196127,0.4392059553349876,413.0,403.0,187.0,177.0
holdout,chuandian,M_RW,62,0.1,10,0.9704081913443142,29,,0.5205811138014528,0.5086848635235732,413.0,403.0,215.0,205.0
holdout,chuandian,M_RW,62,0.5,15,0.9497753447878056,61,,0.5205811138014528,0.5086848635235732,413.0,403.0,215.0,205.0
holdout,chuandian,M_RW,62,1.0,12345,0.9331458823503475,80,,0.5205811138014528,0.5086848635235732,413.0,403.0,215.0,205.0
holdout,chuandian,M_RW,62,1.5,12345,0.9195120207265555,90,,0.5205811138014528,0.5086848635235732,413.0,403.0,215.0,205.0
holdout,chuandian,M_RW,62,2.0,7,0.9086500209003059,95,,0.5205811138014528,0.5086848635235732,413.0,403.0,215.0,205.0
holdout,chuandian,M_RW,62,3.0,18,0.8878186176067886,107,,0.5205811138014528,0.5086848635235732,413.0,403.0,215.0,205.0
holdout,chuandian,M_RW,63,0.1,13,0.9723468588447698,34,,0.4552058111380145,0.44168734491315137,413.0,403.0,188.0,178.0
holdout,chuandian,M_RW,63,0.5,4,0.9558360573275138,63,,0.4552058111380145,0.44168734491315137,413.0,403.0,188.0,178.0
holdout,chuandian,M_RW,63,1.0,8,0.9429018132517245,86,,0.45278450363196127,0.4392059553349876,413.0,403.0,187.0,177.0
holdout,chuandian,M_RW,63,1.5,1,0.9319526009008775,100,,0.45278450363196127,0.4392059553349876,413.0,403.0,187.0,177.0
holdout,chuandian,M_RW,63,2.0,16,0.9217091211217194,103,,0.45278450363196127,0.4392059553349876,413.0,403.0,187.0,177.0
holdout,chuandian,M_RW,63,3.0,9,0.9023766004864919,113,,0.45278450363196127,0.4392059553349876,413.0,403.0,187.0,177.0
holdout,chuandian,M_RW,64,0.1,12345,0.9729930709866317,33,,0.5447941888619855,0.533498759305211,413.0,403.0,225.0,215.0
holdout,chuandian,M_RW,64,0.5,13,0.9564033096486676,66,,0.45278450363196127,0.4392059553349876,413.0,403.0,187.0,177.0
holdout,chuandian,M_RW,64,1.0,6,0.9440295073843218,87,,0.45278450363196127,0.4392059553349876,413.0,403.0,187.0,177.0
holdout,chuandian,M_RW,64,1.5,6,0.933633865686309,94,,0.45278450363196127,0.4392059553349876,413.0,403.0,187.0,177.0
holdout,chuandian,M_RW,64,2.0,12,0.9239827980476696,102,,0.5447941888619855,0.533498759305211,413.0,403.0,225.0,215.0
holdout,chuandian,M_RW,64,3.0,10,0.9054342464625891,116,,0.45278450363196127,0.4392059553349876,413.0,403.0,187.0,177.0
holdout,chuandian,M_RW,65,0.1,5,0.973877999790344,29,,0.4576271186440678,0.4441687344913151,413.0,403.0,189.0,179.0
holdout,chuandian,M_RW,65,0.5,14,0.9557499536328533,57,,0.45278450363196127,0.4392059553349876,413.0,403.0,187.0,177.0
holdout,chuandian,M_RW,65,1.0,4,0.940676024275126,73,,0.45278450363196127,0.4392059553349876,413.0,403.0,187.0,177.0
holdout,chuandian,M_RW,65,1.5,10,0.9280997063130353,83,,0.45278450363196127,0.4392059553349876,413.0,403.0,187.0,177.0
holdout,chuandian,M_RW,65,2.0,7,0.9170684809105648,86,,0.45278450363196127,0.4392059553349876,413.0,403.0,187.0,177.0
holdout,chuandian,M_RW,65,3.0,4,0.895913103234921,92,,0.45278450363196127,0.4392059553349876,413.0,403.0,187.0,177.0
holdout,chuandian,M_RW,66,0.1,9,0.9674788489925567,30,,0.4576271186440678,0.4441687344913151,413.0,403.0,189.0,179.0
holdout,chuandian,M_RW,66,0.5,5,0.9432178548078101,62,,0.4576271186440678,0.4441687344913151,413.0,403.0,189.0,179.0
holdout,chuandian,M_RW,66,1.0,6,0.9243424919384927,78,,0.45278450363196127,0.4392059553349876,413.0,403.0,187.0,177.0
holdout,chuandian,M_RW,66,1.5,15,0.9112347295384363,89,,0.45278450363196127,0.4392059553349876,413.0,403.0,187.0,177.0
holdout,chuandian,M_RW,66,2.0,6,0.8992618113896509,93,,0.45278450363196127,0.4392059553349876,413.0,403.0,187.0,177.0
holdout,chuandian,M_RW,66,3.0,5,0.8777562849428603,102,,0.45278450363196127,0.4392059553349876,413.0,403.0,187.0,177.0
holdout,chuandian,M_RW,67,0.1,15,0.9746462787839594,32,,0.5205811138014528,0.5086848635235732,413.0,403.0,215.0,205.0
holdout,chuandian,M_RW,67,0.5,12,0.9563976740904518,69,,0.45278450363196127,0.4392059553349876,413.0,403.0,187.0,177.0
holdout,chuandian,M_RW,67,1.0,11,0.9424367145357019,87,,0.45278450363196127,0.4392059553349876,413.0,403.0,187.0,177.0
holdout,chuandian,M_RW,67,1.5,8,0.9305625558438725,98,,0.45278450363196127,0.4392059553349876,413.0,403.0,187.0,177.0
holdout,chuandian,M_RW,67,2.0,2,0.9194479443056333,106,,0.45278450363196127,0.4392059553349876,413.0,403.0,187.0,177.0
holdout,chuandian,M_RW,67,3.0,2,0.900148892709986,116,,0.45278450363196127,0.4392059553349876,413.0,403.0,187.0,177.0
holdout,chuandian,M_RW,68,0.1,12,0.9721965899509962,34,,0.5205811138014528,0.5086848635235732,413.0,403.0,215.0,205.0
holdout,chuandian,M_RW,68,0.5,12,0.9534104411635699,71,,0.45278450363196127,0.4392059553349876,413.0,403.0,187.0,177.0
holdout,chuandian,M_RW,68,1.0,18,0.9394446211509762,88,,0.45278450363196127,0.4392059553349876,413.0,403.0,187.0,177.0
holdout,chuandian,M_RW,68,1.5,6,0.9275703287993591,96,,0.45278450363196127,0.4392059553349876,413.0,403.0,187.0,177.0
holdout,chuandian,M_RW,68,2.0,19,0.9174015471620731,103,,0.45278450363196127,0.4392059553349876,413.0,403.0,187.0,177.0
holdout,chuandian,M_RW,68,3.0,9,0.8993213905778592,115,,0.45278450363196127,0.4392059553349876,413.0,403.0,187.0,177.0
holdout,chuandian,M_RW,69,0.1,5,0.9726690575485539,34,,0.45278450363196127,0.4392059553349876,413.0,403.0,187.0,177.0
holdout,chuandian,M_RW,69,0.5,19,0.9563616141451442,57,,0.45278450363196127,0.4392059553349876,413.0,403.0,187.0,177.0
holdout,chuandian,M_RW,69,1.0,7,0.9418311835142451,72,,0.45278450363196127,0.4392059553349876,413.0,403.0,187.0,177.0
holdout,chuandian,M_RW,69,1.5,12,0.9292649132372197,77,,0.45278450363196127,0.4392059553349876,413.0,403.0,187.0,177.0
holdout,chuandian,M_RW,69,2.0,12,0.917897995076834,86,,0.45278450363196127,0.4392059553349876,413.0,403.0,187.0,177.0
holdout,chuandian,M_RW,69,3.0,12345,0.8982917997843658,99,,0.45278450363196127,0.4392059553349876,413.0,403.0,187.0,177.0
holdout,chuandian,M_RW,70,0.1,15,0.9714005736270915,26,,0.45278450363196127,0.4392059553349876,413.0,403.0,187.0,177.0
holdout,chuandian,M_RW,70,0.5,16,0.9541227644800653,59,,0.45278450363196127,0.4392059553349876,413.0,403.0,187.0,177.0
holdout,chuandian,M_RW,70,1.0,12345,0.9413599198237108,74,,0.45278450363196127,0.4392059553349876,413.0,403.0,187.0,177.0
holdout,chuandian,M_RW,70,1.5,12345,0.9299045630166531,80,,0.45278450363196127,0.4392059553349876,413.0,403.0,187.0,177.0
holdout,chuandian,M_RW,70,2.0,12,0.9193147524213076,88,,0.45278450363196127,0.4392059553349876,413.0,403.0,187.0,177.0
holdout,chuandian,M_RW,70,3.0,14,0.8991773460330595,99,,0.45278450363196127,0.4392059553349876,413.0,403.0,187.0,177.0
holdout,chuandian,M_RW,71,0.1,12,0.9725497312148355,32,,0.4963680387409201,0.4838709677419355,413.0,403.0,205.0,195.0
holdout,chuandian,M_RW,71,0.5,3,0.953501049909699,60,,0.4963680387409201,0.4838709677419355,413.0,403.0,205.0,195.0
holdout,chuandian,M_RW,71,1.0,6,0.9371636285709762,74,,0.4963680387409201,0.4838709677419355,413.0,403.0,205.0,195.0
holdout,chuandian,M_RW,71,1.5,14,0.9242534569837112,85,,0.4963680387409201,0.4838709677419355,413.0,403.0,205.0,195.0
holdout,chuandian,M_RW,71,2.0,1,0.9131050087958181,94,,0.4963680387409201,0.4838709677419355,413.0,403.0,205.0,195.0
holdout,chuandian,M_RW,71,3.0,9,0.895044499233344,106,,0.4963680387409201,0.4838709677419355,413.0,403.0,205.0,195.0
holdout,chuandian,M_RW,72,0.1,6,0.9688341469488818,26,,0.4576271186440678,0.4441687344913151,413.0,403.0,189.0,179.0
holdout,chuandian,M_RW,72,0.5,14,0.9502283259355729,53,,0.4576271186440678,0.4441687344913151,413.0,403.0,189.0,179.0
holdout,chuandian,M_RW,72,1.0,8,0.9353943215840127,75,,0.4576271186440678,0.4441687344913151,413.0,403.0,189.0,179.0
holdout,chuandian,M_RW,72,1.5,2,0.9230844893670264,85,,0.4576271186440678,0.4441687344913151,413.0,403.0,189.0,179.0
holdout,chuandian,M_RW,72,2.0,10,0.9123328360163427,90,,0.4576271186440678,0.4441687344913151,413.0,403.0,189.0,179.0
holdout,chuandian,M_RW,72,3.0,19,0.8926772438302716,106,,0.4576271186440678,0.4441687344913151,413.0,403.0,189.0,179.0
holdout,chuandian,M_RW,73,0.1,4,0.9755030928731456,34,,0.45278450363196127,0.4392059553349876,413.0,403.0,187.0,177.0
holdout,chuandian,M_RW,73,0.5,12345,0.9616616249387462,69,,0.45278450363196127,0.4392059553349876,413.0,403.0,187.0,177.0
holdout,chuandian,M_RW,73,1.0,16,0.9497703037957399,82,,0.45278450363196127,0.4392059553349876,413.0,403.0,187.0,177.0
holdout,chuandian,M_RW,73,1.5,14,0.9392613841574975,90,,0.45278450363196127,0.4392059553349876,413.0,403.0,187.0,177.0
holdout,chuandian,M_RW,73,2.0,15,0.9294143426553731,93,,0.45278450363196127,0.4392059553349876,413.0,403.0,187.0,177.0
holdout,chuandian,M_RW,73,3.0,11,0.9120648736049631,104,,0.45278450363196127,0.4392059553349876,413.0,403.0,187.0,177.0
holdout,chuandian,M_RW,74,0.1,19,0.9743595126907275,37,,0.4552058111380145,0.44168734491315137,413.0,403.0,188.0,178.0
holdout,chuandian,M_RW,74,0.5,9,0.9604449971533328,68,,0.4552058111380145,0.44168734491315137,413.0,403.0,188.0,178.0
holdout,chuandian,M_RW,74,1.0,14,0.9491919388195111,83,,0.4552058111380145,0.44168734491315137,413.0,403.0,188.0,178.0
holdout,chuandian,M_RW,74,1.5,1,0.9390326491040316,94,,0.4552058111380145,0.44168734491315137,413.0,403.0,188.0,178.0
holdout,chuandian,M_RW,74,2.0,18,0.9300422293036461,102,,0.4552058111380145,0.44168734491315137,413.0,403.0,188.0,178.0
holdout,chuandian,M_RW,74,3.0,14,0.9137842698135472,112,,0.4552058111380145,0.44168734491315137,413.0,403.0,188.0,178.0
holdout,chuandian,M_RW,75,0.1,1,0.9709799823705356,28,,0.45278450363196127,0.4392059553349876,413.0,403.0,187.0,177.0
holdout,chuandian,M_RW,75,0.5,16,0.9544680336680247,65,,0.45278450363196127,0.4392059553349876,413.0,403.0,187.0,177.0
holdout,chuandian,M_RW,75,1.0,16,0.9423685617599108,82,,0.45278450363196127,0.4392059553349876,413.0,403.0,187.0,177.0
holdout,chuandian,M_RW,75,1.5,6,0.9323117924770812,91,,0.45278450363196127,0.4392059553349876,413.0,403.0,187.0,177.0
holdout,chuandian,M_RW,75,2.0,16,0.922612600822925,95,,0.45278450363196127,0.4392059553349876,413.0,403.0,187.0,177.0
holdout,chuandian,M_RW,75,3.0,5,0.9038927120215138,106,,0.45278450363196127,0.4392059553349876,413.0,403.0,187.0,177.0
holdout,chuandian,M_RW,76,0.1,13,0.975498332755346,36,,0.4576271186440678,0.4441687344913151,413.0,403.0,189.0,179.0
holdout,chuandian,M_RW,76,0.5,7,0.962010514690074,67,,0.45278450363196127,0.4392059553349876,413.0,403.0,187.0,177.0
holdout,chuandian,M_RW,76,1.0,14,0.9503929544870428,80,,0.45278450363196127,0.4392059553349876,413.0,403.0,187.0,177.0
holdout,chuandian,M_RW,76,1.5,2,0.9404129011951466,92,,0.45278450363196127,0.4392059553349876,413.0,403.0,187.0,177.0
holdout,chuandian,M_RW,76,2.0,18,0.9319088443570024,99,,0.45278450363196127,0.4392059553349876,413.0,403.0,187.0,177.0
holdout,chuandian,M_RW,76,3.0,19,0.9153418432345829,109,,0.45278450363196127,0.4392059553349876,413.0,403.0,187.0,177.0
holdout,chuandian,M_RW,77,0.1,15,0.9705343693818171,34,,0.5181598062953995,0.5062034739454094,413.0,403.0,214.0,204.0
holdout,chuandian,M_RW,77,0.5,6,0.9537948222128783,65,,0.45278450363196127,0.4392059553349876,413.0,403.0,187.0,177.0
holdout,chuandian,M_RW,77,1.0,14,0.9401494457631673,81,,0.45278450363196127,0.4392059553349876,413.0,403.0,187.0,177.0
holdout,chuandian,M_RW,77,1.5,15,0.9281116630335172,96,,0.45278450363196127,0.4392059553349876,413.0,403.0,187.0,177.0
holdout,chuandian,M_RW,77,2.0,6,0.9170568270570769,98,,0.45278450363196127,0.4392059553349876,413.0,403.0,187.0,177.0
holdout,chuandian,M_RW,77,3.0,8,0.8972546803000774,110,,0.45278450363196127,0.4392059553349876,413.0,403.0,187.0,177.0
holdout,chuandian,M_RW,78,0.1,3,0.9750669413025184,35,,0.5447941888619855,0.533498759305211,413.0,403.0,225.0,215.0
holdout,chuandian,M_RW,78,0.5,6,0.9598988682988936,69,,0.5447941888619855,0.533498759305211,413.0,403.0,225.0,215.0
holdout,chuandian,M_RW,78,1.0,9,0.9465509027853648,84,,0.5447941888619855,0.533498759305211,413.0,403.0,225.0,215.0
holdout,chuandian,M_RW,78,1.5,8,0.93482848684073,91,,0.45278450363196127,0.4392059553349876,413.0,403.0,187.0,177.0
holdout,chuandian,M_RW,78,2.0,9,0.9239430033374139,96,,0.45278450363196127,0.4392059553349876,413.0,403.0,187.0,177.0
holdout,chuandian,M_RW,78,3.0,8,0.9041119506836907,109,,0.45278450363196127,0.4392059553349876,413.0,403.0,187.0,177.0
holdout,chuandian,M_RW,79,0.1,7,0.9733076797253732,31,,0.4576271186440678,0.4441687344913151,413.0,403.0,189.0,179.0
holdout,chuandian,M_RW,79,0.5,13,0.9559129781815158,67,,0.4576271186440678,0.4441687344913151,413.0,403.0,189.0,179.0
holdout,chuandian,M_RW,79,1.0,18,0.942131532625668,82,,0.45278450363196127,0.4392059553349876,413.0,403.0,187.0,177.0
holdout,chuandian,M_RW,79,1.5,8,0.9308130438622939,92,,0.45278450363196127,0.4392059553349876,413.0,403.0,187.0,177.0
holdout,chuandian,M_RW,79,2.0,15,0.9205340800385885,96,,0.45278450363196127,0.4392059553349876,413.0,403.0,187.0,177.0
holdout,chuandian,M_RW,79,3.0,10,0.9013910743431657,105,,0.45278450363196127,0.4392059553349876,413.0,403.0,187.0,177.0
holdout,chuandian,M_RW,80,0.1,19,0.9731125406000032,35,,0.5738498789346247,0.5632754342431762,413.0,403.0,237.0,227.0
holdout,chuandian,M_RW,80,0.5,8,0.9576538279672029,64,,0.45278450363196127,0.4392059553349876,413.0,403.0,187.0,177.0
holdout,chuandian,M_RW,80,1.0,12,0.9446613149684913,85,,0.45278450363196127,0.4392059553349876,413.0,403.0,187.0,177.0
holdout,chuandian,M_RW,80,1.5,12,0.9344606986216004,97,,0.45278450363196127,0.4392059553349876,413.0,403.0,187.0,177.0
holdout,chuandian,M_RW,80,2.0,8,0.9252938188667668,105,,0.45278450363196127,0.4392059553349876,413.0,403.0,187.0,177.0
holdout,chuandian,M_RW,80,3.0,3,0.9081393425152302,108,,0.45278450363196127,0.4392059553349876,413.0,403.0,187.0,177.0
holdout,chuandian,M_RW,81,0.1,6,0.9709052730257245,31,,0.4745762711864407,0.46153846153846156,413.0,403.0,196.0,186.0
holdout,chuandian,M_RW,81,0.5,17,0.9513530782502327,55,,0.45278450363196127,0.4392059553349876,413.0,403.0,187.0,177.0
holdout,chuandian,M_RW,81,1.0,15,0.9359974269435937,72,,0.45278450363196127,0.4392059553349876,413.0,403.0,187.0,177.0
holdout,chuandian,M_RW,81,1.5,5,0.9220146560465461,81,,0.45278450363196127,0.4392059553349876,413.0,403.0,187.0,177.0
holdout,chuandian,M_RW,81,2.0,3,0.9095815262231883,87,,0.45278450363196127,0.4392059553349876,413.0,403.0,187.0,177.0
holdout,chuandian,M_RW,81,3.0,18,0.8883499123443339,105,,0.45278450363196127,0.4392059553349876,413.0,403.0,187.0,177.0
holdout,chuandian,M_RW,82,0.1,6,0.9704207716276948,28,,0.4600484261501211,0.4466501240694789,413.0,403.0,190.0,180.0
holdout,chuandian,M_RW,82,0.5,15,0.9533027087138132,57,,0.45278450363196127,0.4392059553349876,413.0,403.0,187.0,177.0
holdout,chuandian,M_RW,82,1.0,7,0.9383281802918753,69,,0.45278450363196127,0.4392059553349876,413.0,403.0,187.0,177.0
holdout,chuandian,M_RW,82,1.5,14,0.9261231064726297,80,,0.45278450363196127,0.4392059553349876,413.0,403.0,187.0,177.0
holdout,chuandian,M_RW,82,2.0,12,0.9153551060494808,90,,0.45278450363196127,0.4392059553349876,413.0,403.0,187.0,177.0
holdout,chuandian,M_RW,82,3.0,19,0.894784750112163,106,,0.45278450363196127,0.4392059553349876,413.0,403.0,187.0,177.0
holdout,chuandian,M_RW,83,0.1,5,0.9742106498133549,29,,0.5254237288135594,0.5136476426799007,413.0,403.0,217.0,207.0
holdout,chuandian,M_RW,83,0.5,5,0.9592215301566535,62,,0.47699757869249393,0.4640198511166253,413.0,403.0,197.0,187.0
holdout,chuandian,M_RW,83,1.0,9,0.9461592729610677,80,,0.45278450363196127,0.4392059553349876,413.0,403.0,187.0,177.0
holdout,chuandian,M_RW,83,1.5,9,0.9351686239385482,90,,0.45278450363196127,0.4392059553349876,413.0,403.0,187.0,177.0
holdout,chuandian,M_RW,83,2.0,10,0.9253061153580697,96,,0.45278450363196127,0.4392059553349876,413.0,403.0,187.0,177.0
holdout,chuandian,M_RW,83,3.0,15,0.9070045620685528,105,,0.45278450363196127,0.4392059553349876,413.0,403.0,187.0,177.0
holdout,chuandian,M_RW,84,0.1,6,0.9683458288335693,30,,0.45278450363196127,0.4392059553349876,413.0,403.0,187.0,177.0
holdout,chuandian,M_RW,84,0.5,15,0.9472852953815698,57,,0.45278450363196127,0.4392059553349876,413.0,403.0,187.0,177.0
holdout,chuandian,M_RW,84,1.0,1,0.9312930417227573,78,,0.45278450363196127,0.4392059553349876,413.0,403.0,187.0,177.0
holdout,chuandian,M_RW,84,1.5,7,0.9189154526679049,84,,0.45278450363196127,0.4392059553349876,413.0,403.0,187.0,177.0
holdout,chuandian,M_RW,84,2.0,2,0.907225076930164,93,,0.45278450363196127,0.4392059553349876,413.0,403.0,187.0,177.0
holdout,chuandian,M_RW,84,3.0,2,0.8854843546950729,101,,0.45278450363196127,0.4392059553349876,413.0,403.0,187.0,177.0
holdout,chuandian,M_RW,85,0.1,8,0.9666873547724748,29,,0.45278450363196127,0.4392059553349876,413.0,403.0,187.0,177.0
holdout,chuandian,M_RW,85,0.5,5,0.9453835569255727,59,,0.45278450363196127,0.4392059553349876,413.0,403.0,187.0,177.0
holdout,chuandian,M_RW,85,1.0,19,0.9291414295866565,71,,0.45278450363196127,0.4392059553349876,413.0,403.0,187.0,177.0
holdout,chuandian,M_RW,85,1.5,11,0.9146219112214067,78,,0.45278450363196127,0.4392059553349876,413.0,403.0,187.0,177.0
holdout,chuandian,M_RW,85,2.0,17,0.9029334009729725,85,,0.45278450363196127,0.4392059553349876,413.0,403.0,187.0,177.0
holdout,chuandian,M_RW,85,3.0,8,0.8819768994291242,98,,0.45278450363196127,0.4392059553349876,413.0,403.0,187.0,177.0
holdout,chuandian,M_RW,86,0.1,8,0.9751410440499304,37,,0.4963680387409201,0.4838709677419355,413.0,403.0,205.0,195.0
holdout,chuandian,M_RW,86,0.5,4,0.9584948660715881,67,,0.45278450363196127,0.4392059553349876,413.0,403.0,187.0,177.0
holdout,chuandian,M_RW,86,1.0,18,0.944798703053711,85,,0.45278450363196127,0.4392059553349876,413.0,403.0,187.0,177.0
holdout,chuandian,M_RW,86,1.5,1,0.9340700656688311,98,,0.45278450363196127,0.4392059553349876,413.0,403.0,187.0,177.0
holdout,chuandian,M_RW,86,2.0,1,0.9240903753456278,102,,0.45278450363196127,0.4392059553349876,413.0,403.0,187.0,177.0
holdout,chuandian,M_RW,86,3.0,12345,0.9048008519483872,110,,0.45278450363196127,0.4392059553349876,413.0,403.0,187.0,177.0
holdout,chuandian,M_RW,87,0.1,4,0.9697663732335933,33,,0.4576271186440678,0.4441687344913151,413.0,403.0,189.0,179.0
holdout,chuandian,M_RW,87,0.5,9,0.9513024863315501,67,,0.45278450363196127,0.4392059553349876,413.0,403.0,187.0,177.0
holdout,chuandian,M_RW,87,1.0,12345,0.9380813856185953,80,,0.45278450363196127,0.4392059553349876,413.0,403.0,187.0,177.0
holdout,chuandian,M_RW,87,1.5,7,0.9260373975920049,88,,0.45278450363196127,0.4392059553349876,413.0,403.0,187.0,177.0
holdout,chuandian,M_RW,87,2.0,12345,0.9150992536995235,93,,0.45278450363196127,0.4392059553349876,413.0,403.0,187.0,177.0
holdout,chuandian,M_RW,87,3.0,14,0.8942040550226166,103,,0.45278450363196127,0.4392059553349876,413.0,403.0,187.0,177.0
holdout,chuandian,M_RW,88,0.1,8,0.9712453828880604,31,,0.5520581113801453,0.5409429280397022,413.0,403.0,228.0,218.0
holdout,chuandian,M_RW,88,0.5,18,0.9518489866458542,56,,0.4552058111380145,0.44168734491315137,413.0,403.0,188.0,178.0
holdout,chuandian,M_RW,88,1.0,4,0.9362043929463677,71,,0.4552058111380145,0.44168734491315137,413.0,403.0,188.0,178.0
holdout,chuandian,M_RW,88,1.5,15,0.9239544733476911,82,,0.4552058111380145,0.44168734491315137,413.0,403.0,188.0,178.0
holdout,chuandian,M_RW,88,2.0,19,0.9125897189349255,86,,0.4552058111380145,0.44168734491315137,413.0,403.0,188.0,178.0
holdout,chuandian,M_RW,88,3.0,6,0.892019325163348,93,,0.4552058111380145,0.44168734491315137,413.0,403.0,188.0,178.0
holdout,chuandian,M_RW,89,0.1,1,0.9712620350031413,29,,0.47699757869249393,0.4640198511166253,413.0,403.0,197.0,187.0
holdout,chuandian,M_RW,89,0.5,4,0.9499917072135805,57,,0.45278450363196127,0.4392059553349876,413.0,403.0,187.0,177.0
holdout,chuandian,M_RW,89,1.0,9,0.9341511422784091,78,,0.4552058111380145,0.44168734491315137,413.0,403.0,188.0,178.0
holdout,chuandian,M_RW,89,1.5,12345,0.9223526770194881,82,,0.45278450363196127,0.4392059553349876,413.0,403.0,187.0,177.0
holdout,chuandian,M_RW,89,2.0,2,0.911843533494865,90,,0.45278450363196127,0.4392059553349876,413.0,403.0,187.0,177.0
holdout,chuandian,M_RW,89,3.0,9,0.892690932590266,99,,0.45278450363196127,0.4392059553349876,413.0,403.0,187.0,177.0
holdout,chuandian,M_RW,90,0.1,18,0.9715141036015464,33,,0.45278450363196127,0.4392059553349876,413.0,403.0,187.0,177.0
holdout,chuandian,M_RW,90,0.5,2,0.9549707665158425,66,,0.45278450363196127,0.4392059553349876,413.0,403.0,187.0,177.0
holdout,chuandian,M_RW,90,1.0,3,0.9404948372694908,80,,0.45278450363196127,0.4392059553349876,413.0,403.0,187.0,177.0
holdout,chuandian,M_RW,90,1.5,2,0.9278867200729339,90,,0.45278450363196127,0.4392059553349876,413.0,403.0,187.0,177.0
holdout,chuandian,M_RW,90,2.0,9,0.9159051499363432,97,,0.45278450363196127,0.4392059553349876,413.0,403.0,187.0,177.0
holdout,chuandian,M_RW,90,3.0,19,0.894547252263034,106,,0.45278450363196127,0.4392059553349876,413.0,403.0,187.0,177.0
holdout,chuandian,M_RW,91,0.1,16,0.9729128008940371,30,,0.5786924939467313,0.5682382133995038,413.0,403.0,239.0,229.0
holdout,chuandian,M_RW,91,0.5,8,0.9560959177558369,58,,0.4576271186440678,0.4441687344913151,413.0,403.0,189.0,179.0
holdout,chuandian,M_RW,91,1.0,5,0.943077405517615,77,,0.45278450363196127,0.4392059553349876,413.0,403.0,187.0,177.0
holdout,chuandian,M_RW,91,1.5,14,0.9318581692227551,83,,0.45278450363196127,0.4392059553349876,413.0,403.0,187.0,177.0
holdout,chuandian,M_RW,91,2.0,1,0.9213777485090893,92,,0.45278450363196127,0.4392059553349876,413.0,403.0,187.0,177.0
holdout,chuandian,M_RW,91,3.0,12345,0.9027977312148133,100,,0.45278450363196127,0.4392059553349876,413.0,403.0,187.0,177.0
holdout,chuandian,M_RW,92,0.1,6,0.9727251997678218,33,,0.585956416464891,0.575682382133995,413.0,403.0,242.0,232.0
holdout,chuandian,M_RW,92,0.5,16,0.9571738328315902,68,,0.4600484261501211,0.4466501240694789,413.0,403.0,190.0,180.0
holdout,chuandian,M_RW,92,1.0,12345,0.9442998768973273,85,,0.4600484261501211,0.4466501240694789,413.0,403.0,190.0,180.0
holdout,chuandian,M_RW,92,1.5,12345,0.9335158353924191,96,,0.4552058111380145,0.44168734491315137,413.0,403.0,188.0,178.0
holdout,chuandian,M_RW,92,2.0,2,0.9233120873919933,108,,0.4552058111380145,0.44168734491315137,413.0,403.0,188.0,178.0
holdout,chuandian,M_RW,92,3.0,18,0.9050110516208028,119,,0.4552058111380145,0.44168734491315137,413.0,403.0,188.0,178.0
holdout,chuandian,M_RW,93,0.1,19,0.9693929828300183,28,,0.4794188861985472,0.4665012406947891,413.0,403.0,198.0,188.0
holdout,chuandian,M_RW,93,0.5,11,0.9507952799465768,57,,0.45278450363196127,0.4392059553349876,413.0,403.0,187.0,177.0
holdout,chuandian,M_RW,93,1.0,10,0.9340294546567316,67,,0.45278450363196127,0.4392059553349876,413.0,403.0,187.0,177.0
holdout,chuandian,M_RW,93,1.5,4,0.9203611493427609,84,,0.45278450363196127,0.4392059553349876,413.0,403.0,187.0,177.0
holdout,chuandian,M_RW,93,2.0,3,0.9080768383858542,92,,0.45278450363196127,0.4392059553349876,413.0,403.0,187.0,177.0
holdout,chuandian,M_RW,93,3.0,11,0.8859340074439063,99,,0.45278450363196127,0.4392059553349876,413.0,403.0,187.0,177.0
holdout,chuandian,M_RW,94,0.1,4,0.9728588395013997,32,,0.5544794188861986,0.543424317617866,413.0,403.0,229.0,219.0
holdout,chuandian,M_RW,94,0.5,9,0.9574812655264391,63,,0.47699757869249393,0.4640198511166253,413.0,403.0,197.0,187.0
holdout,chuandian,M_RW,94,1.0,16,0.9440281169384217,80,,0.45278450363196127,0.4392059553349876,413.0,403.0,187.0,177.0
holdout,chuandian,M_RW,94,1.5,8,0.9330840694148128,87,,0.45278450363196127,0.4392059553349876,413.0,403.0,187.0,177.0
holdout,chuandian,M_RW,94,2.0,17,0.922632366203445,93,,0.45278450363196127,0.4392059553349876,413.0,403.0,187.0,177.0
holdout,chuandian,M_RW,94,3.0,18,0.9035852964415952,105,,0.45278450363196127,0.4392059553349876,413.0,403.0,187.0,177.0
holdout,chuandian,M_RW,95,0.1,9,0.9655008195453675,36,,0.49878934624697335,0.48635235732009924,413.0,403.0,206.0,196.0
holdout,chuandian,M_RW,95,0.5,1,0.9411853208686957,55,,0.4963680387409201,0.4838709677419355,413.0,403.0,205.0,195.0
holdout,chuandian,M_RW,95,1.0,5,0.9213502784503256,72,,0.4963680387409201,0.4838709677419355,413.0,403.0,205.0,195.0
holdout,chuandian,M_RW,95,1.5,10,0.906468354944543,79,,0.4963680387409201,0.4838709677419355,413.0,403.0,205.0,195.0
holdout,chuandian,M_RW,95,2.0,9,0.8920580928501193,84,,0.4963680387409201,0.4838709677419355,413.0,403.0,205.0,195.0
holdout,chuandian,M_RW,95,3.0,2,0.8666926194625002,98,,0.45278450363196127,0.4392059553349876,413.0,403.0,187.0,177.0
holdout,chuandian,M_RW,96,0.1,3,0.9745483283648507,32,,0.47699757869249393,0.4640198511166253,413.0,403.0,197.0,187.0
holdout,chuandian,M_RW,96,0.5,18,0.9608232403830834,68,,0.4891041162227603,0.47642679900744417,413.0,403.0,202.0,192.0
holdout,chuandian,M_RW,96,1.0,12345,0.949610368552753,86,,0.45278450363196127,0.4392059553349876,413.0,403.0,187.0,177.0
holdout,chuandian,M_RW,96,1.5,4,0.9395782843802406,92,,0.45278450363196127,0.4392059553349876,413.0,403.0,187.0,177.0
holdout,chuandian,M_RW,96,2.0,14,0.930565672299615,100,,0.45278450363196127,0.4392059553349876,413.0,403.0,187.0,177.0
holdout,chuandian,M_RW,96,3.0,12,0.9141245022473518,107,,0.45278450363196127,0.4392059553349876,413.0,403.0,187.0,177.0
holdout,chuandian,M_RW,97,0.1,9,0.9694740698886948,31,,0.5932203389830508,0.5831265508684863,413.0,403.0,245.0,235.0
holdout,chuandian,M_RW,97,0.5,6,0.9506213240745607,64,,0.5738498789346247,0.5632754342431762,413.0,403.0,237.0,227.0
holdout,chuandian,M_RW,97,1.0,17,0.9347600975424072,73,,0.45278450363196127,0.4392059553349876,413.0,403.0,187.0,177.0
holdout,chuandian,M_RW,97,1.5,14,0.9209067999904702,83,,0.45278450363196127,0.4392059553349876,413.0,403.0,187.0,177.0
holdout,chuandian,M_RW,97,2.0,15,0.908312278146144,88,,0.45278450363196127,0.4392059553349876,413.0,403.0,187.0,177.0
holdout,chuandian,M_RW,97,3.0,10,0.8846956665929233,97,,0.45278450363196127,0.4392059553349876,413.0,403.0,187.0,177.0
holdout,chuandian,M_RW,98,0.1,17,0.971987961496296,31,,0.5738498789346247,0.5632754342431762,413.0,403.0,237.0,227.0
holdout,chuandian,M_RW,98,0.5,10,0.9526119321787053,64,,0.45278450363196127,0.4392059553349876,413.0,403.0,187.0,177.0
holdout,chuandian,M_RW,98,1.0,16,0.938037183039478,77,,0.45278450363196127,0.4392059553349876,413.0,403.0,187.0,177.0
holdout,chuandian,M_RW,98,1.5,18,0.926061682602238,87,,0.45278450363196127,0.4392059553349876,413.0,403.0,187.0,177.0
holdout,chuandian,M_RW,98,2.0,8,0.9150249094180278,96,,0.45278450363196127,0.4392059553349876,413.0,403.0,187.0,177.0
holdout,chuandian,M_RW,98,3.0,12345,0.8959216753391359,109,,0.45278450363196127,0.4392059553349876,413.0,403.0,187.0,177.0
holdout,chuandian,M_RW,99,0.1,12,0.9712671452207046,34,,0.5254237288135594,0.5136476426799007,413.0,403.0,217.0,207.0
holdout,chuandian,M_RW,99,0.5,14,0.9546282289236041,68,,0.4576271186440678,0.4441687344913151,413.0,403.0,189.0,179.0
holdout,chuandian,M_RW,99,1.0,12,0.9422094721929688,89,,0.4576271186440678,0.4441687344913151,413.0,403.0,189.0,179.0
holdout,chuandian,M_RW,99,1.5,7,0.9316435516557167,102,,0.4576271186440678,0.4441687344913151,413.0,403.0,189.0,179.0
holdout,chuandian,M_RW,99,2.0,5,0.9225312407732666,109,,0.4576271186440678,0.4441687344913151,413.0,403.0,189.0,179.0
holdout,chuandian,M_RW,99,3.0,2,0.9057107427114629,119,,0.45278450363196127,0.4392059553349876,413.0,403.0,187.0,177.0
holdout,chuandian,M_RW,100,0.1,10,0.9725485088530283,38,,0.46973365617433416,0.456575682382134,413.0,403.0,194.0,184.0
holdout,chuandian,M_RW,100,0.5,4,0.9562145070209966,70,,0.45278450363196127,0.4392059553349876,413.0,403.0,187.0,177.0
holdout,chuandian,M_RW,100,1.0,2,0.9422970341205607,81,,0.46973365617433416,0.456575682382134,413.0,403.0,194.0,184.0
holdout,chuandian,M_RW,100,1.5,6,0.9296804560565175,89,,0.46973365617433416,0.456575682382134,413.0,403.0,194.0,184.0
holdout,chuandian,M_RW,100,2.0,17,0.9185362636281892,96,,0.46973365617433416,0.456575682382134,413.0,403.0,194.0,184.0
holdout,chuandian,M_RW,100,3.0,13,0.8985579287876628,109,,0.45278450363196127,0.4392059553349876,413.0,403.0,187.0,177.0
holdout,chuandian,M_RW,101,0.1,12345,0.9719253419382748,35,,0.45278450363196127,0.4392059553349876,413.0,403.0,187.0,177.0
holdout,chuandian,M_RW,101,0.5,7,0.9548062688778121,67,,0.45278450363196127,0.4392059553349876,413.0,403.0,187.0,177.0
holdout,chuandian,M_RW,101,1.0,12345,0.9413717022861023,86,,0.45278450363196127,0.4392059553349876,413.0,403.0,187.0,177.0
holdout,chuandian,M_RW,101,1.5,19,0.9301464322102607,97,,0.45278450363196127,0.4392059553349876,413.0,403.0,187.0,177.0
holdout,chuandian,M_RW,101,2.0,19,0.9196715199134695,100,,0.45278450363196127,0.4392059553349876,413.0,403.0,187.0,177.0
holdout,chuandian,M_RW,101,3.0,18,0.9002244465374545,111,,0.45278450363196127,0.4392059553349876,413.0,403.0,187.0,177.0
holdout,chuandian,M_RW,102,0.1,1,0.9738845895499462,30,,0.46246973365617433,0.4491315136476427,413.0,403.0,191.0,181.0
holdout,chuandian,M_RW,102,0.5,19,0.9568963877767965,66,,0.4576271186440678,0.4441687344913151,413.0,403.0,189.0,179.0
holdout,chuandian,M_RW,102,1.0,3,0.9422028141958231,82,,0.4576271186440678,0.4441687344913151,413.0,403.0,189.0,179.0
holdout,chuandian,M_RW,102,1.5,6,0.9296070931394494,91,,0.5230024213075061,0.511166253101737,413.0,403.0,216.0,206.0
holdout,chuandian,M_RW,102,2.0,13,0.9182886524415433,97,,0.4576271186440678,0.4441687344913151,413.0,403.0,189.0,179.0
holdout,chuandian,M_RW,102,3.0,17,0.8992711933413903,110,,0.4576271186440678,0.4441687344913151,413.0,403.0,189.0,179.0
holdout,chuandian,M_RW,103,0.1,4,0.9758430756789424,30,,0.4600484261501211,0.4466501240694789,413.0,403.0,190.0,180.0
holdout,chuandian,M_RW,103,0.5,18,0.9607756905114561,64,,0.4552058111380145,0.44168734491315137,413.0,403.0,188.0,178.0
holdout,chuandian,M_RW,103,1.0,11,0.9486680353997259,83,,0.4552058111380145,0.44168734491315137,413.0,403.0,188.0,178.0
holdout,chuandian,M_RW,103,1.5,19,0.9384606771657796,91,,0.4552058111380145,0.44168734491315137,413.0,403.0,188.0,178.0
holdout,chuandian,M_RW,103,2.0,15,0.929441527405024,98,,0.4552058111380145,0.44168734491315137,413.0,403.0,188.0,178.0
holdout,chuandian,M_RW,103,3.0,5,0.9128439478400021,112,,0.4552058111380145,0.44168734491315137,413.0,403.0,188.0,178.0
holdout,chuandian,M_RW,104,0.1,15,0.969766910907236,35,,0.45278450363196127,0.4392059553349876,413.0,403.0,187.0,177.0
holdout,chuandian,M_RW,104,0.5,4,0.9525867841713325,60,,0.45278450363196127,0.4392059553349876,413.0,403.0,187.0,177.0
holdout,chuandian,M_RW,104,1.0,7,0.9364004441126371,76,,0.45278450363196127,0.4392059553349876,413.0,403.0,187.0,177.0
holdout,chuandian,M_RW,104,1.5,12345,0.9235384515254834,87,,0.45278450363196127,0.4392059553349876,413.0,403.0,187.0,177.0
holdout,chuandian,M_RW,104,2.0,18,0.9125823597095074,91,,0.45278450363196127,0.4392059553349876,413.0,403.0,187.0,177.0
holdout,chuandian,M_RW,104,3.0,15,0.8926597374069896,102,,0.45278450363196127,0.4392059553349876,413.0,403.0,187.0,177.0
holdout,chuandian,M_RW,105,0.1,13,0.9725863939208172,34,,0.4600484261501211,0.4466501240694789,413.0,403.0,190.0,180.0
holdout,chuandian,M_RW,105,0.5,16,0.9565959850580906,62,,0.4600484261501211,0.4466501240694789,413.0,403.0,190.0,180.0
holdout,chuandian,M_RW,105,1.0,16,0.9426468248232595,78,,0.4600484261501211,0.4466501240694789,413.0,403.0,190.0,180.0
holdout,chuandian,M_RW,105,1.5,1,0.9311307229728827,92,,0.4600484261501211,0.4466501240694789,413.0,403.0,190.0,180.0
holdout,chuandian,M_RW,105,2.0,1,0.920455771211797,98,,0.4600484261501211,0.4466501240694789,413.0,403.0,190.0,180.0
holdout,chuandian,M_RW,105,3.0,12,0.9007007717082395,111,,0.4600484261501211,0.4466501240694789,413.0,403.0,190.0,180.0
holdout,chuandian,M_RW,106,0.1,4,0.972179713069077,33,,0.4576271186440678,0.4441687344913151,413.0,403.0,189.0,179.0
holdout,chuandian,M_RW,106,0.5,17,0.9539822688143945,70,,0.45278450363196127,0.4392059553349876,413.0,403.0,187.0,177.0
holdout,chuandian,M_RW,106,1.0,12,0.9402961752684578,85,,0.45278450363196127,0.4392059553349876,413.0,403.0,187.0,177.0
holdout,chuandian,M_RW,106,1.5,18,0.9284962229013888,94,,0.45278450363196127,0.4392059553349876,413.0,403.0,187.0,177.0
holdout,chuandian,M_RW,106,2.0,8,0.9175518403100934,96,,0.45278450363196127,0.4392059553349876,413.0,403.0,187.0,177.0
holdout,chuandian,M_RW,106,3.0,14,0.8974640639642001,101,,0.45278450363196127,0.4392059553349876,413.0,403.0,187.0,177.0
holdout,chuandian,M_RW,107,0.1,5,0.9719784094660714,29,,0.46973365617433416,0.456575682382134,413.0,403.0,194.0,184.0
holdout,chuandian,M_RW,107,0.5,15,0.9548240300087354,61,,0.45278450363196127,0.4392059553349876,413.0,403.0,187.0,177.0
holdout,chuandian,M_RW,107,1.0,3,0.9412461225616797,75,,0.45278450363196127,0.4392059553349876,413.0,403.0,187.0,177.0
holdout,chuandian,M_RW,107,1.5,12,0.9306341976181775,87,,0.45278450363196127,0.4392059553349876,413.0,403.0,187.0,177.0
holdout,chuandian,M_RW,107,2.0,12,0.9210254657588629,92,,0.45278450363196127,0.4392059553349876,413.0,403.0,187.0,177.0
holdout,chuandian,M_RW,107,3.0,2,0.9025593120905366,103,,0.45278450363196127,0.4392059553349876,413.0,403.0,187.0,177.0
holdout,chuandian,M_RW,108,0.1,5,0.9703836610133495,32,,0.5205811138014528,0.5086848635235732,413.0,403.0,215.0,205.0
holdout,chuandian,M_RW,108,0.5,5,0.9541198057678865,62,,0.45278450363196127,0.4392059553349876,413.0,403.0,187.0,177.0
holdout,chuandian,M_RW,108,1.0,5,0.939967421579084,79,,0.45278450363196127,0.4392059553349876,413.0,403.0,187.0,177.0
holdout,chuandian,M_RW,108,1.5,12345,0.9282827000180798,89,,0.45278450363196127,0.4392059553349876,413.0,403.0,187.0,177.0
holdout,chuandian,M_RW,108,2.0,19,0.9180295508453574,95,,0.45278450363196127,0.4392059553349876,413.0,403.0,187.0,177.0
holdout,chuandian,M_RW,108,3.0,6,0.8985359744164105,102,,0.45278450363196127,0.4392059553349876,413.0,403.0,187.0,177.0
holdout,chuandian,M_RW,109,0.1,4,0.9717149525598179,31,,0.6004842615012107,0.5905707196029777,413.0,403.0,248.0,238.0
holdout,chuandian,M_RW,109,0.5,11,0.9563402125999207,63,,0.5254237288135594,0.5136476426799007,413.0,403.0,217.0,207.0
holdout,chuandian,M_RW,109,1.0,14,0.9439462399281098,79,,0.46973365617433416,0.456575682382134,413.0,403.0,194.0,184.0
holdout,chuandian,M_RW,109,1.5,12,0.9323723423045461,82,,0.46973365617433416,0.456575682382134,413.0,403.0,194.0,184.0
holdout,chuandian,M_RW,109,2.0,1,0.9214310794196449,89,,0.46973365617433416,0.456575682382134,413.0,403.0,194.0,184.0
holdout,chuandian,M_RW,109,3.0,12,0.9023943257596779,99,,0.45278450363196127,0.4392059553349876,413.0,403.0,187.0,177.0
holdout,chuandian,M_RW,110,0.1,4,0.974472461298138,31,,0.5447941888619855,0.533498759305211,413.0,403.0,225.0,215.0
holdout,chuandian,M_RW,110,0.5,13,0.9597860196241846,68,,0.5447941888619855,0.533498759305211,413.0,403.0,225.0,215.0
holdout,chuandian,M_RW,110,1.0,17,0.9469909028122456,78,,0.5447941888619855,0.533498759305211,413.0,403.0,225.0,215.0
holdout,chuandian,M_RW,110,1.5,5,0.9355950757554468,92,,0.45278450363196127,0.4392059553349876,413.0,403.0,187.0,177.0
holdout,chuandian,M_RW,110,2.0,1,0.9254988642214264,96,,0.45278450363196127,0.4392059553349876,413.0,403.0,187.0,177.0
holdout,chuandian,M_RW,110,3.0,16,0.9063287115660399,103,,0.45278450363196127,0.4392059553349876,413.0,403.0,187.0,177.0
holdout,chuandian,M_RW,111,0.1,6,0.9721842409829166,35,,0.5447941888619855,0.533498759305211,413.0,403.0,225.0,215.0
holdout,chuandian,M_RW,111,0.5,19,0.9531208807470823,63,,0.5447941888619855,0.533498759305211,413.0,403.0,225.0,215.0
holdout,chuandian,M_RW,111,1.0,10,0.9388259012928731,78,,0.5447941888619855,0.533498759305211,413.0,403.0,225.0,215.0
holdout,chuandian,M_RW,111,1.5,8,0.9268964522885643,88,,0.5447941888619855,0.533498759305211,413.0,403.0,225.0,215.0
holdout,chuandian,M_RW,111,2.0,2,0.9158434212926689,92,,0.5447941888619855,0.533498759305211,413.0,403.0,225.0,215.0
holdout,chuandian,M_RW,111,3.0,2,0.8957705325527097,101,,0.5447941888619855,0.533498759305211,413.0,403.0,225.0,215.0
holdout,chuandian,M_RW,112,0.1,13,0.9735648034525067,33,,0.45278450363196127,0.4392059553349876,413.0,403.0,187.0,177.0
holdout,chuandian,M_RW,112,0.5,11,0.9587051551959129,69,,0.45278450363196127,0.4392059553349876,413.0,403.0,187.0,177.0
holdout,chuandian,M_RW,112,1.0,13,0.9466094497201445,86,,0.45278450363196127,0.4392059553349876,413.0,403.0,187.0,177.0
holdout,chuandian,M_RW,112,1.5,10,0.9363933367808532,95,,0.45278450363196127,0.4392059553349876,413.0,403.0,187.0,177.0
holdout,chuandian,M_RW,112,2.0,2,0.926890519677673,98,,0.45278450363196127,0.4392059553349876,413.0,403.0,187.0,177.0
holdout,chuandian,M_RW,112,3.0,5,0.9089338585553589,107,,0.45278450363196127,0.4392059553349876,413.0,403.0,187.0,177.0
holdout,chuandian,M_RW,113,0.1,14,0.970462851426187,27,,0.45278450363196127,0.4392059553349876,413.0,403.0,187.0,177.0
holdout,chuandian,M_RW,113,0.5,4,0.9504466869414048,57,,0.45278450363196127,0.4392059553349876,413.0,403.0,187.0,177.0
holdout,chuandian,M_RW,113,1.0,1,0.9324905289389831,73,,0.45278450363196127,0.4392059553349876,413.0,403.0,187.0,177.0
holdout,chuandian,M_RW,113,1.5,4,0.9180443506557839,81,,0.45278450363196127,0.4392059553349876,413.0,403.0,187.0,177.0
holdout,chuandian,M_RW,113,2.0,12345,0.9064832187890144,87,,0.45278450363196127,0.4392059553349876,413.0,403.0,187.0,177.0
holdout,chuandian,M_RW,113,3.0,1,0.8864664476534174,94,,0.45278450363196127,0.4392059553349876,413.0,403.0,187.0,177.0
holdout,chuandian,M_RW,114,0.1,4,0.9745895438329487,32,,0.5520581113801453,0.5409429280397022,413.0,403.0,228.0,218.0
holdout,chuandian,M_RW,114,0.5,3,0.9597802381240399,62,,0.45278450363196127,0.4392059553349876,413.0,403.0,187.0,177.0
holdout,chuandian,M_RW,114,1.0,8,0.9479956921781889,80,,0.45278450363196127,0.4392059553349876,413.0,403.0,187.0,177.0
holdout,chuandian,M_RW,114,1.5,3,0.9373743367263238,87,,0.45278450363196127,0.4392059553349876,413.0,403.0,187.0,177.0
holdout,chuandian,M_RW,114,2.0,16,0.9270339902804315,92,,0.45278450363196127,0.4392059553349876,413.0,403.0,187.0,177.0
holdout,chuandian,M_RW,114,3.0,15,0.9072700038218383,98,,0.45278450363196127,0.4392059553349876,413.0,403.0,187.0,177.0
holdout,chuandian,M_RW,115,0.1,19,0.9713675936996339,26,,0.4600484261501211,0.4466501240694789,413.0,403.0,190.0,180.0
holdout,chuandian,M_RW,115,0.5,6,0.9519381899577142,66,,0.45278450363196127,0.4392059553349876,413.0,403.0,187.0,177.0
holdout,chuandian,M_RW,115,1.0,10,0.9371223362416352,74,,0.45278450363196127,0.4392059553349876,413.0,403.0,187.0,177.0
holdout,chuandian,M_RW,115,1.5,12345,0.9228424240942557,84,,0.45278450363196127,0.4392059553349876,413.0,403.0,187.0,177.0
holdout,chuandian,M_RW,115,2.0,9,0.9109982602925248,90,,0.45278450363196127,0.4392059553349876,413.0,403.0,187.0,177.0
holdout,chuandian,M_RW,115,3.0,17,0.8892495525003955,98,,0.45278450363196127,0.4392059553349876,413.0,403.0,187.0,177.0
holdout,chuandian,M_RW,116,0.1,10,0.9680723929862857,39,,0.559322033898305,0.5483870967741935,413.0,403.0,231.0,221.0
holdout,chuandian,M_RW,116,0.5,19,0.9492776593990696,69,,0.46973365617433416,0.456575682382134,413.0,403.0,194.0,184.0
holdout,chuandian,M_RW,116,1.0,15,0.9355652344846698,82,,0.45278450363196127,0.4392059553349876,413.0,403.0,187.0,177.0
holdout,chuandian,M_RW,116,1.5,16,0.9244936538273315,90,,0.45278450363196127,0.4392059553349876,413.0,403.0,187.0,177.0
holdout,chuandian,M_RW,116,2.0,12,0.9145332209801466,96,,0.45278450363196127,0.4392059553349876,413.0,403.0,187.0,177.0
holdout,chuandian,M_RW,116,3.0,6,0.8965013140469617,107,,0.45278450363196127,0.4392059553349876,413.0,403.0,187.0,177.0
holdout,chuandian,M_RW,117,0.1,7,0.9732919063834522,36,,0.45278450363196127,0.4392059553349876,413.0,403.0,187.0,177.0
holdout,chuandian,M_RW,117,0.5,9,0.9567196491370157,65,,0.45278450363196127,0.4392059553349876,413.0,403.0,187.0,177.0
holdout,chuandian,M_RW,117,1.0,12345,0.9416943530078489,80,,0.45278450363196127,0.4392059553349876,413.0,403.0,187.0,177.0
holdout,chuandian,M_RW,117,1.5,3,0.9287216130250022,88,,0.45278450363196127,0.4392059553349876,413.0,403.0,187.0,177.0
holdout,chuandian,M_RW,117,2.0,3,0.9170990206448307,92,,0.45278450363196127,0.4392059553349876,413.0,403.0,187.0,177.0
holdout,chuandian,M_RW,117,3.0,5,0.8961513807962284,104,,0.45278450363196127,0.4392059553349876,413.0,403.0,187.0,177.0
holdout,chuandian,M_RW,118,0.1,1,0.9736600007448255,32,,0.45278450363196127,0.4392059553349876,413.0,403.0,187.0,177.0
holdout,chuandian,M_RW,118,0.5,1,0.9583891772218179,66,,0.45278450363196127,0.4392059553349876,413.0,403.0,187.0,177.0
holdout,chuandian,M_RW,118,1.0,4,0.9453356015638079,81,,0.45278450363196127,0.4392059553349876,413.0,403.0,187.0,177.0
holdout,chuandian,M_RW,118,1.5,3,0.9341913879627413,92,,0.45278450363196127,0.4392059553349876,413.0,403.0,187.0,177.0
holdout,chuandian,M_RW,118,2.0,4,0.9242513867938341,98,,0.45278450363196127,0.4392059553349876,413.0,403.0,187.0,177.0
holdout,chuandian,M_RW,118,3.0,3,0.9064016006044349,110,,0.45278450363196127,0.4392059553349876,413.0,403.0,187.0,177.0
holdout,chuandian,M_RW,119,0.1,16,0.9723404699641708,36,,0.5230024213075061,0.511166253101737,413.0,403.0,216.0,206.0
holdout,chuandian,M_RW,119,0.5,11,0.9558016786447536,61,,0.45278450363196127,0.4392059553349876,413.0,403.0,187.0,177.0
holdout,chuandian,M_RW,119,1.0,14,0.9415037266638323,79,,0.45278450363196127,0.4392059553349876,413.0,403.0,187.0,177.0
holdout,chuandian,M_RW,119,1.5,19,0.9302100520120453,90,,0.45278450363196127,0.4392059553349876,413.0,403.0,187.0,177.0
holdout,chuandian,M_RW,119,2.0,16,0.9205518708936911,99,,0.45278450363196127,0.4392059553349876,413.0,403.0,187.0,177.0
holdout,chuandian,M_RW,119,3.0,17,0.9041814508709338,106,,0.45278450363196127,0.4392059553349876,413.0,403.0,187.0,177.0
holdout,chuandian,M_RW,120,0.1,9,0.968867500953404,34,,0.5230024213075061,0.511166253101737,413.0,403.0,216.0,206.0
holdout,chuandian,M_RW,120,0.5,16,0.9502816285445908,67,,0.45278450363196127,0.4392059553349876,413.0,403.0,187.0,177.0
holdout,chuandian,M_RW,120,1.0,6,0.9364506625189075,85,,0.45278450363196127,0.4392059553349876,413.0,403.0,187.0,177.0
holdout,chuandian,M_RW,120,1.5,1,0.9248021375177725,93,,0.45278450363196127,0.4392059553349876,413.0,403.0,187.0,177.0
holdout,chuandian,M_RW,120,2.0,17,0.9137464825482884,98,,0.45278450363196127,0.4392059553349876,413.0,403.0,187.0,177.0
holdout,chuandian,M_RW,120,3.0,12345,0.8924061918159094,114,,0.45278450363196127,0.4392059553349876,413.0,403.0,187.0,177.0
holdout,chuandian,M_RW,121,0.1,7,0.9710654651123227,30,,0.5181598062953995,0.5062034739454094,413.0,403.0,214.0,204.0
holdout,chuandian,M_RW,121,0.5,6,0.9553452160320346,60,,0.45278450363196127,0.4392059553349876,413.0,403.0,187.0,177.0
holdout,chuandian,M_RW,121,1.0,6,0.9416976901128403,77,,0.45278450363196127,0.4392059553349876,413.0,403.0,187.0,177.0
holdout,chuandian,M_RW,121,1.5,8,0.9295897985408182,86,,0.45278450363196127,0.4392059553349876,413.0,403.0,187.0,177.0
holdout,chuandian,M_RW,121,2.0,19,0.9181081167516837,92,,0.45278450363196127,0.4392059553349876,413.0,403.0,187.0,177.0
holdout,chuandian,M_RW,121,3.0,19,0.8967071368120262,103,,0.45278450363196127,0.4392059553349876,413.0,403.0,187.0,177.0
holdout,chuandian,M_RW,122,0.1,6,0.9720420433947287,30,,0.5205811138014528,0.5086848635235732,413.0,403.0,215.0,205.0
holdout,chuandian,M_RW,122,0.5,11,0.9531966077780347,55,,0.4963680387409201,0.4838709677419355,413.0,403.0,205.0,195.0
holdout,chuandian,M_RW,122,1.0,1,0.9369217215682927,72,,0.4963680387409201,0.4838709677419355,413.0,403.0,205.0,195.0
holdout,chuandian,M_RW,122,1.5,1,0.9231854892422159,82,,0.4963680387409201,0.4838709677419355,413.0,403.0,205.0,195.0
holdout,chuandian,M_RW,122,2.0,6,0.9106366829319819,90,,0.4963680387409201,0.4838709677419355,413.0,403.0,205.0,195.0
holdout,chuandian,M_RW,122,3.0,14,0.888878215409133,97,,0.4963680387409201,0.4838709677419355,413.0,403.0,205.0,195.0
holdout,chuandian,M_RW,123,0.1,3,0.9740589088377003,35,,0.47699757869249393,0.4640198511166253,413.0,403.0,197.0,187.0
holdout,chuandian,M_RW,123,0.5,8,0.9594564360719927,66,,0.4576271186440678,0.4441687344913151,413.0,403.0,189.0,179.0
holdout,chuandian,M_RW,123,1.0,5,0.946767996380287,82,,0.45278450363196127,0.4392059553349876,413.0,403.0,187.0,177.0
holdout,chuandian,M_RW,123,1.5,15,0.9351842109537241,87,,0.45278450363196127,0.4392059553349876,413.0,403.0,187.0,177.0
holdout,chuandian,M_RW,123,2.0,13,0.9241558952505257,95,,0.45278450363196127,0.4392059553349876,413.0,403.0,187.0,177.0
holdout,chuandian,M_RW,123,3.0,12345,0.9044073388285699,110,,0.45278450363196127,0.4392059553349876,413.0,403.0,187.0,177.0
holdout,chuandian,M_RW,124,0.1,5,0.9734765332697559,36,,0.48184019370460046,0.46898263027295284,413.0,403.0,199.0,189.0
holdout,chuandian,M_RW,124,0.5,6,0.9575849707827091,67,,0.48184019370460046,0.46898263027295284,413.0,403.0,199.0,189.0
holdout,chuandian,M_RW,124,1.0,19,0.9430346960887875,81,,0.4576271186440678,0.4441687344913151,413.0,403.0,189.0,179.0
holdout,chuandian,M_RW,124,1.5,17,0.9300841182699974,90,,0.45278450363196127,0.4392059553349876,413.0,403.0,187.0,177.0
holdout,chuandian,M_RW,124,2.0,16,0.919559518688357,101,,0.45278450363196127,0.4392059553349876,413.0,403.0,187.0,177.0
holdout,chuandian,M_RW,124,3.0,19,0.9005523180086352,106,,0.45278450363196127,0.4392059553349876,413.0,403.0,187.0,177.0
holdout,chuandian,M_RW,125,0.1,12,0.9720412297078743,27,,0.5472154963680388,0.5359801488833746,413.0,403.0,226.0,216.0
holdout,chuandian,M_RW,125,0.5,7,0.9516443310151824,56,,0.45278450363196127,0.4392059553349876,413.0,403.0,187.0,177.0
holdout,chuandian,M_RW,125,1.0,5,0.9343299746189,73,,0.45278450363196127,0.4392059553349876,413.0,403.0,187.0,177.0
holdout,chuandian,M_RW,125,1.5,3,0.9201631826475737,83,,0.45278450363196127,0.4392059553349876,413.0,403.0,187.0,177.0
holdout,chuandian,M_RW,125,2.0,3,0.9068510105737062,90,,0.45278450363196127,0.4392059553349876,413.0,403.0,187.0,177.0
holdout,chuandian,M_RW,125,3.0,3,0.8839088226928699,102,,0.45278450363196127,0.4392059553349876,413.0,403.0,187.0,177.0
holdout,chuandian,M_RW,126,0.1,6,0.9733033344343177,28,,0.513317191283293,0.5012406947890818,413.0,403.0,212.0,202.0
holdout,chuandian,M_RW,126,0.5,18,0.9580753816716777,61,,0.45278450363196127,0.4392059553349876,413.0,403.0,187.0,177.0
holdout,chuandian,M_RW,126,1.0,6,0.9445064466004958,81,,0.45278450363196127,0.4392059553349876,413.0,403.0,187.0,177.0
holdout,chuandian,M_RW,126,1.5,13,0.9323243547764822,87,,0.45278450363196127,0.4392059553349876,413.0,403.0,187.0,177.0
holdout,chuandian,M_RW,126,2.0,1,0.9212030612248967,94,,0.45278450363196127,0.4392059553349876,413.0,403.0,187.0,177.0
holdout,chuandian,M_RW,126,3.0,5,0.9015009182771537,106,,0.45278450363196127,0.4392059553349876,413.0,403.0,187.0,177.0
holdout,chuandian,M_RW,127,0.1,17,0.9732127936847804,31,,0.45278450363196127,0.4392059553349876,413.0,403.0,187.0,177.0
holdout,chuandian,M_RW,127,0.5,12345,0.9567286043005865,60,,0.45278450363196127,0.4392059553349876,413.0,403.0,187.0,177.0
holdout,chuandian,M_RW,127,1.0,9,0.9421213853689626,71,,0.45278450363196127,0.4392059553349876,413.0,403.0,187.0,177.0
holdout,chuandian,M_RW,127,1.5,17,0.9292435276390506,81,,0.45278450363196127,0.4392059553349876,413.0,403.0,187.0,177.0
holdout,chuandian,M_RW,127,2.0,13,0.9176396743202752,89,,0.45278450363196127,0.4392059553349876,413.0,403.0,187.0,177.0
holdout,chuandian,M_RW,127,3.0,6,0.8958837145475037,96,,0.45278450363196127,0.4392059553349876,413.0,403.0,187.0,177.0
holdout,chuandian,M_RW,128,0.1,7,0.9722541789696979,32,,0.5302663438256658,0.5186104218362283,413.0,403.0,219.0,209.0
holdout,chuandian,M_RW,128,0.5,9,0.9544852958643208,65,,0.45278450363196127,0.4392059553349876,413.0,403.0,187.0,177.0
holdout,chuandian,M_RW,128,1.0,3,0.9415053056346504,78,,0.45278450363196127,0.4392059553349876,413.0,403.0,187.0,177.0
holdout,chuandian,M_RW,128,1.5,12345,0.9305959437968357,92,,0.45278450363196127,0.4392059553349876,413.0,403.0,187.0,177.0
holdout,chuandian,M_RW,128,2.0,10,0.9203744425468571,98,,0.45278450363196127,0.4392059553349876,413.0,403.0,187.0,177.0
holdout,chuandian,M_RW,128,3.0,12,0.901944663456628,104,,0.45278450363196127,0.4392059553349876,413.0,403.0,187.0,177.0
holdout,chuandian,M_RW,129,0.1,12345,0.9750056601671474,31,,0.5399515738498789,0.5285359801488834,413.0,403.0,223.0,213.0
holdout,chuandian,M_RW,129,0.5,18,0.9577691605253125,56,,0.5326876513317191,0.5210918114143921,413.0,403.0,220.0,210.0
holdout,chuandian,M_RW,129,1.0,19,0.9426221851590644,71,,0.5326876513317191,0.5210918114143921,413.0,403.0,220.0,210.0
holdout,chuandian,M_RW,129,1.5,19,0.9306008241083551,77,,0.5326876513317191,0.5210918114143921,413.0,403.0,220.0,210.0
holdout,chuandian,M_RW,129,2.0,19,0.9190847719594705,81,,0.5326876513317191,0.5210918114143921,413.0,403.0,220.0,210.0
holdout,chuandian,M_RW,129,3.0,5,0.8987567156329865,96,,0.5326876513317191,0.5210918114143921,413.0,403.0,220.0,210.0
holdout,chuandian,M_RW,130,0.1,11,0.9689810248404863,29,,0.5278450363196125,0.5161290322580645,413.0,403.0,218.0,208.0
holdout,chuandian,M_RW,130,0.5,17,0.9504853148484456,58,,0.46246973365617433,0.4491315136476427,413.0,403.0,191.0,181.0
holdout,chuandian,M_RW,130,1.0,17,0.9355798067964453,71,,0.46246973365617433,0.4491315136476427,413.0,403.0,191.0,181.0
holdout,chuandian,M_RW,130,1.5,12345,0.9240317208839589,82,,0.4576271186440678,0.4441687344913151,413.0,403.0,189.0,179.0
holdout,chuandian,M_RW,130,2.0,8,0.9133788671154724,90,,0.45278450363196127,0.4392059553349876,413.0,403.0,187.0,177.0
holdout,chuandian,M_RW,130,3.0,19,0.8931384066231545,101,,0.45278450363196127,0.4392059553349876,413.0,403.0,187.0,177.0
holdout,chuandian,M_RW,131,0.1,5,0.970829238977921,33,,0.6440677966101694,0.6352357320099256,413.0,403.0,266.0,256.0
holdout,chuandian,M_RW,131,0.5,4,0.9496789596679602,68,,0.45278450363196127,0.4392059553349876,413.0,403.0,187.0,177.0
holdout,chuandian,M_RW,131,1.0,8,0.9321842133092686,81,,0.45278450363196127,0.4392059553349876,413.0,403.0,187.0,177.0
holdout,chuandian,M_RW,131,1.5,10,0.91779553580105,90,,0.4721549636803874,0.45905707196029777,413.0,403.0,195.0,185.0
holdout,chuandian,M_RW,131,2.0,10,0.9054818605941891,97,,0.4721549636803874,0.45905707196029777,413.0,403.0,195.0,185.0
holdout,chuandian,M_RW,131,3.0,15,0.8838892907451081,107,,0.4721549636803874,0.45905707196029777,413.0,403.0,195.0,185.0
holdout,chuandian,M_RW,132,0.1,11,0.9721604894038552,32,,0.4963680387409201,0.4838709677419355,413.0,403.0,205.0,195.0
holdout,chuandian,M_RW,132,0.5,1,0.9552517561883073,63,,0.4963680387409201,0.4838709677419355,413.0,403.0,205.0,195.0
holdout,chuandian,M_RW,132,1.0,4,0.9416003459713138,77,,0.4963680387409201,0.4838709677419355,413.0,403.0,205.0,195.0
holdout,chuandian,M_RW,132,1.5,5,0.9295032588575988,91,,0.45278450363196127,0.4392059553349876,413.0,403.0,187.0,177.0
holdout,chuandian,M_RW,132,2.0,10,0.9185569835616659,103,,0.45278450363196127,0.4392059553349876,413.0,403.0,187.0,177.0
holdout,chuandian,M_RW,132,3.0,18,0.8992276431338253,112,,0.45278450363196127,0.4392059553349876,413.0,403.0,187.0,177.0
holdout,chuandian,M_RW,133,0.1,14,0.9721233459399415,29,,0.46973365617433416,0.456575682382134,413.0,403.0,194.0,184.0
holdout,chuandian,M_RW,133,0.5,9,0.9564859654241673,59,,0.45278450363196127,0.4392059553349876,413.0,403.0,187.0,177.0
holdout,chuandian,M_RW,133,1.0,19,0.9421246124520427,76,,0.45278450363196127,0.4392059553349876,413.0,403.0,187.0,177.0
holdout,chuandian,M_RW,133,1.5,19,0.929921675495767,86,,0.45278450363196127,0.4392059553349876,413.0,403.0,187.0,177.0
holdout,chuandian,M_RW,133,2.0,14,0.919567193973398,97,,0.45278450363196127,0.4392059553349876,413.0,403.0,187.0,177.0
holdout,chuandian,M_RW,133,3.0,6,0.9015567763896061,105,,0.45278450363196127,0.4392059553349876,413.0,403.0,187.0,177.0
holdout,chuandian,M_RW,134,0.1,4,0.9759704972026138,32,,0.576271186440678,0.56575682382134,413.0,403.0,238.0,228.0
holdout,chuandian,M_RW,134,0.5,12,0.9611139984947015,59,,0.45278450363196127,0.4392059553349876,413.0,403.0,187.0,177.0
holdout,chuandian,M_RW,134,1.0,5,0.9473966337088008,75,,0.45278450363196127,0.4392059553349876,413.0,403.0,187.0,177.0
holdout,chuandian,M_RW,134,1.5,15,0.935932697106595,91,,0.45278450363196127,0.4392059553349876,413.0,403.0,187.0,177.0
holdout,chuandian,M_RW,134,2.0,15,0.9254739333745272,93,,0.45278450363196127,0.4392059553349876,413.0,403.0,187.0,177.0
holdout,chuandian,M_RW,134,3.0,17,0.9060788529045255,103,,0.45278450363196127,0.4392059553349876,413.0,403.0,187.0,177.0
holdout,chuandian,M_RW,135,0.1,12345,0.9740346699628176,43,,0.4552058111380145,0.44168734491315137,413.0,403.0,188.0,178.0
holdout,chuandian,M_RW,135,0.5,12,0.9583576062211459,67,,0.45278450363196127,0.4392059553349876,413.0,403.0,187.0,177.0
holdout,chuandian,M_RW,135,1.0,8,0.9436618924188198,79,,0.45278450363196127,0.4392059553349876,413.0,403.0,187.0,177.0
holdout,chuandian,M_RW,135,1.5,15,0.9313735801298664,91,,0.45278450363196127,0.4392059553349876,413.0,403.0,187.0,177.0
holdout,chuandian,M_RW,135,2.0,15,0.9202865734206984,97,,0.45278450363196127,0.4392059553349876,413.0,403.0,187.0,177.0
holdout,chuandian,M_RW,135,3.0,16,0.8994901540794434,109,,0.45278450363196127,0.4392059553349876,413.0,403.0,187.0,177.0
holdout,chuandian,M_RW,136,0.1,7,0.9714893878014762,32,,0.5036319612590799,0.4913151364764268,413.0,403.0,208.0,198.0
holdout,chuandian,M_RW,136,0.5,7,0.9513997672377923,56,,0.4600484261501211,0.4466501240694789,413.0,403.0,190.0,180.0
holdout,chuandian,M_RW,136,1.0,13,0.9349216485439567,73,,0.4600484261501211,0.4466501240694789,413.0,403.0,190.0,180.0
holdout,chuandian,M_RW,136,1.5,12345,0.9215149162922806,79,,0.4600484261501211,0.4466501240694789,413.0,403.0,190.0,180.0
holdout,chuandian,M_RW,136,2.0,17,0.9102455339956748,92,,0.4600484261501211,0.4466501240694789,413.0,403.0,190.0,180.0
holdout,chuandian,M_RW,136,3.0,9,0.8898689181333301,98,,0.4600484261501211,0.4466501240694789,413.0,403.0,190.0,180.0
holdout,chuandian,M_RW,137,0.1,1,0.9751215803178329,36,,0.4963680387409201,0.4838709677419355,413.0,403.0,205.0,195.0
holdout,chuandian,M_RW,137,0.5,2,0.9607408802672164,70,,0.4963680387409201,0.4838709677419355,413.0,403.0,205.0,195.0
holdout,chuandian,M_RW,137,1.0,13,0.949057843224231,86,,0.4963680387409201,0.4838709677419355,413.0,403.0,205.0,195.0
holdout,chuandian,M_RW,137,1.5,6,0.9386255318782888,91,,0.4963680387409201,0.4838709677419355,413.0,403.0,205.0,195.0
holdout,chuandian,M_RW,137,2.0,16,0.9285184056554042,99,,0.4963680387409201,0.4838709677419355,413.0,403.0,205.0,195.0
holdout,chuandian,M_RW,137,3.0,16,0.910293093092212,107,,0.4963680387409201,0.4838709677419355,413.0,403.0,205.0,195.0
holdout,chuandian,M_RW,138,0.1,19,0.9696548916688892,27,,0.4576271186440678,0.4441687344913151,413.0,403.0,189.0,179.0
holdout,chuandian,M_RW,138,0.5,6,0.951094191763855,57,,0.4552058111380145,0.44168734491315137,413.0,403.0,188.0,178.0
holdout,chuandian,M_RW,138,1.0,8,0.9366238964172691,72,,0.45278450363196127,0.4392059553349876,413.0,403.0,187.0,177.0
holdout,chuandian,M_RW,138,1.5,7,0.9243951720759025,81,,0.45278450363196127,0.4392059553349876,413.0,403.0,187.0,177.0
holdout,chuandian,M_RW,138,2.0,7,0.9129192610143776,87,,0.45278450363196127,0.4392059553349876,413.0,403.0,187.0,177.0
holdout,chuandian,M_RW,138,3.0,1,0.8920881694772688,98,,0.45278450363196127,0.4392059553349876,413.0,403.0,187.0,177.0
holdout,chuandian,M_RW,139,0.1,4,0.9717587630021086,39,,0.7094430992736077,0.7022332506203474,413.0,403.0,293.0,283.0
holdout,chuandian,M_RW,139,0.5,14,0.9550215728279303,72,,0.45278450363196127,0.4392059553349876,413.0,403.0,187.0,177.0
holdout,chuandian,M_RW,139,1.0,7,0.9414204177271602,87,,0.45278450363196127,0.4392059553349876,413.0,403.0,187.0,177.0
holdout,chuandian,M_RW,139,1.5,10,0.929284771977459,92,,0.45278450363196127,0.4392059553349876,413.0,403.0,187.0,177.0
holdout,chuandian,M_RW,139,2.0,7,0.9175112973483482,98,,0.45278450363196127,0.4392059553349876,413.0,403.0,187.0,177.0
holdout,chuandian,M_RW,139,3.0,2,0.8950724927683295,103,,0.45278450363196127,0.4392059553349876,413.0,403.0,187.0,177.0
holdout,chuandian,M_RW,140,0.1,12,0.9710702160954897,33,,0.5157384987893463,0.5037220843672456,413.0,403.0,213.0,203.0
holdout,chuandian,M_RW,140,0.5,4,0.9533896856267777,64,,0.45278450363196127,0.4392059553349876,413.0,403.0,187.0,177.0
holdout,chuandian,M_RW,140,1.0,4,0.9384554658812192,79,,0.45278450363196127,0.4392059553349876,413.0,403.0,187.0,177.0
holdout,chuandian,M_RW,140,1.5,14,0.9255125381405734,86,,0.45278450363196127,0.4392059553349876,413.0,403.0,187.0,177.0
holdout,chuandian,M_RW,140,2.0,13,0.9139552448870066,93,,0.45278450363196127,0.4392059553349876,413.0,403.0,187.0,177.0
holdout,chuandian,M_RW,140,3.0,8,0.8938129440456033,105,,0.45278450363196127,0.4392059553349876,413.0,403.0,187.0,177.0
holdout,chuandian,M_RW,141,0.1,16,0.9724684854632663,35,,0.4963680387409201,0.4838709677419355,413.0,403.0,205.0,195.0
holdout,chuandian,M_RW,141,0.5,15,0.9569574387521661,64,,0.45278450363196127,0.4392059553349876,413.0,403.0,187.0,177.0
holdout,chuandian,M_RW,141,1.0,8,0.9443427872234859,79,,0.45278450363196127,0.4392059553349876,413.0,403.0,187.0,177.0
holdout,chuandian,M_RW,141,1.5,16,0.9341812733076957,89,,0.45278450363196127,0.4392059553349876,413.0,403.0,187.0,177.0
holdout,chuandian,M_RW,141,2.0,1,0.9246078717387533,94,,0.45278450363196127,0.4392059553349876,413.0,403.0,187.0,177.0
holdout,chuandian,M_RW,141,3.0,16,0.9063066517317763,106,,0.45278450363196127,0.4392059553349876,413.0,403.0,187.0,177.0
holdout,chuandian,M_RW,142,0.1,12345,0.972665574658484,31,,0.4552058111380145,0.44168734491315137,413.0,403.0,188.0,178.0
holdout,chuandian,M_RW,142,0.5,9,0.9567014824402996,66,,0.45278450363196127,0.4392059553349876,413.0,403.0,187.0,177.0
holdout,chuandian,M_RW,142,1.0,14,0.9455245054565606,81,,0.45278450363196127,0.4392059553349876,413.0,403.0,187.0,177.0
holdout,chuandian,M_RW,142,1.5,5,0.9358187325967249,88,,0.45278450363196127,0.4392059553349876,413.0,403.0,187.0,177.0
holdout,chuandian,M_RW,142,2.0,6,0.9267841010625846,95,,0.45278450363196127,0.4392059553349876,413.0,403.0,187.0,177.0
holdout,chuandian,M_RW,142,3.0,2,0.9097182484963809,104,,0.45278450363196127,0.4392059553349876,413.0,403.0,187.0,177.0
holdout,chuandian,M_RW,143,0.1,19,0.9720002277296759,29,,0.4745762711864407,0.46153846153846156,413.0,403.0,196.0,186.0
holdout,chuandian,M_RW,143,0.5,10,0.9550577295093619,61,,0.4576271186440678,0.4441687344913151,413.0,403.0,189.0,179.0
holdout,chuandian,M_RW,143,1.0,16,0.9390285510498586,74,,0.4576271186440678,0.4441687344913151,413.0,403.0,189.0,179.0
holdout,chuandian,M_RW,143,1.5,6,0.9254803428351376,83,,0.45278450363196127,0.4392059553349876,413.0,403.0,187.0,177.0
holdout,chuandian,M_RW,143,2.0,7,0.9132501818136982,88,,0.45278450363196127,0.4392059553349876,413.0,403.0,187.0,177.0
holdout,chuandian,M_RW,143,3.0,15,0.8913328038261484,92,,0.45278450363196127,0.4392059553349876,413.0,403.0,187.0,177.0
holdout,chuandian,M_RW,144,0.1,19,0.9718022515927746,33,,0.47699757869249393,0.4640198511166253,413.0,403.0,197.0,187.0
holdout,chuandian,M_RW,144,0.5,9,0.953425082858779,67,,0.4552058111380145,0.44168734491315137,413.0,403.0,188.0,178.0
holdout,chuandian,M_RW,144,1.0,7,0.9389394834184898,80,,0.4552058111380145,0.44168734491315137,413.0,403.0,188.0,178.0
holdout,chuandian,M_RW,144,1.5,16,0.9272725180249718,91,,0.4552058111380145,0.44168734491315137,413.0,403.0,188.0,178.0
holdout,chuandian,M_RW,144,2.0,11,0.9171654780634565,98,,0.4552058111380145,0.44168734491315137,413.0,403.0,188.0,178.0
holdout,chuandian,M_RW,144,3.0,12,0.8987591329738214,108,,0.4552058111380145,0.44168734491315137,413.0,403.0,188.0,178.0
holdout,chuandian,M_RW,145,0.1,12345,0.9717061605141902,32,,0.5181598062953995,0.5062034739454094,413.0,403.0,214.0,204.0
holdout,chuandian,M_RW,145,0.5,18,0.9560805893245187,69,,0.45278450363196127,0.4392059553349876,413.0,403.0,187.0,177.0
holdout,chuandian,M_RW,145,1.0,18,0.9419109822002816,87,,0.45278450363196127,0.4392059553349876,413.0,403.0,187.0,177.0
holdout,chuandian,M_RW,145,1.5,5,0.9308032764361835,96,,0.45278450363196127,0.4392059553349876,413.0,403.0,187.0,177.0
holdout,chuandian,M_RW,145,2.0,4,0.9202298719968502,102,,0.45278450363196127,0.4392059553349876,413.0,403.0,187.0,177.0
holdout,chuandian,M_RW,145,3.0,4,0.9015232101938272,118,,0.45278450363196127,0.4392059553349876,413.0,403.0,187.0,177.0
holdout,chuandian,M_RW,146,0.1,12345,0.972501479540901,32,,0.5399515738498789,0.5285359801488834,413.0,403.0,223.0,213.0
holdout,chuandian,M_RW,146,0.5,3,0.9547755153553145,70,,0.46246973365617433,0.4491315136476427,413.0,403.0,191.0,181.0
holdout,chuandian,M_RW,146,1.0,6,0.940106831380603,83,,0.45278450363196127,0.4392059553349876,413.0,403.0,187.0,177.0
holdout,chuandian,M_RW,146,1.5,14,0.926699881061233,90,,0.45278450363196127,0.4392059553349876,413.0,403.0,187.0,177.0
holdout,chuandian,M_RW,146,2.0,16,0.914445422494748,97,,0.45278450363196127,0.4392059553349876,413.0,403.0,187.0,177.0
holdout,chuandian,M_RW,146,3.0,7,0.8935002135159863,109,,0.45278450363196127,0.4392059553349876,413.0,403.0,187.0,177.0
holdout,chuandian,M_RW,147,0.1,5,0.9670534669293207,31,,0.5230024213075061,0.511166253101737,413.0,403.0,216.0,206.0
holdout,chuandian,M_RW,147,0.5,3,0.9456372693514044,65,,0.4552058111380145,0.44168734491315137,413.0,403.0,188.0,178.0
holdout,chuandian,M_RW,147,1.0,15,0.9271717470778705,79,,0.45278450363196127,0.4392059553349876,413.0,403.0,187.0,177.0
holdout,chuandian,M_RW,147,1.5,17,0.9124128979191374,86,,0.45278450363196127,0.4392059553349876,413.0,403.0,187.0,177.0
holdout,chuandian,M_RW,147,2.0,15,0.8993648473931233,94,,0.45278450363196127,0.4392059553349876,413.0,403.0,187.0,177.0
holdout,chuandian,M_RW,147,3.0,18,0.8779420565415492,105,,0.45278450363196127,0.4392059553349876,413.0,403.0,187.0,177.0
holdout,chuandian,M_RW,148,0.1,5,0.9707466741885159,28,,0.4552058111380145,0.44168734491315137,413.0,403.0,188.0,178.0
holdout,chuandian,M_RW,148,0.5,11,0.9531937874899518,54,,0.45278450363196127,0.4392059553349876,413.0,403.0,187.0,177.0
holdout,chuandian,M_RW,148,1.0,7,0.9370979225825725,69,,0.45278450363196127,0.4392059553349876,413.0,403.0,187.0,177.0
holdout,chuandian,M_RW,148,1.5,10,0.9228757808758854,80,,0.45278450363196127,0.4392059553349876,413.0,403.0,187.0,177.0
holdout,chuandian,M_RW,148,2.0,19,0.9108030783167673,92,,0.45278450363196127,0.4392059553349876,413.0,403.0,187.0,177.0
holdout,chuandian,M_RW,148,3.0,8,0.8891524727708593,99,,0.45278450363196127,0.4392059553349876,413.0,403.0,187.0,177.0
holdout,chuandian,M_RW,149,0.1,4,0.9710364427094975,28,,0.7312348668280871,0.7245657568238213,413.0,403.0,302.0,292.0
holdout,chuandian,M_RW,149,0.5,4,0.9524523164253536,60,,0.45278450363196127,0.4392059553349876,413.0,403.0,187.0,177.0
holdout,chuandian,M_RW,149,1.0,17,0.9352997290452639,69,,0.45278450363196127,0.4392059553349876,413.0,403.0,187.0,177.0
holdout,chuandian,M_RW,149,1.5,19,0.9217900422266287,86,,0.45278450363196127,0.4392059553349876,413.0,403.0,187.0,177.0
holdout,chuandian,M_RW,149,2.0,5,0.9106709466704426,93,,0.45278450363196127,0.4392059553349876,413.0,403.0,187.0,177.0
holdout,chuandian,M_RW,149,3.0,18,0.8912578696252522,106,,0.45278450363196127,0.4392059553349876,413.0,403.0,187.0,177.0
holdout,chuandian,M_RW,150,0.1,6,0.9724415146911342,29,,0.549636803874092,0.5384615384615384,413.0,403.0,227.0,217.0
holdout,chuandian,M_RW,150,0.5,8,0.953934417360396,58,,0.45278450363196127,0.4392059553349876,413.0,403.0,187.0,177.0
holdout,chuandian,M_RW,150,1.0,2,0.940364704885145,72,,0.45278450363196127,0.4392059553349876,413.0,403.0,187.0,177.0
holdout,chuandian,M_RW,150,1.5,19,0.92868848479805,85,,0.45278450363196127,0.4392059553349876,413.0,403.0,187.0,177.0
holdout,chuandian,M_RW,150,2.0,18,0.9186468739936899,91,,0.45278450363196127,0.4392059553349876,413.0,403.0,187.0,177.0
holdout,chuandian,M_RW,150,3.0,9,0.8998300841121495,104,,0.45278450363196127,0.4392059553349876,413.0,403.0,187.0,177.0
holdout,chuandian,M_RW,151,0.1,2,0.9735122793672729,34,,0.45278450363196127,0.4392059553349876,413.0,403.0,187.0,177.0
holdout,chuandian,M_RW,151,0.5,2,0.9551177201479284,59,,0.45278450363196127,0.4392059553349876,413.0,403.0,187.0,177.0
holdout,chuandian,M_RW,151,1.0,4,0.94135275304471,78,,0.45278450363196127,0.4392059553349876,413.0,403.0,187.0,177.0
holdout,chuandian,M_RW,151,1.5,2,0.9293529836660589,83,,0.45278450363196127,0.4392059553349876,413.0,403.0,187.0,177.0
holdout,chuandian,M_RW,151,2.0,3,0.9185917171260006,91,,0.45278450363196127,0.4392059553349876,413.0,403.0,187.0,177.0
holdout,chuandian,M_RW,151,3.0,3,0.8998798442827577,105,,0.45278450363196127,0.4392059553349876,413.0,403.0,187.0,177.0
holdout,chuandian,M_RW,152,0.1,10,0.973055471754719,36,,0.4600484261501211,0.4466501240694789,413.0,403.0,190.0,180.0
holdout,chuandian,M_RW,152,0.5,15,0.9565050738501547,62,,0.4600484261501211,0.4466501240694789,413.0,403.0,190.0,180.0
holdout,chuandian,M_RW,152,1.0,2,0.9415991094130602,78,,0.4600484261501211,0.4466501240694789,413.0,403.0,190.0,180.0
holdout,chuandian,M_RW,152,1.5,16,0.9293099187418551,92,,0.4600484261501211,0.4466501240694789,413.0,403.0,190.0,180.0
holdout,chuandian,M_RW,152,2.0,16,0.9179239499911714,97,,0.4600484261501211,0.4466501240694789,413.0,403.0,190.0,180.0
holdout,chuandian,M_RW,152,3.0,18,0.8989914239433145,115,,0.45278450363196127,0.4392059553349876,413.0,403.0,187.0,177.0
holdout,chuandian,M_RW,153,0.1,14,0.9702816896513765,31,,0.45278450363196127,0.4392059553349876,413.0,403.0,187.0,177.0
holdout,chuandian,M_RW,153,0.5,5,0.954725415543484,63,,0.45278450363196127,0.4392059553349876,413.0,403.0,187.0,177.0
holdout,chuandian,M_RW,153,1.0,8,0.9414426258771903,77,,0.45278450363196127,0.4392059553349876,413.0,403.0,187.0,177.0
holdout,chuandian,M_RW,153,1.5,16,0.9297836153705248,84,,0.45278450363196127,0.4392059553349876,413.0,403.0,187.0,177.0
holdout,chuandian,M_RW,153,2.0,17,0.9187534231904544,88,,0.45278450363196127,0.4392059553349876,413.0,403.0,187.0,177.0
holdout,chuandian,M_RW,153,3.0,6,0.89856450601146,101,,0.45278450363196127,0.4392059553349876,413.0,403.0,187.0,177.0
holdout,chuandian,M_RW,154,0.1,2,0.9746792498067188,28,,0.4552058111380145,0.44168734491315137,413.0,403.0,188.0,178.0
holdout,chuandian,M_RW,154,0.5,1,0.9565408895589131,56,,0.4552058111380145,0.44168734491315137,413.0,403.0,188.0,178.0
holdout,chuandian,M_RW,154,1.0,17,0.9400570895280634,75,,0.45278450363196127,0.4392059553349876,413.0,403.0,187.0,177.0
holdout,chuandian,M_RW,154,1.5,3,0.9268043934007415,87,,0.45278450363196127,0.4392059553349876,413.0,403.0,187.0,177.0
holdout,chuandian,M_RW,154,2.0,17,0.9151725578350011,93,,0.45278450363196127,0.4392059553349876,413.0,403.0,187.0,177.0
holdout,chuandian,M_RW,154,3.0,3,0.8945845653623967,108,,0.45278450363196127,0.4392059553349876,413.0,403.0,187.0,177.0
holdout,chuandian,M_RW,155,0.1,9,0.9751722246454332,37,,0.5326876513317191,0.5210918114143921,413.0,403.0,220.0,210.0
holdout,chuandian,M_RW,155,0.5,10,0.959309095839486,67,,0.45278450363196127,0.4392059553349876,413.0,403.0,187.0,177.0
holdout,chuandian,M_RW,155,1.0,6,0.9460284684843188,85,,0.45278450363196127,0.4392059553349876,413.0,403.0,187.0,177.0
holdout,chuandian,M_RW,155,1.5,6,0.9343463608092816,92,,0.45278450363196127,0.4392059553349876,413.0,403.0,187.0,177.0
holdout,chuandian,M_RW,155,2.0,8,0.9243153625478852,100,,0.45278450363196127,0.4392059553349876,413.0,403.0,187.0,177.0
holdout,chuandian,M_RW,155,3.0,17,0.9065065822271362,110,,0.45278450363196127,0.4392059553349876,413.0,403.0,187.0,177.0
holdout,chuandian,M_RW,156,0.1,8,0.9694163556065971,25,,0.48184019370460046,0.46898263027295284,413.0,403.0,199.0,189.0
holdout,chuandian,M_RW,156,0.5,8,0.9496482496619082,50,,0.47699757869249393,0.4640198511166253,413.0,403.0,197.0,187.0
holdout,chuandian,M_RW,156,1.0,3,0.9332277248234659,66,,0.47699757869249393,0.4640198511166253,413.0,403.0,197.0,187.0
holdout,chuandian,M_RW,156,1.5,2,0.9204512888296752,79,,0.47699757869249393,0.4640198511166253,413.0,403.0,197.0,187.0
holdout,chuandian,M_RW,156,2.0,7,0.9084808690044543,84,,0.47699757869249393,0.4640198511166253,413.0,403.0,197.0,187.0
holdout,chuandian,M_RW,156,3.0,1,0.8864329742874949,95,,0.47699757869249393,0.4640198511166253,413.0,403.0,197.0,187.0
holdout,chuandian,M_RW,157,0.1,12345,0.9674711254736936,37,,0.5326876513317191,0.5210918114143921,413.0,403.0,220.0,210.0
holdout,chuandian,M_RW,157,0.5,9,0.9459073200398417,66,,0.5326876513317191,0.5210918114143921,413.0,403.0,220.0,210.0
holdout,chuandian,M_RW,157,1.0,10,0.9304725296978062,79,,0.5230024213075061,0.511166253101737,413.0,403.0,216.0,206.0
holdout,chuandian,M_RW,157,1.5,16,0.9177740617001824,87,,0.5230024213075061,0.511166253101737,413.0,403.0,216.0,206.0
holdout,chuandian,M_RW,157,2.0,10,0.9065254729581381,92,,0.5205811138014528,0.5086848635235732,413.0,403.0,215.0,205.0
holdout,chuandian,M_RW,157,3.0,11,0.8858984737889671,104,,0.5205811138014528,0.5086848635235732,413.0,403.0,215.0,205.0
holdout,chuandian,M_RW,158,0.1,4,0.9695140082293916,32,,0.5665859564164649,0.5558312655086849,413.0,403.0,234.0,224.0
holdout,chuandian,M_RW,158,0.5,14,0.9531312095194011,66,,0.45278450363196127,0.4392059553349876,413.0,403.0,187.0,177.0
holdout,chuandian,M_RW,158,1.0,7,0.9397107748350373,80,,0.45278450363196127,0.4392059553349876,413.0,403.0,187.0,177.0
holdout,chuandian,M_RW,158,1.5,13,0.9281802120790343,86,,0.45278450363196127,0.4392059553349876,413.0,403.0,187.0,177.0
holdout,chuandian,M_RW,158,2.0,17,0.9177594799878103,88,,0.45278450363196127,0.4392059553349876,413.0,403.0,187.0,177.0
holdout,chuandian,M_RW,158,3.0,6,0.8977145998143712,98,,0.45278450363196127,0.4392059553349876,413.0,403.0,187.0,177.0
holdout,chuandian,M_RW,159,0.1,10,0.9727442847946948,34,,0.45278450363196127,0.4392059553349876,413.0,403.0,187.0,177.0
holdout,chuandian,M_RW,159,0.5,9,0.9549093781221847,64,,0.45278450363196127,0.4392059553349876,413.0,403.0,187.0,177.0
holdout,chuandian,M_RW,159,1.0,9,0.9399005117569242,82,,0.45278450363196127,0.4392059553349876,413.0,403.0,187.0,177.0
holdout,chuandian,M_RW,159,1.5,10,0.9275104148622252,90,,0.45278450363196127,0.4392059553349876,413.0,403.0,187.0,177.0
holdout,chuandian,M_RW,159,2.0,5,0.9162005258964228,96,,0.45278450363196127,0.4392059553349876,413.0,403.0,187.0,177.0
holdout,chuandian,M_RW,159,3.0,16,0.8953495022682612,107,,0.45278450363196127,0.4392059553349876,413.0,403.0,187.0,177.0
holdout,chuandian,M_RW,160,0.1,18,0.9708996050037554,31,,0.45278450363196127,0.4392059553349876,413.0,403.0,187.0,177.0
holdout,chuandian,M_RW,160,0.5,18,0.9550384747061975,64,,0.45278450363196127,0.4392059553349876,413.0,403.0,187.0,177.0
holdout,chuandian,M_RW,160,1.0,13,0.9409037289046309,78,,0.45278450363196127,0.4392059553349876,413.0,403.0,187.0,177.0
holdout,chuandian,M_RW,160,1.5,12,0.9287165672584834,84,,0.45278450363196127,0.4392059553349876,413.0,403.0,187.0,177.0
holdout,chuandian,M_RW,160,2.0,9,0.9177229185066355,86,,0.45278450363196127,0.4392059553349876,413.0,403.0,187.0,177.0
holdout,chuandian,M_RW,160,3.0,6,0.8969662034851001,99,,0.45278450363196127,0.4392059553349876,413.0,403.0,187.0,177.0
holdout,chuandian,M_RW,161,0.1,8,0.9722298664608563,37,,0.5205811138014528,0.5086848635235732,413.0,403.0,215.0,205.0
holdout,chuandian,M_RW,161,0.5,13,0.9562844610457881,68,,0.45278450363196127,0.4392059553349876,413.0,403.0,187.0,177.0
holdout,chuandian,M_RW,161,1.0,11,0.9409609346724752,79,,0.45278450363196127,0.4392059553349876,413.0,403.0,187.0,177.0
holdout,chuandian,M_RW,161,1.5,11,0.92772992320868,89,,0.45278450363196127,0.4392059553349876,413.0,403.0,187.0,177.0
holdout,chuandian,M_RW,161,2.0,4,0.9150678742162386,96,,0.45278450363196127,0.4392059553349876,413.0,403.0,187.0,177.0
holdout,chuandian,M_RW,161,3.0,5,0.8932044672927864,108,,0.45278450363196127,0.4392059553349876,413.0,403.0,187.0,177.0
holdout,chuandian,M_RW,162,0.1,14,0.9708562507338208,29,,0.45278450363196127,0.4392059553349876,413.0,403.0,187.0,177.0
holdout,chuandian,M_RW,162,0.5,6,0.9545788882319245,59,,0.45278450363196127,0.4392059553349876,413.0,403.0,187.0,177.0
holdout,chuandian,M_RW,162,1.0,3,0.9396871810864675,70,,0.45278450363196127,0.4392059553349876,413.0,403.0,187.0,177.0
holdout,chuandian,M_RW,162,1.5,18,0.9272579003331421,77,,0.45278450363196127,0.4392059553349876,413.0,403.0,187.0,177.0
holdout,chuandian,M_RW,162,2.0,8,0.9160586098124687,82,,0.45278450363196127,0.4392059553349876,413.0,403.0,187.0,177.0
holdout,chuandian,M_RW,162,3.0,12345,0.8960161459261337,88,,0.45278450363196127,0.4392059553349876,413.0,403.0,187.0,177.0
holdout,chuandian,M_RW,163,0.1,11,0.9759091318894942,34,,0.5230024213075061,0.511166253101737,413.0,403.0,216.0,206.0
holdout,chuandian,M_RW,163,0.5,6,0.9602690108218274,66,,0.4576271186440678,0.4441687344913151,413.0,403.0,189.0,179.0
holdout,chuandian,M_RW,163,1.0,17,0.9480353503178893,81,,0.45278450363196127,0.4392059553349876,413.0,403.0,187.0,177.0
holdout,chuandian,M_RW,163,1.5,4,0.9370185760888544,89,,0.45278450363196127,0.4392059553349876,413.0,403.0,187.0,177.0
holdout,chuandian,M_RW,163,2.0,12,0.9270831120187665,100,,0.45278450363196127,0.4392059553349876,413.0,403.0,187.0,177.0
holdout,chuandian,M_RW,163,3.0,4,0.9086765847042255,108,,0.45278450363196127,0.4392059553349876,413.0,403.0,187.0,177.0
holdout,chuandian,M_RW,164,0.1,10,0.9747913694242508,33,,0.7215496368038741,0.7146401985111662,413.0,403.0,298.0,288.0
holdout,chuandian,M_RW,164,0.5,12345,0.9604748555529956,64,,0.5738498789346247,0.5632754342431762,413.0,403.0,237.0,227.0
holdout,chuandian,M_RW,164,1.0,17,0.9486338453240317,78,,0.45278450363196127,0.4392059553349876,413.0,403.0,187.0,177.0
holdout,chuandian,M_RW,164,1.5,15,0.937768111258255,90,,0.45278450363196127,0.4392059553349876,413.0,403.0,187.0,177.0
holdout,chuandian,M_RW,164,2.0,19,0.927611535585905,98,,0.45278450363196127,0.4392059553349876,413.0,403.0,187.0,177.0
holdout,chuandian,M_RW,164,3.0,19,0.908046705049535,103,,0.45278450363196127,0.4392059553349876,413.0,403.0,187.0,177.0
holdout,chuandian,M_RW,165,0.1,16,0.9677549014382204,34,,0.4576271186440678,0.4441687344913151,413.0,403.0,189.0,179.0
holdout,chuandian,M_RW,165,0.5,4,0.9484917344786844,59,,0.4576271186440678,0.4441687344913151,413.0,403.0,189.0,179.0
holdout,chuandian,M_RW,165,1.0,15,0.9334268597835973,77,,0.4576271186440678,0.4441687344913151,413.0,403.0,189.0,179.0
holdout,chuandian,M_RW,165,1.5,12,0.9211085241461646,83,,0.4576271186440678,0.4441687344913151,413.0,403.0,189.0,179.0
holdout,chuandian,M_RW,165,2.0,14,0.9094877882196405,86,,0.4576271186440678,0.4441687344913151,413.0,403.0,189.0,179.0
holdout,chuandian,M_RW,165,3.0,6,0.8886104114089839,98,,0.4576271186440678,0.4441687344913151,413.0,403.0,189.0,179.0
holdout,chuandian,M_RW,166,0.1,18,0.9695525204463088,34,,0.6368038740920097,0.6277915632754343,413.0,403.0,263.0,253.0
holdout,chuandian,M_RW,166,0.5,8,0.9527043903629135,66,,0.6174334140435835,0.607940446650124,413.0,403.0,255.0,245.0
holdout,chuandian,M_RW,166,1.0,9,0.9390138503871739,82,,0.6174334140435835,0.607940446650124,413.0,403.0,255.0,245.0
holdout,chuandian,M_RW,166,1.5,7,0.9278731208875367,91,,0.6174334140435835,0.607940446650124,413.0,403.0,255.0,245.0
holdout,chuandian,M_RW,166,2.0,1,0.917444643644492,100,,0.6174334140435835,0.607940446650124,413.0,403.0,255.0,245.0
holdout,chuandian,M_RW,166,3.0,12,0.897743741206874,108,,0.4963680387409201,0.4838709677419355,413.0,403.0,205.0,195.0
holdout,chuandian,M_RW,167,0.1,18,0.9718986888350274,35,,0.4600484261501211,0.4466501240694789,413.0,403.0,190.0,180.0
holdout,chuandian,M_RW,167,0.5,15,0.9522486669783925,63,,0.45278450363196127,0.4392059553349876,413.0,403.0,187.0,177.0
holdout,chuandian,M_RW,167,1.0,1,0.9350377828358298,80,,0.5447941888619855,0.533498759305211,413.0,403.0,225.0,215.0
holdout,chuandian,M_RW,167,1.5,8,0.9218608326793544,87,,0.45278450363196127,0.4392059553349876,413.0,403.0,187.0,177.0
holdout,chuandian,M_RW,167,2.0,1,0.9097485530108537,96,,0.45278450363196127,0.4392059553349876,413.0,403.0,187.0,177.0
holdout,chuandian,M_RW,167,3.0,11,0.8877968417210766,106,,0.45278450363196127,0.4392059553349876,413.0,403.0,187.0,177.0
holdout,chuandian,M_RW,168,0.1,1,0.9685696453678312,29,,0.46246973365617433,0.4491315136476427,413.0,403.0,191.0,181.0
holdout,chuandian,M_RW,168,0.5,15,0.9493345193824322,59,,0.45278450363196127,0.4392059553349876,413.0,403.0,187.0,177.0
holdout,chuandian,M_RW,168,1.0,1,0.9336833610292301,70,,0.45278450363196127,0.4392059553349876,413.0,403.0,187.0,177.0
holdout,chuandian,M_RW,168,1.5,10,0.9206066100514673,81,,0.45278450363196127,0.4392059553349876,413.0,403.0,187.0,177.0
holdout,chuandian,M_RW,168,2.0,1,0.9088979181866802,85,,0.45278450363196127,0.4392059553349876,413.0,403.0,187.0,177.0
holdout,chuandian,M_RW,168,3.0,17,0.8865857296933043,97,,0.45278450363196127,0.4392059553349876,413.0,403.0,187.0,177.0
holdout,chuandian,M_RW,169,0.1,17,0.9699540162421861,30,,0.5084745762711864,0.49627791563275436,413.0,403.0,210.0,200.0
holdout,chuandian,M_RW,169,0.5,12345,0.9526874657961593,54,,0.45278450363196127,0.4392059553349876,413.0,403.0,187.0,177.0
holdout,chuandian,M_RW,169,1.0,14,0.9390171758249869,73,,0.45278450363196127,0.4392059553349876,413.0,403.0,187.0,177.0
holdout,chuandian,M_RW,169,1.5,14,0.9270727790873856,81,,0.45278450363196127,0.4392059553349876,413.0,403.0,187.0,177.0
holdout,chuandian,M_RW,169,2.0,6,0.9158129137118933,94,,0.45278450363196127,0.4392059553349876,413.0,403.0,187.0,177.0
holdout,chuandian,M_RW,169,3.0,9,0.8969033108932245,102,,0.45278450363196127,0.4392059553349876,413.0,403.0,187.0,177.0
holdout,chuandian,M_RW,170,0.1,2,0.9721226078686682,34,,0.5738498789346247,0.5632754342431762,413.0,403.0,237.0,227.0
holdout,chuandian,M_RW,170,0.5,9,0.9561842851646605,64,,0.5738498789346247,0.5632754342431762,413.0,403.0,237.0,227.0
holdout,chuandian,M_RW,170,1.0,13,0.9419138517555563,78,,0.5738498789346247,0.5632754342431762,413.0,403.0,237.0,227.0
holdout,chuandian,M_RW,170,1.5,10,0.9286069987342753,86,,0.5738498789346247,0.5632754342431762,413.0,403.0,237.0,227.0
holdout,chuandian,M_RW,170,2.0,10,0.9158895465811759,93,,0.5738498789346247,0.5632754342431762,413.0,403.0,237.0,227.0
holdout,chuandian,M_RW,170,3.0,16,0.8937310007739773,107,,0.45278450363196127,0.4392059553349876,413.0,403.0,187.0,177.0
holdout,chuandian,M_RW,171,0.1,12,0.970395734159113,30,,0.4721549636803874,0.45905707196029777,413.0,403.0,195.0,185.0
holdout,chuandian,M_RW,171,0.5,16,0.952636597915315,58,,0.45278450363196127,0.4392059553349876,413.0,403.0,187.0,177.0
holdout,chuandian,M_RW,171,1.0,11,0.9385163650894285,74,,0.45278450363196127,0.4392059553349876,413.0,403.0,187.0,177.0
holdout,chuandian,M_RW,171,1.5,2,0.926400025128066,83,,0.45278450363196127,0.4392059553349876,413.0,403.0,187.0,177.0
holdout,chuandian,M_RW,171,2.0,1,0.916421203338605,92,,0.45278450363196127,0.4392059553349876,413.0,403.0,187.0,177.0
holdout,chuandian,M_RW,171,3.0,2,0.8983021725858283,99,,0.45278450363196127,0.4392059553349876,413.0,403.0,187.0,177.0
holdout,chuandian,M_RW,172,0.1,19,0.9716971753676185,38,,0.4576271186440678,0.4441687344913151,413.0,403.0,189.0,179.0
holdout,chuandian,M_RW,172,0.5,17,0.9549067789870074,68,,0.45278450363196127,0.4392059553349876,413.0,403.0,187.0,177.0
holdout,chuandian,M_RW,172,1.0,18,0.942236992441059,89,,0.45278450363196127,0.4392059553349876,413.0,403.0,187.0,177.0
holdout,chuandian,M_RW,172,1.5,4,0.9310630226002857,100,,0.45278450363196127,0.4392059553349876,413.0,403.0,187.0,177.0
holdout,chuandian,M_RW,172,2.0,10,0.9210200075480226,104,,0.45278450363196127,0.4392059553349876,413.0,403.0,187.0,177.0
holdout,chuandian,M_RW,172,3.0,16,0.9027328689442323,116,,0.45278450363196127,0.4392059553349876,413.0,403.0,187.0,177.0
holdout,chuandian,M_RW,173,0.1,1,0.9726051420247628,33,,0.4600484261501211,0.4466501240694789,413.0,403.0,190.0,180.0
holdout,chuandian,M_RW,173,0.5,16,0.9538740944110482,60,,0.45278450363196127,0.4392059553349876,413.0,403.0,187.0,177.0
holdout,chuandian,M_RW,173,1.0,12,0.9374886744978079,77,,0.45278450363196127,0.4392059553349876,413.0,403.0,187.0,177.0
holdout,chuandian,M_RW,173,1.5,4,0.9244505521338252,88,,0.45278450363196127,0.4392059553349876,413.0,403.0,187.0,177.0
holdout,chuandian,M_RW,173,2.0,12,0.9133061446406653,93,,0.45278450363196127,0.4392059553349876,413.0,403.0,187.0,177.0
holdout,chuandian,M_RW,173,3.0,3,0.8928780819623419,105,,0.45278450363196127,0.4392059553349876,413.0,403.0,187.0,177.0
holdout,chuandian,M_RW,174,0.1,12345,0.96858211132803,29,,0.4552058111380145,0.44168734491315137,413.0,403.0,188.0,178.0
holdout,chuandian,M_RW,174,0.5,17,0.9491568322813196,61,,0.4552058111380145,0.44168734491315137,413.0,403.0,188.0,178.0
holdout,chuandian,M_RW,174,1.0,14,0.9335699916693576,74,,0.4552058111380145,0.44168734491315137,413.0,403.0,188.0,178.0
holdout,chuandian,M_RW,174,1.5,4,0.9208414012491528,82,,0.4552058111380145,0.44168734491315137,413.0,403.0,188.0,178.0
holdout,chuandian,M_RW,174,2.0,3,0.9093189570687785,93,,0.4552058111380145,0.44168734491315137,413.0,403.0,188.0,178.0
holdout,chuandian,M_RW,174,3.0,8,0.8888305955628729,104,,0.4552058111380145,0.44168734491315137,413.0,403.0,188.0,178.0
holdout,chuandian,M_RW,175,0.1,4,0.9697577879098412,25,,0.5447941888619855,0.533498759305211,413.0,403.0,225.0,215.0
holdout,chuandian,M_RW,175,0.5,11,0.9484481649757946,56,,0.5447941888619855,0.533498759305211,413.0,403.0,225.0,215.0
holdout,chuandian,M_RW,175,1.0,6,0.9319372835584449,72,,0.45278450363196127,0.4392059553349876,413.0,403.0,187.0,177.0
holdout,chuandian,M_RW,175,1.5,12345,0.9183616460814259,78,,0.45278450363196127,0.4392059553349876,413.0,403.0,187.0,177.0
holdout,chuandian,M_RW,175,2.0,14,0.9064255917530496,87,,0.45278450363196127,0.4392059553349876,413.0,403.0,187.0,177.0
holdout,chuandian,M_RW,175,3.0,6,0.8843070271161195,96,,0.45278450363196127,0.4392059553349876,413.0,403.0,187.0,177.0
holdout,chuandian,M_RW,176,0.1,10,0.970581313262837,30,,0.5690072639225182,0.5583126550868487,413.0,403.0,235.0,225.0
holdout,chuandian,M_RW,176,0.5,2,0.9534782423818966,68,,0.49878934624697335,0.48635235732009924,413.0,403.0,206.0,196.0
holdout,chuandian,M_RW,176,1.0,9,0.9388601427526863,81,,0.4963680387409201,0.4838709677419355,413.0,403.0,205.0,195.0
holdout,chuandian,M_RW,176,1.5,2,0.9261840196365095,93,,0.4963680387409201,0.4838709677419355,413.0,403.0,205.0,195.0
holdout,chuandian,M_RW,176,2.0,1,0.9150993393863216,97,,0.4963680387409201,0.4838709677419355,413.0,403.0,205.0,195.0
holdout,chuandian,M_RW,176,3.0,10,0.8955880267990818,106,,0.4963680387409201,0.4838709677419355,413.0,403.0,205.0,195.0
holdout,chuandian,M_RW,177,0.1,10,0.9690150664837592,30,,0.5254237288135594,0.5136476426799007,413.0,403.0,217.0,207.0
holdout,chuandian,M_RW,177,0.5,19,0.9510166063999355,66,,0.4600484261501211,0.4466501240694789,413.0,403.0,190.0,180.0
holdout,chuandian,M_RW,177,1.0,12345,0.9369144543698206,81,,0.45278450363196127,0.4392059553349876,413.0,403.0,187.0,177.0
holdout,chuandian,M_RW,177,1.5,3,0.9252432491412483,89,,0.45278450363196127,0.4392059553349876,413.0,403.0,187.0,177.0
holdout,chuandian,M_RW,177,2.0,5,0.9149955564255895,97,,0.45278450363196127,0.4392059553349876,413.0,403.0,187.0,177.0
holdout,chuandian,M_RW,177,3.0,9,0.8969281646953611,110,,0.45278450363196127,0.4392059553349876,413.0,403.0,187.0,177.0
holdout,chuandian,M_RW,178,0.1,12,0.9694874050418627,35,,0.5399515738498789,0.5285359801488834,413.0,403.0,223.0,213.0
holdout,chuandian,M_RW,178,0.5,15,0.9503321444447028,64,,0.4794188861985472,0.4665012406947891,413.0,403.0,198.0,188.0
holdout,chuandian,M_RW,178,1.0,1,0.935803094028915,81,,0.45278450363196127,0.4392059553349876,413.0,403.0,187.0,177.0
holdout,chuandian,M_RW,178,1.5,19,0.9241473665584506,99,,0.45278450363196127,0.4392059553349876,413.0,403.0,187.0,177.0
holdout,chuandian,M_RW,178,2.0,17,0.9148312285503805,105,,0.5084745762711864,0.49627791563275436,413.0,403.0,210.0,200.0
holdout,chuandian,M_RW,178,3.0,7,0.8968775535832338,112,,0.45278450363196127,0.4392059553349876,413.0,403.0,187.0,177.0
holdout,chuandian,M_RW,179,0.1,11,0.9725945863172543,29,,0.45278450363196127,0.4392059553349876,413.0,403.0,187.0,177.0
holdout,chuandian,M_RW,179,0.5,9,0.9575687530816233,64,,0.45278450363196127,0.4392059553349876,413.0,403.0,187.0,177.0
holdout,chuandian,M_RW,179,1.0,1,0.9442601716442454,76,,0.45278450363196127,0.4392059553349876,413.0,403.0,187.0,177.0
holdout,chuandian,M_RW,179,1.5,17,0.931996800142701,85,,0.45278450363196127,0.4392059553349876,413.0,403.0,187.0,177.0
holdout,chuandian,M_RW,179,2.0,11,0.9203595769501818,91,,0.4576271186440678,0.4441687344913151,413.0,403.0,189.0,179.0
holdout,chuandian,M_RW,179,3.0,14,0.8998875642180966,103,,0.45278450363196127,0.4392059553349876,413.0,403.0,187.0,177.0
holdout,chuandian,M_RW,180,0.1,9,0.9671072876154883,34,,0.49878934624697335,0.48635235732009924,413.0,403.0,206.0,196.0
holdout,chuandian,M_RW,180,0.5,3,0.9474731449414214,65,,0.5084745762711864,0.49627791563275436,413.0,403.0,210.0,200.0
holdout,chuandian,M_RW,180,1.0,9,0.9311728360508481,78,,0.45278450363196127,0.4392059553349876,413.0,403.0,187.0,177.0
holdout,chuandian,M_RW,180,1.5,4,0.9172000253107251,85,,0.45278450363196127,0.4392059553349876,413.0,403.0,187.0,177.0
holdout,chuandian,M_RW,180,2.0,15,0.9048297784474023,92,,0.45278450363196127,0.4392059553349876,413.0,403.0,187.0,177.0
holdout,chuandian,M_RW,180,3.0,1,0.883248854110816,105,,0.45278450363196127,0.4392059553349876,413.0,403.0,187.0,177.0
holdout,chuandian,M_RW,181,0.1,12345,0.9725139155070999,36,,0.45278450363196127,0.4392059553349876,413.0,403.0,187.0,177.0
holdout,chuandian,M_RW,181,0.5,1,0.9560909624301188,64,,0.45278450363196127,0.4392059553349876,413.0,403.0,187.0,177.0
holdout,chuandian,M_RW,181,1.0,12345,0.9425421499525104,84,,0.45278450363196127,0.4392059553349876,413.0,403.0,187.0,177.0
holdout,chuandian,M_RW,181,1.5,15,0.930587752875869,89,,0.45278450363196127,0.4392059553349876,413.0,403.0,187.0,177.0
holdout,chuandian,M_RW,181,2.0,4,0.9193018009278734,95,,0.45278450363196127,0.4392059553349876,413.0,403.0,187.0,177.0
holdout,chuandian,M_RW,181,3.0,13,0.8987094791515604,104,,0.45278450363196127,0.4392059553349876,413.0,403.0,187.0,177.0
holdout,chuandian,M_RW,182,0.1,18,0.9701634145346788,31,,0.5520581113801453,0.5409429280397022,413.0,403.0,228.0,218.0
holdout,chuandian,M_RW,182,0.5,10,0.9513567979477134,62,,0.4963680387409201,0.4838709677419355,413.0,403.0,205.0,195.0
holdout,chuandian,M_RW,182,1.0,16,0.937024642601623,82,,0.4963680387409201,0.4838709677419355,413.0,403.0,205.0,195.0
holdout,chuandian,M_RW,182,1.5,13,0.9261593888496479,93,,0.4963680387409201,0.4838709677419355,413.0,403.0,205.0,195.0
holdout,chuandian,M_RW,182,2.0,19,0.915801366412148,97,,0.4963680387409201,0.4838709677419355,413.0,403.0,205.0,195.0
holdout,chuandian,M_RW,182,3.0,9,0.8958469810418318,102,,0.45278450363196127,0.4392059553349876,413.0,403.0,187.0,177.0
holdout,chuandian,M_RW,183,0.1,18,0.9699397077691421,32,,0.5399515738498789,0.5285359801488834,413.0,403.0,223.0,213.0
holdout,chuandian,M_RW,183,0.5,19,0.949999248617762,61,,0.45278450363196127,0.4392059553349876,413.0,403.0,187.0,177.0
holdout,chuandian,M_RW,183,1.0,12345,0.9339376144210082,77,,0.45278450363196127,0.4392059553349876,413.0,403.0,187.0,177.0
holdout,chuandian,M_RW,183,1.5,5,0.9212606528983437,82,,0.45278450363196127,0.4392059553349876,413.0,403.0,187.0,177.0
holdout,chuandian,M_RW,183,2.0,4,0.9101988106584724,92,,0.45278450363196127,0.4392059553349876,413.0,403.0,187.0,177.0
holdout,chuandian,M_RW,183,3.0,12,0.8896535024419427,97,,0.45278450363196127,0.4392059553349876,413.0,403.0,187.0,177.0
holdout,chuandian,M_RW,184,0.1,7,0.9747175583021516,33,,0.45278450363196127,0.4392059553349876,413.0,403.0,187.0,177.0
holdout,chuandian,M_RW,184,0.5,4,0.9595130374373421,62,,0.45278450363196127,0.4392059553349876,413.0,403.0,187.0,177.0
holdout,chuandian,M_RW,184,1.0,1,0.9470354004848914,83,,0.45278450363196127,0.4392059553349876,413.0,403.0,187.0,177.0
holdout,chuandian,M_RW,184,1.5,18,0.9361191687460859,94,,0.45278450363196127,0.4392059553349876,413.0,403.0,187.0,177.0
holdout,chuandian,M_RW,184,2.0,12345,0.9261857736282261,104,,0.45278450363196127,0.4392059553349876,413.0,403.0,187.0,177.0
holdout,chuandian,M_RW,184,3.0,1,0.908502410618867,112,,0.45278450363196127,0.4392059553349876,413.0,403.0,187.0,177.0
holdout,chuandian,M_RW,185,0.1,6,0.9688527749069628,25,,0.5084745762711864,0.49627791563275436,413.0,403.0,210.0,200.0
holdout,chuandian,M_RW,185,0.5,1,0.9501092195511346,56,,0.5084745762711864,0.49627791563275436,413.0,403.0,210.0,200.0
holdout,chuandian,M_RW,185,1.0,18,0.9347757658699557,70,,0.5084745762711864,0.49627791563275436,413.0,403.0,210.0,200.0
holdout,chuandian,M_RW,185,1.5,17,0.9217487310946963,81,,0.5084745762711864,0.49627791563275436,413.0,403.0,210.0,200.0
holdout,chuandian,M_RW,185,2.0,3,0.9104325004944018,91,,0.5084745762711864,0.49627791563275436,413.0,403.0,210.0,200.0
holdout,chuandian,M_RW,185,3.0,5,0.8911772476128023,105,,0.5084745762711864,0.49627791563275436,413.0,403.0,210.0,200.0
holdout,chuandian,M_RW,186,0.1,16,0.9693483549848998,27,,0.5399515738498789,0.5285359801488834,413.0,403.0,223.0,213.0
holdout,chuandian,M_RW,186,0.5,16,0.949990016161914,62,,0.45278450363196127,0.4392059553349876,413.0,403.0,187.0,177.0
holdout,chuandian,M_RW,186,1.0,13,0.93445815154321,73,,0.5181598062953995,0.5062034739454094,413.0,403.0,214.0,204.0
holdout,chuandian,M_RW,186,1.5,6,0.9214770170410043,86,,0.45278450363196127,0.4392059553349876,413.0,403.0,187.0,177.0
holdout,chuandian,M_RW,186,2.0,10,0.9100513807094325,95,,0.45278450363196127,0.4392059553349876,413.0,403.0,187.0,177.0
holdout,chuandian,M_RW,186,3.0,11,0.8893739995595789,105,,0.45278450363196127,0.4392059553349876,413.0,403.0,187.0,177.0
holdout,chuandian,M_RW,187,0.1,14,0.9730615949801362,42,,0.4600484261501211,0.4466501240694789,413.0,403.0,190.0,180.0
holdout,chuandian,M_RW,187,0.5,5,0.9589539381837346,72,,0.4600484261501211,0.4466501240694789,413.0,403.0,190.0,180.0
holdout,chuandian,M_RW,187,1.0,12,0.9459408460053739,87,,0.45278450363196127,0.4392059553349876,413.0,403.0,187.0,177.0
holdout,chuandian,M_RW,187,1.5,17,0.9350233282588324,97,,0.45278450363196127,0.4392059553349876,413.0,403.0,187.0,177.0
holdout,chuandian,M_RW,187,2.0,3,0.9259279755534402,105,,0.45278450363196127,0.4392059553349876,413.0,403.0,187.0,177.0
holdout,chuandian,M_RW,187,3.0,3,0.910221826558333,119,,0.45278450363196127,0.4392059553349876,413.0,403.0,187.0,177.0
holdout,chuandian,M_RW,188,0.1,8,0.9735587645502045,35,,0.576271186440678,0.56575682382134,413.0,403.0,238.0,228.0
holdout,chuandian,M_RW,188,0.5,1,0.9579623894176468,70,,0.5738498789346247,0.5632754342431762,413.0,403.0,237.0,227.0
holdout,chuandian,M_RW,188,1.0,16,0.9428047734624512,82,,0.5738498789346247,0.5632754342431762,413.0,403.0,237.0,227.0
holdout,chuandian,M_RW,188,1.5,1,0.9292287679113698,89,,0.4552058111380145,0.44168734491315137,413.0,403.0,188.0,178.0
holdout,chuandian,M_RW,188,2.0,11,0.9175156272995488,97,,0.4552058111380145,0.44168734491315137,413.0,403.0,188.0,178.0
holdout,chuandian,M_RW,188,3.0,9,0.8959715616493731,110,,0.45278450363196127,0.4392059553349876,413.0,403.0,187.0,177.0
holdout,chuandian,M_RW,189,0.1,9,0.9740146267826079,34,,0.5326876513317191,0.5210918114143921,413.0,403.0,220.0,210.0
holdout,chuandian,M_RW,189,0.5,6,0.9561877435915126,55,,0.45278450363196127,0.4392059553349876,413.0,403.0,187.0,177.0
holdout,chuandian,M_RW,189,1.0,15,0.9405147330282563,77,,0.45278450363196127,0.4392059553349876,413.0,403.0,187.0,177.0
holdout,chuandian,M_RW,189,1.5,1,0.928302748664211,87,,0.45278450363196127,0.4392059553349876,413.0,403.0,187.0,177.0
holdout,chuandian,M_RW,189,2.0,9,0.9173187273024458,94,,0.45278450363196127,0.4392059553349876,413.0,403.0,187.0,177.0
holdout,chuandian,M_RW,189,3.0,16,0.8968580795352779,104,,0.47699757869249393,0.4640198511166253,413.0,403.0,197.0,187.0
holdout,chuandian,M_RW,190,0.1,13,0.9689593280598792,27,,0.5084745762711864,0.49627791563275436,413.0,403.0,210.0,200.0
holdout,chuandian,M_RW,190,0.5,4,0.9503376146981901,56,,0.5084745762711864,0.49627791563275436,413.0,403.0,210.0,200.0
holdout,chuandian,M_RW,190,1.0,10,0.9355294903770374,72,,0.5084745762711864,0.49627791563275436,413.0,403.0,210.0,200.0
holdout,chuandian,M_RW,190,1.5,10,0.9222387225733246,88,,0.5084745762711864,0.49627791563275436,413.0,403.0,210.0,200.0
holdout,chuandian,M_RW,190,2.0,1,0.9114269118567164,93,,0.5084745762711864,0.49627791563275436,413.0,403.0,210.0,200.0
holdout,chuandian,M_RW,190,3.0,1,0.8909587297868395,103,,0.5084745762711864,0.49627791563275436,413.0,403.0,210.0,200.0
holdout,chuandian,M_RW,191,0.1,13,0.9717803383400324,24,,0.4576271186440678,0.4441687344913151,413.0,403.0,189.0,179.0
holdout,chuandian,M_RW,191,0.5,8,0.9519243149470582,56,,0.45278450363196127,0.4392059553349876,413.0,403.0,187.0,177.0
holdout,chuandian,M_RW,191,1.0,10,0.9365469866372673,76,,0.45278450363196127,0.4392059553349876,413.0,403.0,187.0,177.0
holdout,chuandian,M_RW,191,1.5,16,0.9232851517025551,82,,0.45278450363196127,0.4392059553349876,413.0,403.0,187.0,177.0
holdout,chuandian,M_RW,191,2.0,14,0.9112018908598533,87,,0.45278450363196127,0.4392059553349876,413.0,403.0,187.0,177.0
holdout,chuandian,M_RW,191,3.0,14,0.8911568542224266,99,,0.45278450363196127,0.4392059553349876,413.0,403.0,187.0,177.0
holdout,chuandian,M_RW,192,0.1,3,0.9713795174130682,32,,0.45278450363196127,0.4392059553349876,413.0,403.0,187.0,177.0
holdout,chuandian,M_RW,192,0.5,3,0.9540885371856611,66,,0.45278450363196127,0.4392059553349876,413.0,403.0,187.0,177.0
holdout,chuandian,M_RW,192,1.0,17,0.9394061236216898,84,,0.45278450363196127,0.4392059553349876,413.0,403.0,187.0,177.0
holdout,chuandian,M_RW,192,1.5,1,0.927610349948829,96,,0.45278450363196127,0.4392059553349876,413.0,403.0,187.0,177.0
holdout,chuandian,M_RW,192,2.0,15,0.9165412870908892,102,,0.45278450363196127,0.4392059553349876,413.0,403.0,187.0,177.0
holdout,chuandian,M_RW,192,3.0,12345,0.8953078480586317,112,,0.45278450363196127,0.4392059553349876,413.0,403.0,187.0,177.0
holdout,chuandian,M_RW,193,0.1,5,0.9727255054778996,29,,0.576271186440678,0.56575682382134,413.0,403.0,238.0,228.0
holdout,chuandian,M_RW,193,0.5,2,0.9538783226807274,59,,0.4552058111380145,0.44168734491315137,413.0,403.0,188.0,178.0
holdout,chuandian,M_RW,193,1.0,14,0.9372375782514756,76,,0.4552058111380145,0.44168734491315137,413.0,403.0,188.0,178.0
holdout,chuandian,M_RW,193,1.5,17,0.9220144528074375,87,,0.4552058111380145,0.44168734491315137,413.0,403.0,188.0,178.0
holdout,chuandian,M_RW,193,2.0,13,0.909888222152304,93,,0.4552058111380145,0.44168734491315137,413.0,403.0,188.0,178.0
holdout,chuandian,M_RW,193,3.0,14,0.8880384682085776,102,,0.4552058111380145,0.44168734491315137,413.0,403.0,188.0,178.0
holdout,chuandian,M_RW,194,0.1,14,0.9719547207435418,33,,0.45278450363196127,0.4392059553349876,413.0,403.0,187.0,177.0
holdout,chuandian,M_RW,194,0.5,15,0.9535267817956145,64,,0.45278450363196127,0.4392059553349876,413.0,403.0,187.0,177.0
holdout,chuandian,M_RW,194,1.0,7,0.9392656540878559,76,,0.45278450363196127,0.4392059553349876,413.0,403.0,187.0,177.0
holdout,chuandian,M_RW,194,1.5,4,0.9274415997572119,86,,0.45278450363196127,0.4392059553349876,413.0,403.0,187.0,177.0
holdout,chuandian,M_RW,194,2.0,6,0.9161776899287855,94,,0.45278450363196127,0.4392059553349876,413.0,403.0,187.0,177.0
holdout,chuandian,M_RW,194,3.0,17,0.8950441914968631,104,,0.45278450363196127,0.4392059553349876,413.0,403.0,187.0,177.0
holdout,chuandian,M_RW,195,0.1,8,0.972351920346507,29,,0.45278450363196127,0.4392059553349876,413.0,403.0,187.0,177.0
holdout,chuandian,M_RW,195,0.5,7,0.956673233340618,64,,0.45278450363196127,0.4392059553349876,413.0,403.0,187.0,177.0
holdout,chuandian,M_RW,195,1.0,6,0.9442261417718368,78,,0.45278450363196127,0.4392059553349876,413.0,403.0,187.0,177.0
holdout,chuandian,M_RW,195,1.5,1,0.9326607853712285,85,,0.45278450363196127,0.4392059553349876,413.0,403.0,187.0,177.0
holdout,chuandian,M_RW,195,2.0,1,0.9216714916546793,91,,0.45278450363196127,0.4392059553349876,413.0,403.0,187.0,177.0
holdout,chuandian,M_RW,195,3.0,12345,0.902454839348323,103,,0.45278450363196127,0.4392059553349876,413.0,403.0,187.0,177.0
holdout,chuandian,M_RW,196,0.1,15,0.9723384561890528,28,,0.5302663438256658,0.5186104218362283,413.0,403.0,219.0,209.0
holdout,chuandian,M_RW,196,0.5,1,0.9564165676846318,59,,0.45278450363196127,0.4392059553349876,413.0,403.0,187.0,177.0
holdout,chuandian,M_RW,196,1.0,15,0.9435180325178739,74,,0.45278450363196127,0.4392059553349876,413.0,403.0,187.0,177.0
holdout,chuandian,M_RW,196,1.5,10,0.9331423990544099,84,,0.45278450363196127,0.4392059553349876,413.0,403.0,187.0,177.0
holdout,chuandian,M_RW,196,2.0,4,0.9233251767949454,95,,0.45278450363196127,0.4392059553349876,413.0,403.0,187.0,177.0
holdout,chuandian,M_RW,196,3.0,7,0.9053694918569477,105,,0.45278450363196127,0.4392059553349876,413.0,403.0,187.0,177.0
holdout,chuandian,M_RW,197,0.1,19,0.9711635165323279,32,,0.4576271186440678,0.4441687344913151,413.0,403.0,189.0,179.0
holdout,chuandian,M_RW,197,0.5,18,0.9525038440781344,61,,0.45278450363196127,0.4392059553349876,413.0,403.0,187.0,177.0
holdout,chuandian,M_RW,197,1.0,13,0.9377969039181011,82,,0.45278450363196127,0.4392059553349876,413.0,403.0,187.0,177.0
holdout,chuandian,M_RW,197,1.5,6,0.9251690575359802,93,,0.45278450363196127,0.4392059553349876,413.0,403.0,187.0,177.0
holdout,chuandian,M_RW,197,2.0,12345,0.9137983950801498,102,,0.45278450363196127,0.4392059553349876,413.0,403.0,187.0,177.0
holdout,chuandian,M_RW,197,3.0,4,0.8946304817386723,112,,0.45278450363196127,0.4392059553349876,413.0,403.0,187.0,177.0
holdout,chuandian,M_RW,198,0.1,14,0.9704137028713203,30,,0.48426150121065376,0.47146401985111663,413.0,403.0,200.0,190.0
holdout,chuandian,M_RW,198,0.5,5,0.9516295379774162,61,,0.45278450363196127,0.4392059553349876,413.0,403.0,187.0,177.0
holdout,chuandian,M_RW,198,1.0,3,0.9362247352789227,73,,0.45278450363196127,0.4392059553349876,413.0,403.0,187.0,177.0
holdout,chuandian,M_RW,198,1.5,9,0.9238334730448249,79,,0.45278450363196127,0.4392059553349876,413.0,403.0,187.0,177.0
holdout,chuandian,M_RW,198,2.0,8,0.9123444132549482,89,,0.45278450363196127,0.4392059553349876,413.0,403.0,187.0,177.0
holdout,chuandian,M_RW,198,3.0,1,0.891975045000344,96,,0.45278450363196127,0.4392059553349876,413.0,403.0,187.0,177.0
holdout,chuandian,M_RW,199,0.1,8,0.9706992022386122,32,,0.46973365617433416,0.456575682382134,413.0,403.0,194.0,184.0
holdout,chuandian,M_RW,199,0.5,15,0.9535093684216199,61,,0.46973365617433416,0.456575682382134,413.0,403.0,194.0,184.0
holdout,chuandian,M_RW,199,1.0,17,0.9393280968381176,76,,0.46973365617433416,0.456575682382134,413.0,403.0,194.0,184.0
holdout,chuandian,M_RW,199,1.5,2,0.9270533586599623,82,,0.46973365617433416,0.456575682382134,413.0,403.0,194.0,184.0
holdout,chuandian,M_RW,199,2.0,5,0.9164516734131548,89,,0.46973365617433416,0.456575682382134,413.0,403.0,194.0,184.0
holdout,chuandian,M_RW,199,3.0,2,0.8977754434399411,102,,0.46973365617433416,0.456575682382134,413.0,403.0,194.0,184.0
holdout,southern_california,observed,-1,0.1,6,0.9857241880952808,26,,0.9936724263811146,0.9936585365853658,4109.0,4100.0,4083.0,4074.0
holdout,southern_california,observed,-1,0.5,19,0.9631056902884984,50,,0.9936724263811146,0.9936585365853658,4109.0,4100.0,4083.0,4074.0
holdout,southern_california,observed,-1,1.0,16,0.944300868906028,69,,0.7731808225845704,0.7726829268292683,4109.0,4100.0,3177.0,3168.0
holdout,southern_california,observed,-1,1.5,14,0.9289701714019544,75,,0.7731808225845704,0.7726829268292683,4109.0,4100.0,3177.0,3168.0
holdout,southern_california,observed,-1,2.0,12345,0.916629221477687,84,,0.8126064735945485,0.8121951219512196,4109.0,4100.0,3339.0,3330.0
holdout,southern_california,observed,-1,3.0,16,0.8967615258637864,94,,0.8126064735945485,0.8121951219512196,4109.0,4100.0,3339.0,3330.0
holdout,southern_california,M_RW,0,0.1,13,0.905398570914957,5,40.0,0.9963494767583354,0.9963414634146341,4109.0,4100.0,4094.0,4085.0
holdout,southern_california,M_RW,0,0.5,10,0.853440705633491,32,40.0,0.27111219274762716,0.26951219512195124,4109.0,4100.0,1114.0,1105.0
holdout,southern_california,M_RW,0,1.0,18,0.8350625039067076,49,40.0,0.25285957653930397,0.25121951219512195,4109.0,4100.0,1039.0,1030.0
holdout,southern_california,M_RW,0,1.5,16,0.819857153877437,56,40.0,0.25285957653930397,0.25121951219512195,4109.0,4100.0,1039.0,1030.0
holdout,southern_california,M_RW,0,2.0,12345,0.8078573284784448,68,40.0,0.2343635921148698,0.2326829268292683,4109.0,4100.0,963.0,954.0
holdout,southern_california,M_RW,0,3.0,18,0.7867462697903087,77,40.0,0.2343635921148698,0.2326829268292683,4109.0,4100.0,963.0,954.0
holdout,southern_california,M_RW,1,0.1,12345,0.9050541335764636,8,40.0,0.9722560233633487,0.9721951219512195,4109.0,4100.0,3995.0,3986.0
holdout,southern_california,M_RW,1,0.5,19,0.8515929926417354,32,40.0,0.252616208323193,0.25097560975609756,4109.0,4100.0,1038.0,1029.0
holdout,southern_california,M_RW,1,1.0,8,0.8335805344021754,51,40.0,0.252616208323193,0.25097560975609756,4109.0,4100.0,1038.0,1029.0
holdout,southern_california,M_RW,1,1.5,8,0.8207389247223918,62,40.0,0.2518861036748601,0.2502439024390244,4109.0,4100.0,1035.0,1026.0
holdout,southern_california,M_RW,1,2.0,5,0.8098227954047821,76,40.0,0.2518861036748601,0.2502439024390244,4109.0,4100.0,1035.0,1026.0
holdout,southern_california,M_RW,1,3.0,18,0.7900630108023258,87,40.0,0.2518861036748601,0.2502439024390244,4109.0,4100.0,1035.0,1026.0
holdout,southern_california,M_RW,2,0.1,6,0.9065184897272642,8,40.0,0.4860063275736189,0.4848780487804878,4109.0,4100.0,1997.0,1988.0
holdout,southern_california,M_RW,2,0.5,10,0.8564368288094214,32,40.0,0.26916524701873934,0.2675609756097561,4109.0,4100.0,1106.0,1097.0
holdout,southern_california,M_RW,2,1.0,12345,0.8383785431732887,49,40.0,0.2574835726454125,0.25585365853658537,4109.0,4100.0,1058.0,1049.0
holdout,southern_california,M_RW,2,1.5,12,0.8245500662404323,61,40.0,0.2574835726454125,0.25585365853658537,4109.0,4100.0,1058.0,1049.0
holdout,southern_california,M_RW,2,2.0,4,0.8127873034796881,70,40.0,0.2574835726454125,0.25585365853658537,4109.0,4100.0,1058.0,1049.0
holdout,southern_california,M_RW,2,3.0,10,0.7934867148426297,85,40.0,0.2574835726454125,0.25585365853658537,4109.0,4100.0,1058.0,1049.0
holdout,southern_california,M_RW,3,0.1,18,0.9060516324539294,6,40.0,0.82793867120954,0.827560975609756,4109.0,4100.0,3402.0,3393.0
holdout,southern_california,M_RW,3,0.5,7,0.860829807279475,34,40.0,0.26600146020929666,0.26439024390243904,4109.0,4100.0,1093.0,1084.0
holdout,southern_california,M_RW,3,1.0,7,0.8426550379762426,52,40.0,0.2343635921148698,0.2326829268292683,4109.0,4100.0,963.0,954.0
holdout,southern_california,M_RW,3,1.5,4,0.829727887367564,64,40.0,0.2343635921148698,0.2326829268292683,4109.0,4100.0,963.0,954.0
holdout,southern_california,M_RW,3,2.0,4,0.8180220441011079,74,40.0,0.2343635921148698,0.2326829268292683,4109.0,4100.0,963.0,954.0
holdout,southern_california,M_RW,3,3.0,4,0.7979710847110988,86,40.0,0.2343635921148698,0.2326829268292683,4109.0,4100.0,963.0,954.0
holdout,southern_california,M_RW,4,0.1,2,0.907255267188795,8,40.0,0.6091506449257726,0.6082926829268293,4109.0,4100.0,2503.0,2494.0
holdout,southern_california,M_RW,4,0.5,17,0.8485243388613511,32,40.0,0.24117790216597712,0.2395121951219512,4109.0,4100.0,991.0,982.0
holdout,southern_california,M_RW,4,1.0,3,0.829298110158931,48,40.0,0.24117790216597712,0.2395121951219512,4109.0,4100.0,991.0,982.0
holdout,southern_california,M_RW,4,1.5,5,0.815601286000168,59,40.0,0.24117790216597712,0.2395121951219512,4109.0,4100.0,991.0,982.0
holdout,southern_california,M_RW,4,2.0,7,0.8039274326333237,72,40.0,0.24117790216597712,0.2395121951219512,4109.0,4100.0,991.0,982.0
holdout,southern_california,M_RW,4,3.0,1,0.7836327432882583,85,40.0,0.24117790216597712,0.2395121951219512,4109.0,4100.0,991.0,982.0
holdout,southern_california,M_RW,5,0.1,14,0.9071134741880384,8,40.0,0.9997566317838891,0.9997560975609756,4109.0,4100.0,4108.0,4099.0
holdout,southern_california,M_RW,5,0.5,8,0.8478254026754317,33,40.0,0.24580189827208568,0.24414634146341463,4109.0,4100.0,1010.0,1001.0
holdout,southern_california,M_RW,5,1.0,9,0.8294369404370456,49,40.0,0.24580189827208568,0.24414634146341463,4109.0,4100.0,1010.0,1001.0
holdout,southern_california,M_RW,5,1.5,5,0.8148424903488509,59,40.0,0.24580189827208568,0.24414634146341463,4109.0,4100.0,1010.0,1001.0
holdout,southern_california,M_RW,5,2.0,3,0.8025888169014471,67,40.0,0.24580189827208568,0.24414634146341463,4109.0,4100.0,1010.0,1001.0
holdout,southern_california,M_RW,5,3.0,3,0.7826954124962109,83,40.0,0.2343635921148698,0.2326829268292683,4109.0,4100.0,963.0,954.0
holdout,southern_california,M_RW,6,0.1,12,0.9064661463059396,5,40.0,1.0,1.0,4109.0,4100.0,4109.0,4100.0
holdout,southern_california,M_RW,6,0.5,15,0.8517981029347429,33,40.0,0.24896568508152836,0.2473170731707317,4109.0,4100.0,1023.0,1014.0
holdout,southern_california,M_RW,6,1.0,1,0.8335477424369603,50,40.0,0.24580189827208568,0.24414634146341463,4109.0,4100.0,1010.0,1001.0
holdout,southern_california,M_RW,6,1.5,2,0.8191173282054702,66,40.0,0.2343635921148698,0.2326829268292683,4109.0,4100.0,963.0,954.0
holdout,southern_california,M_RW,6,2.0,11,0.8063970775015822,73,40.0,0.2343635921148698,0.2326829268292683,4109.0,4100.0,963.0,954.0
holdout,southern_california,M_RW,6,3.0,14,0.7847078554895683,90,40.0,0.2343635921148698,0.2326829268292683,4109.0,4100.0,963.0,954.0
holdout,southern_california,M_RW,7,0.1,18,0.9063911165653513,7,40.0,0.4806522268191774,0.4795121951219512,4109.0,4100.0,1975.0,1966.0
holdout,southern_california,M_RW,7,0.5,17,0.8483391353113094,31,40.0,0.24385495254319786,0.2421951219512195,4109.0,4100.0,1002.0,993.0
holdout,southern_california,M_RW,7,1.0,13,0.827941916535297,46,40.0,0.2353370649793137,0.23365853658536587,4109.0,4100.0,967.0,958.0
holdout,southern_california,M_RW,7,1.5,12,0.8129804825237633,57,40.0,0.2363105378437576,0.2346341463414634,4109.0,4100.0,971.0,962.0
holdout,southern_california,M_RW,7,2.0,1,0.8005742077782112,65,40.0,0.2353370649793137,0.23365853658536587,4109.0,4100.0,967.0,958.0
holdout,southern_california,M_RW,7,3.0,3,0.7790131414227369,79,40.0,0.2353370649793137,0.23365853658536587,4109.0,4100.0,967.0,958.0
holdout,southern_california,M_RW,8,0.1,12345,0.9041765092066371,5,40.0,0.9464589924555853,0.9463414634146341,4109.0,4100.0,3889.0,3880.0
holdout,southern_california,M_RW,8,0.5,15,0.853289285089858,28,40.0,0.25383304940374785,0.2521951219512195,4109.0,4100.0,1043.0,1034.0
holdout,southern_california,M_RW,8,1.0,7,0.8351703531249411,49,40.0,0.2404477975176442,0.23878048780487804,4109.0,4100.0,988.0,979.0
holdout,southern_california,M_RW,8,1.5,17,0.820619970865781,61,40.0,0.2404477975176442,0.23878048780487804,4109.0,4100.0,988.0,979.0
holdout,southern_california,M_RW,8,2.0,2,0.8088192887357089,72,40.0,0.2404477975176442,0.23878048780487804,4109.0,4100.0,988.0,979.0
holdout,southern_california,M_RW,8,3.0,7,0.7886470988281309,84,40.0,0.23582380141153567,0.23414634146341465,4109.0,4100.0,969.0,960.0
holdout,southern_california,M_RW,9,0.1,15,0.9065009027155381,7,40.0,0.9975663178388903,0.9975609756097561,4109.0,4100.0,4099.0,4090.0
holdout,southern_california,M_RW,9,0.5,10,0.8527531779363537,32,40.0,0.262107568751521,0.2604878048780488,4109.0,4100.0,1077.0,1068.0
holdout,southern_california,M_RW,9,1.0,16,0.8341574354322568,53,40.0,0.2343635921148698,0.2326829268292683,4109.0,4100.0,963.0,954.0
holdout,southern_california,M_RW,9,1.5,15,0.8198336246768849,66,40.0,0.2343635921148698,0.2326829268292683,4109.0,4100.0,963.0,954.0
holdout,southern_california,M_RW,9,2.0,16,0.8080427175373943,76,40.0,0.2343635921148698,0.2326829268292683,4109.0,4100.0,963.0,954.0
holdout,southern_california,M_RW,9,3.0,8,0.7884475247314531,83,40.0,0.2343635921148698,0.2326829268292683,4109.0,4100.0,963.0,954.0
holdout,southern_california,M_RW,10,0.1,12,0.9094901146728369,7,40.0,0.9216354344122658,0.9214634146341464,4109.0,4100.0,3787.0,3778.0
holdout,southern_california,M_RW,10,0.5,14,0.8576248767545775,30,40.0,0.24312484789486494,0.24146341463414633,4109.0,4100.0,999.0,990.0
holdout,southern_california,M_RW,10,1.0,12,0.8385920531257666,50,40.0,0.2343635921148698,0.2326829268292683,4109.0,4100.0,963.0,954.0
holdout,southern_california,M_RW,10,1.5,12,0.8252573864956811,62,40.0,0.2343635921148698,0.2326829268292683,4109.0,4100.0,963.0,954.0
holdout,southern_california,M_RW,10,2.0,5,0.8134279665779252,70,40.0,0.2343635921148698,0.2326829268292683,4109.0,4100.0,963.0,954.0
holdout,southern_california,M_RW,10,3.0,2,0.7938479794488237,89,40.0,0.2343635921148698,0.2326829268292683,4109.0,4100.0,963.0,954.0
holdout,southern_california,M_RW,11,0.1,16,0.9065858419511901,6,40.0,0.9914821124361158,0.9914634146341463,4109.0,4100.0,4074.0,4065.0
holdout,southern_california,M_RW,11,0.5,10,0.8516926055339112,29,40.0,0.24093453394986614,0.23926829268292682,4109.0,4100.0,990.0,981.0
holdout,southern_california,M_RW,11,1.0,4,0.8313583901923551,49,40.0,0.24069116573375518,0.23902439024390243,4109.0,4100.0,989.0,980.0
holdout,southern_california,M_RW,11,1.5,14,0.8174598089698014,60,40.0,0.24069116573375518,0.23902439024390243,4109.0,4100.0,989.0,980.0
holdout,southern_california,M_RW,11,2.0,15,0.8055310385959874,70,40.0,0.2343635921148698,0.2326829268292683,4109.0,4100.0,963.0,954.0
holdout,southern_california,M_RW,11,3.0,12,0.785343553385705,83,40.0,0.2343635921148698,0.2326829268292683,4109.0,4100.0,963.0,954.0
holdout,southern_california,M_RW,12,0.1,4,0.9090809069288912,9,40.0,0.4757848624969579,0.4746341463414634,4109.0,4100.0,1955.0,1946.0
holdout,southern_california,M_RW,12,0.5,9,0.8561695824928792,37,40.0,0.262350936967632,0.2607317073170732,4109.0,4100.0,1078.0,1069.0
holdout,southern_california,M_RW,12,1.0,1,0.8378856582862371,60,40.0,0.26113409588707714,0.25951219512195123,4109.0,4100.0,1073.0,1064.0
holdout,southern_california,M_RW,12,1.5,8,0.8239284040171609,71,40.0,0.2343635921148698,0.2326829268292683,4109.0,4100.0,963.0,954.0
holdout,southern_california,M_RW,12,2.0,6,0.8125897064278044,78,40.0,0.2343635921148698,0.2326829268292683,4109.0,4100.0,963.0,954.0
holdout,southern_california,M_RW,12,3.0,6,0.7935327251652088,92,40.0,0.26113409588707714,0.25951219512195123,4109.0,4100.0,1073.0,1064.0
holdout,southern_california,M_RW,13,0.1,13,0.9083648137458522,8,40.0,0.9484059381844732,0.9482926829268292,4109.0,4100.0,3897.0,3888.0
holdout,southern_california,M_RW,13,0.5,12,0.8525791108286223,29,40.0,0.2701387198831833,0.2685365853658537,4109.0,4100.0,1110.0,1101.0
holdout,southern_california,M_RW,13,1.0,6,0.8316503155379373,47,40.0,0.26843514237040644,0.26682926829268294,4109.0,4100.0,1103.0,1094.0
holdout,southern_california,M_RW,13,1.5,11,0.816476086447464,59,40.0,0.24069116573375518,0.23902439024390243,4109.0,4100.0,989.0,980.0
holdout,southern_california,M_RW,13,2.0,12,0.8038388750477117,68,40.0,0.24069116573375518,0.23902439024390243,4109.0,4100.0,989.0,980.0
holdout,southern_california,M_RW,13,3.0,6,0.7814737386402909,79,40.0,0.24069116573375518,0.23902439024390243,4109.0,4100.0,989.0,980.0
holdout,southern_california,M_RW,14,0.1,2,0.906632808336579,5,40.0,0.9445120467266975,0.944390243902439,4109.0,4100.0,3881.0,3872.0
holdout,southern_california,M_RW,14,0.5,15,0.846087994713293,33,40.0,0.2594305183743003,0.2578048780487805,4109.0,4100.0,1066.0,1057.0
holdout,southern_california,M_RW,14,1.0,11,0.8261926884662286,54,40.0,0.2594305183743003,0.2578048780487805,4109.0,4100.0,1066.0,1057.0
holdout,southern_california,M_RW,14,1.5,11,0.812396280571502,61,40.0,0.2594305183743003,0.2578048780487805,4109.0,4100.0,1066.0,1057.0
holdout,southern_california,M_RW,14,2.0,2,0.7998447188551135,70,40.0,0.2594305183743003,0.2578048780487805,4109.0,4100.0,1066.0,1057.0
holdout,southern_california,M_RW,14,3.0,11,0.778572213216163,79,40.0,0.2594305183743003,0.2578048780487805,4109.0,4100.0,1066.0,1057.0
holdout,southern_california,M_RW,15,0.1,12,0.9032964404477428,5,40.0,0.45923582380141154,0.4580487804878049,4109.0,4100.0,1887.0,1878.0
holdout,southern_california,M_RW,15,0.5,5,0.8510707739443227,30,40.0,0.26308104161596496,0.26146341463414635,4109.0,4100.0,1081.0,1072.0
holdout,southern_california,M_RW,15,1.0,15,0.8304356577558026,44,40.0,0.2363105378437576,0.2346341463414634,4109.0,4100.0,971.0,962.0
holdout,southern_california,M_RW,15,1.5,1,0.8162672879599756,62,40.0,0.2363105378437576,0.2346341463414634,4109.0,4100.0,971.0,962.0
holdout,southern_california,M_RW,15,2.0,15,0.804477031049087,68,40.0,0.2363105378437576,0.2346341463414634,4109.0,4100.0,971.0,962.0
holdout,southern_california,M_RW,15,3.0,7,0.7844448770994468,82,40.0,0.2353370649793137,0.23365853658536587,4109.0,4100.0,967.0,958.0
holdout,southern_california,M_RW,16,0.1,12345,0.9087218132644607,7,40.0,0.5845704550985641,0.5836585365853658,4109.0,4100.0,2402.0,2393.0
holdout,southern_california,M_RW,16,0.5,13,0.8511429511846451,37,40.0,0.32684351423704067,0.3253658536585366,4109.0,4100.0,1343.0,1334.0
holdout,southern_california,M_RW,16,1.0,10,0.8327567742559587,55,40.0,0.2594305183743003,0.2578048780487805,4109.0,4100.0,1066.0,1057.0
holdout,southern_california,M_RW,16,1.5,12345,0.8190313712276441,65,40.0,0.2594305183743003,0.2578048780487805,4109.0,4100.0,1066.0,1057.0
holdout,southern_california,M_RW,16,2.0,12345,0.806633608800804,73,40.0,0.2343635921148698,0.2326829268292683,4109.0,4100.0,963.0,954.0
holdout,southern_california,M_RW,16,3.0,11,0.7858194971441645,85,40.0,0.2343635921148698,0.2326829268292683,4109.0,4100.0,963.0,954.0
holdout,southern_california,M_RW,17,0.1,11,0.9052033209278436,5,40.0,0.9841810659527865,0.9841463414634146,4109.0,4100.0,4044.0,4035.0
holdout,southern_california,M_RW,17,0.5,12345,0.8499916569415322,37,40.0,0.3115113166220492,0.31,4109.0,4100.0,1280.0,1271.0
holdout,southern_california,M_RW,17,1.0,4,0.8332321132118653,55,40.0,0.24117790216597712,0.2395121951219512,4109.0,4100.0,991.0,982.0
holdout,southern_california,M_RW,17,1.5,1,0.8207585564972787,70,40.0,0.24117790216597712,0.2395121951219512,4109.0,4100.0,991.0,982.0
holdout,southern_california,M_RW,17,2.0,14,0.809921271298034,77,40.0,0.24117790216597712,0.2395121951219512,4109.0,4100.0,991.0,982.0
holdout,southern_california,M_RW,17,3.0,10,0.7912236734885926,93,40.0,0.24117790216597712,0.2395121951219512,4109.0,4100.0,991.0,982.0
holdout,southern_california,M_RW,18,0.1,5,0.9131144811986458,12,40.0,0.8766123144317353,0.8763414634146341,4109.0,4100.0,3602.0,3593.0
holdout,southern_california,M_RW,18,0.5,14,0.8507910841624213,36,40.0,0.23460696033098077,0.2329268292682927,4109.0,4100.0,964.0,955.0
holdout,southern_california,M_RW,18,1.0,7,0.8315599398628678,56,40.0,0.23752737892431247,0.23585365853658535,4109.0,4100.0,976.0,967.0
holdout,southern_california,M_RW,18,1.5,15,0.8179983990207835,68,40.0,0.23752737892431247,0.23585365853658535,4109.0,4100.0,976.0,967.0
holdout,southern_california,M_RW,18,2.0,4,0.8064214268208482,81,40.0,0.23728401070820151,0.23560975609756096,4109.0,4100.0,975.0,966.0
holdout,southern_california,M_RW,18,3.0,10,0.7866351269654919,91,40.0,0.2343635921148698,0.2326829268292683,4109.0,4100.0,963.0,954.0
holdout,southern_california,M_RW,19,0.1,14,0.9048070974429201,6,40.0,0.8712582136772937,0.8709756097560976,4109.0,4100.0,3580.0,3571.0
holdout,southern_california,M_RW,19,0.5,7,0.8491310379924836,32,40.0,0.2343635921148698,0.2326829268292683,4109.0,4100.0,963.0,954.0
holdout,southern_california,M_RW,19,1.0,11,0.8301406711781213,49,40.0,0.2343635921148698,0.2326829268292683,4109.0,4100.0,963.0,954.0
holdout,southern_california,M_RW,19,1.5,6,0.8154738800357281,64,40.0,0.2343635921148698,0.2326829268292683,4109.0,4100.0,963.0,954.0
holdout,southern_california,M_RW,19,2.0,4,0.8034815780148661,73,40.0,0.2343635921148698,0.2326829268292683,4109.0,4100.0,963.0,954.0
holdout,southern_california,M_RW,19,3.0,9,0.7817786318466242,81,40.0,0.2343635921148698,0.2326829268292683,4109.0,4100.0,963.0,954.0
holdout,southern_california,M_RW,20,0.1,12345,0.9064112348404435,5,40.0,0.9975663178388903,0.9975609756097561,4109.0,4100.0,4099.0,4090.0
holdout,southern_california,M_RW,20,0.5,5,0.8514525426659633,26,40.0,0.24823558043319544,0.24658536585365853,4109.0,4100.0,1020.0,1011.0
holdout,southern_california,M_RW,20,1.0,10,0.8324583014710194,49,40.0,0.24823558043319544,0.24658536585365853,4109.0,4100.0,1020.0,1011.0
holdout,southern_california,M_RW,20,1.5,10,0.8182249718381179,61,40.0,0.24823558043319544,0.24658536585365853,4109.0,4100.0,1020.0,1011.0
holdout,southern_california,M_RW,20,2.0,19,0.8064729950167261,69,40.0,0.24823558043319544,0.24658536585365853,4109.0,4100.0,1020.0,1011.0
holdout,southern_california,M_RW,20,3.0,13,0.7853035987104097,85,40.0,0.24823558043319544,0.24658536585365853,4109.0,4100.0,1020.0,1011.0
holdout,southern_california,M_RW,21,0.1,8,0.9052647984892523,6,40.0,0.9980530542711122,0.9980487804878049,4109.0,4100.0,4101.0,4092.0
holdout,southern_california,M_RW,21,0.5,12,0.8516699508090577,33,40.0,0.3061572158676077,0.3046341463414634,4109.0,4100.0,1258.0,1249.0
holdout,southern_california,M_RW,21,1.0,15,0.8295750363054075,46,40.0,0.30153321976149916,0.3,4109.0,4100.0,1239.0,1230.0
holdout,southern_california,M_RW,21,1.5,2,0.8138450885348012,55,40.0,0.27719639815040154,0.275609756097561,4109.0,4100.0,1139.0,1130.0
holdout,southern_california,M_RW,21,2.0,15,0.8006506145875203,66,40.0,0.2363105378437576,0.2346341463414634,4109.0,4100.0,971.0,962.0
holdout,southern_california,M_RW,21,3.0,9,0.7790008880302044,79,40.0,0.2363105378437576,0.2346341463414634,4109.0,4100.0,971.0,962.0
holdout,southern_california,M_RW,22,0.1,2,0.9075613307754634,6,40.0,0.8259917254806523,0.8256097560975609,4109.0,4100.0,3394.0,3385.0
holdout,southern_california,M_RW,22,0.5,4,0.8540964122963952,32,40.0,0.2981260647359455,0.2965853658536585,4109.0,4100.0,1225.0,1216.0
holdout,southern_california,M_RW,22,1.0,5,0.8331517470264369,51,40.0,0.26113409588707714,0.25951219512195123,4109.0,4100.0,1073.0,1064.0
holdout,southern_california,M_RW,22,1.5,16,0.8175962025023933,59,40.0,0.26113409588707714,0.25951219512195123,4109.0,4100.0,1073.0,1064.0
holdout,southern_california,M_RW,22,2.0,10,0.8047225821956767,69,40.0,0.26113409588707714,0.25951219512195123,4109.0,4100.0,1073.0,1064.0
holdout,southern_california,M_RW,22,3.0,5,0.7813939792606391,81,40.0,0.26113409588707714,0.25951219512195123,4109.0,4100.0,1073.0,1064.0
holdout,southern_california,M_RW,23,0.1,12,0.9050328209559559,6,40.0,0.9286931126794841,0.9285365853658537,4109.0,4100.0,3816.0,3807.0
holdout,southern_california,M_RW,23,0.5,14,0.8522167902770275,31,40.0,0.3701630567047944,0.36878048780487804,4109.0,4100.0,1521.0,1512.0
holdout,southern_california,M_RW,23,1.0,13,0.8332591928769212,51,40.0,0.3701630567047944,0.36878048780487804,4109.0,4100.0,1521.0,1512.0
holdout,southern_california,M_RW,23,1.5,10,0.8186683373392794,62,40.0,0.30469700657094184,0.30317073170731706,4109.0,4100.0,1252.0,1243.0
holdout,southern_california,M_RW,23,2.0,12345,0.8066490944285541,70,40.0,0.30469700657094184,0.30317073170731706,4109.0,4100.0,1252.0,1243.0
holdout,southern_california,M_RW,23,3.0,6,0.7850769664930103,84,40.0,0.30469700657094184,0.30317073170731706,4109.0,4100.0,1252.0,1243.0
holdout,southern_california,M_RW,24,0.1,2,0.9046133253184065,9,40.0,0.5935750790946702,0.5926829268292683,4109.0,4100.0,2439.0,2430.0
holdout,southern_california,M_RW,24,0.5,18,0.8492449818904237,30,40.0,0.262107568751521,0.2604878048780488,4109.0,4100.0,1077.0,1068.0
holdout,southern_california,M_RW,24,1.0,1,0.8287796303007436,47,40.0,0.31564857629593573,0.31414634146341464,4109.0,4100.0,1297.0,1288.0
holdout,southern_california,M_RW,24,1.5,9,0.8137211173585217,61,40.0,0.2888780725237284,0.2873170731707317,4109.0,4100.0,1187.0,1178.0
holdout,southern_california,M_RW,24,2.0,18,0.8008750462769488,69,40.0,0.27135556096373814,0.2697560975609756,4109.0,4100.0,1115.0,1106.0
holdout,southern_california,M_RW,24,3.0,15,0.7801330716185141,88,40.0,0.2518861036748601,0.2502439024390244,4109.0,4100.0,1035.0,1026.0
holdout,southern_california,M_RW,25,0.1,12,0.9040331950597602,7,40.0,0.9026527135556096,0.9024390243902439,4109.0,4100.0,3709.0,3700.0
holdout,southern_california,M_RW,25,0.5,9,0.8509942518523602,29,40.0,0.2343635921148698,0.2326829268292683,4109.0,4100.0,963.0,954.0
holdout,southern_california,M_RW,25,1.0,1,0.8318855978138424,47,40.0,0.2343635921148698,0.2326829268292683,4109.0,4100.0,963.0,954.0
holdout,southern_california,M_RW,25,1.5,1,0.8179350100512188,59,40.0,0.2343635921148698,0.2326829268292683,4109.0,4100.0,963.0,954.0
holdout,southern_california,M_RW,25,2.0,14,0.8059360411453285,69,40.0,0.2343635921148698,0.2326829268292683,4109.0,4100.0,963.0,954.0
holdout,southern_california,M_RW,25,3.0,2,0.7849064850492463,78,40.0,0.2343635921148698,0.2326829268292683,4109.0,4100.0,963.0,954.0
holdout,southern_california,M_RW,26,0.1,7,0.9122973627679604,12,40.0,0.9656850815283524,0.965609756097561,4109.0,4100.0,3968.0,3959.0
holdout,southern_california,M_RW,26,0.5,8,0.8518099489033893,35,40.0,0.28401070820150887,0.2824390243902439,4109.0,4100.0,1167.0,1158.0
holdout,southern_california,M_RW,26,1.0,5,0.8346234827889962,51,40.0,0.27135556096373814,0.2697560975609756,4109.0,4100.0,1115.0,1106.0
holdout,southern_california,M_RW,26,1.5,12345,0.8214057785947025,63,40.0,0.2343635921148698,0.2326829268292683,4109.0,4100.0,963.0,954.0
holdout,southern_california,M_RW,26,2.0,12345,0.8105519586987177,75,40.0,0.2343635921148698,0.2326829268292683,4109.0,4100.0,963.0,954.0
holdout,southern_california,M_RW,26,3.0,18,0.7920555657238189,89,40.0,0.2343635921148698,0.2326829268292683,4109.0,4100.0,963.0,954.0
holdout,southern_california,M_RW,27,0.1,10,0.907938328627464,8,40.0,0.46142613774641034,0.4602439024390244,4109.0,4100.0,1896.0,1887.0
holdout,southern_california,M_RW,27,0.5,15,0.850794886481809,32,40.0,0.2343635921148698,0.2326829268292683,4109.0,4100.0,963.0,954.0
holdout,southern_california,M_RW,27,1.0,6,0.8330947991685672,57,40.0,0.2343635921148698,0.2326829268292683,4109.0,4100.0,963.0,954.0
holdout,southern_california,M_RW,27,1.5,16,0.81988275515899,64,40.0,0.2343635921148698,0.2326829268292683,4109.0,4100.0,963.0,954.0
holdout,southern_california,M_RW,27,2.0,12,0.8088474042361928,76,40.0,0.2343635921148698,0.2326829268292683,4109.0,4100.0,963.0,954.0
holdout,southern_california,M_RW,27,3.0,12,0.7901303539225886,90,40.0,0.2343635921148698,0.2326829268292683,4109.0,4100.0,963.0,954.0
holdout,southern_california,M_RW,28,0.1,9,0.9070979385179517,8,40.0,0.9440253102944756,0.9439024390243902,4109.0,4100.0,3879.0,3870.0
holdout,southern_california,M_RW,28,0.5,10,0.8538510073146129,32,40.0,0.23485032854709176,0.23317073170731709,4109.0,4100.0,965.0,956.0
holdout,southern_california,M_RW,28,1.0,10,0.8346212939132569,47,40.0,0.2596738865904113,0.2580487804878049,4109.0,4100.0,1067.0,1058.0
holdout,southern_california,M_RW,28,1.5,17,0.8203251445489687,62,40.0,0.2343635921148698,0.2326829268292683,4109.0,4100.0,963.0,954.0
holdout,southern_california,M_RW,28,2.0,9,0.808087950583804,73,40.0,0.2343635921148698,0.2326829268292683,4109.0,4100.0,963.0,954.0
holdout,southern_california,M_RW,28,3.0,18,0.7876634959887467,85,40.0,0.2343635921148698,0.2326829268292683,4109.0,4100.0,963.0,954.0
holdout,southern_california,M_RW,29,0.1,12345,0.9125000020149606,6,40.0,0.6597712338768557,0.6590243902439025,4109.0,4100.0,2711.0,2702.0
holdout,southern_california,M_RW,29,0.5,17,0.8492801436016749,29,40.0,0.25285957653930397,0.25121951219512195,4109.0,4100.0,1039.0,1030.0
holdout,southern_california,M_RW,29,1.0,10,0.8296699720713001,45,40.0,0.25285957653930397,0.25121951219512195,4109.0,4100.0,1039.0,1030.0
holdout,southern_california,M_RW,29,1.5,16,0.8153079486735626,60,40.0,0.2343635921148698,0.2326829268292683,4109.0,4100.0,963.0,954.0
holdout,southern_california,M_RW,29,2.0,2,0.8039378077022955,70,40.0,0.2343635921148698,0.2326829268292683,4109.0,4100.0,963.0,954.0
holdout,southern_california,M_RW,29,3.0,9,0.7846646284159988,91,40.0,0.2343635921148698,0.2326829268292683,4109.0,4100.0,963.0,954.0
holdout,southern_california,M_RW,30,0.1,14,0.9050684945128202,5,,1.0,1.0,4109.0,4100.0,4109.0,4100.0
holdout,southern_california,M_RW,30,0.5,13,0.8532339517569848,30,,0.4397663665125335,0.43853658536585366,4109.0,4100.0,1807.0,1798.0
holdout,southern_california,M_RW,30,1.0,16,0.8339825944639113,47,,0.3083475298126065,0.3068292682926829,4109.0,4100.0,1267.0,1258.0
holdout,southern_california,M_RW,30,1.5,1,0.8202945193956275,57,,0.3083475298126065,0.3068292682926829,4109.0,4100.0,1267.0,1258.0
holdout,southern_california,M_RW,30,2.0,5,0.8084363341778903,68,,0.28157702604039914,0.28,4109.0,4100.0,1157.0,1148.0
holdout,southern_california,M_RW,30,3.0,18,0.7883817178984955,81,,0.28157702604039914,0.28,4109.0,4100.0,1157.0,1148.0
holdout,southern_california,M_RW,31,0.1,10,0.9053618107041145,6,,0.8286687758578729,0.8282926829268292,4109.0,4100.0,3405.0,3396.0
holdout,southern_california,M_RW,31,0.5,2,0.856665055429327,30,,0.2818203942565101,0.2802439024390244,4109.0,4100.0,1158.0,1149.0
holdout,southern_california,M_RW,31,1.0,13,0.8377829628191363,50,,0.2806035531759552,0.27902439024390246,4109.0,4100.0,1153.0,1144.0
holdout,southern_california,M_RW,31,1.5,15,0.8234196090776045,62,,0.2806035531759552,0.27902439024390246,4109.0,4100.0,1153.0,1144.0
holdout,southern_california,M_RW,31,2.0,19,0.8117728347198854,70,,0.262107568751521,0.2604878048780488,4109.0,4100.0,1077.0,1068.0
holdout,southern_california,M_RW,31,3.0,18,0.7920125295752041,88,,0.262107568751521,0.2604878048780488,4109.0,4100.0,1077.0,1068.0
holdout,southern_california,M_RW,32,0.1,14,0.9070083028459851,7,,0.9997566317838891,0.9997560975609756,4109.0,4100.0,4108.0,4099.0
holdout,southern_california,M_RW,32,0.5,11,0.8459896449203828,30,,0.3290338281820394,0.3275609756097561,4109.0,4100.0,1352.0,1343.0
holdout,southern_california,M_RW,32,1.0,11,0.825988302769048,48,,0.23606716962764662,0.234390243902439,4109.0,4100.0,970.0,961.0
holdout,southern_california,M_RW,32,1.5,12,0.8114887381221441,64,,0.23606716962764662,0.234390243902439,4109.0,4100.0,970.0,961.0
holdout,southern_california,M_RW,32,2.0,1,0.7996758038503868,74,,0.23606716962764662,0.234390243902439,4109.0,4100.0,970.0,961.0
holdout,southern_california,M_RW,32,3.0,8,0.779331793066336,85,,0.23606716962764662,0.234390243902439,4109.0,4100.0,970.0,961.0
holdout,southern_california,M_RW,33,0.1,5,0.9058421120970979,6,,0.8240447797517644,0.8236585365853658,4109.0,4100.0,3386.0,3377.0
holdout,southern_california,M_RW,33,0.5,5,0.8559540583314943,30,,0.3085908980287175,0.3070731707317073,4109.0,4100.0,1268.0,1259.0
holdout,southern_california,M_RW,33,1.0,19,0.8373555821299656,48,,0.28157702604039914,0.28,4109.0,4100.0,1157.0,1148.0
holdout,southern_california,M_RW,33,1.5,1,0.823550612777817,57,,0.28157702604039914,0.28,4109.0,4100.0,1157.0,1148.0
holdout,southern_california,M_RW,33,2.0,1,0.8108992381131009,65,,0.28157702604039914,0.28,4109.0,4100.0,1157.0,1148.0
holdout,southern_california,M_RW,33,3.0,4,0.7884411780657075,78,,0.28157702604039914,0.28,4109.0,4100.0,1157.0,1148.0
holdout,southern_california,M_RW,34,0.1,10,0.9060148318782071,7,,0.9875882209783402,0.9875609756097561,4109.0,4100.0,4058.0,4049.0
holdout,southern_california,M_RW,34,0.5,15,0.8586878931215827,35,,0.25407641761985883,0.2524390243902439,4109.0,4100.0,1044.0,1035.0
holdout,southern_california,M_RW,34,1.0,11,0.8413402729033712,57,,0.25407641761985883,0.2524390243902439,4109.0,4100.0,1044.0,1035.0
holdout,southern_california,M_RW,34,1.5,8,0.8292098869292208,63,,0.25285957653930397,0.25121951219512195,4109.0,4100.0,1039.0,1030.0
holdout,southern_california,M_RW,34,2.0,9,0.8181635581417763,73,,0.25285957653930397,0.25121951219512195,4109.0,4100.0,1039.0,1030.0
holdout,southern_california,M_RW,34,3.0,18,0.7991375401177935,81,,0.25285957653930397,0.25121951219512195,4109.0,4100.0,1039.0,1030.0
holdout,southern_california,M_RW,35,0.1,15,0.9033122011900273,6,,0.8775857872961791,0.8773170731707317,4109.0,4100.0,3606.0,3597.0
holdout,southern_california,M_RW,35,0.5,17,0.8526722358259469,30,,0.24263811146264297,0.24097560975609755,4109.0,4100.0,997.0,988.0
holdout,southern_california,M_RW,35,1.0,11,0.8337020566583421,51,,0.2343635921148698,0.2326829268292683,4109.0,4100.0,963.0,954.0
holdout,southern_california,M_RW,35,1.5,1,0.8202003088132395,68,,0.2343635921148698,0.2326829268292683,4109.0,4100.0,963.0,954.0
holdout,southern_california,M_RW,35,2.0,15,0.8084608581980608,78,,0.2343635921148698,0.2326829268292683,4109.0,4100.0,963.0,954.0
holdout,southern_california,M_RW,35,3.0,11,0.7887226884730748,87,,0.2343635921148698,0.2326829268292683,4109.0,4100.0,963.0,954.0
holdout,southern_california,M_RW,36,0.1,10,0.9072275664957978,6,,0.7836456558773425,0.7831707317073171,4109.0,4100.0,3220.0,3211.0
holdout,southern_california,M_RW,36,0.5,19,0.8466937345518459,27,,0.3139449987831589,0.3124390243902439,4109.0,4100.0,1290.0,1281.0
holdout,southern_california,M_RW,36,1.0,4,0.8246808901285132,44,,0.24361158432708688,0.24195121951219511,4109.0,4100.0,1001.0,992.0
holdout,southern_california,M_RW,36,1.5,13,0.8088891467015871,57,,0.2343635921148698,0.2326829268292683,4109.0,4100.0,963.0,954.0
holdout,southern_california,M_RW,36,2.0,12,0.795724724553169,65,,0.2343635921148698,0.2326829268292683,4109.0,4100.0,963.0,954.0
holdout,southern_california,M_RW,36,3.0,14,0.7734544566118513,80,,0.2343635921148698,0.2326829268292683,4109.0,4100.0,963.0,954.0
holdout,southern_california,M_RW,37,0.1,18,0.9018771522317168,6,,0.9936724263811146,0.9936585365853658,4109.0,4100.0,4083.0,4074.0
holdout,southern_california,M_RW,37,0.5,9,0.8380521851325257,30,,0.2672183012898515,0.265609756097561,4109.0,4100.0,1098.0,1089.0
holdout,southern_california,M_RW,37,1.0,17,0.8191579923599916,50,,0.25797030907763446,0.25634146341463415,4109.0,4100.0,1060.0,1051.0
holdout,southern_california,M_RW,37,1.5,12345,0.8044099431414803,57,,0.25797030907763446,0.25634146341463415,4109.0,4100.0,1060.0,1051.0
holdout,southern_california,M_RW,37,2.0,5,0.7919327750748887,66,,0.25797030907763446,0.25634146341463415,4109.0,4100.0,1060.0,1051.0
holdout,southern_california,M_RW,37,3.0,4,0.7701909257540721,79,,0.25797030907763446,0.25634146341463415,4109.0,4100.0,1060.0,1051.0
holdout,southern_california,M_RW,38,0.1,10,0.9076798557143666,5,,0.9454855195911414,0.9453658536585365,4109.0,4100.0,3885.0,3876.0
holdout,southern_california,M_RW,38,0.5,18,0.8456680717762995,31,,0.2567534679970796,0.2551219512195122,4109.0,4100.0,1055.0,1046.0
holdout,southern_california,M_RW,38,1.0,2,0.82501813789874,52,,0.2567534679970796,0.2551219512195122,4109.0,4100.0,1055.0,1046.0
holdout,southern_california,M_RW,38,1.5,1,0.8104058577990941,68,,0.2567534679970796,0.2551219512195122,4109.0,4100.0,1055.0,1046.0
holdout,southern_california,M_RW,38,2.0,12,0.799037988409392,76,,0.2567534679970796,0.2551219512195122,4109.0,4100.0,1055.0,1046.0
holdout,southern_california,M_RW,38,3.0,12,0.7787758943660981,91,,0.2567534679970796,0.2551219512195122,4109.0,4100.0,1055.0,1046.0
holdout,southern_california,M_RW,39,0.1,1,0.9084541107673367,7,,0.4752981260647359,0.4741463414634146,4109.0,4100.0,1953.0,1944.0
holdout,southern_california,M_RW,39,0.5,12345,0.8536639631101615,33,,0.23460696033098077,0.2329268292682927,4109.0,4100.0,964.0,955.0
holdout,southern_california,M_RW,39,1.0,15,0.8360154366839624,51,,0.23460696033098077,0.2329268292682927,4109.0,4100.0,964.0,955.0
holdout,southern_california,M_RW,39,1.5,9,0.8215251608828581,60,,0.23460696033098077,0.2329268292682927,4109.0,4100.0,964.0,955.0
holdout,southern_california,M_RW,39,2.0,11,0.8097763654209565,75,,0.23460696033098077,0.2329268292682927,4109.0,4100.0,964.0,955.0
holdout,southern_california,M_RW,39,3.0,14,0.7909261484577963,88,,0.23460696033098077,0.2329268292682927,4109.0,4100.0,964.0,955.0
holdout,southern_california,M_RW,40,0.1,19,0.9062090927199228,7,,0.6137746410318813,0.6129268292682927,4109.0,4100.0,2522.0,2513.0
holdout,southern_california,M_RW,40,0.5,12,0.8570270479195227,33,,0.2518861036748601,0.2502439024390244,4109.0,4100.0,1035.0,1026.0
holdout,southern_california,M_RW,40,1.0,12,0.8389229677966029,55,,0.2572402044293015,0.255609756097561,4109.0,4100.0,1057.0,1048.0
holdout,southern_california,M_RW,40,1.5,19,0.825530768832675,62,,0.2572402044293015,0.255609756097561,4109.0,4100.0,1057.0,1048.0
holdout,southern_california,M_RW,40,2.0,17,0.8144499779375366,75,,0.2572402044293015,0.255609756097561,4109.0,4100.0,1057.0,1048.0
holdout,southern_california,M_RW,40,3.0,17,0.7956681539795448,84,,0.2572402044293015,0.255609756097561,4109.0,4100.0,1057.0,1048.0
holdout,southern_california,M_RW,41,0.1,6,0.9065168847655455,8,,0.9549768800194695,0.9548780487804878,4109.0,4100.0,3924.0,3915.0
holdout,southern_california,M_RW,41,0.5,3,0.8528631333326245,35,,0.40253102944755415,0.401219512195122,4109.0,4100.0,1654.0,1645.0
holdout,southern_california,M_RW,41,1.0,2,0.8341455615214114,57,,0.36894621562423946,0.3675609756097561,4109.0,4100.0,1516.0,1507.0
holdout,southern_california,M_RW,41,1.5,16,0.8202309886739072,67,,0.36894621562423946,0.3675609756097561,4109.0,4100.0,1516.0,1507.0
holdout,southern_california,M_RW,41,2.0,11,0.8092046018690241,75,,0.36894621562423946,0.3675609756097561,4109.0,4100.0,1516.0,1507.0
holdout,southern_california,M_RW,41,3.0,9,0.7899869112908349,91,,0.36894621562423946,0.3675609756097561,4109.0,4100.0,1516.0,1507.0
holdout,southern_california,M_RW,42,0.1,12,0.9073237829833701,7,,0.6106108542224385,0.6097560975609756,4109.0,4100.0,2509.0,2500.0
holdout,southern_california,M_RW,42,0.5,12,0.8521507948532857,30,,0.2343635921148698,0.2326829268292683,4109.0,4100.0,963.0,954.0
holdout,southern_california,M_RW,42,1.0,6,0.8311385026961837,49,,0.2343635921148698,0.2326829268292683,4109.0,4100.0,963.0,954.0
holdout,southern_california,M_RW,42,1.5,15,0.8150365921585732,63,,0.2343635921148698,0.2326829268292683,4109.0,4100.0,963.0,954.0
holdout,southern_california,M_RW,42,2.0,15,0.802257615872511,72,,0.2343635921148698,0.2326829268292683,4109.0,4100.0,963.0,954.0
holdout,southern_california,M_RW,42,3.0,10,0.7810819766416613,82,,0.2343635921148698,0.2326829268292683,4109.0,4100.0,963.0,954.0
holdout,southern_california,M_RW,43,0.1,2,0.9047776431719274,6,,0.9900219031394499,0.99,4109.0,4100.0,4068.0,4059.0
holdout,southern_california,M_RW,43,0.5,11,0.8518987737691079,35,,0.2465320029204186,0.2448780487804878,4109.0,4100.0,1013.0,1004.0
holdout,southern_california,M_RW,43,1.0,17,0.8325582934980804,49,,0.2343635921148698,0.2326829268292683,4109.0,4100.0,963.0,954.0
holdout,southern_california,M_RW,43,1.5,4,0.8177413611870784,59,,0.2343635921148698,0.2326829268292683,4109.0,4100.0,963.0,954.0
holdout,southern_california,M_RW,43,2.0,11,0.8053850444120557,73,,0.2343635921148698,0.2326829268292683,4109.0,4100.0,963.0,954.0
holdout,southern_california,M_RW,43,3.0,3,0.7850688151016667,88,,0.2343635921148698,0.2326829268292683,4109.0,4100.0,963.0,954.0
holdout,southern_california,M_RW,44,0.1,2,0.9044624093061068,6,,0.9654417133122414,0.9653658536585366,4109.0,4100.0,3967.0,3958.0
holdout,southern_california,M_RW,44,0.5,2,0.8436211130498393,30,,0.23509369676320271,0.23341463414634148,4109.0,4100.0,966.0,957.0
holdout,southern_california,M_RW,44,1.0,6,0.8237355934073871,48,,0.2343635921148698,0.2326829268292683,4109.0,4100.0,963.0,954.0
holdout,southern_california,M_RW,44,1.5,4,0.8080706734877262,61,,0.2343635921148698,0.2326829268292683,4109.0,4100.0,963.0,954.0
holdout,southern_california,M_RW,44,2.0,15,0.7941038228330876,67,,0.2343635921148698,0.2326829268292683,4109.0,4100.0,963.0,954.0
holdout,southern_california,M_RW,44,3.0,4,0.7713959374817714,83,,0.2343635921148698,0.2326829268292683,4109.0,4100.0,963.0,954.0
holdout,southern_california,M_RW,45,0.1,10,0.908287562754255,7,,0.9632513993672427,0.963170731707317,4109.0,4100.0,3958.0,3949.0
holdout,southern_california,M_RW,45,0.5,1,0.8512777638061492,31,,0.29642248722316866,0.2948780487804878,4109.0,4100.0,1218.0,1209.0
holdout,southern_california,M_RW,45,1.0,6,0.8319880662853978,46,,0.26527135556096376,0.26365853658536587,4109.0,4100.0,1090.0,1081.0
holdout,southern_california,M_RW,45,1.5,5,0.8179253422443447,56,,0.24677537113652956,0.2451219512195122,4109.0,4100.0,1014.0,1005.0
holdout,southern_california,M_RW,45,2.0,5,0.8051069042137905,63,,0.24677537113652956,0.2451219512195122,4109.0,4100.0,1014.0,1005.0
holdout,southern_california,M_RW,45,3.0,12,0.7835494445242474,75,,0.2343635921148698,0.2326829268292683,4109.0,4100.0,963.0,954.0
holdout,southern_california,M_RW,46,0.1,6,0.9085333597305085,8,,0.45607203699196885,0.4548780487804878,4109.0,4100.0,1874.0,1865.0
holdout,southern_california,M_RW,46,0.5,12,0.8562597702817705,39,,0.2353370649793137,0.23365853658536587,4109.0,4100.0,967.0,958.0
holdout,southern_california,M_RW,46,1.0,14,0.8381021488066517,52,,0.23558043319542468,0.23390243902439026,4109.0,4100.0,968.0,959.0
holdout,southern_california,M_RW,46,1.5,14,0.8241366513774346,62,,0.23558043319542468,0.23390243902439026,4109.0,4100.0,968.0,959.0
holdout,southern_california,M_RW,46,2.0,18,0.8126188739672614,72,,0.2353370649793137,0.23365853658536587,4109.0,4100.0,967.0,958.0
holdout,southern_california,M_RW,46,3.0,11,0.7932775333759201,89,,0.2353370649793137,0.23365853658536587,4109.0,4100.0,967.0,958.0
holdout,southern_california,M_RW,47,0.1,5,0.9056767043665869,7,,0.9428084692139207,0.9426829268292682,4109.0,4100.0,3874.0,3865.0
holdout,southern_california,M_RW,47,0.5,14,0.8555838501596096,30,,0.2616208323192991,0.26,4109.0,4100.0,1075.0,1066.0
holdout,southern_california,M_RW,47,1.0,6,0.8367849550255942,46,,0.2616208323192991,0.26,4109.0,4100.0,1075.0,1066.0
holdout,southern_california,M_RW,47,1.5,10,0.8221132443957742,57,,0.272815770260404,0.27121951219512197,4109.0,4100.0,1121.0,1112.0
holdout,southern_california,M_RW,47,2.0,11,0.8101021814044547,69,,0.28401070820150887,0.2824390243902439,4109.0,4100.0,1167.0,1158.0
holdout,southern_california,M_RW,47,3.0,2,0.7902578365876624,84,,0.28401070820150887,0.2824390243902439,4109.0,4100.0,1167.0,1158.0
holdout,southern_california,M_RW,48,0.1,6,0.9093728631939929,7,,0.646872718422974,0.6460975609756098,4109.0,4100.0,2658.0,2649.0
holdout,southern_california,M_RW,48,0.5,12,0.85422876183896,34,,0.2543197858359698,0.2526829268292683,4109.0,4100.0,1045.0,1036.0
holdout,southern_california,M_RW,48,1.0,13,0.8368383353867337,53,,0.24117790216597712,0.2395121951219512,4109.0,4100.0,991.0,982.0
holdout,southern_california,M_RW,48,1.5,11,0.8227651390952213,62,,0.24117790216597712,0.2395121951219512,4109.0,4100.0,991.0,982.0
holdout,southern_california,M_RW,48,2.0,9,0.8109880764532664,73,,0.24117790216597712,0.2395121951219512,4109.0,4100.0,991.0,982.0
holdout,southern_california,M_RW,48,3.0,9,0.7906370096002489,87,,0.2343635921148698,0.2326829268292683,4109.0,4100.0,963.0,954.0
holdout,southern_california,M_RW,49,0.1,3,0.9080444575610677,7,,0.9997566317838891,0.9997560975609756,4109.0,4100.0,4108.0,4099.0
holdout,southern_california,M_RW,49,0.5,13,0.8569488303237384,32,,0.27841323923095646,0.27682926829268295,4109.0,4100.0,1144.0,1135.0
holdout,southern_california,M_RW,49,1.0,4,0.83838330620273,50,,0.25918715015818933,0.2575609756097561,4109.0,4100.0,1065.0,1056.0
holdout,southern_california,M_RW,49,1.5,4,0.8250082641698904,64,,0.25918715015818933,0.2575609756097561,4109.0,4100.0,1065.0,1056.0
holdout,southern_california,M_RW,49,2.0,12345,0.8136999059791271,73,,0.25918715015818933,0.2575609756097561,4109.0,4100.0,1065.0,1056.0
holdout,southern_california,M_RW,49,3.0,19,0.7945363406599352,85,,0.2343635921148698,0.2326829268292683,4109.0,4100.0,963.0,954.0
holdout,southern_california,M_RW,50,0.1,7,0.907406643724272,7,,0.4492577269408615,0.4480487804878049,4109.0,4100.0,1846.0,1837.0
holdout,southern_california,M_RW,50,0.5,18,0.8517570878682437,32,,0.24677537113652956,0.2451219512195122,4109.0,4100.0,1014.0,1005.0
holdout,southern_california,M_RW,50,1.0,7,0.8322981901489032,44,,0.23704064249209053,0.23536585365853657,4109.0,4100.0,974.0,965.0
holdout,southern_california,M_RW,50,1.5,13,0.8163861711248919,57,,0.2343635921148698,0.2326829268292683,4109.0,4100.0,963.0,954.0
holdout,southern_california,M_RW,50,2.0,9,0.8034018635319182,66,,0.2343635921148698,0.2326829268292683,4109.0,4100.0,963.0,954.0
holdout,southern_california,M_RW,50,3.0,10,0.7817034209531114,81,,0.2343635921148698,0.2326829268292683,4109.0,4100.0,963.0,954.0
holdout,southern_california,M_RW,51,0.1,6,0.9054504518769363,6,,0.9934290581650036,0.9934146341463415,4109.0,4100.0,4082.0,4073.0
holdout,southern_california,M_RW,51,0.5,9,0.8540944423865134,28,,0.2343635921148698,0.2326829268292683,4109.0,4100.0,963.0,954.0
holdout,southern_california,M_RW,51,1.0,17,0.8350523662968885,48,,0.2343635921148698,0.2326829268292683,4109.0,4100.0,963.0,954.0
holdout,southern_california,M_RW,51,1.5,2,0.8209774928113417,58,,0.2343635921148698,0.2326829268292683,4109.0,4100.0,963.0,954.0
holdout,southern_california,M_RW,51,2.0,5,0.809271152996883,66,,0.2343635921148698,0.2326829268292683,4109.0,4100.0,963.0,954.0
holdout,southern_california,M_RW,51,3.0,9,0.7895376410132444,81,,0.2343635921148698,0.2326829268292683,4109.0,4100.0,963.0,954.0
holdout,southern_california,M_RW,52,0.1,9,0.9036892114011666,4,,0.8471647602823071,0.8468292682926829,4109.0,4100.0,3481.0,3472.0
holdout,southern_california,M_RW,52,0.5,6,0.8558779393169307,33,,0.23898758822097835,0.2373170731707317,4109.0,4100.0,982.0,973.0
holdout,southern_california,M_RW,52,1.0,9,0.8384731700213485,48,,0.23898758822097835,0.2373170731707317,4109.0,4100.0,982.0,973.0
holdout,southern_california,M_RW,52,1.5,12345,0.8250358253463322,62,,0.23898758822097835,0.2373170731707317,4109.0,4100.0,982.0,973.0
holdout,southern_california,M_RW,52,2.0,17,0.8137096354826788,74,,0.23898758822097835,0.2373170731707317,4109.0,4100.0,982.0,973.0
holdout,southern_california,M_RW,52,3.0,18,0.7938152113207403,87,,0.23898758822097835,0.2373170731707317,4109.0,4100.0,982.0,973.0
holdout,southern_california,M_RW,53,0.1,13,0.9083496303482085,6,,0.8087125821367729,0.8082926829268293,4109.0,4100.0,3323.0,3314.0
holdout,southern_california,M_RW,53,0.5,9,0.8436205803127792,34,,0.24701873935264054,0.24536585365853658,4109.0,4100.0,1015.0,1006.0
holdout,southern_california,M_RW,53,1.0,3,0.8249653367741012,57,,0.24701873935264054,0.24536585365853658,4109.0,4100.0,1015.0,1006.0
holdout,southern_california,M_RW,53,1.5,11,0.8114761933452348,66,,0.24701873935264054,0.24536585365853658,4109.0,4100.0,1015.0,1006.0
holdout,southern_california,M_RW,53,2.0,10,0.799447420397999,74,,0.24701873935264054,0.24536585365853658,4109.0,4100.0,1015.0,1006.0
holdout,southern_california,M_RW,53,3.0,17,0.7778597417340382,82,,0.24701873935264054,0.24536585365853658,4109.0,4100.0,1015.0,1006.0
holdout,southern_california,M_RW,54,0.1,6,0.9095855674686394,8,,0.9656850815283524,0.965609756097561,4109.0,4100.0,3968.0,3959.0
holdout,southern_california,M_RW,54,0.5,11,0.8460282275776082,31,,0.39766366512533463,0.39634146341463417,4109.0,4100.0,1634.0,1625.0
holdout,southern_california,M_RW,54,1.0,17,0.8263720923449601,46,,0.39766366512533463,0.39634146341463417,4109.0,4100.0,1634.0,1625.0
holdout,southern_california,M_RW,54,1.5,1,0.811453702607365,64,,0.3180822584570455,0.31658536585365854,4109.0,4100.0,1307.0,1298.0
holdout,southern_california,M_RW,54,2.0,10,0.7996945584318805,71,,0.3180822584570455,0.31658536585365854,4109.0,4100.0,1307.0,1298.0
holdout,southern_california,M_RW,54,3.0,10,0.7791084275486487,83,,0.3180822584570455,0.31658536585365854,4109.0,4100.0,1307.0,1298.0
holdout,southern_california,M_RW,55,0.1,7,0.9043302276858844,8,,0.757605256753468,0.7570731707317073,4109.0,4100.0,3113.0,3104.0
holdout,southern_california,M_RW,55,0.5,11,0.8495027129810772,31,,0.28036018495984427,0.2787804878048781,4109.0,4100.0,1152.0,1143.0
holdout,southern_california,M_RW,55,1.0,9,0.8305226748765642,50,,0.2548065222681918,0.2531707317073171,4109.0,4100.0,1047.0,1038.0
holdout,southern_california,M_RW,55,1.5,11,0.8165474308612555,61,,0.2548065222681918,0.2531707317073171,4109.0,4100.0,1047.0,1038.0
holdout,southern_california,M_RW,55,2.0,6,0.8044762204266462,72,,0.2548065222681918,0.2531707317073171,4109.0,4100.0,1047.0,1038.0
holdout,southern_california,M_RW,55,3.0,3,0.784335246507993,86,,0.25407641761985883,0.2524390243902439,4109.0,4100.0,1044.0,1035.0
holdout,southern_california,M_RW,56,0.1,7,0.9042801722062339,7,,0.959600876125578,0.9595121951219512,4109.0,4100.0,3943.0,3934.0
holdout,southern_california,M_RW,56,0.5,12,0.856977656849179,30,,0.27914334387928935,0.2775609756097561,4109.0,4100.0,1147.0,1138.0
holdout,southern_california,M_RW,56,1.0,11,0.8370459575491875,46,,0.27914334387928935,0.2775609756097561,4109.0,4100.0,1147.0,1138.0
holdout,southern_california,M_RW,56,1.5,17,0.8233208430380878,68,,0.27914334387928935,0.2775609756097561,4109.0,4100.0,1147.0,1138.0
holdout,southern_california,M_RW,56,2.0,7,0.8115733504818254,70,,0.27914334387928935,0.2775609756097561,4109.0,4100.0,1147.0,1138.0
holdout,southern_california,M_RW,56,3.0,7,0.7902405864288188,83,,0.27914334387928935,0.2775609756097561,4109.0,4100.0,1147.0,1138.0
holdout,southern_california,M_RW,57,0.1,14,0.9091729459443204,7,,0.938671209540034,0.9385365853658536,4109.0,4100.0,3857.0,3848.0
holdout,southern_california,M_RW,57,0.5,10,0.8546400556167776,34,,0.6342175711852032,0.6334146341463415,4109.0,4100.0,2606.0,2597.0
holdout,southern_california,M_RW,57,1.0,18,0.8347643588226954,49,,0.36918958384035044,0.3678048780487805,4109.0,4100.0,1517.0,1508.0
holdout,southern_california,M_RW,57,1.5,3,0.8206185726488361,63,,0.5023119980530543,0.501219512195122,4109.0,4100.0,2064.0,2055.0
holdout,southern_california,M_RW,57,2.0,16,0.8088955891795717,78,,0.5023119980530543,0.501219512195122,4109.0,4100.0,2064.0,2055.0
holdout,southern_california,M_RW,57,3.0,5,0.7891699536772875,90,,0.27914334387928935,0.2775609756097561,4109.0,4100.0,1147.0,1138.0
holdout,southern_california,M_RW,58,0.1,19,0.9101495234626427,8,,0.8055487953273303,0.8051219512195122,4109.0,4100.0,3310.0,3301.0
holdout,southern_california,M_RW,58,0.5,10,0.8578030249625643,35,,0.2587004137259674,0.2570731707317073,4109.0,4100.0,1063.0,1054.0
holdout,southern_california,M_RW,58,1.0,6,0.8388780490866542,51,,0.23485032854709176,0.23317073170731709,4109.0,4100.0,965.0,956.0
holdout,southern_california,M_RW,58,1.5,13,0.8256972957247108,61,,0.24628863470430762,0.2446341463414634,4109.0,4100.0,1012.0,1003.0
holdout,southern_california,M_RW,58,2.0,8,0.8141202163697866,72,,0.24628863470430762,0.2446341463414634,4109.0,4100.0,1012.0,1003.0
holdout,southern_california,M_RW,58,3.0,16,0.7933381579183411,85,,0.24628863470430762,0.2446341463414634,4109.0,4100.0,1012.0,1003.0
holdout,southern_california,M_RW,59,0.1,10,0.9074736320877448,10,,0.8357264541250913,0.8353658536585366,4109.0,4100.0,3434.0,3425.0
holdout,southern_california,M_RW,59,0.5,7,0.8544845047565057,34,,0.36894621562423946,0.3675609756097561,4109.0,4100.0,1516.0,1507.0
holdout,southern_california,M_RW,59,1.0,9,0.8341043590922875,50,,0.36894621562423946,0.3675609756097561,4109.0,4100.0,1516.0,1507.0
holdout,southern_california,M_RW,59,1.5,8,0.8184458263733487,62,,0.36894621562423946,0.3675609756097561,4109.0,4100.0,1516.0,1507.0
holdout,southern_california,M_RW,59,2.0,10,0.8051832111076086,70,,0.2343635921148698,0.2326829268292683,4109.0,4100.0,963.0,954.0
holdout,southern_california,M_RW,59,3.0,4,0.7839744305811347,83,,0.2343635921148698,0.2326829268292683,4109.0,4100.0,963.0,954.0
holdout,southern_california,M_RW,60,0.1,12,0.9066974454729743,7,,0.8447310781211974,0.844390243902439,4109.0,4100.0,3471.0,3462.0
holdout,southern_california,M_RW,60,0.5,17,0.8598850015909414,38,,0.2572402044293015,0.255609756097561,4109.0,4100.0,1057.0,1048.0
holdout,southern_california,M_RW,60,1.0,18,0.8420223543357085,53,,0.2343635921148698,0.2326829268292683,4109.0,4100.0,963.0,954.0
holdout,southern_california,M_RW,60,1.5,5,0.8292980161668615,64,,0.2343635921148698,0.2326829268292683,4109.0,4100.0,963.0,954.0
holdout,southern_california,M_RW,60,2.0,9,0.8184096046015554,73,,0.2343635921148698,0.2326829268292683,4109.0,4100.0,963.0,954.0
holdout,southern_california,M_RW,60,3.0,9,0.7985908387198132,90,,0.2343635921148698,0.2326829268292683,4109.0,4100.0,963.0,954.0
holdout,southern_california,M_RW,61,0.1,18,0.9099535273341565,7,,0.7967875395473352,0.7963414634146342,4109.0,4100.0,3274.0,3265.0
holdout,southern_california,M_RW,61,0.5,5,0.8609556599528906,35,,0.2694086152348503,0.2678048780487805,4109.0,4100.0,1107.0,1098.0
holdout,southern_california,M_RW,61,1.0,13,0.8417480364384446,53,,0.24385495254319786,0.2421951219512195,4109.0,4100.0,1002.0,993.0
holdout,southern_california,M_RW,61,1.5,8,0.8275537069295341,65,,0.24385495254319786,0.2421951219512195,4109.0,4100.0,1002.0,993.0
holdout,southern_california,M_RW,61,2.0,8,0.8158569081948118,76,,0.24361158432708688,0.24195121951219511,4109.0,4100.0,1001.0,992.0
holdout,southern_california,M_RW,61,3.0,14,0.7965017135101917,91,,0.2343635921148698,0.2326829268292683,4109.0,4100.0,963.0,954.0
holdout,southern_california,M_RW,62,0.1,17,0.9099133785585394,7,,0.6605013385251887,0.6597560975609756,4109.0,4100.0,2714.0,2705.0
holdout,southern_california,M_RW,62,0.5,19,0.8555827269895697,34,,0.2937454368459479,0.2921951219512195,4109.0,4100.0,1207.0,1198.0
holdout,southern_california,M_RW,62,1.0,4,0.837638810791173,56,,0.2937454368459479,0.2921951219512195,4109.0,4100.0,1207.0,1198.0
holdout,southern_california,M_RW,62,1.5,19,0.8245749550498672,65,,0.2937454368459479,0.2921951219512195,4109.0,4100.0,1207.0,1198.0
holdout,southern_california,M_RW,62,2.0,6,0.8130176295412107,72,,0.2465320029204186,0.2448780487804878,4109.0,4100.0,1013.0,1004.0
holdout,southern_california,M_RW,62,3.0,2,0.7932507931457503,86,,0.2465320029204186,0.2448780487804878,4109.0,4100.0,1013.0,1004.0
holdout,southern_california,M_RW,63,0.1,10,0.9074353866092927,8,,0.2869311267948406,0.28536585365853656,4109.0,4100.0,1179.0,1170.0
holdout,southern_california,M_RW,63,0.5,19,0.8598808107343198,29,,0.2664881966415186,0.2648780487804878,4109.0,4100.0,1095.0,1086.0
holdout,southern_california,M_RW,63,1.0,12345,0.842896110014337,56,,0.2343635921148698,0.2326829268292683,4109.0,4100.0,963.0,954.0
holdout,southern_california,M_RW,63,1.5,12345,0.8308777677421249,64,,0.2343635921148698,0.2326829268292683,4109.0,4100.0,963.0,954.0
holdout,southern_california,M_RW,63,2.0,1,0.8197502936257556,69,,0.2343635921148698,0.2326829268292683,4109.0,4100.0,963.0,954.0
holdout,southern_california,M_RW,63,3.0,6,0.8004286525974533,81,,0.2343635921148698,0.2326829268292683,4109.0,4100.0,963.0,954.0
holdout,southern_california,M_RW,64,0.1,15,0.9043833623791854,5,,0.9844244341688976,0.984390243902439,4109.0,4100.0,4045.0,4036.0
holdout,southern_california,M_RW,64,0.5,17,0.8494617085851647,30,,0.2587004137259674,0.2570731707317073,4109.0,4100.0,1063.0,1054.0
holdout,southern_california,M_RW,64,1.0,3,0.8298174523820376,44,,0.2518861036748601,0.2502439024390244,4109.0,4100.0,1035.0,1026.0
holdout,southern_california,M_RW,64,1.5,3,0.8146840740701712,54,,0.2518861036748601,0.2502439024390244,4109.0,4100.0,1035.0,1026.0
holdout,southern_california,M_RW,64,2.0,6,0.8027209273944462,61,,0.2518861036748601,0.2502439024390244,4109.0,4100.0,1035.0,1026.0
holdout,southern_california,M_RW,64,3.0,17,0.7814134546629204,77,,0.2343635921148698,0.2326829268292683,4109.0,4100.0,963.0,954.0
holdout,southern_california,M_RW,65,0.1,16,0.9068386364156533,7,,0.47237770747140423,0.4712195121951219,4109.0,4100.0,1941.0,1932.0
holdout,southern_california,M_RW,65,0.5,14,0.8528656423541995,31,,0.2674616695059625,0.2658536585365854,4109.0,4100.0,1099.0,1090.0
holdout,southern_california,M_RW,65,1.0,3,0.8343351088005504,53,,0.23460696033098077,0.2329268292682927,4109.0,4100.0,964.0,955.0
holdout,southern_california,M_RW,65,1.5,7,0.8222432661559904,64,,0.23460696033098077,0.2329268292682927,4109.0,4100.0,964.0,955.0
holdout,southern_california,M_RW,65,2.0,12,0.8107965854682528,68,,0.23460696033098077,0.2329268292682927,4109.0,4100.0,964.0,955.0
holdout,southern_california,M_RW,65,3.0,4,0.7917118323799706,86,,0.2343635921148698,0.2326829268292683,4109.0,4100.0,963.0,954.0
holdout,southern_california,M_RW,66,0.1,17,0.9095065105466874,8,,0.9690922365539061,0.9690243902439024,4109.0,4100.0,3982.0,3973.0
holdout,southern_california,M_RW,66,0.5,8,0.8569504223090465,31,,0.23850085178875638,0.23682926829268292,4109.0,4100.0,980.0,971.0
holdout,southern_california,M_RW,66,1.0,13,0.8387920094181573,48,,0.2343635921148698,0.2326829268292683,4109.0,4100.0,963.0,954.0
holdout,southern_california,M_RW,66,1.5,11,0.8243588332162182,54,,0.2343635921148698,0.2326829268292683,4109.0,4100.0,963.0,954.0
holdout,southern_california,M_RW,66,2.0,14,0.8115083907865361,65,,0.2343635921148698,0.2326829268292683,4109.0,4100.0,963.0,954.0
holdout,southern_california,M_RW,66,3.0,17,0.7906357161100865,79,,0.2343635921148698,0.2326829268292683,4109.0,4100.0,963.0,954.0
holdout,southern_california,M_RW,67,0.1,14,0.9116822433535038,10,,0.26843514237040644,0.26682926829268294,4109.0,4100.0,1103.0,1094.0
holdout,southern_california,M_RW,67,0.5,4,0.8482293901940998,33,,0.2343635921148698,0.2326829268292683,4109.0,4100.0,963.0,954.0
holdout,southern_california,M_RW,67,1.0,13,0.8295969677105609,53,,0.2343635921148698,0.2326829268292683,4109.0,4100.0,963.0,954.0
holdout,southern_california,M_RW,67,1.5,9,0.8169725798985186,66,,0.2343635921148698,0.2326829268292683,4109.0,4100.0,963.0,954.0
holdout,southern_california,M_RW,67,2.0,3,0.8055909129200616,72,,0.2343635921148698,0.2326829268292683,4109.0,4100.0,963.0,954.0
holdout,southern_california,M_RW,67,3.0,14,0.7853297523111612,92,,0.2343635921148698,0.2326829268292683,4109.0,4100.0,963.0,954.0
holdout,southern_california,M_RW,68,0.1,6,0.9055052069834044,7,,0.8766123144317353,0.8763414634146341,4109.0,4100.0,3602.0,3593.0
holdout,southern_california,M_RW,68,0.5,19,0.8611444085593385,35,,0.27646629350206864,0.2748780487804878,4109.0,4100.0,1136.0,1127.0
holdout,southern_california,M_RW,68,1.0,9,0.8430191340387896,53,,0.28036018495984427,0.2787804878048781,4109.0,4100.0,1152.0,1143.0
holdout,southern_california,M_RW,68,1.5,4,0.8290731606543633,68,,0.23825748357264542,0.23658536585365852,4109.0,4100.0,979.0,970.0
holdout,southern_california,M_RW,68,2.0,19,0.8174624251183448,79,,0.23825748357264542,0.23658536585365852,4109.0,4100.0,979.0,970.0
holdout,southern_california,M_RW,68,3.0,5,0.7984984594782457,93,,0.2343635921148698,0.2326829268292683,4109.0,4100.0,963.0,954.0
holdout,southern_california,M_RW,69,0.1,4,0.9046066423693071,5,,0.46093940131418837,0.45975609756097563,4109.0,4100.0,1894.0,1885.0
holdout,southern_california,M_RW,69,0.5,5,0.8572238970593777,30,,0.27038208809929426,0.26878048780487807,4109.0,4100.0,1111.0,1102.0
holdout,southern_california,M_RW,69,1.0,17,0.8385677036214845,53,,0.2455585300559747,0.24390243902439024,4109.0,4100.0,1009.0,1000.0
holdout,southern_california,M_RW,69,1.5,7,0.8247038946543659,61,,0.2455585300559747,0.24390243902439024,4109.0,4100.0,1009.0,1000.0
holdout,southern_california,M_RW,69,2.0,16,0.812941209822819,67,,0.2455585300559747,0.24390243902439024,4109.0,4100.0,1009.0,1000.0
holdout,southern_california,M_RW,69,3.0,19,0.7925229135195259,82,,0.2455585300559747,0.24390243902439024,4109.0,4100.0,1009.0,1000.0
holdout,southern_california,M_RW,70,0.1,13,0.9039390337812937,8,,0.9917254806522268,0.9917073170731707,4109.0,4100.0,4075.0,4066.0
holdout,southern_california,M_RW,70,0.5,9,0.8563347249474139,35,,0.27038208809929426,0.26878048780487807,4109.0,4100.0,1111.0,1102.0
holdout,southern_california,M_RW,70,1.0,12345,0.8379769234014641,53,,0.2698953516670723,0.2682926829268293,4109.0,4100.0,1109.0,1100.0
holdout,southern_california,M_RW,70,1.5,2,0.8235089632763286,60,,0.2698953516670723,0.2682926829268293,4109.0,4100.0,1109.0,1100.0
holdout,southern_california,M_RW,70,2.0,4,0.8112422973845919,73,,0.2679484059381845,0.26634146341463416,4109.0,4100.0,1101.0,1092.0
holdout,southern_california,M_RW,70,3.0,1,0.7909912372911184,89,,0.2594305183743003,0.2578048780487805,4109.0,4100.0,1066.0,1057.0
holdout,southern_california,M_RW,71,0.1,6,0.908311663668112,8,,0.8605500121684108,0.8602439024390244,4109.0,4100.0,3536.0,3527.0
holdout,southern_california,M_RW,71,0.5,13,0.8516761622973874,34,,0.23509369676320271,0.23341463414634148,4109.0,4100.0,966.0,957.0
holdout,southern_california,M_RW,71,1.0,19,0.8331593245060276,52,,0.23509369676320271,0.23341463414634148,4109.0,4100.0,966.0,957.0
holdout,southern_california,M_RW,71,1.5,11,0.8191988416552742,62,,0.24628863470430762,0.2446341463414634,4109.0,4100.0,1012.0,1003.0
holdout,southern_california,M_RW,71,2.0,12,0.807713385574108,76,,0.24628863470430762,0.2446341463414634,4109.0,4100.0,1012.0,1003.0
holdout,southern_california,M_RW,71,3.0,2,0.7889002859666138,86,,0.23485032854709176,0.23317073170731709,4109.0,4100.0,965.0,956.0
holdout,southern_california,M_RW,72,0.1,7,0.9052304031839669,7,,0.9948892674616695,0.9948780487804878,4109.0,4100.0,4088.0,4079.0
holdout,southern_california,M_RW,72,0.5,9,0.8449288776170663,32,,0.2604039912387442,0.25878048780487806,4109.0,4100.0,1070.0,1061.0
holdout,southern_california,M_RW,72,1.0,18,0.8234573605395378,53,,0.24458505719153079,0.24292682926829268,4109.0,4100.0,1005.0,996.0
holdout,southern_california,M_RW,72,1.5,15,0.8081713022670606,64,,0.24458505719153079,0.24292682926829268,4109.0,4100.0,1005.0,996.0
holdout,southern_california,M_RW,72,2.0,11,0.7961763698547831,73,,0.24458505719153079,0.24292682926829268,4109.0,4100.0,1005.0,996.0
holdout,southern_california,M_RW,72,3.0,13,0.7756004062973115,85,,0.23825748357264542,0.23658536585365852,4109.0,4100.0,979.0,970.0
holdout,southern_california,M_RW,73,0.1,12,0.9081836628940569,6,,0.970309077634461,0.9702439024390244,4109.0,4100.0,3987.0,3978.0
holdout,southern_california,M_RW,73,0.5,6,0.8480248896191611,29,,0.2343635921148698,0.2326829268292683,4109.0,4100.0,963.0,954.0
holdout,southern_california,M_RW,73,1.0,17,0.8271201551700482,45,,0.2343635921148698,0.2326829268292683,4109.0,4100.0,963.0,954.0
holdout,southern_california,M_RW,73,1.5,4,0.8111459289607831,53,,0.2343635921148698,0.2326829268292683,4109.0,4100.0,963.0,954.0
holdout,southern_california,M_RW,73,2.0,10,0.7990600668839096,69,,0.2343635921148698,0.2326829268292683,4109.0,4100.0,963.0,954.0
holdout,southern_california,M_RW,73,3.0,10,0.7780856093086315,79,,0.2343635921148698,0.2326829268292683,4109.0,4100.0,963.0,954.0
holdout,southern_california,M_RW,74,0.1,8,0.9063733174954961,8,,0.9656850815283524,0.965609756097561,4109.0,4100.0,3968.0,3959.0
holdout,southern_california,M_RW,74,0.5,7,0.8487645579790553,33,,0.23509369676320271,0.23341463414634148,4109.0,4100.0,966.0,957.0
holdout,southern_california,M_RW,74,1.0,7,0.82797706545855,48,,0.2647846191287418,0.2631707317073171,4109.0,4100.0,1088.0,1079.0
holdout,southern_california,M_RW,74,1.5,18,0.8119098411847828,60,,0.26405451448040884,0.2624390243902439,4109.0,4100.0,1085.0,1076.0
holdout,southern_california,M_RW,74,2.0,12,0.7994633854502035,70,,0.2647846191287418,0.2631707317073171,4109.0,4100.0,1088.0,1079.0
holdout,southern_california,M_RW,74,3.0,3,0.7787967371592345,82,,0.2647846191287418,0.2631707317073171,4109.0,4100.0,1088.0,1079.0
holdout,southern_california,M_RW,75,0.1,4,0.9051519973920952,5,,0.4655633974202969,0.46439024390243905,4109.0,4100.0,1913.0,1904.0
holdout,southern_california,M_RW,75,0.5,10,0.8543749638546625,33,,0.2353370649793137,0.23365853658536587,4109.0,4100.0,967.0,958.0
holdout,southern_california,M_RW,75,1.0,17,0.8342535723699986,47,,0.2353370649793137,0.23365853658536587,4109.0,4100.0,967.0,958.0
holdout,southern_california,M_RW,75,1.5,15,0.8181007607545039,57,,0.2353370649793137,0.23365853658536587,4109.0,4100.0,967.0,958.0
holdout,southern_california,M_RW,75,2.0,19,0.804978669790041,68,,0.2353370649793137,0.23365853658536587,4109.0,4100.0,967.0,958.0
holdout,southern_california,M_RW,75,3.0,18,0.7841035708442056,80,,0.2353370649793137,0.23365853658536587,4109.0,4100.0,967.0,958.0
holdout,southern_california,M_RW,76,0.1,7,0.903658994260411,6,,0.999513263567778,0.9995121951219512,4109.0,4100.0,4107.0,4098.0
holdout,southern_california,M_RW,76,0.5,7,0.8455362100749938,33,,0.25334631297152593,0.25170731707317073,4109.0,4100.0,1041.0,1032.0
holdout,southern_california,M_RW,76,1.0,10,0.8247446948032553,48,,0.3341445607203699,0.3326829268292683,4109.0,4100.0,1373.0,1364.0
holdout,southern_california,M_RW,76,1.5,19,0.8079430036218885,59,,0.3341445607203699,0.3326829268292683,4109.0,4100.0,1373.0,1364.0
holdout,southern_california,M_RW,76,2.0,19,0.7941283243363877,69,,0.33073740569481624,0.32926829268292684,4109.0,4100.0,1359.0,1350.0
holdout,southern_california,M_RW,76,3.0,14,0.7705708544473479,81,,0.24701873935264054,0.24536585365853658,4109.0,4100.0,1015.0,1006.0
holdout,southern_california,M_RW,77,0.1,10,0.9053162854780622,7,,0.6607447067412996,0.66,4109.0,4100.0,2715.0,2706.0
holdout,southern_california,M_RW,77,0.5,13,0.8479226649252657,32,,0.3192990995376004,0.3178048780487805,4109.0,4100.0,1312.0,1303.0
holdout,southern_california,M_RW,77,1.0,12345,0.8272147144095529,45,,0.3192990995376004,0.3178048780487805,4109.0,4100.0,1312.0,1303.0
holdout,southern_california,M_RW,77,1.5,10,0.8113279155420268,57,,0.3190557313214894,0.3175609756097561,4109.0,4100.0,1311.0,1302.0
holdout,southern_california,M_RW,77,2.0,3,0.7976529966663808,69,,0.3180822584570455,0.31658536585365854,4109.0,4100.0,1307.0,1298.0
holdout,southern_california,M_RW,77,3.0,8,0.7752759104486151,81,,0.2343635921148698,0.2326829268292683,4109.0,4100.0,963.0,954.0
holdout,southern_california,M_RW,78,0.1,19,0.9072037596830157,10,,1.0,1.0,4109.0,4100.0,4109.0,4100.0
holdout,southern_california,M_RW,78,0.5,5,0.8453865851312895,30,,0.24628863470430762,0.2446341463414634,4109.0,4100.0,1012.0,1003.0
holdout,southern_california,M_RW,78,1.0,17,0.824807030214421,48,,0.24628863470430762,0.2446341463414634,4109.0,4100.0,1012.0,1003.0
holdout,southern_california,M_RW,78,1.5,9,0.8100801140874136,61,,0.25797030907763446,0.25634146341463415,4109.0,4100.0,1060.0,1051.0
holdout,southern_california,M_RW,78,2.0,17,0.7981127083733064,69,,0.25797030907763446,0.25634146341463415,4109.0,4100.0,1060.0,1051.0
holdout,southern_california,M_RW,78,3.0,7,0.7776395621182841,82,,0.2343635921148698,0.2326829268292683,4109.0,4100.0,963.0,954.0
holdout,southern_california,M_RW,79,0.1,17,0.9062447173549335,7,,0.8659041129228523,0.865609756097561,4109.0,4100.0,3558.0,3549.0
holdout,southern_california,M_RW,79,0.5,7,0.8524218528494475,35,,0.2343635921148698,0.2326829268292683,4109.0,4100.0,963.0,954.0
holdout,southern_california,M_RW,79,1.0,12345,0.8319509417442553,52,,0.23728401070820151,0.23560975609756096,4109.0,4100.0,975.0,966.0
holdout,southern_california,M_RW,79,1.5,19,0.8171234274624379,65,,0.2343635921148698,0.2326829268292683,4109.0,4100.0,963.0,954.0
holdout,southern_california,M_RW,79,2.0,19,0.8049694211941107,73,,0.2343635921148698,0.2326829268292683,4109.0,4100.0,963.0,954.0
holdout,southern_california,M_RW,79,3.0,13,0.7837268234990878,88,,0.2343635921148698,0.2326829268292683,4109.0,4100.0,963.0,954.0
holdout,southern_california,M_RW,80,0.1,16,0.9051231053615358,6,,0.5587734241908007,0.5578048780487805,4109.0,4100.0,2296.0,2287.0
holdout,southern_california,M_RW,80,0.5,10,0.8486225832180299,35,,0.25091263081041615,0.24926829268292683,4109.0,4100.0,1031.0,1022.0
holdout,southern_california,M_RW,80,1.0,17,0.8293244685439068,57,,0.25066926259430516,0.24902439024390244,4109.0,4100.0,1030.0,1021.0
holdout,southern_california,M_RW,80,1.5,1,0.8158603433921074,72,,0.24726210756875153,0.24560975609756097,4109.0,4100.0,1016.0,1007.0
holdout,southern_california,M_RW,80,2.0,17,0.8040626412952612,79,,0.24726210756875153,0.24560975609756097,4109.0,4100.0,1016.0,1007.0
holdout,southern_california,M_RW,80,3.0,8,0.7839141193554015,93,,0.24726210756875153,0.24560975609756097,4109.0,4100.0,1016.0,1007.0
holdout,southern_california,M_RW,81,0.1,13,0.9071828118091916,5,,0.4056948162569968,0.40439024390243905,4109.0,4100.0,1667.0,1658.0
holdout,southern_california,M_RW,81,0.5,17,0.8506092793897416,33,,0.36894621562423946,0.3675609756097561,4109.0,4100.0,1516.0,1507.0
holdout,southern_california,M_RW,81,1.0,12345,0.8310758255469105,54,,0.2343635921148698,0.2326829268292683,4109.0,4100.0,963.0,954.0
holdout,southern_california,M_RW,81,1.5,6,0.8168303744668138,68,,0.2343635921148698,0.2326829268292683,4109.0,4100.0,963.0,954.0
holdout,southern_california,M_RW,81,2.0,18,0.8049992185283772,71,,0.2343635921148698,0.2326829268292683,4109.0,4100.0,963.0,954.0
holdout,southern_california,M_RW,81,3.0,19,0.7842499530334812,90,,0.2343635921148698,0.2326829268292683,4109.0,4100.0,963.0,954.0
holdout,southern_california,M_RW,82,0.1,1,0.9060952059862438,4,,0.8629836943295206,0.8626829268292683,4109.0,4100.0,3546.0,3537.0
holdout,southern_california,M_RW,82,0.5,15,0.8488921652133765,32,,0.24628863470430762,0.2446341463414634,4109.0,4100.0,1012.0,1003.0
holdout,southern_california,M_RW,82,1.0,13,0.8290548887545628,52,,0.24604526648819663,0.24439024390243902,4109.0,4100.0,1011.0,1002.0
holdout,southern_california,M_RW,82,1.5,10,0.8146876550637862,63,,0.24604526648819663,0.24439024390243902,4109.0,4100.0,1011.0,1002.0
holdout,southern_california,M_RW,82,2.0,6,0.8021990600874491,71,,0.24604526648819663,0.24439024390243902,4109.0,4100.0,1011.0,1002.0
holdout,southern_california,M_RW,82,3.0,13,0.7805126158041511,85,,0.24604526648819663,0.24439024390243902,4109.0,4100.0,1011.0,1002.0
holdout,southern_california,M_RW,83,0.1,11,0.905081951188476,5,,0.959844244341689,0.9597560975609756,4109.0,4100.0,3944.0,3935.0
holdout,southern_california,M_RW,83,0.5,9,0.8549228914998986,36,,0.24896568508152836,0.2473170731707317,4109.0,4100.0,1023.0,1014.0
holdout,southern_california,M_RW,83,1.0,6,0.8377576362091711,56,,0.24896568508152836,0.2473170731707317,4109.0,4100.0,1023.0,1014.0
holdout,southern_california,M_RW,83,1.5,8,0.8239330053793137,67,,0.2343635921148698,0.2326829268292683,4109.0,4100.0,963.0,954.0
holdout,southern_california,M_RW,83,2.0,1,0.8123037013165523,76,,0.2343635921148698,0.2326829268292683,4109.0,4100.0,963.0,954.0
holdout,southern_california,M_RW,83,3.0,2,0.7936489626348925,91,,0.2343635921148698,0.2326829268292683,4109.0,4100.0,963.0,954.0
holdout,southern_california,M_RW,84,0.1,7,0.9085613042603414,6,,0.939888050620589,0.9397560975609756,4109.0,4100.0,3862.0,3853.0
holdout,southern_california,M_RW,84,0.5,19,0.8493068027738376,38,,0.36894621562423946,0.3675609756097561,4109.0,4100.0,1516.0,1507.0
holdout,southern_california,M_RW,84,1.0,5,0.8295497289863285,54,,0.2343635921148698,0.2326829268292683,4109.0,4100.0,963.0,954.0
holdout,southern_california,M_RW,84,1.5,3,0.815305898879284,65,,0.2343635921148698,0.2326829268292683,4109.0,4100.0,963.0,954.0
holdout,southern_california,M_RW,84,2.0,11,0.8030742270495366,77,,0.2343635921148698,0.2326829268292683,4109.0,4100.0,963.0,954.0
holdout,southern_california,M_RW,84,3.0,4,0.7818740507581489,83,,0.2343635921148698,0.2326829268292683,4109.0,4100.0,963.0,954.0
holdout,southern_california,M_RW,85,0.1,4,0.9069477438146736,7,,0.9812606473594548,0.9812195121951219,4109.0,4100.0,4032.0,4023.0
holdout,southern_california,M_RW,85,0.5,5,0.844294704486325,35,,0.26916524701873934,0.2675609756097561,4109.0,4100.0,1106.0,1097.0
holdout,southern_california,M_RW,85,1.0,19,0.8247501264613094,55,,0.24093453394986614,0.23926829268292682,4109.0,4100.0,990.0,981.0
holdout,southern_california,M_RW,85,1.5,4,0.8102043337427249,64,,0.23971769286931127,0.23804878048780487,4109.0,4100.0,985.0,976.0
holdout,southern_california,M_RW,85,2.0,2,0.7972775868392343,67,,0.2343635921148698,0.2326829268292683,4109.0,4100.0,963.0,954.0
holdout,southern_california,M_RW,85,3.0,4,0.7760680543832918,81,,0.2343635921148698,0.2326829268292683,4109.0,4100.0,963.0,954.0
holdout,southern_california,M_RW,86,0.1,14,0.9037721757740738,6,,0.8474081284984181,0.8470731707317073,4109.0,4100.0,3482.0,3473.0
holdout,southern_california,M_RW,86,0.5,15,0.8494949490792436,32,,0.29642248722316866,0.2948780487804878,4109.0,4100.0,1218.0,1209.0
holdout,southern_california,M_RW,86,1.0,17,0.829570877097534,47,,0.24069116573375518,0.23902439024390243,4109.0,4100.0,989.0,980.0
holdout,southern_california,M_RW,86,1.5,16,0.8155074259613107,62,,0.24069116573375518,0.23902439024390243,4109.0,4100.0,989.0,980.0
holdout,southern_california,M_RW,86,2.0,6,0.8029867823122518,72,,0.24069116573375518,0.23902439024390243,4109.0,4100.0,989.0,980.0
holdout,southern_california,M_RW,86,3.0,14,0.781213733820675,86,,0.24069116573375518,0.23902439024390243,4109.0,4100.0,989.0,980.0
holdout,southern_california,M_RW,87,0.1,7,0.9026685592823186,5,,0.8766123144317353,0.8763414634146341,4109.0,4100.0,3602.0,3593.0
holdout,southern_california,M_RW,87,0.5,14,0.847570092564526,32,,0.403747870528109,0.4024390243902439,4109.0,4100.0,1659.0,1650.0
holdout,southern_california,M_RW,87,1.0,8,0.8271621503053066,48,,0.36943295205646143,0.36804878048780487,4109.0,4100.0,1518.0,1509.0
holdout,southern_california,M_RW,87,1.5,2,0.8130393852905545,57,,0.36943295205646143,0.36804878048780487,4109.0,4100.0,1518.0,1509.0
holdout,southern_california,M_RW,87,2.0,13,0.8006104429640227,64,,0.36943295205646143,0.36804878048780487,4109.0,4100.0,1518.0,1509.0
holdout,southern_california,M_RW,87,3.0,12,0.7795055676937134,81,,0.23485032854709176,0.23317073170731709,4109.0,4100.0,965.0,956.0
holdout,southern_california,M_RW,88,0.1,14,0.9042365448378105,7,,1.0,1.0,4109.0,4100.0,4109.0,4100.0
holdout,southern_california,M_RW,88,0.5,5,0.84783677019571,32,,0.2954490143587247,0.2939024390243902,4109.0,4100.0,1214.0,1205.0
holdout,southern_california,M_RW,88,1.0,10,0.8283698884123902,51,,0.2888780725237284,0.2873170731707317,4109.0,4100.0,1187.0,1178.0
holdout,southern_california,M_RW,88,1.5,1,0.8146793556537963,64,,0.2888780725237284,0.2873170731707317,4109.0,4100.0,1187.0,1178.0
holdout,southern_california,M_RW,88,2.0,8,0.802967009891875,71,,0.2888780725237284,0.2873170731707317,4109.0,4100.0,1187.0,1178.0
holdout,southern_california,M_RW,88,3.0,16,0.7827110734586558,84,,0.27135556096373814,0.2697560975609756,4109.0,4100.0,1115.0,1106.0
holdout,southern_california,M_RW,89,0.1,5,0.908006349867886,8,,0.47919201752251156,0.47804878048780486,4109.0,4100.0,1969.0,1960.0
holdout,southern_california,M_RW,89,0.5,12345,0.8610230848101207,33,,0.2343635921148698,0.2326829268292683,4109.0,4100.0,963.0,954.0
holdout,southern_california,M_RW,89,1.0,4,0.8422943219454192,52,,0.2343635921148698,0.2326829268292683,4109.0,4100.0,963.0,954.0
holdout,southern_california,M_RW,89,1.5,10,0.8282629721588373,61,,0.2343635921148698,0.2326829268292683,4109.0,4100.0,963.0,954.0
holdout,southern_california,M_RW,89,2.0,2,0.8162774597580696,68,,0.2343635921148698,0.2326829268292683,4109.0,4100.0,963.0,954.0
holdout,southern_california,M_RW,89,3.0,2,0.7965811123813551,90,,0.2343635921148698,0.2326829268292683,4109.0,4100.0,963.0,954.0
holdout,southern_california,M_RW,90,0.1,12345,0.9056624332920588,6,,0.454855195911414,0.45365853658536587,4109.0,4100.0,1869.0,1860.0
holdout,southern_california,M_RW,90,0.5,12345,0.8541005070069355,33,,0.28425407641761985,0.28268292682926827,4109.0,4100.0,1168.0,1159.0
holdout,southern_california,M_RW,90,1.0,4,0.8341062841697068,53,,0.272329033828182,0.2707317073170732,4109.0,4100.0,1119.0,1110.0
holdout,southern_california,M_RW,90,1.5,19,0.8195312418315601,61,,0.272329033828182,0.2707317073170732,4109.0,4100.0,1119.0,1110.0
holdout,southern_california,M_RW,90,2.0,6,0.8073230102120029,70,,0.272329033828182,0.2707317073170732,4109.0,4100.0,1119.0,1110.0
holdout,southern_california,M_RW,90,3.0,10,0.7860772789433175,81,,0.2455585300559747,0.24390243902439024,4109.0,4100.0,1009.0,1000.0
holdout,southern_california,M_RW,91,0.1,9,0.9019302747323219,4,,0.9890484302750061,0.9890243902439024,4109.0,4100.0,4064.0,4055.0
holdout,southern_california,M_RW,91,0.5,8,0.8543954077675021,29,,0.2616208323192991,0.26,4109.0,4100.0,1075.0,1066.0
holdout,southern_california,M_RW,91,1.0,15,0.8340385404090814,47,,0.2343635921148698,0.2326829268292683,4109.0,4100.0,963.0,954.0
holdout,southern_california,M_RW,91,1.5,1,0.8188930623293353,61,,0.2343635921148698,0.2326829268292683,4109.0,4100.0,963.0,954.0
holdout,southern_california,M_RW,91,2.0,17,0.8062731745687224,68,,0.2343635921148698,0.2326829268292683,4109.0,4100.0,963.0,954.0
holdout,southern_california,M_RW,91,3.0,4,0.7853124120383341,87,,0.2343635921148698,0.2326829268292683,4109.0,4100.0,963.0,954.0
holdout,southern_california,M_RW,92,0.1,13,0.9049272426568413,6,,0.9951326356777804,0.9951219512195122,4109.0,4100.0,4089.0,4080.0
holdout,southern_california,M_RW,92,0.5,12345,0.8525393183409797,33,,0.28912144073983936,0.2875609756097561,4109.0,4100.0,1188.0,1179.0
holdout,southern_california,M_RW,92,1.0,12345,0.8340710224434263,53,,0.282793867120954,0.281219512195122,4109.0,4100.0,1162.0,1153.0
holdout,southern_california,M_RW,92,1.5,16,0.8207565588752649,62,,0.282793867120954,0.281219512195122,4109.0,4100.0,1162.0,1153.0
holdout,southern_california,M_RW,92,2.0,11,0.8092476143466862,74,,0.282793867120954,0.281219512195122,4109.0,4100.0,1162.0,1153.0
holdout,southern_california,M_RW,92,3.0,12345,0.7899177209221329,87,,0.23558043319542468,0.23390243902439026,4109.0,4100.0,968.0,959.0
holdout,southern_california,M_RW,93,0.1,4,0.9075314250150249,6,,0.9951326356777804,0.9951219512195122,4109.0,4100.0,4089.0,4080.0
holdout,southern_california,M_RW,93,0.5,12,0.8583520295481252,36,,0.2363105378437576,0.2346341463414634,4109.0,4100.0,971.0,962.0
holdout,southern_california,M_RW,93,1.0,10,0.8406906400671581,54,,0.2343635921148698,0.2326829268292683,4109.0,4100.0,963.0,954.0
holdout,southern_california,M_RW,93,1.5,8,0.8274374376080365,65,,0.2343635921148698,0.2326829268292683,4109.0,4100.0,963.0,954.0
holdout,southern_california,M_RW,93,2.0,5,0.815594376919451,70,,0.27038208809929426,0.26878048780487807,4109.0,4100.0,1111.0,1102.0
holdout,southern_california,M_RW,93,3.0,10,0.795087180055172,88,,0.2343635921148698,0.2326829268292683,4109.0,4100.0,963.0,954.0
holdout,southern_california,M_RW,94,0.1,8,0.9077476872979434,5,,0.9985397907033341,0.9985365853658537,4109.0,4100.0,4103.0,4094.0
holdout,southern_california,M_RW,94,0.5,14,0.8453074613187903,25,,0.24896568508152836,0.2473170731707317,4109.0,4100.0,1023.0,1014.0
holdout,southern_california,M_RW,94,1.0,6,0.8252570767640492,44,,0.2343635921148698,0.2326829268292683,4109.0,4100.0,963.0,954.0
holdout,southern_california,M_RW,94,1.5,18,0.8111836191320543,63,,0.2343635921148698,0.2326829268292683,4109.0,4100.0,963.0,954.0
holdout,southern_california,M_RW,94,2.0,18,0.7987374306963072,67,,0.2343635921148698,0.2326829268292683,4109.0,4100.0,963.0,954.0
holdout,southern_california,M_RW,94,3.0,4,0.7778111554986962,77,,0.2343635921148698,0.2326829268292683,4109.0,4100.0,963.0,954.0
holdout,southern_california,M_RW,95,0.1,14,0.9075300783940198,10,,0.999513263567778,0.9995121951219512,4109.0,4100.0,4107.0,4098.0
holdout,southern_california,M_RW,95,0.5,7,0.8539012817462044,34,,0.3185689948892675,0.3170731707317073,4109.0,4100.0,1309.0,1300.0
holdout,southern_california,M_RW,95,1.0,10,0.8365283506588065,50,,0.3652956923825748,0.36390243902439023,4109.0,4100.0,1501.0,1492.0
holdout,southern_california,M_RW,95,1.5,17,0.8233185789029919,64,,0.32465320029204187,0.3231707317073171,4109.0,4100.0,1334.0,1325.0
holdout,southern_california,M_RW,95,2.0,1,0.8125345284701617,74,,0.32270625456315405,0.32121951219512196,4109.0,4100.0,1326.0,1317.0
holdout,southern_california,M_RW,95,3.0,1,0.7941451545792622,85,,0.32270625456315405,0.32121951219512196,4109.0,4100.0,1326.0,1317.0
holdout,southern_california,M_RW,96,0.1,19,0.9060676669396295,6,,0.46629350206862985,0.4651219512195122,4109.0,4100.0,1916.0,1907.0
holdout,southern_california,M_RW,96,0.5,10,0.8500469005865521,32,,0.25091263081041615,0.24926829268292683,4109.0,4100.0,1031.0,1022.0
holdout,southern_california,M_RW,96,1.0,12345,0.8297315113412219,50,,0.2343635921148698,0.2326829268292683,4109.0,4100.0,963.0,954.0
holdout,southern_california,M_RW,96,1.5,5,0.8143464287485561,61,,0.2594305183743003,0.2578048780487805,4109.0,4100.0,1066.0,1057.0
holdout,southern_california,M_RW,96,2.0,16,0.8018764583526213,74,,0.2567534679970796,0.2551219512195122,4109.0,4100.0,1055.0,1046.0
holdout,southern_california,M_RW,96,3.0,12345,0.7810145428574898,87,,0.2567534679970796,0.2551219512195122,4109.0,4100.0,1055.0,1046.0
holdout,southern_california,M_RW,97,0.1,5,0.9060049108291163,7,,0.9751764419566804,0.9751219512195122,4109.0,4100.0,4007.0,3998.0
holdout,southern_california,M_RW,97,0.5,9,0.8480577977665633,35,,0.2343635921148698,0.2326829268292683,4109.0,4100.0,963.0,954.0
holdout,southern_california,M_RW,97,1.0,10,0.8280344601556013,53,,0.23971769286931127,0.23804878048780487,4109.0,4100.0,985.0,976.0
holdout,southern_california,M_RW,97,1.5,5,0.8124959220657255,61,,0.23971769286931127,0.23804878048780487,4109.0,4100.0,985.0,976.0
holdout,southern_california,M_RW,97,2.0,16,0.7997021397748506,66,,0.23971769286931127,0.23804878048780487,4109.0,4100.0,985.0,976.0
holdout,southern_california,M_RW,97,3.0,10,0.7774716164987671,84,,0.2343635921148698,0.2326829268292683,4109.0,4100.0,963.0,954.0
holdout,southern_california,M_RW,98,0.1,13,0.9057437179952107,8,,0.7831589194451205,0.7826829268292683,4109.0,4100.0,3218.0,3209.0
holdout,southern_california,M_RW,98,0.5,7,0.8582519741190685,35,,0.24799221221708445,0.24634146341463414,4109.0,4100.0,1019.0,1010.0
holdout,southern_california,M_RW,98,1.0,1,0.8407473822344403,56,,0.2363105378437576,0.2346341463414634,4109.0,4100.0,971.0,962.0
holdout,southern_california,M_RW,98,1.5,4,0.8279513077312805,69,,0.2363105378437576,0.2346341463414634,4109.0,4100.0,971.0,962.0
holdout,southern_california,M_RW,98,2.0,19,0.8169506246217764,76,,0.2363105378437576,0.2346341463414634,4109.0,4100.0,971.0,962.0
holdout,southern_california,M_RW,98,3.0,16,0.7981412244535492,93,,0.2363105378437576,0.2346341463414634,4109.0,4100.0,971.0,962.0
holdout,southern_california,M_RW,99,0.1,13,0.9076681814275502,7,,0.47116086639084936,0.47,4109.0,4100.0,1936.0,1927.0
holdout,southern_california,M_RW,99,0.5,1,0.8540894683270885,30,,0.23558043319542468,0.23390243902439026,4109.0,4100.0,968.0,959.0
holdout,southern_california,M_RW,99,1.0,7,0.8348704254367212,44,,0.27865660744706744,0.27707317073170734,4109.0,4100.0,1145.0,1136.0
holdout,southern_california,M_RW,99,1.5,6,0.8208364169269189,61,,0.2548065222681918,0.2531707317073171,4109.0,4100.0,1047.0,1038.0
holdout,southern_california,M_RW,99,2.0,1,0.808316544548983,66,,0.25504989048430277,0.25341463414634147,4109.0,4100.0,1048.0,1039.0
holdout,southern_california,M_RW,99,3.0,1,0.786662398920406,80,,0.25797030907763446,0.25634146341463415,4109.0,4100.0,1060.0,1051.0
holdout,southern_california,M_RW,100,0.1,3,0.9056064759166527,6,,0.7357021173034801,0.7351219512195122,4109.0,4100.0,3023.0,3014.0
holdout,southern_california,M_RW,100,0.5,14,0.8562307034768936,35,,0.2572402044293015,0.255609756097561,4109.0,4100.0,1057.0,1048.0
holdout,southern_california,M_RW,100,1.0,1,0.8368690875013761,55,,0.2394743246532003,0.23780487804878048,4109.0,4100.0,984.0,975.0
holdout,southern_california,M_RW,100,1.5,19,0.8229945358292059,67,,0.23558043319542468,0.23390243902439026,4109.0,4100.0,968.0,959.0
holdout,southern_california,M_RW,100,2.0,11,0.8116990353973579,75,,0.23558043319542468,0.23390243902439026,4109.0,4100.0,968.0,959.0
holdout,southern_california,M_RW,100,3.0,10,0.7907916498137958,87,,0.23558043319542468,0.23390243902439026,4109.0,4100.0,968.0,959.0
holdout,southern_california,M_RW,101,0.1,4,0.9067921917848732,5,,0.929666585543928,0.9295121951219513,4109.0,4100.0,3820.0,3811.0
holdout,southern_california,M_RW,101,0.5,15,0.8537094748027547,38,,0.25066926259430516,0.24902439024390244,4109.0,4100.0,1030.0,1021.0
holdout,southern_california,M_RW,101,1.0,1,0.8361630655542024,52,,0.2343635921148698,0.2326829268292683,4109.0,4100.0,963.0,954.0
holdout,southern_california,M_RW,101,1.5,7,0.8229586569141242,63,,0.2343635921148698,0.2326829268292683,4109.0,4100.0,963.0,954.0
holdout,southern_california,M_RW,101,2.0,6,0.8115498352488226,74,,0.2343635921148698,0.2326829268292683,4109.0,4100.0,963.0,954.0
holdout,southern_california,M_RW,101,3.0,3,0.7923023846827143,88,,0.2343635921148698,0.2326829268292683,4109.0,4100.0,963.0,954.0
holdout,southern_california,M_RW,102,0.1,6,0.9068071585837469,7,,0.9742029690922366,0.9741463414634146,4109.0,4100.0,4003.0,3994.0
holdout,southern_california,M_RW,102,0.5,11,0.8444753340007939,31,,0.3599415916281334,0.35853658536585364,4109.0,4100.0,1479.0,1470.0
holdout,southern_california,M_RW,102,1.0,15,0.8223898397628786,43,,0.2465320029204186,0.2448780487804878,4109.0,4100.0,1013.0,1004.0
holdout,southern_california,M_RW,102,1.5,9,0.8065973632498352,56,,0.24312484789486494,0.24146341463414633,4109.0,4100.0,999.0,990.0
holdout,southern_california,M_RW,102,2.0,9,0.7941121243527642,65,,0.24312484789486494,0.24146341463414633,4109.0,4100.0,999.0,990.0
holdout,southern_california,M_RW,102,3.0,1,0.7720979639278813,79,,0.24312484789486494,0.24146341463414633,4109.0,4100.0,999.0,990.0
holdout,southern_california,M_RW,103,0.1,8,0.9035946328267761,5,,0.4704307617425164,0.4692682926829268,4109.0,4100.0,1933.0,1924.0
holdout,southern_california,M_RW,103,0.5,7,0.8527217024398976,30,,0.34314918471647604,0.34170731707317076,4109.0,4100.0,1410.0,1401.0
holdout,southern_california,M_RW,103,1.0,19,0.8334480889193652,44,,0.24069116573375518,0.23902439024390243,4109.0,4100.0,989.0,980.0
holdout,southern_california,M_RW,103,1.5,5,0.8192246308900512,58,,0.24069116573375518,0.23902439024390243,4109.0,4100.0,989.0,980.0
holdout,southern_california,M_RW,103,2.0,11,0.8067276342181139,67,,0.24069116573375518,0.23902439024390243,4109.0,4100.0,989.0,980.0
holdout,southern_california,M_RW,103,3.0,5,0.7862639752357587,82,,0.2343635921148698,0.2326829268292683,4109.0,4100.0,963.0,954.0
holdout,southern_california,M_RW,104,0.1,1,0.9068662332408053,6,,0.959844244341689,0.9597560975609756,4109.0,4100.0,3944.0,3935.0
holdout,southern_california,M_RW,104,0.5,7,0.845673245214637,32,,0.2363105378437576,0.2346341463414634,4109.0,4100.0,971.0,962.0
holdout,southern_california,M_RW,104,1.0,13,0.8262198282040724,50,,0.2343635921148698,0.2326829268292683,4109.0,4100.0,963.0,954.0
holdout,southern_california,M_RW,104,1.5,4,0.8118138307955527,62,,0.2343635921148698,0.2326829268292683,4109.0,4100.0,963.0,954.0
holdout,southern_california,M_RW,104,2.0,4,0.7996463184103785,65,,0.2343635921148698,0.2326829268292683,4109.0,4100.0,963.0,954.0
holdout,southern_california,M_RW,104,3.0,9,0.7783238002782884,80,,0.2343635921148698,0.2326829268292683,4109.0,4100.0,963.0,954.0
holdout,southern_california,M_RW,105,0.1,18,0.9037084762138069,6,,0.9732294962277926,0.973170731707317,4109.0,4100.0,3999.0,3990.0
holdout,southern_california,M_RW,105,0.5,4,0.851436995947914,34,,0.27622292528595765,0.27463414634146344,4109.0,4100.0,1135.0,1126.0
holdout,southern_california,M_RW,105,1.0,3,0.8321231290696728,52,,0.2343635921148698,0.2326829268292683,4109.0,4100.0,963.0,954.0
holdout,southern_california,M_RW,105,1.5,12,0.8179910723646774,63,,0.2343635921148698,0.2326829268292683,4109.0,4100.0,963.0,954.0
holdout,southern_california,M_RW,105,2.0,19,0.8060191512230968,74,,0.2343635921148698,0.2326829268292683,4109.0,4100.0,963.0,954.0
holdout,southern_california,M_RW,105,3.0,1,0.7855739208774027,81,,0.2343635921148698,0.2326829268292683,4109.0,4100.0,963.0,954.0
holdout,southern_california,M_RW,106,0.1,16,0.906971534989643,6,,0.9861280116816744,0.9860975609756097,4109.0,4100.0,4052.0,4043.0
holdout,southern_california,M_RW,106,0.5,16,0.8595581762693615,29,,0.262107568751521,0.2604878048780488,4109.0,4100.0,1077.0,1068.0
holdout,southern_california,M_RW,106,1.0,12345,0.8411563260902004,51,,0.24896568508152836,0.2473170731707317,4109.0,4100.0,1023.0,1014.0
holdout,southern_california,M_RW,106,1.5,19,0.8276123465903092,64,,0.2343635921148698,0.2326829268292683,4109.0,4100.0,963.0,954.0
holdout,southern_california,M_RW,106,2.0,12345,0.8159695380886193,72,,0.2343635921148698,0.2326829268292683,4109.0,4100.0,963.0,954.0
holdout,southern_california,M_RW,106,3.0,10,0.7963839392236349,81,,0.2343635921148698,0.2326829268292683,4109.0,4100.0,963.0,954.0
holdout,southern_california,M_RW,107,0.1,4,0.9064418520630599,5,,0.9909953760038939,0.9909756097560976,4109.0,4100.0,4072.0,4063.0
holdout,southern_california,M_RW,107,0.5,14,0.8585257490379439,35,,0.2343635921148698,0.2326829268292683,4109.0,4100.0,963.0,954.0
holdout,southern_california,M_RW,107,1.0,3,0.8415524571925134,55,,0.2343635921148698,0.2326829268292683,4109.0,4100.0,963.0,954.0
holdout,southern_california,M_RW,107,1.5,15,0.8278263292168685,64,,0.2343635921148698,0.2326829268292683,4109.0,4100.0,963.0,954.0
holdout,southern_california,M_RW,107,2.0,12,0.8159716084561203,78,,0.2343635921148698,0.2326829268292683,4109.0,4100.0,963.0,954.0
holdout,southern_california,M_RW,107,3.0,12,0.796395481760044,93,,0.2343635921148698,0.2326829268292683,4109.0,4100.0,963.0,954.0
holdout,southern_california,M_RW,108,0.1,3,0.9129149677766496,9,,0.8856169384278413,0.8853658536585366,4109.0,4100.0,3639.0,3630.0
holdout,southern_california,M_RW,108,0.5,19,0.8566428531037036,34,,0.2343635921148698,0.2326829268292683,4109.0,4100.0,963.0,954.0
holdout,southern_california,M_RW,108,1.0,16,0.8391196899546474,51,,0.2343635921148698,0.2326829268292683,4109.0,4100.0,963.0,954.0
holdout,southern_california,M_RW,108,1.5,3,0.8261398330623412,66,,0.2343635921148698,0.2326829268292683,4109.0,4100.0,963.0,954.0
holdout,southern_california,M_RW,108,2.0,2,0.8150311176480641,73,,0.2343635921148698,0.2326829268292683,4109.0,4100.0,963.0,954.0
holdout,southern_california,M_RW,108,3.0,3,0.7958582341749243,82,,0.2343635921148698,0.2326829268292683,4109.0,4100.0,963.0,954.0
holdout,southern_california,M_RW,109,0.1,15,0.9050603203355633,6,,0.9440253102944756,0.9439024390243902,4109.0,4100.0,3879.0,3870.0
holdout,southern_california,M_RW,109,0.5,11,0.8463057853038691,33,,0.27111219274762716,0.26951219512195124,4109.0,4100.0,1114.0,1105.0
holdout,southern_california,M_RW,109,1.0,7,0.8283928686568803,49,,0.2343635921148698,0.2326829268292683,4109.0,4100.0,963.0,954.0
holdout,southern_california,M_RW,109,1.5,17,0.8146603666176156,60,,0.2343635921148698,0.2326829268292683,4109.0,4100.0,963.0,954.0
holdout,southern_california,M_RW,109,2.0,14,0.8030343843731029,73,,0.2343635921148698,0.2326829268292683,4109.0,4100.0,963.0,954.0
holdout,southern_california,M_RW,109,3.0,13,0.7837263795686998,85,,0.24799221221708445,0.24634146341463414,4109.0,4100.0,1019.0,1010.0
holdout,southern_california,M_RW,110,0.1,16,0.9065559320746224,8,,0.46142613774641034,0.4602439024390244,4109.0,4100.0,1896.0,1887.0
holdout,southern_california,M_RW,110,0.5,12345,0.8541391094192529,37,,0.2433682161109759,0.24170731707317072,4109.0,4100.0,1000.0,991.0
holdout,southern_california,M_RW,110,1.0,10,0.8348637828309566,53,,0.24215137503042103,0.24048780487804877,4109.0,4100.0,995.0,986.0
holdout,southern_california,M_RW,110,1.5,15,0.8211570366021677,63,,0.242394743246532,0.24073170731707316,4109.0,4100.0,996.0,987.0
holdout,southern_california,M_RW,110,2.0,12,0.8098200728926076,73,,0.2414212703820881,0.2397560975609756,4109.0,4100.0,992.0,983.0
holdout,southern_california,M_RW,110,3.0,19,0.7909703948447451,95,,0.2343635921148698,0.2326829268292683,4109.0,4100.0,963.0,954.0
holdout,southern_california,M_RW,111,0.1,3,0.9091455719346151,8,,0.9350206862983694,0.9348780487804879,4109.0,4100.0,3842.0,3833.0
holdout,southern_california,M_RW,111,0.5,8,0.8602818891719157,29,,0.28449744463373083,0.28292682926829266,4109.0,4100.0,1169.0,1160.0
holdout,southern_california,M_RW,111,1.0,18,0.8430569198732354,47,,0.25285957653930397,0.25121951219512195,4109.0,4100.0,1039.0,1030.0
holdout,southern_california,M_RW,111,1.5,10,0.8301663006419661,61,,0.25285957653930397,0.25121951219512195,4109.0,4100.0,1039.0,1030.0
holdout,southern_california,M_RW,111,2.0,7,0.8189771861379054,71,,0.2465320029204186,0.2448780487804878,4109.0,4100.0,1013.0,1004.0
holdout,southern_california,M_RW,111,3.0,15,0.7988395828626044,83,,0.2465320029204186,0.2448780487804878,4109.0,4100.0,1013.0,1004.0
holdout,southern_california,M_RW,112,0.1,15,0.906690221184326,7,,0.46191287417863225,0.4607317073170732,4109.0,4100.0,1898.0,1889.0
holdout,southern_california,M_RW,112,0.5,2,0.8559565474869671,36,,0.23996106108542226,0.23829268292682926,4109.0,4100.0,986.0,977.0
holdout,southern_california,M_RW,112,1.0,7,0.8375499650597186,52,,0.23996106108542226,0.23829268292682926,4109.0,4100.0,986.0,977.0
holdout,southern_california,M_RW,112,1.5,18,0.8241514513941608,68,,0.23996106108542226,0.23829268292682926,4109.0,4100.0,986.0,977.0
holdout,southern_california,M_RW,112,2.0,17,0.8131737133353538,74,,0.23996106108542226,0.23829268292682926,4109.0,4100.0,986.0,977.0
holdout,southern_california,M_RW,112,3.0,15,0.7934348198615353,86,,0.23971769286931127,0.23804878048780487,4109.0,4100.0,985.0,976.0
holdout,southern_california,M_RW,113,0.1,9,0.9055713185000169,8,,0.959357507909467,0.9592682926829268,4109.0,4100.0,3942.0,3933.0
holdout,southern_california,M_RW,113,0.5,12,0.8544355387664022,30,,0.23704064249209053,0.23536585365853657,4109.0,4100.0,974.0,965.0
holdout,southern_california,M_RW,113,1.0,12,0.8339358042826788,51,,0.23704064249209053,0.23536585365853657,4109.0,4100.0,974.0,965.0
holdout,southern_california,M_RW,113,1.5,3,0.8196780150480195,60,,0.23704064249209053,0.23536585365853657,4109.0,4100.0,974.0,965.0
holdout,southern_california,M_RW,113,2.0,12345,0.808187830823097,68,,0.23704064249209053,0.23536585365853657,4109.0,4100.0,974.0,965.0
holdout,southern_california,M_RW,113,3.0,15,0.7878517173995994,84,,0.23704064249209053,0.23536585365853657,4109.0,4100.0,974.0,965.0
holdout,southern_california,M_RW,114,0.1,7,0.9080987768265338,9,,0.45704550985641273,0.4558536585365854,4109.0,4100.0,1878.0,1869.0
holdout,southern_california,M_RW,114,0.5,19,0.8618632446531397,34,,0.3037235337064979,0.3021951219512195,4109.0,4100.0,1248.0,1239.0
holdout,southern_california,M_RW,114,1.0,2,0.844854755897664,51,,0.2343635921148698,0.2326829268292683,4109.0,4100.0,963.0,954.0
holdout,southern_california,M_RW,114,1.5,14,0.8315531321415524,65,,0.2343635921148698,0.2326829268292683,4109.0,4100.0,963.0,954.0
holdout,southern_california,M_RW,114,2.0,1,0.8200625399843282,68,,0.2343635921148698,0.2326829268292683,4109.0,4100.0,963.0,954.0
holdout,southern_california,M_RW,114,3.0,5,0.8001696638088035,87,,0.2343635921148698,0.2326829268292683,4109.0,4100.0,963.0,954.0
holdout,southern_california,M_RW,115,0.1,1,0.9072253700840838,5,,0.9827208566561207,0.9826829268292683,4109.0,4100.0,4038.0,4029.0
holdout,southern_california,M_RW,115,0.5,6,0.8569081330361408,33,,0.2939888050620589,0.2924390243902439,4109.0,4100.0,1208.0,1199.0
holdout,southern_california,M_RW,115,1.0,10,0.8371976010719,46,,0.25602336334874665,0.25439024390243903,4109.0,4100.0,1052.0,1043.0
holdout,southern_california,M_RW,115,1.5,10,0.8231446214429172,54,,0.25602336334874665,0.25439024390243903,4109.0,4100.0,1052.0,1043.0
holdout,southern_california,M_RW,115,2.0,1,0.8107983804958682,67,,0.25602336334874665,0.25439024390243903,4109.0,4100.0,1052.0,1043.0
holdout,southern_california,M_RW,115,3.0,9,0.790956524218705,79,,0.25602336334874665,0.25439024390243903,4109.0,4100.0,1052.0,1043.0
holdout,southern_california,M_RW,116,0.1,12,0.9070819471449233,7,,0.47505475784862494,0.4739024390243902,4109.0,4100.0,1952.0,1943.0
holdout,southern_california,M_RW,116,0.5,13,0.8493613832969044,33,,0.25821367729374545,0.25658536585365854,4109.0,4100.0,1061.0,1052.0
holdout,southern_california,M_RW,116,1.0,5,0.8285967485479552,49,,0.2343635921148698,0.2326829268292683,4109.0,4100.0,963.0,954.0
holdout,southern_california,M_RW,116,1.5,4,0.8134218252649643,60,,0.2343635921148698,0.2326829268292683,4109.0,4100.0,963.0,954.0
holdout,southern_california,M_RW,116,2.0,8,0.8009058077457938,68,,0.2343635921148698,0.2326829268292683,4109.0,4100.0,963.0,954.0
holdout,southern_california,M_RW,116,3.0,3,0.7799500541500646,83,,0.24312484789486494,0.24146341463414633,4109.0,4100.0,999.0,990.0
holdout,southern_california,M_RW,117,0.1,5,0.9032134937217644,5,,0.9627646629350207,0.9626829268292683,4109.0,4100.0,3956.0,3947.0
holdout,southern_california,M_RW,117,0.5,18,0.8461454209814776,25,,0.26332440983207595,0.26170731707317074,4109.0,4100.0,1082.0,1073.0
holdout,southern_california,M_RW,117,1.0,9,0.8224139014633077,45,,0.2363105378437576,0.2346341463414634,4109.0,4100.0,971.0,962.0
holdout,southern_california,M_RW,117,1.5,10,0.8070532492463023,58,,0.23582380141153567,0.23414634146341465,4109.0,4100.0,969.0,960.0
holdout,southern_california,M_RW,117,2.0,1,0.7936122720665885,65,,0.23582380141153567,0.23414634146341465,4109.0,4100.0,969.0,960.0
holdout,southern_california,M_RW,117,3.0,10,0.7706691620067249,79,,0.23582380141153567,0.23414634146341465,4109.0,4100.0,969.0,960.0
holdout,southern_california,M_RW,118,0.1,13,0.9068673887553385,7,,0.8301289851545388,0.8297560975609756,4109.0,4100.0,3411.0,3402.0
holdout,southern_california,M_RW,118,0.5,15,0.8519635171843067,37,,0.25285957653930397,0.25121951219512195,4109.0,4100.0,1039.0,1030.0
holdout,southern_california,M_RW,118,1.0,10,0.8344134832908919,53,,0.2343635921148698,0.2326829268292683,4109.0,4100.0,963.0,954.0
holdout,southern_california,M_RW,118,1.5,17,0.8209766808098574,64,,0.2343635921148698,0.2326829268292683,4109.0,4100.0,963.0,954.0
holdout,southern_california,M_RW,118,2.0,17,0.8095929537524357,70,,0.2343635921148698,0.2326829268292683,4109.0,4100.0,963.0,954.0
holdout,southern_california,M_RW,118,3.0,6,0.79000929246512,83,,0.2343635921148698,0.2326829268292683,4109.0,4100.0,963.0,954.0
holdout,southern_california,M_RW,119,0.1,10,0.9069321003710967,6,,0.9654417133122414,0.9653658536585366,4109.0,4100.0,3967.0,3958.0
holdout,southern_california,M_RW,119,0.5,12345,0.8523023886430382,26,,0.3039669019226089,0.3024390243902439,4109.0,4100.0,1249.0,1240.0
holdout,southern_california,M_RW,119,1.0,3,0.8336040856052883,46,,0.26600146020929666,0.26439024390243904,4109.0,4100.0,1093.0,1084.0
holdout,southern_california,M_RW,119,1.5,19,0.8198317365780688,58,,0.2956923825748357,0.2941463414634146,4109.0,4100.0,1215.0,1206.0
holdout,southern_california,M_RW,119,2.0,1,0.8082064916347148,69,,0.2587004137259674,0.2570731707317073,4109.0,4100.0,1063.0,1054.0
holdout,southern_california,M_RW,119,3.0,7,0.7888893519935205,85,,0.2587004137259674,0.2570731707317073,4109.0,4100.0,1063.0,1054.0
holdout,southern_california,M_RW,120,0.1,19,0.9046269503865396,8,,0.49501095156972497,0.49390243902439024,4109.0,4100.0,2034.0,2025.0
holdout,southern_california,M_RW,120,0.5,18,0.8515824297551766,33,,0.28401070820150887,0.2824390243902439,4109.0,4100.0,1167.0,1158.0
holdout,southern_california,M_RW,120,1.0,19,0.8324127190734493,51,,0.2674616695059625,0.2658536585365854,4109.0,4100.0,1099.0,1090.0
holdout,southern_california,M_RW,120,1.5,1,0.8184770960762487,63,,0.2674616695059625,0.2658536585365854,4109.0,4100.0,1099.0,1090.0
holdout,southern_california,M_RW,120,2.0,12,0.8065957937581923,68,,0.2674616695059625,0.2658536585365854,4109.0,4100.0,1099.0,1090.0
holdout,southern_california,M_RW,120,3.0,16,0.7862855398925459,82,,0.2674616695059625,0.2658536585365854,4109.0,4100.0,1099.0,1090.0
holdout,southern_california,M_RW,121,0.1,1,0.9078935298465481,7,,0.41786322706254564,0.4165853658536585,4109.0,4100.0,1717.0,1708.0
holdout,southern_california,M_RW,121,0.5,10,0.8628287042008466,32,,0.2567534679970796,0.2551219512195122,4109.0,4100.0,1055.0,1046.0
holdout,southern_california,M_RW,121,1.0,19,0.8442457912025972,50,,0.2453151618398637,0.24365853658536585,4109.0,4100.0,1008.0,999.0
holdout,southern_california,M_RW,121,1.5,9,0.8301822789750976,59,,0.23898758822097835,0.2373170731707317,4109.0,4100.0,982.0,973.0
holdout,southern_california,M_RW,121,2.0,1,0.818048076348685,71,,0.2343635921148698,0.2326829268292683,4109.0,4100.0,963.0,954.0
holdout,southern_california,M_RW,121,3.0,11,0.7975438212845113,91,,0.2343635921148698,0.2326829268292683,4109.0,4100.0,963.0,954.0
holdout,southern_california,M_RW,122,0.1,9,0.9051885085322358,4,,0.6600146020929667,0.6592682926829269,4109.0,4100.0,2712.0,2703.0
holdout,southern_california,M_RW,122,0.5,15,0.8531016507707944,33,,0.23509369676320271,0.23341463414634148,4109.0,4100.0,966.0,957.0
holdout,southern_california,M_RW,122,1.0,5,0.8340482031252634,51,,0.26113409588707714,0.25951219512195123,4109.0,4100.0,1073.0,1064.0
holdout,southern_california,M_RW,122,1.5,11,0.8195850998135276,63,,0.26113409588707714,0.25951219512195123,4109.0,4100.0,1073.0,1064.0
holdout,southern_california,M_RW,122,2.0,15,0.8068406058524713,70,,0.2616208323192991,0.26,4109.0,4100.0,1075.0,1066.0
holdout,southern_california,M_RW,122,3.0,8,0.7863102361819134,88,,0.26113409588707714,0.25951219512195123,4109.0,4100.0,1073.0,1064.0
holdout,southern_california,M_RW,123,0.1,17,0.9099784939808779,8,,0.46824044779751767,0.46707317073170734,4109.0,4100.0,1924.0,1915.0
holdout,southern_california,M_RW,123,0.5,2,0.8588511611076369,32,,0.2343635921148698,0.2326829268292683,4109.0,4100.0,963.0,954.0
holdout,southern_california,M_RW,123,1.0,12,0.8410026666829292,52,,0.2343635921148698,0.2326829268292683,4109.0,4100.0,963.0,954.0
holdout,southern_california,M_RW,123,1.5,17,0.8282447950362419,66,,0.2343635921148698,0.2326829268292683,4109.0,4100.0,963.0,954.0
holdout,southern_california,M_RW,123,2.0,12345,0.8170199014532753,74,,0.2343635921148698,0.2326829268292683,4109.0,4100.0,963.0,954.0
holdout,southern_california,M_RW,123,3.0,12,0.7978421126281051,90,,0.2343635921148698,0.2326829268292683,4109.0,4100.0,963.0,954.0
holdout,southern_california,M_RW,124,0.1,19,0.9084622493877238,11,,0.8642005354100755,0.8639024390243902,4109.0,4100.0,3551.0,3542.0
holdout,southern_california,M_RW,124,0.5,7,0.8465401031272671,38,,0.25285957653930397,0.25121951219512195,4109.0,4100.0,1039.0,1030.0
holdout,southern_california,M_RW,124,1.0,11,0.826538411891168,55,,0.25285957653930397,0.25121951219512195,4109.0,4100.0,1039.0,1030.0
holdout,southern_california,M_RW,124,1.5,4,0.8131062861822143,67,,0.25285957653930397,0.25121951219512195,4109.0,4100.0,1039.0,1030.0
holdout,southern_california,M_RW,124,2.0,2,0.8019389450609548,78,,0.25285957653930397,0.25121951219512195,4109.0,4100.0,1039.0,1030.0
holdout,southern_california,M_RW,124,3.0,14,0.7818230071357966,90,,0.25285957653930397,0.25121951219512195,4109.0,4100.0,1039.0,1030.0
holdout,southern_california,M_RW,125,0.1,9,0.9088030225739048,6,,0.9262594305183743,0.9260975609756098,4109.0,4100.0,3806.0,3797.0
holdout,southern_california,M_RW,125,0.5,3,0.861669385332012,35,,0.2343635921148698,0.2326829268292683,4109.0,4100.0,963.0,954.0
holdout,southern_california,M_RW,125,1.0,12345,0.8437285173274607,52,,0.2353370649793137,0.23365853658536587,4109.0,4100.0,967.0,958.0
holdout,southern_california,M_RW,125,1.5,2,0.8308041916724962,60,,0.2353370649793137,0.23365853658536587,4109.0,4100.0,967.0,958.0
holdout,southern_california,M_RW,125,2.0,16,0.8193802490193407,70,,0.2343635921148698,0.2326829268292683,4109.0,4100.0,963.0,954.0
holdout,southern_california,M_RW,125,3.0,19,0.8000645536700648,86,,0.2343635921148698,0.2326829268292683,4109.0,4100.0,963.0,954.0
holdout,southern_california,M_RW,126,0.1,5,0.9043182173571803,5,,0.9793137016305671,0.9792682926829268,4109.0,4100.0,4024.0,4015.0
holdout,southern_california,M_RW,126,0.5,15,0.8471140147329567,30,,0.2535896811876369,0.2519512195121951,4109.0,4100.0,1042.0,1033.0
holdout,southern_california,M_RW,126,1.0,11,0.8270772237632301,47,,0.2535896811876369,0.2519512195121951,4109.0,4100.0,1042.0,1033.0
holdout,southern_california,M_RW,126,1.5,9,0.8118144212053717,58,,0.2535896811876369,0.2519512195121951,4109.0,4100.0,1042.0,1033.0
holdout,southern_california,M_RW,126,2.0,9,0.7990454073168173,67,,0.2535896811876369,0.2519512195121951,4109.0,4100.0,1042.0,1033.0
holdout,southern_california,M_RW,126,3.0,4,0.7776210234125285,82,,0.25310294475541495,0.25146341463414634,4109.0,4100.0,1040.0,1031.0
holdout,southern_california,M_RW,127,0.1,3,0.9065005002640721,5,,0.47456802141640303,0.47341463414634144,4109.0,4100.0,1950.0,1941.0
holdout,southern_california,M_RW,127,0.5,16,0.8553084593129658,34,,0.23679727427597955,0.23512195121951218,4109.0,4100.0,973.0,964.0
holdout,southern_california,M_RW,127,1.0,7,0.8361544632681798,46,,0.2365539060598686,0.2348780487804878,4109.0,4100.0,972.0,963.0
holdout,southern_california,M_RW,127,1.5,10,0.8207198113830448,63,,0.2365539060598686,0.2348780487804878,4109.0,4100.0,972.0,963.0
holdout,southern_california,M_RW,127,2.0,17,0.8080759381322733,68,,0.2363105378437576,0.2346341463414634,4109.0,4100.0,971.0,962.0
holdout,southern_california,M_RW,127,3.0,14,0.7868563032628203,83,,0.2363105378437576,0.2346341463414634,4109.0,4100.0,971.0,962.0
holdout,southern_california,M_RW,128,0.1,18,0.9065873892199039,6,,0.6578242881479679,0.6570731707317073,4109.0,4100.0,2703.0,2694.0
holdout,southern_california,M_RW,128,0.5,11,0.8471253984530012,30,,0.23582380141153567,0.23414634146341465,4109.0,4100.0,969.0,960.0
holdout,southern_california,M_RW,128,1.0,11,0.8277097495842378,46,,0.23582380141153567,0.23414634146341465,4109.0,4100.0,969.0,960.0
holdout,southern_california,M_RW,128,1.5,13,0.8137487032574398,60,,0.2343635921148698,0.2326829268292683,4109.0,4100.0,963.0,954.0
holdout,southern_california,M_RW,128,2.0,8,0.8016439579406346,67,,0.2343635921148698,0.2326829268292683,4109.0,4100.0,963.0,954.0
holdout,southern_california,M_RW,128,3.0,11,0.7807925797687697,82,,0.2343635921148698,0.2326829268292683,4109.0,4100.0,963.0,954.0
holdout,southern_california,M_RW,129,0.1,16,0.9051577262018848,6,,0.9384278413239231,0.9382926829268292,4109.0,4100.0,3856.0,3847.0
holdout,southern_california,M_RW,129,0.5,12,0.8497956272593773,33,,0.23825748357264542,0.23658536585365852,4109.0,4100.0,979.0,970.0
holdout,southern_california,M_RW,129,1.0,18,0.8299635935428226,48,,0.23704064249209053,0.23536585365853657,4109.0,4100.0,974.0,965.0
holdout,southern_california,M_RW,129,1.5,6,0.8153019861022672,62,,0.2343635921148698,0.2326829268292683,4109.0,4100.0,963.0,954.0
holdout,southern_california,M_RW,129,2.0,12345,0.8030185848612753,70,,0.2343635921148698,0.2326829268292683,4109.0,4100.0,963.0,954.0
holdout,southern_california,M_RW,129,3.0,8,0.781751834749676,84,,0.2343635921148698,0.2326829268292683,4109.0,4100.0,963.0,954.0
holdout,southern_california,M_RW,130,0.1,18,0.9112462351067464,9,,0.8247748844000974,0.824390243902439,4109.0,4100.0,3389.0,3380.0
holdout,southern_california,M_RW,130,0.5,4,0.8549511210768248,32,,0.24799221221708445,0.24634146341463414,4109.0,4100.0,1019.0,1010.0
holdout,southern_california,M_RW,130,1.0,13,0.8350767262064065,51,,0.24799221221708445,0.24634146341463414,4109.0,4100.0,1019.0,1010.0
holdout,southern_california,M_RW,130,1.5,8,0.8204814410733441,62,,0.2465320029204186,0.2448780487804878,4109.0,4100.0,1013.0,1004.0
holdout,southern_california,M_RW,130,2.0,6,0.8086864872205242,68,,0.2343635921148698,0.2326829268292683,4109.0,4100.0,963.0,954.0
holdout,southern_california,M_RW,130,3.0,9,0.7879326063985209,83,,0.2343635921148698,0.2326829268292683,4109.0,4100.0,963.0,954.0
holdout,southern_california,M_RW,131,0.1,16,0.9069146866530855,7,,0.8744220004867365,0.8741463414634146,4109.0,4100.0,3593.0,3584.0
holdout,southern_california,M_RW,131,0.5,3,0.8554030724904225,30,,0.24215137503042103,0.24048780487804877,4109.0,4100.0,995.0,986.0
holdout,southern_california,M_RW,131,1.0,11,0.8362470837746301,48,,0.24215137503042103,0.24048780487804877,4109.0,4100.0,995.0,986.0
holdout,southern_california,M_RW,131,1.5,2,0.82184033363253,63,,0.24215137503042103,0.24048780487804877,4109.0,4100.0,995.0,986.0
holdout,southern_california,M_RW,131,2.0,2,0.8106812933421653,70,,0.2343635921148698,0.2326829268292683,4109.0,4100.0,963.0,954.0
holdout,southern_california,M_RW,131,3.0,10,0.7912237551069085,84,,0.2343635921148698,0.2326829268292683,4109.0,4100.0,963.0,954.0
holdout,southern_california,M_RW,132,0.1,16,0.9109889975046787,7,,0.9274762715989292,0.9273170731707318,4109.0,4100.0,3811.0,3802.0
holdout,southern_california,M_RW,132,0.5,5,0.8562430091427425,39,,0.25285957653930397,0.25121951219512195,4109.0,4100.0,1039.0,1030.0
holdout,southern_california,M_RW,132,1.0,13,0.8380664701916047,51,,0.25285957653930397,0.25121951219512195,4109.0,4100.0,1039.0,1030.0
holdout,southern_california,M_RW,132,1.5,19,0.8250856883047963,63,,0.2343635921148698,0.2326829268292683,4109.0,4100.0,963.0,954.0
holdout,southern_california,M_RW,132,2.0,7,0.8136569503744597,74,,0.2343635921148698,0.2326829268292683,4109.0,4100.0,963.0,954.0
holdout,southern_california,M_RW,132,3.0,1,0.79446976599522,90,,0.2343635921148698,0.2326829268292683,4109.0,4100.0,963.0,954.0
holdout,southern_california,M_RW,133,0.1,12,0.9077181000652454,7,,0.27841323923095646,0.27682926829268295,4109.0,4100.0,1144.0,1135.0
holdout,southern_california,M_RW,133,0.5,5,0.8575530117441835,35,,0.23704064249209053,0.23536585365853657,4109.0,4100.0,974.0,965.0
holdout,southern_california,M_RW,133,1.0,11,0.8393089295329262,52,,0.2343635921148698,0.2326829268292683,4109.0,4100.0,963.0,954.0
holdout,southern_california,M_RW,133,1.5,19,0.825500223622933,68,,0.23582380141153567,0.23414634146341465,4109.0,4100.0,969.0,960.0
holdout,southern_california,M_RW,133,2.0,18,0.8139905746989616,79,,0.2343635921148698,0.2326829268292683,4109.0,4100.0,963.0,954.0
holdout,southern_california,M_RW,133,3.0,19,0.7944510807000826,87,,0.2343635921148698,0.2326829268292683,4109.0,4100.0,963.0,954.0
holdout,southern_california,M_RW,134,0.1,12345,0.906399805720374,7,,0.9656850815283524,0.965609756097561,4109.0,4100.0,3968.0,3959.0
holdout,southern_california,M_RW,134,0.5,12,0.8502654205908374,35,,0.24069116573375518,0.23902439024390243,4109.0,4100.0,989.0,980.0
holdout,southern_california,M_RW,134,1.0,4,0.831084039614389,53,,0.24069116573375518,0.23902439024390243,4109.0,4100.0,989.0,980.0
holdout,southern_california,M_RW,134,1.5,7,0.8166210998181317,66,,0.24069116573375518,0.23902439024390243,4109.0,4100.0,989.0,980.0
holdout,southern_california,M_RW,134,2.0,6,0.8047375167187796,75,,0.24069116573375518,0.23902439024390243,4109.0,4100.0,989.0,980.0
holdout,southern_california,M_RW,134,3.0,1,0.7841318653739783,86,,0.24069116573375518,0.23902439024390243,4109.0,4100.0,989.0,980.0
holdout,southern_california,M_RW,135,0.1,18,0.9074899218354899,6,,0.9028960817717206,0.9026829268292683,4109.0,4100.0,3710.0,3701.0
holdout,southern_california,M_RW,135,0.5,17,0.8579480971436431,30,,0.2343635921148698,0.2326829268292683,4109.0,4100.0,963.0,954.0
holdout,southern_california,M_RW,135,1.0,14,0.8407364498462095,56,,0.2343635921148698,0.2326829268292683,4109.0,4100.0,963.0,954.0
holdout,southern_california,M_RW,135,1.5,9,0.8267188424041796,62,,0.2343635921148698,0.2326829268292683,4109.0,4100.0,963.0,954.0
holdout,southern_california,M_RW,135,2.0,10,0.8142822250225302,68,,0.2343635921148698,0.2326829268292683,4109.0,4100.0,963.0,954.0
holdout,southern_california,M_RW,135,3.0,12345,0.7928206018984317,81,,0.2343635921148698,0.2326829268292683,4109.0,4100.0,963.0,954.0
holdout,southern_california,M_RW,136,0.1,16,0.9045175776900761,4,,0.9600876125578,0.96,4109.0,4100.0,3945.0,3936.0
holdout,southern_california,M_RW,136,0.5,5,0.8512660397969072,32,,0.272815770260404,0.27121951219512197,4109.0,4100.0,1121.0,1112.0
holdout,southern_california,M_RW,136,1.0,2,0.8338012618532232,49,,0.272815770260404,0.27121951219512197,4109.0,4100.0,1121.0,1112.0
holdout,southern_california,M_RW,136,1.5,5,0.8209859136823321,60,,0.23582380141153567,0.23414634146341465,4109.0,4100.0,969.0,960.0
holdout,southern_california,M_RW,136,2.0,16,0.8098072087984581,70,,0.2343635921148698,0.2326829268292683,4109.0,4100.0,963.0,954.0
holdout,southern_california,M_RW,136,3.0,7,0.7903559739072719,85,,0.23582380141153567,0.23414634146341465,4109.0,4100.0,969.0,960.0
holdout,southern_california,M_RW,137,0.1,7,0.9055695335366106,5,,0.4731078121197372,0.4719512195121951,4109.0,4100.0,1944.0,1935.0
holdout,southern_california,M_RW,137,0.5,1,0.8490031904527409,30,,0.24677537113652956,0.2451219512195122,4109.0,4100.0,1014.0,1005.0
holdout,southern_california,M_RW,137,1.0,10,0.8278829470591906,44,,0.25602336334874665,0.25439024390243903,4109.0,4100.0,1052.0,1043.0
holdout,southern_california,M_RW,137,1.5,18,0.8122794429997465,58,,0.24677537113652956,0.2451219512195122,4109.0,4100.0,1014.0,1005.0
holdout,southern_california,M_RW,137,2.0,11,0.7995996851707527,67,,0.24677537113652956,0.2451219512195122,4109.0,4100.0,1014.0,1005.0
holdout,southern_california,M_RW,137,3.0,18,0.7770722441146932,78,,0.24677537113652956,0.2451219512195122,4109.0,4100.0,1014.0,1005.0
holdout,southern_california,M_RW,138,0.1,12345,0.901471574674223,4,,0.9909953760038939,0.9909756097560976,4109.0,4100.0,4072.0,4063.0
holdout,southern_california,M_RW,138,0.5,1,0.8547041833094208,35,,0.23582380141153567,0.23414634146341465,4109.0,4100.0,969.0,960.0
holdout,southern_california,M_RW,138,1.0,2,0.8357080199248681,52,,0.2343635921148698,0.2326829268292683,4109.0,4100.0,963.0,954.0
holdout,southern_california,M_RW,138,1.5,15,0.8212680337862285,63,,0.2343635921148698,0.2326829268292683,4109.0,4100.0,963.0,954.0
holdout,southern_california,M_RW,138,2.0,17,0.8095173955687732,73,,0.2343635921148698,0.2326829268292683,4109.0,4100.0,963.0,954.0
holdout,southern_california,M_RW,138,3.0,5,0.7897121068581996,91,,0.2343635921148698,0.2326829268292683,4109.0,4100.0,963.0,954.0
holdout,southern_california,M_RW,139,0.1,8,0.9087968564517507,6,,0.48649306400584086,0.4853658536585366,4109.0,4100.0,1999.0,1990.0
holdout,southern_california,M_RW,139,0.5,3,0.8438608974993865,33,,0.2414212703820881,0.2397560975609756,4109.0,4100.0,992.0,983.0
holdout,southern_california,M_RW,139,1.0,3,0.8219002405563638,54,,0.2414212703820881,0.2397560975609756,4109.0,4100.0,992.0,983.0
holdout,southern_california,M_RW,139,1.5,1,0.8065634682796862,66,,0.23509369676320271,0.23341463414634148,4109.0,4100.0,966.0,957.0
holdout,southern_california,M_RW,139,2.0,13,0.7943570185191827,75,,0.23509369676320271,0.23341463414634148,4109.0,4100.0,966.0,957.0
holdout,southern_california,M_RW,139,3.0,7,0.7734860978689191,84,,0.23509369676320271,0.23341463414634148,4109.0,4100.0,966.0,957.0
holdout,southern_california,M_RW,140,0.1,3,0.9091747602478208,7,,0.9656850815283524,0.965609756097561,4109.0,4100.0,3968.0,3959.0
holdout,southern_california,M_RW,140,0.5,7,0.8512603127307972,30,,0.2587004137259674,0.2570731707317073,4109.0,4100.0,1063.0,1054.0
holdout,southern_california,M_RW,140,1.0,11,0.8306716506566771,48,,0.2548065222681918,0.2531707317073171,4109.0,4100.0,1047.0,1038.0
holdout,southern_california,M_RW,140,1.5,10,0.8160256755119967,59,,0.2548065222681918,0.2531707317073171,4109.0,4100.0,1047.0,1038.0
holdout,southern_california,M_RW,140,2.0,10,0.8037850926473904,68,,0.2548065222681918,0.2531707317073171,4109.0,4100.0,1047.0,1038.0
holdout,southern_california,M_RW,140,3.0,13,0.7825840354622627,79,,0.2363105378437576,0.2346341463414634,4109.0,4100.0,971.0,962.0
holdout,southern_california,M_RW,141,0.1,14,0.9048057204810702,7,,0.9926989535166707,0.9926829268292683,4109.0,4100.0,4079.0,4070.0
holdout,southern_california,M_RW,141,0.5,14,0.8495195582637882,28,,0.2959357507909467,0.294390243902439,4109.0,4100.0,1216.0,1207.0
holdout,southern_california,M_RW,141,1.0,4,0.8313874626421905,47,,0.2343635921148698,0.2326829268292683,4109.0,4100.0,963.0,954.0
holdout,southern_california,M_RW,141,1.5,15,0.8176359524008882,60,,0.2343635921148698,0.2326829268292683,4109.0,4100.0,963.0,954.0
holdout,southern_california,M_RW,141,2.0,15,0.8059608600730822,70,,0.2343635921148698,0.2326829268292683,4109.0,4100.0,963.0,954.0
holdout,southern_california,M_RW,141,3.0,1,0.7860051829071213,85,,0.2343635921148698,0.2326829268292683,4109.0,4100.0,963.0,954.0
holdout,southern_california,M_RW,142,0.1,10,0.9087798997300082,7,,0.9961061085422244,0.9960975609756098,4109.0,4100.0,4093.0,4084.0
holdout,southern_california,M_RW,142,0.5,6,0.8585306932025014,33,,0.3081041615964955,0.30658536585365853,4109.0,4100.0,1266.0,1257.0
holdout,southern_california,M_RW,142,1.0,11,0.8421078193550005,56,,0.30469700657094184,0.30317073170731706,4109.0,4100.0,1252.0,1243.0
holdout,southern_california,M_RW,142,1.5,2,0.8301846382426618,72,,0.2343635921148698,0.2326829268292683,4109.0,4100.0,963.0,954.0
holdout,southern_california,M_RW,142,2.0,2,0.8195437293814535,78,,0.2343635921148698,0.2326829268292683,4109.0,4100.0,963.0,954.0
holdout,southern_california,M_RW,142,3.0,3,0.8009421331042144,94,,0.2343635921148698,0.2326829268292683,4109.0,4100.0,963.0,954.0
holdout,southern_california,M_RW,143,0.1,15,0.9068153187637384,6,,0.9656850815283524,0.965609756097561,4109.0,4100.0,3968.0,3959.0
holdout,southern_california,M_RW,143,0.5,2,0.838922897650326,37,,0.24628863470430762,0.2446341463414634,4109.0,4100.0,1012.0,1003.0
holdout,southern_california,M_RW,143,1.0,7,0.8183608960784371,52,,0.24628863470430762,0.2446341463414634,4109.0,4100.0,1012.0,1003.0
holdout,southern_california,M_RW,143,1.5,3,0.8042411230815932,62,,0.24385495254319786,0.2421951219512195,4109.0,4100.0,1002.0,993.0
holdout,southern_california,M_RW,143,2.0,19,0.7921448168283443,73,,0.24385495254319786,0.2421951219512195,4109.0,4100.0,1002.0,993.0
holdout,southern_california,M_RW,143,3.0,15,0.7708977736744583,87,,0.24385495254319786,0.2421951219512195,4109.0,4100.0,1002.0,993.0
holdout,southern_california,M_RW,144,0.1,19,0.9103395275196702,11,,0.7495741056218058,0.7490243902439024,4109.0,4100.0,3080.0,3071.0
holdout,southern_california,M_RW,144,0.5,9,0.8567405637363497,43,,0.2978826965198345,0.29634146341463413,4109.0,4100.0,1224.0,1215.0
holdout,southern_california,M_RW,144,1.0,7,0.8383985029392163,64,,0.29739596008761254,0.29585365853658535,4109.0,4100.0,1222.0,1213.0
holdout,southern_california,M_RW,144,1.5,2,0.8262771226302915,76,,0.2599172548065223,0.2582926829268293,4109.0,4100.0,1068.0,1059.0
holdout,southern_california,M_RW,144,2.0,6,0.8157694699278529,84,,0.29690922365539063,0.29536585365853657,4109.0,4100.0,1220.0,1211.0
holdout,southern_california,M_RW,144,3.0,6,0.7982402065075224,101,,0.29690922365539063,0.29536585365853657,4109.0,4100.0,1220.0,1211.0
holdout,southern_california,M_RW,145,0.1,12,0.9074212339941851,5,,0.999513263567778,0.9995121951219512,4109.0,4100.0,4107.0,4098.0
holdout,southern_california,M_RW,145,0.5,10,0.8513346945073412,28,,0.2343635921148698,0.2326829268292683,4109.0,4100.0,963.0,954.0
holdout,southern_california,M_RW,145,1.0,14,0.8317714826768421,49,,0.2343635921148698,0.2326829268292683,4109.0,4100.0,963.0,954.0
holdout,southern_california,M_RW,145,1.5,19,0.8176051464487838,62,,0.2343635921148698,0.2326829268292683,4109.0,4100.0,963.0,954.0
holdout,southern_california,M_RW,145,2.0,19,0.804431856859938,70,,0.2343635921148698,0.2326829268292683,4109.0,4100.0,963.0,954.0
holdout,southern_california,M_RW,145,3.0,10,0.7811390411136153,83,,0.2343635921148698,0.2326829268292683,4109.0,4100.0,963.0,954.0
holdout,southern_california,M_RW,146,0.1,12,0.9091571372185746,6,,0.9632513993672427,0.963170731707317,4109.0,4100.0,3958.0,3949.0
holdout,southern_california,M_RW,146,0.5,17,0.8536166561520313,32,,0.31954246775371137,0.3180487804878049,4109.0,4100.0,1313.0,1304.0
holdout,southern_california,M_RW,146,1.0,12345,0.8358586348871866,48,,0.23582380141153567,0.23414634146341465,4109.0,4100.0,969.0,960.0
holdout,southern_california,M_RW,146,1.5,17,0.8219197856853115,58,,0.23582380141153567,0.23414634146341465,4109.0,4100.0,969.0,960.0
holdout,southern_california,M_RW,146,2.0,19,0.810911187571954,69,,0.23582380141153567,0.23414634146341465,4109.0,4100.0,969.0,960.0
holdout,southern_california,M_RW,146,3.0,2,0.7915106322608461,82,,0.23582380141153567,0.23414634146341465,4109.0,4100.0,969.0,960.0
holdout,southern_california,M_RW,147,0.1,4,0.9068226180206638,5,,0.5434412265758092,0.5424390243902439,4109.0,4100.0,2233.0,2224.0
holdout,southern_california,M_RW,147,0.5,7,0.8503655861939006,26,,0.2343635921148698,0.2326829268292683,4109.0,4100.0,963.0,954.0
holdout,southern_california,M_RW,147,1.0,5,0.8296831775808646,39,,0.2343635921148698,0.2326829268292683,4109.0,4100.0,963.0,954.0
holdout,southern_california,M_RW,147,1.5,16,0.814071803734576,55,,0.2343635921148698,0.2326829268292683,4109.0,4100.0,963.0,954.0
holdout,southern_california,M_RW,147,2.0,4,0.8011543630013973,65,,0.2343635921148698,0.2326829268292683,4109.0,4100.0,963.0,954.0
holdout,southern_california,M_RW,147,3.0,2,0.7788612552681192,81,,0.23460696033098077,0.2329268292682927,4109.0,4100.0,964.0,955.0
holdout,southern_california,M_RW,148,0.1,4,0.9076112958761511,5,,0.5828668775857873,0.5819512195121951,4109.0,4100.0,2395.0,2386.0
holdout,southern_california,M_RW,148,0.5,8,0.85461289763677,35,,0.24215137503042103,0.24048780487804877,4109.0,4100.0,995.0,986.0
holdout,southern_california,M_RW,148,1.0,6,0.8366044247997612,47,,0.2353370649793137,0.23365853658536587,4109.0,4100.0,967.0,958.0
holdout,southern_california,M_RW,148,1.5,16,0.8224635961799575,60,,0.2343635921148698,0.2326829268292683,4109.0,4100.0,963.0,954.0
holdout,southern_california,M_RW,148,2.0,3,0.8107506197054142,69,,0.2343635921148698,0.2326829268292683,4109.0,4100.0,963.0,954.0
holdout,southern_california,M_RW,148,3.0,19,0.7906471647020338,78,,0.2343635921148698,0.2326829268292683,4109.0,4100.0,963.0,954.0
holdout,southern_california,M_RW,149,0.1,9,0.9092775711462743,6,,0.9742029690922366,0.9741463414634146,4109.0,4100.0,4003.0,3994.0
holdout,southern_california,M_RW,149,0.5,18,0.8516890290185877,30,,0.2679484059381845,0.26634146341463416,4109.0,4100.0,1101.0,1092.0
holdout,southern_california,M_RW,149,1.0,6,0.8314689937715698,51,,0.23971769286931127,0.23804878048780487,4109.0,4100.0,985.0,976.0
holdout,southern_california,M_RW,149,1.5,16,0.8171085495605779,61,,0.23971769286931127,0.23804878048780487,4109.0,4100.0,985.0,976.0
holdout,southern_california,M_RW,149,2.0,16,0.8043626918747676,72,,0.23971769286931127,0.23804878048780487,4109.0,4100.0,985.0,976.0
holdout,southern_california,M_RW,149,3.0,11,0.7848906001223281,83,,0.23971769286931127,0.23804878048780487,4109.0,4100.0,985.0,976.0
holdout,southern_california,M_RW,150,0.1,18,0.9118860668788931,10,,0.8919445120467266,0.8917073170731707,4109.0,4100.0,3665.0,3656.0
holdout,southern_california,M_RW,150,0.5,6,0.8506219753280572,36,,0.3930396690192261,0.39170731707317075,4109.0,4100.0,1615.0,1606.0
holdout,southern_california,M_RW,150,1.0,5,0.8304066072325792,51,,0.252616208323193,0.25097560975609756,4109.0,4100.0,1038.0,1029.0
holdout,southern_california,M_RW,150,1.5,18,0.816497309730636,60,,0.252616208323193,0.25097560975609756,4109.0,4100.0,1038.0,1029.0
holdout,southern_california,M_RW,150,2.0,14,0.8039052313165236,66,,0.2343635921148698,0.2326829268292683,4109.0,4100.0,963.0,954.0
holdout,southern_california,M_RW,150,3.0,18,0.7830422390097115,84,,0.2343635921148698,0.2326829268292683,4109.0,4100.0,963.0,954.0
holdout,southern_california,M_RW,151,0.1,8,0.9037786131308962,5,,0.8520321246045266,0.8517073170731707,4109.0,4100.0,3501.0,3492.0
holdout,southern_california,M_RW,151,0.5,3,0.850183323338569,32,,0.3061572158676077,0.3046341463414634,4109.0,4100.0,1258.0,1249.0
holdout,southern_california,M_RW,151,1.0,7,0.8307385981135128,48,,0.2343635921148698,0.2326829268292683,4109.0,4100.0,963.0,954.0
holdout,southern_california,M_RW,151,1.5,12345,0.8169604837394409,64,,0.2343635921148698,0.2326829268292683,4109.0,4100.0,963.0,954.0
holdout,southern_california,M_RW,151,2.0,14,0.8050987436539989,73,,0.2343635921148698,0.2326829268292683,4109.0,4100.0,963.0,954.0
holdout,southern_california,M_RW,151,3.0,19,0.7852089166148265,85,,0.2343635921148698,0.2326829268292683,4109.0,4100.0,963.0,954.0
holdout,southern_california,M_RW,152,0.1,17,0.9049763127007489,6,,0.9615478218544659,0.9614634146341463,4109.0,4100.0,3951.0,3942.0
holdout,southern_california,M_RW,152,0.5,16,0.8544834316576088,33,,0.2343635921148698,0.2326829268292683,4109.0,4100.0,963.0,954.0
holdout,southern_california,M_RW,152,1.0,14,0.8349636925448762,56,,0.2343635921148698,0.2326829268292683,4109.0,4100.0,963.0,954.0
holdout,southern_california,M_RW,152,1.5,1,0.8219142571849309,67,,0.2343635921148698,0.2326829268292683,4109.0,4100.0,963.0,954.0
holdout,southern_california,M_RW,152,2.0,12345,0.8103210889907949,79,,0.2343635921148698,0.2326829268292683,4109.0,4100.0,963.0,954.0
holdout,southern_california,M_RW,152,3.0,10,0.790147972476132,91,,0.2343635921148698,0.2326829268292683,4109.0,4100.0,963.0,954.0
holdout,southern_california,M_RW,153,0.1,10,0.9057729202788557,6,,1.0,1.0,4109.0,4100.0,4109.0,4100.0
holdout,southern_california,M_RW,153,0.5,6,0.8461200752989895,34,,0.35069359941591627,0.3492682926829268,4109.0,4100.0,1441.0,1432.0
holdout,southern_california,M_RW,153,1.0,18,0.8248925235686946,49,,0.3760038938914578,0.3746341463414634,4109.0,4100.0,1545.0,1536.0
holdout,southern_california,M_RW,153,1.5,1,0.8102865865204929,61,,0.23874422000486736,0.2370731707317073,4109.0,4100.0,981.0,972.0
holdout,southern_california,M_RW,153,2.0,16,0.7977205279647924,66,,0.23874422000486736,0.2370731707317073,4109.0,4100.0,981.0,972.0
holdout,southern_california,M_RW,153,3.0,8,0.77603326203374,88,,0.23728401070820151,0.23560975609756096,4109.0,4100.0,975.0,966.0
holdout,southern_california,M_RW,154,0.1,10,0.9036706047169051,5,,0.9104404964711609,0.9102439024390244,4109.0,4100.0,3741.0,3732.0
holdout,southern_california,M_RW,154,0.5,12345,0.8577859927700685,33,,0.2365539060598686,0.2348780487804878,4109.0,4100.0,972.0,963.0
holdout,southern_california,M_RW,154,1.0,16,0.8384423880056154,46,,0.2343635921148698,0.2326829268292683,4109.0,4100.0,963.0,954.0
holdout,southern_california,M_RW,154,1.5,19,0.8235585579300123,53,,0.2343635921148698,0.2326829268292683,4109.0,4100.0,963.0,954.0
holdout,southern_california,M_RW,154,2.0,18,0.8109962369326857,70,,0.2343635921148698,0.2326829268292683,4109.0,4100.0,963.0,954.0
holdout,southern_california,M_RW,154,3.0,5,0.7899731103675364,82,,0.2343635921148698,0.2326829268292683,4109.0,4100.0,963.0,954.0
holdout,southern_california,M_RW,155,0.1,4,0.902608160284071,6,,0.4572888780725237,0.4560975609756098,4109.0,4100.0,1879.0,1870.0
holdout,southern_california,M_RW,155,0.5,12345,0.8569948314974469,32,,0.2518861036748601,0.2502439024390244,4109.0,4100.0,1035.0,1026.0
holdout,southern_california,M_RW,155,1.0,12345,0.8376048604769845,50,,0.2343635921148698,0.2326829268292683,4109.0,4100.0,963.0,954.0
holdout,southern_california,M_RW,155,1.5,11,0.8234334472218922,65,,0.2343635921148698,0.2326829268292683,4109.0,4100.0,963.0,954.0
holdout,southern_california,M_RW,155,2.0,18,0.8110085582188972,73,,0.2343635921148698,0.2326829268292683,4109.0,4100.0,963.0,954.0
holdout,southern_california,M_RW,155,3.0,17,0.7905845367703096,88,,0.2343635921148698,0.2326829268292683,4109.0,4100.0,963.0,954.0
holdout,southern_california,M_RW,156,0.1,5,0.9065723234691251,6,,0.9513263567778049,0.9512195121951219,4109.0,4100.0,3909.0,3900.0
holdout,southern_california,M_RW,156,0.5,10,0.8581149647706336,33,,0.26113409588707714,0.25951219512195123,4109.0,4100.0,1073.0,1064.0
holdout,southern_california,M_RW,156,1.0,18,0.8395490399038278,51,,0.26113409588707714,0.25951219512195123,4109.0,4100.0,1073.0,1064.0
holdout,southern_california,M_RW,156,1.5,5,0.8255165132537001,62,,0.25918715015818933,0.2575609756097561,4109.0,4100.0,1065.0,1056.0
holdout,southern_california,M_RW,156,2.0,18,0.8140299850129361,68,,0.2363105378437576,0.2346341463414634,4109.0,4100.0,971.0,962.0
holdout,southern_california,M_RW,156,3.0,15,0.7945614131039318,84,,0.2363105378437576,0.2346341463414634,4109.0,4100.0,971.0,962.0
holdout,southern_california,M_RW,157,0.1,13,0.9037091466909424,5,,0.8671209540034072,0.8668292682926829,4109.0,4100.0,3563.0,3554.0
holdout,southern_california,M_RW,157,0.5,11,0.8492238139964688,30,,0.2796300803115113,0.2780487804878049,4109.0,4100.0,1149.0,1140.0
holdout,southern_california,M_RW,157,1.0,12345,0.830035860039585,50,,0.2596738865904113,0.2580487804878049,4109.0,4100.0,1067.0,1058.0
holdout,southern_california,M_RW,157,1.5,19,0.8165794400816501,59,,0.2596738865904113,0.2580487804878049,4109.0,4100.0,1067.0,1058.0
holdout,southern_california,M_RW,157,2.0,10,0.8047108657363726,68,,0.23485032854709176,0.23317073170731709,4109.0,4100.0,965.0,956.0
holdout,southern_california,M_RW,157,3.0,10,0.7851637523152966,82,,0.23485032854709176,0.23317073170731709,4109.0,4100.0,965.0,956.0
holdout,southern_california,M_RW,158,0.1,1,0.9092289595075295,9,,0.4755414942808469,0.474390243902439,4109.0,4100.0,1954.0,1945.0
holdout,southern_california,M_RW,158,0.5,14,0.8503268484668042,33,,0.27597955706984667,0.27439024390243905,4109.0,4100.0,1134.0,1125.0
holdout,southern_california,M_RW,158,1.0,12,0.8285746801562544,45,,0.27597955706984667,0.27439024390243905,4109.0,4100.0,1134.0,1125.0
holdout,southern_california,M_RW,158,1.5,3,0.8129963458529511,57,,0.2647846191287418,0.2631707317073171,4109.0,4100.0,1088.0,1079.0
holdout,southern_california,M_RW,158,2.0,12345,0.7998690778942281,64,,0.2465320029204186,0.2448780487804878,4109.0,4100.0,1013.0,1004.0
holdout,southern_california,M_RW,158,3.0,6,0.7774671594152794,80,,0.2465320029204186,0.2448780487804878,4109.0,4100.0,1013.0,1004.0
holdout,southern_california,M_RW,159,0.1,5,0.9088834317778304,7,,0.8522754928206376,0.8519512195121951,4109.0,4100.0,3502.0,3493.0
holdout,southern_california,M_RW,159,0.5,8,0.8589210624821588,33,,0.25918715015818933,0.2575609756097561,4109.0,4100.0,1065.0,1056.0
holdout,southern_california,M_RW,159,1.0,13,0.8400984832304228,49,,0.25918715015818933,0.2575609756097561,4109.0,4100.0,1065.0,1056.0
holdout,southern_california,M_RW,159,1.5,15,0.8261016412146873,61,,0.25918715015818933,0.2575609756097561,4109.0,4100.0,1065.0,1056.0
holdout,southern_california,M_RW,159,2.0,14,0.8145576747855614,70,,0.25918715015818933,0.2575609756097561,4109.0,4100.0,1065.0,1056.0
holdout,southern_california,M_RW,159,3.0,1,0.7950584929614491,85,,0.25918715015818933,0.2575609756097561,4109.0,4100.0,1065.0,1056.0
holdout,southern_california,M_RW,160,0.1,12,0.9035890595144018,6,,0.9997566317838891,0.9997560975609756,4109.0,4100.0,4108.0,4099.0
holdout,southern_california,M_RW,160,0.5,16,0.8430967829128038,33,,0.30226332440983206,0.30073170731707316,4109.0,4100.0,1242.0,1233.0
holdout,southern_california,M_RW,160,1.0,8,0.8229205053297717,47,,0.2888780725237284,0.2873170731707317,4109.0,4100.0,1187.0,1178.0
holdout,southern_california,M_RW,160,1.5,10,0.8067977320137782,59,,0.29715259187150156,0.29560975609756096,4109.0,4100.0,1221.0,1212.0
holdout,southern_california,M_RW,160,2.0,13,0.7940337121317772,65,,0.2879045996592845,0.2863414634146341,4109.0,4100.0,1183.0,1174.0
holdout,southern_california,M_RW,160,3.0,4,0.7715037496325005,80,,0.2879045996592845,0.2863414634146341,4109.0,4100.0,1183.0,1174.0
holdout,southern_california,M_RW,161,0.1,17,0.9114603200851734,9,,0.46945728887807253,0.4682926829268293,4109.0,4100.0,1929.0,1920.0
holdout,southern_california,M_RW,161,0.5,18,0.8595018405464723,37,,0.23460696033098077,0.2329268292682927,4109.0,4100.0,964.0,955.0
holdout,southern_california,M_RW,161,1.0,6,0.8426069767733488,54,,0.23460696033098077,0.2329268292682927,4109.0,4100.0,964.0,955.0
holdout,southern_california,M_RW,161,1.5,7,0.8302455549516822,68,,0.23460696033098077,0.2329268292682927,4109.0,4100.0,964.0,955.0
holdout,southern_california,M_RW,161,2.0,7,0.8190465876391706,75,,0.23460696033098077,0.2329268292682927,4109.0,4100.0,964.0,955.0
holdout,southern_california,M_RW,161,3.0,17,0.7997405436045967,90,,0.23460696033098077,0.2329268292682927,4109.0,4100.0,964.0,955.0
holdout,southern_california,M_RW,162,0.1,8,0.9085921752949534,8,,0.9780968605500122,0.9780487804878049,4109.0,4100.0,4019.0,4010.0
holdout,southern_california,M_RW,162,0.5,12,0.8614301771853997,38,,0.2961791190070577,0.2946341463414634,4109.0,4100.0,1217.0,1208.0
holdout,southern_california,M_RW,162,1.0,12,0.8427753888427326,49,,0.2961791190070577,0.2946341463414634,4109.0,4100.0,1217.0,1208.0
holdout,southern_california,M_RW,162,1.5,4,0.828277282963943,59,,0.24312484789486494,0.24146341463414633,4109.0,4100.0,999.0,990.0
holdout,southern_california,M_RW,162,2.0,1,0.8162560813334863,71,,0.24312484789486494,0.24146341463414633,4109.0,4100.0,999.0,990.0
holdout,southern_california,M_RW,162,3.0,11,0.7968460998962912,86,,0.24312484789486494,0.24146341463414633,4109.0,4100.0,999.0,990.0
holdout,southern_california,M_RW,163,0.1,11,0.9044131236531715,6,,0.5419810172791434,0.5409756097560976,4109.0,4100.0,2227.0,2218.0
holdout,southern_california,M_RW,163,0.5,3,0.8543225333404247,38,,0.2343635921148698,0.2326829268292683,4109.0,4100.0,963.0,954.0
holdout,southern_california,M_RW,163,1.0,4,0.8370718892229247,50,,0.2343635921148698,0.2326829268292683,4109.0,4100.0,963.0,954.0
holdout,southern_california,M_RW,163,1.5,14,0.8234541116744265,61,,0.2343635921148698,0.2326829268292683,4109.0,4100.0,963.0,954.0
holdout,southern_california,M_RW,163,2.0,7,0.812244880394051,73,,0.2343635921148698,0.2326829268292683,4109.0,4100.0,963.0,954.0
holdout,southern_california,M_RW,163,3.0,12345,0.7938110710104045,92,,0.2343635921148698,0.2326829268292683,4109.0,4100.0,963.0,954.0
holdout,southern_california,M_RW,164,0.1,10,0.907015360372569,7,,0.7632027257240205,0.7626829268292683,4109.0,4100.0,3136.0,3127.0
holdout,southern_california,M_RW,164,0.5,1,0.8569965698246476,33,,0.2343635921148698,0.2326829268292683,4109.0,4100.0,963.0,954.0
holdout,southern_california,M_RW,164,1.0,7,0.8395731887587101,51,,0.2343635921148698,0.2326829268292683,4109.0,4100.0,963.0,954.0
holdout,southern_california,M_RW,164,1.5,5,0.8262643956574715,62,,0.2343635921148698,0.2326829268292683,4109.0,4100.0,963.0,954.0
holdout,southern_california,M_RW,164,2.0,13,0.8161192383062338,73,,0.2343635921148698,0.2326829268292683,4109.0,4100.0,963.0,954.0
holdout,southern_california,M_RW,164,3.0,14,0.797761220025324,86,,0.2343635921148698,0.2326829268292683,4109.0,4100.0,963.0,954.0
holdout,southern_california,M_RW,165,0.1,18,0.9089346716543046,9,,0.5473351180335848,0.5463414634146342,4109.0,4100.0,2249.0,2240.0
holdout,southern_california,M_RW,165,0.5,10,0.8573522055883033,31,,0.23509369676320271,0.23341463414634148,4109.0,4100.0,966.0,957.0
holdout,southern_california,M_RW,165,1.0,4,0.8386426098630665,46,,0.2363105378437576,0.2346341463414634,4109.0,4100.0,971.0,962.0
holdout,southern_california,M_RW,165,1.5,13,0.8246914268823511,58,,0.23460696033098077,0.2329268292682927,4109.0,4100.0,964.0,955.0
holdout,southern_california,M_RW,165,2.0,1,0.8131341253435077,68,,0.23460696033098077,0.2329268292682927,4109.0,4100.0,964.0,955.0
holdout,southern_california,M_RW,165,3.0,8,0.7940375033464466,84,,0.23460696033098077,0.2329268292682927,4109.0,4100.0,964.0,955.0
holdout,southern_california,M_RW,166,0.1,9,0.9077465795073852,6,,0.948892674616695,0.948780487804878,4109.0,4100.0,3899.0,3890.0
holdout,southern_california,M_RW,166,0.5,2,0.8427136828162212,29,,0.25334631297152593,0.25170731707317073,4109.0,4100.0,1041.0,1032.0
holdout,southern_california,M_RW,166,1.0,9,0.821928005631027,43,,0.25334631297152593,0.25170731707317073,4109.0,4100.0,1041.0,1032.0
holdout,southern_california,M_RW,166,1.5,15,0.8069795692747079,52,,0.25334631297152593,0.25170731707317073,4109.0,4100.0,1041.0,1032.0
holdout,southern_california,M_RW,166,2.0,18,0.7944874995453161,66,,0.23971769286931127,0.23804878048780487,4109.0,4100.0,985.0,976.0
holdout,southern_california,M_RW,166,3.0,3,0.7731881715494517,83,,0.23971769286931127,0.23804878048780487,4109.0,4100.0,985.0,976.0
holdout,southern_california,M_RW,167,0.1,19,0.9089946484174419,7,,0.5724020442930153,0.5714634146341463,4109.0,4100.0,2352.0,2343.0
holdout,southern_california,M_RW,167,0.5,18,0.8588589717823463,36,,0.2363105378437576,0.2346341463414634,4109.0,4100.0,971.0,962.0
holdout,southern_california,M_RW,167,1.0,9,0.839847519883193,48,,0.2363105378437576,0.2346341463414634,4109.0,4100.0,971.0,962.0
holdout,southern_california,M_RW,167,1.5,9,0.8256925836362963,59,,0.2363105378437576,0.2346341463414634,4109.0,4100.0,971.0,962.0
holdout,southern_california,M_RW,167,2.0,16,0.8124627279319366,66,,0.2363105378437576,0.2346341463414634,4109.0,4100.0,971.0,962.0
holdout,southern_california,M_RW,167,3.0,3,0.792477214700091,84,,0.2343635921148698,0.2326829268292683,4109.0,4100.0,963.0,954.0
holdout,southern_california,M_RW,168,0.1,17,0.9067444565299858,7,,0.7386225358968119,0.7380487804878049,4109.0,4100.0,3035.0,3026.0
holdout,southern_california,M_RW,168,0.5,5,0.8516798124223559,30,,0.2567534679970796,0.2551219512195122,4109.0,4100.0,1055.0,1046.0
holdout,southern_california,M_RW,168,1.0,10,0.8317254454240549,48,,0.252129471890971,0.2504878048780488,4109.0,4100.0,1036.0,1027.0
holdout,southern_california,M_RW,168,1.5,17,0.8169376616346505,59,,0.2657580919931857,0.26414634146341465,4109.0,4100.0,1092.0,1083.0
holdout,southern_california,M_RW,168,2.0,6,0.8045931979958965,69,,0.2657580919931857,0.26414634146341465,4109.0,4100.0,1092.0,1083.0
holdout,southern_california,M_RW,168,3.0,19,0.7838692424176711,85,,0.2657580919931857,0.26414634146341465,4109.0,4100.0,1092.0,1083.0
holdout,southern_california,M_RW,169,0.1,14,0.908089239591653,7,,0.7860793380384522,0.785609756097561,4109.0,4100.0,3230.0,3221.0
holdout,southern_california,M_RW,169,0.5,9,0.8507108907802396,31,,0.24093453394986614,0.23926829268292682,4109.0,4100.0,990.0,981.0
holdout,southern_california,M_RW,169,1.0,14,0.8306665373290174,45,,0.24093453394986614,0.23926829268292682,4109.0,4100.0,990.0,981.0
holdout,southern_california,M_RW,169,1.5,9,0.8152883493409425,54,,0.24093453394986614,0.23926829268292682,4109.0,4100.0,990.0,981.0
holdout,southern_california,M_RW,169,2.0,2,0.8018531220422491,65,,0.2343635921148698,0.2326829268292683,4109.0,4100.0,963.0,954.0
holdout,southern_california,M_RW,169,3.0,10,0.7801880686649879,80,,0.2343635921148698,0.2326829268292683,4109.0,4100.0,963.0,954.0
holdout,southern_california,M_RW,170,0.1,15,0.9036438307283058,4,,1.0,1.0,4109.0,4100.0,4109.0,4100.0
holdout,southern_california,M_RW,170,0.5,7,0.86316241072991,29,,0.2394743246532003,0.23780487804878048,4109.0,4100.0,984.0,975.0
holdout,southern_california,M_RW,170,1.0,9,0.8447293739645862,50,,0.2394743246532003,0.23780487804878048,4109.0,4100.0,984.0,975.0
holdout,southern_california,M_RW,170,1.5,9,0.8311572744897318,60,,0.2394743246532003,0.23780487804878048,4109.0,4100.0,984.0,975.0
holdout,southern_california,M_RW,170,2.0,7,0.8196187881384452,70,,0.23485032854709176,0.23317073170731709,4109.0,4100.0,965.0,956.0
holdout,southern_california,M_RW,170,3.0,9,0.8003997391392497,87,,0.2343635921148698,0.2326829268292683,4109.0,4100.0,963.0,954.0
holdout,southern_california,M_RW,171,0.1,2,0.9024917413615205,4,,0.817230469700657,0.8168292682926829,4109.0,4100.0,3358.0,3349.0
holdout,southern_california,M_RW,171,0.5,12345,0.8546087896096359,31,,0.23558043319542468,0.23390243902439026,4109.0,4100.0,968.0,959.0
holdout,southern_california,M_RW,171,1.0,9,0.835786134485002,50,,0.2353370649793137,0.23365853658536587,4109.0,4100.0,967.0,958.0
holdout,southern_california,M_RW,171,1.5,15,0.8216360468978605,59,,0.2353370649793137,0.23365853658536587,4109.0,4100.0,967.0,958.0
holdout,southern_california,M_RW,171,2.0,6,0.8090599759324523,68,,0.2343635921148698,0.2326829268292683,4109.0,4100.0,963.0,954.0
holdout,southern_california,M_RW,171,3.0,9,0.789097210063049,84,,0.2353370649793137,0.23365853658536587,4109.0,4100.0,967.0,958.0
holdout,southern_california,M_RW,172,0.1,3,0.9048885627419111,6,,0.5334631297152592,0.5324390243902439,4109.0,4100.0,2192.0,2183.0
holdout,southern_california,M_RW,172,0.5,14,0.8643450042651812,32,,0.23898758822097835,0.2373170731707317,4109.0,4100.0,982.0,973.0
holdout,southern_california,M_RW,172,1.0,15,0.8468815482075362,48,,0.23898758822097835,0.2373170731707317,4109.0,4100.0,982.0,973.0
holdout,southern_california,M_RW,172,1.5,16,0.8336229175844272,62,,0.23898758822097835,0.2373170731707317,4109.0,4100.0,982.0,973.0
holdout,southern_california,M_RW,172,2.0,19,0.822715476754213,69,,0.23898758822097835,0.2373170731707317,4109.0,4100.0,982.0,973.0
holdout,southern_california,M_RW,172,3.0,5,0.8037198282823861,88,,0.23898758822097835,0.2373170731707317,4109.0,4100.0,982.0,973.0
holdout,southern_california,M_RW,173,0.1,11,0.904365822513211,6,,0.8912144073983937,0.8909756097560976,4109.0,4100.0,3662.0,3653.0
holdout,southern_california,M_RW,173,0.5,6,0.8391502856693711,26,,0.262350936967632,0.2607317073170732,4109.0,4100.0,1078.0,1069.0
holdout,southern_california,M_RW,173,1.0,17,0.816388652898882,41,,0.23460696033098077,0.2329268292682927,4109.0,4100.0,964.0,955.0
holdout,southern_california,M_RW,173,1.5,5,0.8001715462830687,51,,0.2569968362131906,0.2553658536585366,4109.0,4100.0,1056.0,1047.0
holdout,southern_california,M_RW,173,2.0,9,0.7867138203072133,67,,0.2567534679970796,0.2551219512195122,4109.0,4100.0,1055.0,1046.0
holdout,southern_california,M_RW,173,3.0,18,0.7648428069255082,81,,0.23460696033098077,0.2329268292682927,4109.0,4100.0,964.0,955.0
holdout,southern_california,M_RW,174,0.1,6,0.9048371407120188,8,,1.0,1.0,4109.0,4100.0,4109.0,4100.0
holdout,southern_california,M_RW,174,0.5,3,0.8524411715566098,32,,0.3061572158676077,0.3046341463414634,4109.0,4100.0,1258.0,1249.0
holdout,southern_california,M_RW,174,1.0,9,0.8338287998207814,59,,0.252616208323193,0.25097560975609756,4109.0,4100.0,1038.0,1029.0
holdout,southern_california,M_RW,174,1.5,9,0.8199279805792345,69,,0.252616208323193,0.25097560975609756,4109.0,4100.0,1038.0,1029.0
holdout,southern_california,M_RW,174,2.0,12,0.8073323007424766,68,,0.252616208323193,0.25097560975609756,4109.0,4100.0,1038.0,1029.0
holdout,southern_california,M_RW,174,3.0,10,0.785848720177322,84,,0.252616208323193,0.25097560975609756,4109.0,4100.0,1038.0,1029.0
holdout,southern_california,M_RW,175,0.1,9,0.9108955224400506,8,,0.9379411048917011,0.9378048780487804,4109.0,4100.0,3854.0,3845.0
holdout,southern_california,M_RW,175,0.5,7,0.8586381497586725,35,,0.2404477975176442,0.23878048780487804,4109.0,4100.0,988.0,979.0
holdout,southern_california,M_RW,175,1.0,10,0.8398155638671587,50,,0.2394743246532003,0.23780487804878048,4109.0,4100.0,984.0,975.0
holdout,southern_california,M_RW,175,1.5,12345,0.8253358598007835,61,,0.2392309564370893,0.2375609756097561,4109.0,4100.0,983.0,974.0
holdout,southern_california,M_RW,175,2.0,3,0.8130261532536716,68,,0.2392309564370893,0.2375609756097561,4109.0,4100.0,983.0,974.0
holdout,southern_california,M_RW,175,3.0,5,0.7925022965736415,82,,0.2392309564370893,0.2375609756097561,4109.0,4100.0,983.0,974.0
holdout,southern_california,M_RW,176,0.1,14,0.9095367698556899,7,,0.6383548308590898,0.6375609756097561,4109.0,4100.0,2623.0,2614.0
holdout,southern_california,M_RW,176,0.5,19,0.8584248032585816,30,,0.2518861036748601,0.2502439024390244,4109.0,4100.0,1035.0,1026.0
holdout,southern_california,M_RW,176,1.0,15,0.8391682218788068,53,,0.2343635921148698,0.2326829268292683,4109.0,4100.0,963.0,954.0
holdout,southern_california,M_RW,176,1.5,9,0.8261409266455505,64,,0.2343635921148698,0.2326829268292683,4109.0,4100.0,963.0,954.0
holdout,southern_california,M_RW,176,2.0,2,0.8148580078394339,71,,0.2343635921148698,0.2326829268292683,4109.0,4100.0,963.0,954.0
holdout,southern_california,M_RW,176,3.0,2,0.7957247636371797,87,,0.2343635921148698,0.2326829268292683,4109.0,4100.0,963.0,954.0
holdout,southern_california,M_RW,177,0.1,10,0.9031633455448721,6,,1.0,1.0,4109.0,4100.0,4109.0,4100.0
holdout,southern_california,M_RW,177,0.5,5,0.8542569001152696,33,,0.2343635921148698,0.2326829268292683,4109.0,4100.0,963.0,954.0
holdout,southern_california,M_RW,177,1.0,15,0.8359513743433761,53,,0.2365539060598686,0.2348780487804878,4109.0,4100.0,972.0,963.0
holdout,southern_california,M_RW,177,1.5,12,0.8217618041429383,63,,0.2465320029204186,0.2448780487804878,4109.0,4100.0,1013.0,1004.0
holdout,southern_california,M_RW,177,2.0,12345,0.8094595238914226,70,,0.2465320029204186,0.2448780487804878,4109.0,4100.0,1013.0,1004.0
holdout,southern_california,M_RW,177,3.0,2,0.7883135974615311,85,,0.2343635921148698,0.2326829268292683,4109.0,4100.0,963.0,954.0
holdout,southern_california,M_RW,178,0.1,15,0.9095546145053616,6,,0.879532733025067,0.8792682926829268,4109.0,4100.0,3614.0,3605.0
holdout,southern_california,M_RW,178,0.5,10,0.8490456830186737,30,,0.24774884400097347,0.24609756097560975,4109.0,4100.0,1018.0,1009.0
holdout,southern_california,M_RW,178,1.0,2,0.8264411439934507,47,,0.23460696033098077,0.2329268292682927,4109.0,4100.0,964.0,955.0
holdout,southern_california,M_RW,178,1.5,3,0.8112441936931827,64,,0.2343635921148698,0.2326829268292683,4109.0,4100.0,963.0,954.0
holdout,southern_california,M_RW,178,2.0,2,0.7988074695758743,65,,0.2343635921148698,0.2326829268292683,4109.0,4100.0,963.0,954.0
holdout,southern_california,M_RW,178,3.0,1,0.778517647092371,94,,0.2343635921148698,0.2326829268292683,4109.0,4100.0,963.0,954.0
holdout,southern_california,M_RW,179,0.1,12,0.9060781291656236,5,,0.8909710391822828,0.8907317073170732,4109.0,4100.0,3661.0,3652.0
holdout,southern_california,M_RW,179,0.5,12,0.8538064754621577,36,,0.2599172548065223,0.2582926829268293,4109.0,4100.0,1068.0,1059.0
holdout,southern_california,M_RW,179,1.0,4,0.8360838626050651,57,,0.23752737892431247,0.23585365853658535,4109.0,4100.0,976.0,967.0
holdout,southern_california,M_RW,179,1.5,15,0.823267522518088,74,,0.23752737892431247,0.23585365853658535,4109.0,4100.0,976.0,967.0
holdout,southern_california,M_RW,179,2.0,16,0.8122678193728505,80,,0.23752737892431247,0.23585365853658535,4109.0,4100.0,976.0,967.0
holdout,southern_california,M_RW,179,3.0,13,0.7931111599156875,95,,0.23752737892431247,0.23585365853658535,4109.0,4100.0,976.0,967.0
holdout,southern_california,M_RW,180,0.1,5,0.9067671824077155,7,,0.8330494037478705,0.8326829268292683,4109.0,4100.0,3423.0,3414.0
holdout,southern_california,M_RW,180,0.5,8,0.8531559679390681,33,,0.25797030907763446,0.25634146341463415,4109.0,4100.0,1060.0,1051.0
holdout,southern_california,M_RW,180,1.0,14,0.8336149003946024,54,,0.2572402044293015,0.255609756097561,4109.0,4100.0,1057.0,1048.0
holdout,southern_california,M_RW,180,1.5,7,0.8204176730178101,68,,0.2572402044293015,0.255609756097561,4109.0,4100.0,1057.0,1048.0
holdout,southern_california,M_RW,180,2.0,11,0.8095379864745689,75,,0.2572402044293015,0.255609756097561,4109.0,4100.0,1057.0,1048.0
holdout,southern_california,M_RW,180,3.0,11,0.790502563757325,86,,0.2572402044293015,0.255609756097561,4109.0,4100.0,1057.0,1048.0
holdout,southern_california,M_RW,181,0.1,5,0.9042884807968583,6,,0.8946215624239474,0.894390243902439,4109.0,4100.0,3676.0,3667.0
holdout,southern_california,M_RW,181,0.5,10,0.8464479017648883,28,,0.2747627159892918,0.2731707317073171,4109.0,4100.0,1129.0,1120.0
holdout,southern_california,M_RW,181,1.0,12345,0.8256149517568191,43,,0.2747627159892918,0.2731707317073171,4109.0,4100.0,1129.0,1120.0
holdout,southern_california,M_RW,181,1.5,18,0.8099457234665706,58,,0.27135556096373814,0.2697560975609756,4109.0,4100.0,1115.0,1106.0
holdout,southern_california,M_RW,181,2.0,19,0.7966731287920606,65,,0.2747627159892918,0.2731707317073171,4109.0,4100.0,1129.0,1120.0
holdout,southern_california,M_RW,181,3.0,19,0.7736838132353325,78,,0.2343635921148698,0.2326829268292683,4109.0,4100.0,963.0,954.0
holdout,southern_california,M_RW,182,0.1,14,0.9080792946605624,7,,0.6595278656607447,0.6587804878048781,4109.0,4100.0,2710.0,2701.0
holdout,southern_california,M_RW,182,0.5,5,0.8570387349002883,34,,0.25626673156485763,0.2546341463414634,4109.0,4100.0,1053.0,1044.0
holdout,southern_california,M_RW,182,1.0,2,0.8365222849580558,49,,0.25577999513263566,0.25414634146341464,4109.0,4100.0,1051.0,1042.0
holdout,southern_california,M_RW,182,1.5,13,0.822021240186414,57,,0.2465320029204186,0.2448780487804878,4109.0,4100.0,1013.0,1004.0
holdout,southern_california,M_RW,182,2.0,11,0.8096231789884704,65,,0.2465320029204186,0.2448780487804878,4109.0,4100.0,1013.0,1004.0
holdout,southern_california,M_RW,182,3.0,18,0.7885385624876825,78,,0.24361158432708688,0.24195121951219511,4109.0,4100.0,1001.0,992.0
holdout,southern_california,M_RW,183,0.1,4,0.9061653941831842,6,,0.9033828182039426,0.9031707317073171,4109.0,4100.0,3712.0,3703.0
holdout,southern_california,M_RW,183,0.5,6,0.8546584155493809,34,,0.23558043319542468,0.23390243902439026,4109.0,4100.0,968.0,959.0
holdout,southern_california,M_RW,183,1.0,18,0.8363205829651832,51,,0.2343635921148698,0.2326829268292683,4109.0,4100.0,963.0,954.0
holdout,southern_california,M_RW,183,1.5,9,0.8230512440689361,64,,0.2343635921148698,0.2326829268292683,4109.0,4100.0,963.0,954.0
holdout,southern_california,M_RW,183,2.0,6,0.8113582257040178,69,,0.2343635921148698,0.2326829268292683,4109.0,4100.0,963.0,954.0
holdout,southern_california,M_RW,183,3.0,6,0.7913645067029095,87,,0.2343635921148698,0.2326829268292683,4109.0,4100.0,963.0,954.0
holdout,southern_california,M_RW,184,0.1,2,0.9056461255338869,7,,0.959357507909467,0.9592682926829268,4109.0,4100.0,3942.0,3933.0
holdout,southern_california,M_RW,184,0.5,11,0.8490081614876334,31,,0.24385495254319786,0.2421951219512195,4109.0,4100.0,1002.0,993.0
holdout,southern_california,M_RW,184,1.0,3,0.8280615331386681,50,,0.23460696033098077,0.2329268292682927,4109.0,4100.0,964.0,955.0
holdout,southern_california,M_RW,184,1.5,3,0.8132389598086166,56,,0.23460696033098077,0.2329268292682927,4109.0,4100.0,964.0,955.0
holdout,southern_california,M_RW,184,2.0,4,0.7996287091939734,61,,0.23460696033098077,0.2329268292682927,4109.0,4100.0,964.0,955.0
holdout,southern_california,M_RW,184,3.0,9,0.7776950553767533,78,,0.23460696033098077,0.2329268292682927,4109.0,4100.0,964.0,955.0
holdout,southern_california,M_RW,185,0.1,1,0.9067469943702527,9,,0.8773424190800682,0.8770731707317073,4109.0,4100.0,3605.0,3596.0
holdout,southern_california,M_RW,185,0.5,1,0.85762703210536,38,,0.23485032854709176,0.23317073170731709,4109.0,4100.0,965.0,956.0
holdout,southern_california,M_RW,185,1.0,12,0.8396933067285748,56,,0.2343635921148698,0.2326829268292683,4109.0,4100.0,963.0,954.0
holdout,southern_california,M_RW,185,1.5,12345,0.8267905514358508,66,,0.2343635921148698,0.2326829268292683,4109.0,4100.0,963.0,954.0
holdout,southern_california,M_RW,185,2.0,3,0.8154393491611716,75,,0.2343635921148698,0.2326829268292683,4109.0,4100.0,963.0,954.0
holdout,southern_california,M_RW,185,3.0,16,0.7967093446031123,95,,0.2343635921148698,0.2326829268292683,4109.0,4100.0,963.0,954.0
holdout,southern_california,M_RW,186,0.1,12345,0.9087919830523421,5,,0.9939157945972256,0.9939024390243902,4109.0,4100.0,4084.0,4075.0
holdout,southern_california,M_RW,186,0.5,5,0.8549546296244414,30,,0.3273302506692626,0.3258536585365854,4109.0,4100.0,1345.0,1336.0
holdout,southern_california,M_RW,186,1.0,12345,0.8364545009342229,46,,0.3180822584570455,0.31658536585365854,4109.0,4100.0,1307.0,1298.0
holdout,southern_california,M_RW,186,1.5,13,0.8228430012334336,62,,0.3180822584570455,0.31658536585365854,4109.0,4100.0,1307.0,1298.0
holdout,southern_california,M_RW,186,2.0,12,0.8111246343139386,71,,0.3180822584570455,0.31658536585365854,4109.0,4100.0,1307.0,1298.0
holdout,southern_california,M_RW,186,3.0,18,0.7907358927410015,81,,0.2343635921148698,0.2326829268292683,4109.0,4100.0,963.0,954.0
holdout,southern_california,M_RW,187,0.1,2,0.9059559988824945,7,,0.6592844974446337,0.6585365853658537,4109.0,4100.0,2709.0,2700.0
holdout,southern_california,M_RW,187,0.5,6,0.8551046830797643,30,,0.2745193477731808,0.2729268292682927,4109.0,4100.0,1128.0,1119.0
holdout,southern_california,M_RW,187,1.0,11,0.835530193200104,51,,0.23704064249209053,0.23536585365853657,4109.0,4100.0,974.0,965.0
holdout,southern_california,M_RW,187,1.5,11,0.8205216756302666,61,,0.23704064249209053,0.23536585365853657,4109.0,4100.0,974.0,965.0
holdout,southern_california,M_RW,187,2.0,16,0.8078857568514037,69,,0.23704064249209053,0.23536585365853657,4109.0,4100.0,974.0,965.0
holdout,southern_california,M_RW,187,3.0,18,0.7872437185342231,87,,0.2343635921148698,0.2326829268292683,4109.0,4100.0,963.0,954.0
holdout,southern_california,M_RW,188,0.1,19,0.9066650165464886,7,,0.9890484302750061,0.9890243902439024,4109.0,4100.0,4064.0,4055.0
holdout,southern_california,M_RW,188,0.5,8,0.8550825103448029,33,,0.26600146020929666,0.26439024390243904,4109.0,4100.0,1093.0,1084.0
holdout,southern_california,M_RW,188,1.0,10,0.8351287477422754,49,,0.26600146020929666,0.26439024390243904,4109.0,4100.0,1093.0,1084.0
holdout,southern_california,M_RW,188,1.5,7,0.8207959420256247,60,,0.2655147237770747,0.26390243902439026,4109.0,4100.0,1091.0,1082.0
holdout,southern_california,M_RW,188,2.0,11,0.8076636935227346,69,,0.25918715015818933,0.2575609756097561,4109.0,4100.0,1065.0,1056.0
holdout,southern_california,M_RW,188,3.0,19,0.7864137880341768,83,,0.25918715015818933,0.2575609756097561,4109.0,4100.0,1065.0,1056.0
holdout,southern_california,M_RW,189,0.1,17,0.9139034089546874,8,,0.9982964224872232,0.9982926829268293,4109.0,4100.0,4102.0,4093.0
holdout,southern_california,M_RW,189,0.5,17,0.8524617275980854,33,,0.26137746410318813,0.2597560975609756,4109.0,4100.0,1074.0,1065.0
holdout,southern_california,M_RW,189,1.0,15,0.8344212723292217,51,,0.2343635921148698,0.2326829268292683,4109.0,4100.0,963.0,954.0
holdout,southern_california,M_RW,189,1.5,14,0.8213106515830911,64,,0.2343635921148698,0.2326829268292683,4109.0,4100.0,963.0,954.0
holdout,southern_california,M_RW,189,2.0,18,0.8102745679184372,77,,0.2343635921148698,0.2326829268292683,4109.0,4100.0,963.0,954.0
holdout,southern_california,M_RW,189,3.0,12345,0.7921978713244382,90,,0.2343635921148698,0.2326829268292683,4109.0,4100.0,963.0,954.0
holdout,southern_california,M_RW,190,0.1,12,0.9069843176550769,10,,0.979557069846678,0.9795121951219512,4109.0,4100.0,4025.0,4016.0
holdout,southern_california,M_RW,190,0.5,5,0.8400072156831,33,,0.3078607933803845,0.30634146341463414,4109.0,4100.0,1265.0,1256.0
holdout,southern_california,M_RW,190,1.0,11,0.818735239538011,51,,0.3078607933803845,0.30634146341463414,4109.0,4100.0,1265.0,1256.0
holdout,southern_california,M_RW,190,1.5,12345,0.8035180309931625,63,,0.3317108785592602,0.3302439024390244,4109.0,4100.0,1363.0,1354.0
holdout,southern_california,M_RW,190,2.0,14,0.7903726938557974,66,,0.2708688245315162,0.26926829268292685,4109.0,4100.0,1113.0,1104.0
holdout,southern_california,M_RW,190,3.0,7,0.7683209712200321,79,,0.24799221221708445,0.24634146341463414,4109.0,4100.0,1019.0,1010.0
holdout,southern_california,M_RW,191,0.1,12345,0.9022901385783475,5,,0.999513263567778,0.9995121951219512,4109.0,4100.0,4107.0,4098.0
holdout,southern_california,M_RW,191,0.5,12,0.8526446851027225,28,,0.25821367729374545,0.25658536585365854,4109.0,4100.0,1061.0,1052.0
holdout,southern_california,M_RW,191,1.0,2,0.8330040895023899,48,,0.25821367729374545,0.25658536585365854,4109.0,4100.0,1061.0,1052.0
holdout,southern_california,M_RW,191,1.5,2,0.8192744389698384,63,,0.25821367729374545,0.25658536585365854,4109.0,4100.0,1061.0,1052.0
holdout,southern_california,M_RW,191,2.0,12345,0.8071506510290976,70,,0.25821367729374545,0.25658536585365854,4109.0,4100.0,1061.0,1052.0
holdout,southern_california,M_RW,191,3.0,1,0.7863436175243411,83,,0.25821367729374545,0.25658536585365854,4109.0,4100.0,1061.0,1052.0
holdout,southern_california,M_RW,192,0.1,15,0.9034296980058523,7,,0.5178875638841567,0.5168292682926829,4109.0,4100.0,2128.0,2119.0
holdout,southern_california,M_RW,192,0.5,14,0.8510614039925651,32,,0.23704064249209053,0.23536585365853657,4109.0,4100.0,974.0,965.0
holdout,southern_california,M_RW,192,1.0,13,0.8308216070875599,47,,0.2343635921148698,0.2326829268292683,4109.0,4100.0,963.0,954.0
holdout,southern_california,M_RW,192,1.5,17,0.8163290376633743,61,,0.23582380141153567,0.23414634146341465,4109.0,4100.0,969.0,960.0
holdout,southern_california,M_RW,192,2.0,11,0.8035576413935714,65,,0.2343635921148698,0.2326829268292683,4109.0,4100.0,963.0,954.0
holdout,southern_california,M_RW,192,3.0,6,0.7804307308788966,78,,0.2343635921148698,0.2326829268292683,4109.0,4100.0,963.0,954.0
holdout,southern_california,M_RW,193,0.1,16,0.9056418145018332,7,,0.8663908493550743,0.8660975609756097,4109.0,4100.0,3560.0,3551.0
holdout,southern_california,M_RW,193,0.5,8,0.8540295838612805,36,,0.24312484789486494,0.24146341463414633,4109.0,4100.0,999.0,990.0
holdout,southern_california,M_RW,193,1.0,4,0.8354348122539978,52,,0.2343635921148698,0.2326829268292683,4109.0,4100.0,963.0,954.0
holdout,southern_california,M_RW,193,1.5,4,0.8218462671282525,61,,0.27622292528595765,0.27463414634146344,4109.0,4100.0,1135.0,1126.0
holdout,southern_california,M_RW,193,2.0,17,0.8095519947689089,69,,0.2343635921148698,0.2326829268292683,4109.0,4100.0,963.0,954.0
holdout,southern_california,M_RW,193,3.0,17,0.7882635399706318,82,,0.2343635921148698,0.2326829268292683,4109.0,4100.0,963.0,954.0
holdout,southern_california,M_RW,194,0.1,12345,0.9066199266343102,6,,0.8729617911900706,0.8726829268292683,4109.0,4100.0,3587.0,3578.0
holdout,southern_california,M_RW,194,0.5,8,0.8500054854317992,29,,0.3005597468970552,0.2990243902439024,4109.0,4100.0,1235.0,1226.0
holdout,southern_california,M_RW,194,1.0,17,0.8297460022633203,45,,0.2776831345826235,0.2760975609756098,4109.0,4100.0,1141.0,1132.0
holdout,southern_california,M_RW,194,1.5,2,0.8158230296999305,58,,0.27135556096373814,0.2697560975609756,4109.0,4100.0,1115.0,1106.0
holdout,southern_california,M_RW,194,2.0,10,0.8042285188451732,62,,0.2776831345826235,0.2760975609756098,4109.0,4100.0,1141.0,1132.0
holdout,southern_california,M_RW,194,3.0,10,0.7842269385977505,77,,0.27135556096373814,0.2697560975609756,4109.0,4100.0,1115.0,1106.0
holdout,southern_california,M_RW,195,0.1,19,0.9107131088582148,8,,0.4171331224142127,0.41585365853658535,4109.0,4100.0,1714.0,1705.0
holdout,southern_california,M_RW,195,0.5,10,0.8574012396656457,32,,0.24701873935264054,0.24536585365853658,4109.0,4100.0,1015.0,1006.0
holdout,southern_california,M_RW,195,1.0,10,0.8386008378525506,51,,0.24701873935264054,0.24536585365853658,4109.0,4100.0,1015.0,1006.0
holdout,southern_california,M_RW,195,1.5,19,0.8245768245759284,60,,0.23558043319542468,0.23390243902439026,4109.0,4100.0,968.0,959.0
holdout,southern_california,M_RW,195,2.0,16,0.8134054597458339,68,,0.24701873935264054,0.24536585365853658,4109.0,4100.0,1015.0,1006.0
holdout,southern_california,M_RW,195,3.0,7,0.792604409167886,77,,0.23558043319542468,0.23390243902439026,4109.0,4100.0,968.0,959.0
holdout,southern_california,M_RW,196,0.1,3,0.9040713851034329,6,,0.9978096860550012,0.9978048780487805,4109.0,4100.0,4100.0,4091.0
holdout,southern_california,M_RW,196,0.5,13,0.8440133041064657,34,,0.28717449501095155,0.28560975609756095,4109.0,4100.0,1180.0,1171.0
holdout,southern_california,M_RW,196,1.0,5,0.8220141556655256,50,,0.40496471160866393,0.4036585365853659,4109.0,4100.0,1664.0,1655.0
holdout,southern_california,M_RW,196,1.5,9,0.8054747561207173,59,,0.2513993672426381,0.2497560975609756,4109.0,4100.0,1033.0,1024.0
holdout,southern_california,M_RW,196,2.0,6,0.7920322586296502,68,,0.2513993672426381,0.2497560975609756,4109.0,4100.0,1033.0,1024.0
holdout,southern_california,M_RW,196,3.0,11,0.7667481666158843,82,,0.27378924312484787,0.27219512195121953,4109.0,4100.0,1125.0,1116.0
holdout,southern_california,M_RW,197,0.1,7,0.9074359027716089,8,,0.9805305427111219,0.9804878048780488,4109.0,4100.0,4029.0,4020.0
holdout,southern_california,M_RW,197,0.5,6,0.8520882489135899,32,,0.3465563397420297,0.34512195121951217,4109.0,4100.0,1424.0,1415.0
holdout,southern_california,M_RW,197,1.0,1,0.8331036508384234,54,,0.27622292528595765,0.27463414634146344,4109.0,4100.0,1135.0,1126.0
holdout,southern_california,M_RW,197,1.5,12,0.8199989955435562,66,,0.27622292528595765,0.27463414634146344,4109.0,4100.0,1135.0,1126.0
holdout,southern_california,M_RW,197,2.0,14,0.8088623947661764,74,,0.27622292528595765,0.27463414634146344,4109.0,4100.0,1135.0,1126.0
holdout,southern_california,M_RW,197,3.0,13,0.7889336030428475,83,,0.27622292528595765,0.27463414634146344,4109.0,4100.0,1135.0,1126.0
holdout,southern_california,M_RW,198,0.1,17,0.9104393808841565,8,,0.8761255779995133,0.8758536585365854,4109.0,4100.0,3600.0,3591.0
holdout,southern_california,M_RW,198,0.5,2,0.8538238350248664,30,,0.2988561693842784,0.2973170731707317,4109.0,4100.0,1228.0,1219.0
holdout,southern_california,M_RW,198,1.0,15,0.8334075792623242,45,,0.24458505719153079,0.24292682926829268,4109.0,4100.0,1005.0,996.0
holdout,southern_california,M_RW,198,1.5,12,0.8183169672590521,57,,0.2353370649793137,0.23365853658536587,4109.0,4100.0,967.0,958.0
holdout,southern_california,M_RW,198,2.0,1,0.8058192449709708,69,,0.2353370649793137,0.23365853658536587,4109.0,4100.0,967.0,958.0
holdout,southern_california,M_RW,198,3.0,7,0.7845228916615514,85,,0.2353370649793137,0.23365853658536587,4109.0,4100.0,967.0,958.0
holdout,southern_california,M_RW,199,0.1,7,0.9051358143379207,6,,0.9997566317838891,0.9997560975609756,4109.0,4100.0,4108.0,4099.0
holdout,southern_california,M_RW,199,0.5,2,0.8482112461525223,26,,0.2708688245315162,0.26926829268292685,4109.0,4100.0,1113.0,1104.0
holdout,southern_california,M_RW,199,1.0,6,0.8289561890737605,50,,0.2572402044293015,0.255609756097561,4109.0,4100.0,1057.0,1048.0
holdout,southern_california,M_RW,199,1.5,8,0.8155652038525084,62,,0.2572402044293015,0.255609756097561,4109.0,4100.0,1057.0,1048.0
holdout,southern_california,M_RW,199,2.0,15,0.8039591051778224,66,,0.2572402044293015,0.255609756097561,4109.0,4100.0,1057.0,1048.0
holdout,southern_california,M_RW,199,3.0,7,0.7833951424770065,81,,0.2572402044293015,0.255609756097561,4109.0,4100.0,1057.0,1048.0
