scope,region,model,realization,C,Cw,budget,accepted,attempts,acceptance,edge_overlap,cached
full,shanxi,observed,-1,0.4969564740742232,0.001719142877096268,,,,,,
full,shanxi,M_RW,0,0.07992364486054834,9.727839760727669e-05,40.0,168040.0,200361.0,0.8386861714605137,0.08474172815996191,True
full,shanxi,M_RW,1,0.08193063302317517,0.00011466589701432107,40.0,168040.0,200057.0,0.8399606112258007,0.08664603665793859,True
full,shanxi,M_RW,2,0.08038393610009152,0.00012397919277466312,40.0,168040.0,199933.0,0.8404815613230432,0.07807664841704356,True
full,shanxi,M_RW,3,0.08225498075802115,9.738959618773527e-05,40.0,168040.0,200040.0,0.8400319936012798,0.0864079980956915,True
full,shanxi,M_RW,4,0.08061407330716874,9.681972181364315e-05,40.0,168040.0,200126.0,0.8396710072654228,0.08331349678647941,True
full,shanxi,M_RW,5,0.07692492500759232,0.00010977254890791232,40.0,168040.0,200217.0,0.8392893710324298,0.084979766722209,True
full,shanxi,M_RW,6,0.07419521222244381,0.00010355314316363855,40.0,168040.0,199977.0,0.840296634112923,0.08783622946917401,True
full,shanxi,M_RW,7,0.07417915883456916,0.00010001556267518109,40.0,168040.0,200258.0,0.8391175383754956,0.08974053796715067,True
full,shanxi,M_RW,8,0.07605225714914533,0.0001107585434340182,40.0,168040.0,199990.0,0.840242012100605,0.08378957391097358,True
full,shanxi,M_RW,9,0.07590713080495132,0.00010534883609130549,40.0,168040.0,199661.0,0.841626557014139,0.08878838371816235,True
full,shanxi,M_RW,10,0.0748321944359228,0.00010700299832059042,40.0,168040.0,199701.0,0.841457979679621,0.08521780528445608,True
full,shanxi,M_RW,11,0.07801904584777572,0.0001036224982065053,40.0,168040.0,199823.0,0.8409442356485489,0.08807426803142109,True
full,shanxi,M_RW,12,0.07670755590545951,0.00011403212484804832,40.0,168040.0,200021.0,0.8401117882622324,0.08569388240895025,True
full,shanxi,M_RW,13,0.08099869496178944,0.00012000913373019425,40.0,168040.0,200127.0,0.8396668115746501,0.0895024994049036,True
full,shanxi,M_RW,14,0.08164731523024642,0.00011071104840421163,40.0,168040.0,200157.0,0.8395409603461282,0.07783860985479647,True
full,shanxi,M_RW,15,0.07856410080232593,0.00010275072209630117,40.0,168040.0,200053.0,0.8399774059874133,0.08355153534872649,True
full,shanxi,M_RW,16,0.08063932483178851,0.00011826270402932803,40.0,168040.0,199929.0,0.8404983769238079,0.08093311116400857,True
full,shanxi,M_RW,17,0.08339016117571721,0.00011829688695181518,40.0,168040.0,199953.0,0.8403974934109516,0.08259938109973816,True
full,shanxi,M_RW,18,0.08083241037439043,0.00010011104964791193,40.0,168040.0,199864.0,0.8407717247728456,0.0864079980956915,True
full,shanxi,M_RW,19,0.08016166856250126,0.0001087433904647847,40.0,168040.0,200257.0,0.8391217285787763,0.0818852654129969,True
full,shanxi,M_RW,20,0.0757717281484745,9.471141724429285e-05,40.0,168040.0,199978.0,0.8402924321675385,0.08378957391097358,True
full,shanxi,M_RW,21,0.07103814953762096,9.579835731620121e-05,40.0,168040.0,199855.0,0.8408095869505391,0.08855034515591526,True
full,shanxi,M_RW,22,0.07853363670088251,0.0001062593395079188,40.0,168040.0,200213.0,0.8393061389620055,0.08259938109973816,True
full,shanxi,M_RW,23,0.0785008741671003,0.000148973808674716,40.0,168040.0,200244.0,0.8391762050298636,0.08331349678647941,True
full,shanxi,M_RW,24,0.07354734968824726,9.922282903121983e-05,40.0,168040.0,200194.0,0.8393857957780952,0.084979766722209,True
full,shanxi,M_RW,25,0.07649430824298796,0.00010864700905534613,40.0,168040.0,200288.0,0.8389918517335038,0.0895024994049036,True
full,shanxi,M_RW,26,0.07695229214971236,0.00010324947992840653,40.0,168040.0,200064.0,0.8399312220089571,0.08259938109973816,True
full,shanxi,M_RW,27,0.08161624090091618,0.0001706933682683178,40.0,168040.0,200244.0,0.8391762050298636,0.09188288502737443,True
full,shanxi,M_RW,28,0.07721762866705412,0.00010399814767746179,40.0,168040.0,199908.0,0.8405866698681393,0.08593192097119734,True
full,shanxi,M_RW,29,0.07743771892747538,0.00010515081803269694,40.0,168040.0,200271.0,0.8390630695407723,0.08616995953344442,True
full,shanxi,M_RW,30,0.07755750569591988,0.00011159739175233798,,168040.0,200203.0,0.8393480617173569,0.08736015234467984,False
full,shanxi,M_RW,31,0.07944299559029315,0.00010509254109029697,,168040.0,200147.0,0.8395829065636757,0.07974291835277315,False
full,shanxi,M_RW,32,0.07986780071400007,0.00011730381766125806,,168040.0,199915.0,0.8405572368256509,0.08855034515591526,False
full,shanxi,M_RW,33,0.0816434037203593,0.00010442047476858686,,168040.0,200190.0,0.8394025675608172,0.08736015234467984,False
full,shanxi,M_RW,34,0.08311198535549616,0.00011242297899267694,,168040.0,200091.0,0.8398178828632972,0.0923589621518686,False
full,shanxi,M_RW,35,0.08068509810475975,0.00011230920582738951,,168040.0,200008.0,0.8401663933442662,0.08378957391097358,False
full,shanxi,M_RW,36,0.07394729503470726,0.00010165914251937865,,168040.0,199950.0,0.8404101025256314,0.08450368959771483,False
full,shanxi,M_RW,37,0.08109976048483068,0.00010963577075494235,,168040.0,200206.0,0.8393354844510155,0.0923589621518686,False
full,shanxi,M_RW,38,0.07596559015084363,9.930823903881341e-05,,168040.0,199687.0,0.8415169740644108,0.08736015234467984,False
full,shanxi,M_RW,39,0.08255924480503388,0.00010028276336223566,,168040.0,199589.0,0.8419301664921414,0.0773625327303023,False
full,shanxi,M_RW,40,0.0823212757599748,0.00010528358244040233,,168040.0,199861.0,0.8407843451198583,0.08616995953344442,False
full,shanxi,M_RW,41,0.07654015033586682,0.00012750100623623895,,168040.0,200004.0,0.8401831963360733,0.0759343013568198,False
full,shanxi,M_RW,42,0.08113352480876612,0.00010893816555975463,,168040.0,199787.0,0.8410957669918463,0.08283741966198524,False
full,shanxi,M_RW,43,0.08095963694771013,0.00010441891082887082,,168040.0,199965.0,0.8403470607356287,0.084979766722209,False
full,shanxi,M_RW,44,0.07907336484665994,0.00010728265090061984,,168040.0,199989.0,0.8402462135417448,0.07641037848131398,False
full,shanxi,M_RW,45,0.08456513587536883,0.00011478133789113793,,168040.0,199824.0,0.8409400272239571,0.07974291835277315,False
full,shanxi,M_RW,46,0.08565083565300022,0.000105008624064671,,168040.0,199900.0,0.8406203101550775,0.08712211378243276,False
full,shanxi,M_RW,47,0.0801284744917336,0.00010909133961342015,,168040.0,199707.0,0.8414326989038942,0.08093311116400857,False
full,shanxi,M_RW,48,0.07672315169828763,9.711435315713909e-05,,168040.0,200452.0,0.8383054297288128,0.08212330397524399,False
full,shanxi,M_RW,49,0.08361055648390044,0.00010928902688729758,,168040.0,200255.0,0.8391301091108836,0.08593192097119734,False
full,shanxi,M_RW,50,0.08142712392318861,0.00011340526427177297,,168040.0,199945.0,0.8404311185576033,0.07879076410378481,False
full,shanxi,M_RW,51,0.08339565152915829,0.00010638701125565262,,168040.0,199974.0,0.8403092402012261,0.08736015234467984,False
full,shanxi,M_RW,52,0.07704262927617109,0.00010115088037620474,,168040.0,200276.0,0.8390421218718169,0.08450368959771483,False
full,shanxi,M_RW,53,0.08221361602766171,0.00012039003307485277,,168040.0,200104.0,0.8397633230720025,0.08974053796715067,False
full,shanxi,M_RW,54,0.07722422665653675,9.832381355210196e-05,,168040.0,199851.0,0.8408264156796814,0.08069507260176148,False
full,shanxi,M_RW,55,0.0776934032279515,0.00010578084615314181,,168040.0,199792.0,0.8410747177064146,0.09402523208759819,False
full,shanxi,M_RW,56,0.07832004269167384,9.352879030069258e-05,,168040.0,199930.0,0.8404941729605362,0.08355153534872649,False
full,shanxi,M_RW,57,0.07869884994826924,0.0001058403500798735,,168040.0,200288.0,0.8389918517335038,0.08902642228040943,False
full,shanxi,M_RW,58,0.08005428263362893,0.00010738519075771846,,168040.0,200250.0,0.8391510611735331,0.08378957391097358,False
full,shanxi,M_RW,59,0.08463667566735267,0.00011048720166168772,,168040.0,200018.0,0.8401243888050075,0.08569388240895025,False
full,shanxi,M_RW,60,0.07916317938699072,9.772435703595689e-05,,168040.0,199933.0,0.8404815613230432,0.08259938109973816,False
full,shanxi,M_RW,61,0.08297284699913966,0.00010590947858080748,,168040.0,200212.0,0.8393103310490879,0.08402761247322066,False
full,shanxi,M_RW,62,0.07976516223520085,0.0001024276650373737,,168040.0,199785.0,0.8411041870010261,0.08069507260176148,False
full,shanxi,M_RW,63,0.07834305579618106,0.00011512108791006367,,168040.0,200183.0,0.839431919793389,0.07474410854558439,False
full,shanxi,M_RW,64,0.07719499891902769,0.00011406431188664731,,168040.0,199780.0,0.8411252377615377,0.08283741966198524,False
full,shanxi,M_RW,65,0.08401077657677364,0.00010737144400359759,,168040.0,199816.0,0.8409736958001361,0.07831468697929064,False
full,shanxi,M_RW,66,0.08040380728037282,0.00011557505785552612,,168040.0,199935.0,0.8404731537749769,0.08283741966198524,False
full,shanxi,M_RW,67,0.08164353358068237,0.00010549068960837033,,168040.0,199897.0,0.8406329259568678,0.07807664841704356,False
full,shanxi,M_RW,68,0.07839680833650024,9.845621713165575e-05,,168040.0,199799.0,0.8410452504767291,0.08093311116400857,False
full,shanxi,M_RW,69,0.07385544346878693,0.00011303613531812226,,168040.0,200105.0,0.8397591264586093,0.08474172815996191,False
full,shanxi,M_RW,70,0.07982012279557014,9.429970837573712e-05,,168040.0,200138.0,0.839620661743397,0.08783622946917401,False
full,shanxi,M_RW,71,0.08193176437832574,0.00012969833775319464,,168040.0,200203.0,0.8393480617173569,0.0895024994049036,False
full,shanxi,M_RW,72,0.08018122045325468,0.00011373834937466748,,168040.0,200073.0,0.8398934388948034,0.08236134253749107,False
full,shanxi,M_RW,73,0.07791658687469152,9.880103232240272e-05,,168040.0,199396.0,0.8427450901723204,0.07998095691502023,False
full,shanxi,M_RW,74,0.0796571434822752,0.00010586732453457877,,168040.0,200002.0,0.8401915980840191,0.07998095691502023,False
full,shanxi,M_RW,75,0.08240121934149575,0.00010768249942757653,,168040.0,199913.0,0.8405656460560343,0.09093073077838609,False
full,shanxi,M_RW,76,0.08164203307943392,0.00011648751186834377,,168040.0,199919.0,0.8405404188696423,0.08974053796715067,False
full,shanxi,M_RW,77,0.07929106266222317,0.00011937850989167904,,168040.0,199989.0,0.8402462135417448,0.08093311116400857,False
full,shanxi,M_RW,78,0.07692439033438662,0.00010130669890881184,,168040.0,199899.0,0.8406245153802671,0.08378957391097358,False
full,shanxi,M_RW,79,0.08180156365218778,0.00010958824651968667,,168040.0,199517.0,0.8422339950981621,0.08164722685074982,False
full,shanxi,M_RW,80,0.07899540460084283,0.00010522750296939788,,168040.0,199347.0,0.8429522390605326,0.08807426803142109,False
full,shanxi,M_RW,81,0.0751415517591741,8.583518563894354e-05,,168040.0,200300.0,0.8389415876185722,0.09164484646512736,False
full,shanxi,M_RW,82,0.07889183961206554,0.00010259084922064281,,168040.0,200064.0,0.8399312220089571,0.07926684122827898,False
full,shanxi,M_RW,83,0.08603735699695374,0.00011086711766712493,,168040.0,200023.0,0.8401033881103673,0.0818852654129969,False
full,shanxi,M_RW,84,0.08301030674084774,0.00012521217275295848,,168040.0,199859.0,0.840792758895021,0.08521780528445608,False
full,shanxi,M_RW,85,0.07479988994711136,0.00010658244743296846,,168040.0,199767.0,0.8411799746704911,0.07712449416805522,False
full,shanxi,M_RW,86,0.07652826049541094,0.00011454270947432541,,168040.0,199710.0,0.8414200590856742,0.08450368959771483,False
full,shanxi,M_RW,87,0.08156972208234897,0.00010889786679052572,,168040.0,200354.0,0.8387154736117073,0.08593192097119734,False
full,shanxi,M_RW,88,0.07732048591265066,0.00011191612832330798,,168040.0,199990.0,0.840242012100605,0.08616995953344442,False
full,shanxi,M_RW,89,0.0794777847174285,0.00010018015232005332,,168040.0,199673.0,0.8415759767219404,0.09164484646512736,False
full,shanxi,M_RW,90,0.07555339678430747,9.92357285707644e-05,,168040.0,199745.0,0.8412726225938071,0.08378957391097358,False
full,shanxi,M_RW,91,0.07587922674079572,8.859252735075339e-05,,168040.0,199360.0,0.8428972712680578,0.08664603665793859,False
full,shanxi,M_RW,92,0.0818529657677697,0.00010806781704926683,,168040.0,199842.0,0.8408642827833989,0.0804570340395144,False
full,shanxi,M_RW,93,0.07943791373300434,0.00010269924726848573,,168040.0,199972.0,0.8403176444702258,0.08521780528445608,False
full,shanxi,M_RW,94,0.08028580909283282,0.00010684458019386055,,168040.0,200104.0,0.8397633230720025,0.08521780528445608,False
full,shanxi,M_RW,95,0.07892240158835383,9.34462257804561e-05,,168040.0,200194.0,0.8393857957780952,0.08474172815996191,False
full,shanxi,M_RW,96,0.07598136299836863,0.00010619386035230732,,168040.0,200281.0,0.8390211752487755,0.08569388240895025,False
full,shanxi,M_RW,97,0.08082885877426618,0.00011325622646880833,,168040.0,200028.0,0.8400823884656148,0.08736015234467984,False
full,shanxi,M_RW,98,0.08082164407965026,0.00010387128082609104,,168040.0,199943.0,0.8404395252647004,0.08569388240895025,False
full,shanxi,M_RW,99,0.07715729578684559,0.00010294346649199177,,168040.0,199829.0,0.8409189857328015,0.07950487979052606,False
full,shanxi,M_RW,100,0.07810178786823216,0.00012187890898183964,,168040.0,200059.0,0.8399522140968414,0.09283503927636277,False
full,shanxi,M_RW,101,0.07793948570407915,0.00010485273635902992,,168040.0,199847.0,0.8408432450824881,0.08426565103546775,False
full,shanxi,M_RW,102,0.07649474616433831,0.00010669172215763884,,168040.0,200219.0,0.8392809873188858,0.08474172815996191,False
full,shanxi,M_RW,103,0.081542509717,0.0001189166766238586,,168040.0,200055.0,0.8399690085226563,0.08783622946917401,False
full,shanxi,M_RW,104,0.07674947085057701,0.00010327107777999148,,168040.0,200151.0,0.8395661275736819,0.08521780528445608,False
full,shanxi,M_RW,105,0.08078999650098008,0.0001550649863413571,,168040.0,199713.0,0.8414074196471937,0.08259938109973816,False
full,shanxi,M_RW,106,0.07890383595728039,0.00010226023217745031,,168040.0,199854.0,0.8408137940696708,0.08355153534872649,False
full,shanxi,M_RW,107,0.07631618448625221,0.00010491231584185586,,168040.0,199960.0,0.840368073614723,0.08569388240895025,False
full,shanxi,M_RW,108,0.07614997534009943,9.850186404233112e-05,,168040.0,199784.0,0.8411083970688343,0.08569388240895025,False
full,shanxi,M_RW,109,0.08377048315070229,0.00012391617296314024,,168040.0,199909.0,0.8405824650215848,0.08616995953344442,False
full,shanxi,M_RW,110,0.07815120761589069,0.00010175349523973103,,168040.0,199859.0,0.840792758895021,0.08331349678647941,False
full,shanxi,M_RW,111,0.08522328520053819,0.00011802802869162232,,168040.0,199959.0,0.8403722763166449,0.08807426803142109,False
full,shanxi,M_RW,112,0.07931774409883958,9.868537895513873e-05,,168040.0,200194.0,0.8393857957780952,0.08355153534872649,False
full,shanxi,M_RW,113,0.08135771836995093,0.00011103047495913821,,168040.0,200264.0,0.8390923980345943,0.08164722685074982,False
full,shanxi,M_RW,114,0.0782451413572054,0.00010612510307320852,,168040.0,199780.0,0.8411252377615377,0.08307545822423233,False
full,shanxi,M_RW,115,0.08322017679793967,0.00011537524767436829,,168040.0,199852.0,0.8408222084342414,0.0895024994049036,False
full,shanxi,M_RW,116,0.07676633702622129,0.00011342704541983724,,168040.0,200033.0,0.8400613898706714,0.08426565103546775,False
full,shanxi,M_RW,117,0.07797955204502253,0.0001178309119449345,,168040.0,199928.0,0.8405025809291344,0.08759819090692693,False
full,shanxi,M_RW,118,0.0784787287261745,0.0001112776454583317,,168040.0,199793.0,0.8410705079757549,0.08521780528445608,False
full,shanxi,M_RW,119,0.08542038512390827,0.00013693660421589202,,168040.0,200155.0,0.8395493492543279,0.07950487979052606,False
full,shanxi,M_RW,120,0.08319032163606557,0.00010578968109008795,,168040.0,200027.0,0.840086588310578,0.0864079980956915,False
full,shanxi,M_RW,121,0.08271024709382521,0.00011568793362464257,,168040.0,200107.0,0.8397507333576536,0.08521780528445608,False
full,shanxi,M_RW,122,0.08095506312753319,0.00011137467603671464,,168040.0,199659.0,0.84163498765395,0.08831230659366818,False
full,shanxi,M_RW,123,0.0789502629902107,0.0001461987025741764,,168040.0,200182.0,0.8394361131370452,0.08426565103546775,False
full,shanxi,M_RW,124,0.07601312883370474,0.00010697493857396807,,168040.0,200126.0,0.8396710072654228,0.08331349678647941,False
full,shanxi,M_RW,125,0.07755122659035989,0.00010785985847488291,,168040.0,199909.0,0.8405824650215848,0.07855272554153774,False
full,shanxi,M_RW,126,0.07525956261734276,9.127916333328282e-05,,168040.0,200164.0,0.8395116004876002,0.07902880266603189,False
full,shanxi,M_RW,127,0.07856321028205364,0.00011923236318960387,,168040.0,200058.0,0.8399564126403343,0.08093311116400857,False
full,shanxi,M_RW,128,0.07462979720804735,0.00010991877511154576,,168040.0,199571.0,0.8420061030911304,0.08521780528445608,False
full,shanxi,M_RW,129,0.08169392789621022,0.00010670825031540422,,168040.0,199777.0,0.8411378687236268,0.08759819090692693,False
full,shanxi,M_RW,130,0.07823661067296932,9.694142853319417e-05,,168040.0,199993.0,0.840229408029281,0.07879076410378481,False
full,shanxi,M_RW,131,0.07682956087235601,9.512230064712e-05,,168040.0,199673.0,0.8415759767219404,0.08117114972625565,False
full,shanxi,M_RW,132,0.07777851700332686,0.00010457107506062713,,168040.0,199815.0,0.8409779045617196,0.0804570340395144,False
full,shanxi,M_RW,133,0.07899475314345294,0.00012072592639601741,,168040.0,199603.0,0.8418711141616108,0.08688407522018567,False
full,shanxi,M_RW,134,0.07841360375187394,0.00011242415148739014,,168040.0,199945.0,0.8404311185576033,0.08569388240895025,False
full,shanxi,M_RW,135,0.07525824172620295,0.00011093074049989192,,168040.0,199881.0,0.8407002166288942,0.08759819090692693,False
full,shanxi,M_RW,136,0.07832510764120351,0.0001043850107430009,,168040.0,200435.0,0.8383765310449772,0.07998095691502023,False
full,shanxi,M_RW,137,0.07881825469771844,0.00011496883651519378,,168040.0,199813.0,0.8409863222112676,0.08712211378243276,False
full,shanxi,M_RW,138,0.07667649098604763,9.97453956257082e-05,,168040.0,199923.0,0.8405236015866109,0.08474172815996191,False
full,shanxi,M_RW,139,0.07701657859559546,9.918230054658775e-05,,168040.0,200198.0,0.839369024665581,0.08783622946917401,False
full,shanxi,M_RW,140,0.08182818887411819,0.00010203660192821582,,168040.0,199898.0,0.8406287206475302,0.07879076410378481,False
full,shanxi,M_RW,141,0.0787837792022442,0.00010641277805625713,,168040.0,200199.0,0.8393648319921678,0.08688407522018567,False
full,shanxi,M_RW,142,0.07820091650070864,0.00010029812532509323,,168040.0,200208.0,0.8393270998161911,0.08450368959771483,False
full,shanxi,M_RW,143,0.08248747824622386,0.00011634360167632541,,168040.0,199897.0,0.8406329259568678,0.08140918828850274,False
full,shanxi,M_RW,144,0.08172780422348003,0.00011842934874522904,,168040.0,200080.0,0.8398640543782487,0.08283741966198524,False
full,shanxi,M_RW,145,0.08177908503246248,0.0001137934227312734,,168040.0,200351.0,0.8387280323033077,0.0892644608426565,False
full,shanxi,M_RW,146,0.07685400686738378,9.494983604932859e-05,,168040.0,200133.0,0.8396416383105235,0.08378957391097358,False
full,shanxi,M_RW,147,0.08241208081600575,0.00011750450827450647,,168040.0,199692.0,0.8414959036916851,0.08736015234467984,False
full,shanxi,M_RW,148,0.07904600773395103,0.00011635868459540532,,168040.0,200167.0,0.8394990183197031,0.08378957391097358,False
full,shanxi,M_RW,149,0.07778484523324507,9.813793147924812e-05,,168040.0,199927.0,0.8405067849765164,0.0895024994049036,False
full,shanxi,M_RW,150,0.0836098317047861,0.00011149678686184767,,168040.0,200006.0,0.8401747947561573,0.0895024994049036,False
full,shanxi,M_RW,151,0.08045610120723648,0.0001102997112346489,,168040.0,199861.0,0.8407843451198583,0.08307545822423233,False
full,shanxi,M_RW,152,0.07941747565150575,0.00011715267155017372,,168040.0,199777.0,0.8411378687236268,0.08688407522018567,False
full,shanxi,M_RW,153,0.07843918920883976,0.00010644655932048136,,168040.0,200183.0,0.839431919793389,0.08307545822423233,False
full,shanxi,M_RW,154,0.07708690861357445,0.0001076971351723917,,168040.0,200228.0,0.8392432626805442,0.08521780528445608,False
full,shanxi,M_RW,155,0.07667177364943724,9.961066998631315e-05,,168040.0,199737.0,0.8413063178079174,0.08569388240895025,False
full,shanxi,M_RW,156,0.07754457939585095,9.955715468674964e-05,,168040.0,200083.0,0.839851461643418,0.08331349678647941,False
full,shanxi,M_RW,157,0.07850241481010643,0.0001127981034417558,,168040.0,200143.0,0.8395996862243496,0.08164722685074982,False
full,shanxi,M_RW,158,0.07613891107969765,0.00010516354885972981,,168040.0,200469.0,0.8382343404715941,0.08997857652939777,False
full,shanxi,M_RW,159,0.07146648280443582,0.00010481636564809063,,168040.0,199821.0,0.8409526526240986,0.08426565103546775,False
full,shanxi,M_RW,160,0.074885336777727,0.00011423915458487003,,168040.0,199931.0,0.8404899690393186,0.0804570340395144,False
full,shanxi,M_RW,161,0.07252350669248615,9.628791041830075e-05,,168040.0,200179.0,0.8394486934193897,0.08569388240895025,False
full,shanxi,M_RW,162,0.07595594714417028,0.00011147426288856901,,168040.0,200070.0,0.839906032888489,0.08616995953344442,False
full,shanxi,M_RW,163,0.07958953781797097,0.00011743329233274984,,168040.0,200000.0,0.8402,0.08236134253749107,False
full,shanxi,M_RW,164,0.07408165015622586,0.00010260918210817689,,168040.0,199900.0,0.8406203101550775,0.08593192097119734,False
full,shanxi,M_RW,165,0.0746775705380332,0.00010183703762672276,,168040.0,199665.0,0.841609696241204,0.08616995953344442,False
full,shanxi,M_RW,166,0.08038049233261008,0.0001085310790477409,,168040.0,200104.0,0.8397633230720025,0.08521780528445608,False
full,shanxi,M_RW,167,0.0790087149701242,0.00010479492014578262,,168040.0,200055.0,0.8399690085226563,0.08164722685074982,False
full,shanxi,M_RW,168,0.08011680795477366,0.00013250641035088574,,168040.0,199881.0,0.8407002166288942,0.08069507260176148,False
full,shanxi,M_RW,169,0.08158596066534883,0.00010159173086753458,,168040.0,199748.0,0.8412599875843563,0.08259938109973816,False
full,shanxi,M_RW,170,0.08038464402686984,0.00011123151941789961,,168040.0,200179.0,0.8394486934193897,0.08402761247322066,False
full,shanxi,M_RW,171,0.07884548884283593,0.00010544112526167752,,168040.0,199863.0,0.8407759315130865,0.09473934777433944,False
full,shanxi,M_RW,172,0.07747243405915043,8.884532836520292e-05,,168040.0,200215.0,0.839297754913468,0.08021899547726732,False
full,shanxi,M_RW,173,0.08070878063549237,9.802747832539398e-05,,168040.0,200301.0,0.8389373992141826,0.08378957391097358,False
full,shanxi,M_RW,174,0.080127592909336,9.947501477226577e-05,,168040.0,199910.0,0.8405782602170977,0.0818852654129969,False
full,shanxi,M_RW,175,0.07841861984189252,0.0001139535550529712,,168040.0,199805.0,0.8410199944946323,0.08593192097119734,False
full,shanxi,M_RW,176,0.07925066341040302,0.00010662715776343768,,168040.0,200392.0,0.8385564293983792,0.08283741966198524,False
full,shanxi,M_RW,177,0.08079683213291863,0.00011766744245239903,,168040.0,200070.0,0.839906032888489,0.08093311116400857,False
full,shanxi,M_RW,178,0.08098364581345947,0.00011120411468769062,,168040.0,200182.0,0.8394361131370452,0.08593192097119734,False
full,shanxi,M_RW,179,0.07703530644771435,0.00010895904423893512,,168040.0,199908.0,0.8405866698681393,0.08426565103546775,False
full,shanxi,M_RW,180,0.07646514654418574,0.00011769967200913563,,168040.0,199907.0,0.8405908747567619,0.08545584384670317,False
full,shanxi,M_RW,181,0.08175297786848532,0.00011779850187008512,,168040.0,199716.0,0.8413947805884355,0.08093311116400857,False
full,shanxi,M_RW,182,0.08009376807219008,0.00010358371105428038,,168040.0,199808.0,0.8410073670723895,0.08616995953344442,False
full,shanxi,M_RW,183,0.08198728863905182,0.0001098843976745193,,168040.0,199919.0,0.8405404188696423,0.09093073077838609,False
full,shanxi,M_RW,184,0.08065885107456888,9.817920562068864e-05,,168040.0,199395.0,0.8427493166829659,0.09259700071411568,False
full,shanxi,M_RW,185,0.0747270316710794,0.00010002158590601863,,168040.0,200213.0,0.8393061389620055,0.08307545822423233,False
full,shanxi,M_RW,186,0.07648443291153861,0.00011093079442298353,,168040.0,199696.0,0.8414790481531929,0.08902642228040943,False
full,shanxi,M_RW,187,0.07813796017977498,0.00010277882613838338,,168040.0,200257.0,0.8391217285787763,0.08331349678647941,False
full,shanxi,M_RW,188,0.08024405912658249,0.00011386552052098609,,168040.0,199922.0,0.8405278058442792,0.07998095691502023,False
full,shanxi,M_RW,189,0.07748435171232876,0.00010329831437959188,,168040.0,199696.0,0.8414790481531929,0.08307545822423233,False
full,shanxi,M_RW,190,0.08463365336241745,0.00011418371305266035,,168040.0,199703.0,0.8414495525855896,0.08378957391097358,False
full,shanxi,M_RW,191,0.07881780143333603,0.00010172768292244,,168040.0,200249.0,0.8391552517116191,0.08521780528445608,False
full,shanxi,M_RW,192,0.07799329096202176,0.00010518180224460334,,168040.0,199437.0,0.8425718397288366,0.08593192097119734,False
full,shanxi,M_RW,193,0.07998539794785689,0.00012835704724604213,,168040.0,200441.0,0.8383514350856361,0.0818852654129969,False
full,shanxi,M_RW,194,0.07940421101101582,9.737106834179356e-05,,168040.0,200156.0,0.8395451547792722,0.08283741966198524,False
full,shanxi,M_RW,195,0.08159843762358471,0.00010589219440075384,,168040.0,199919.0,0.8405404188696423,0.08164722685074982,False
full,shanxi,M_RW,196,0.07917161416196997,0.00010931077287253329,,168040.0,199997.0,0.8402126031890479,0.08450368959771483,False
full,shanxi,M_RW,197,0.07861121753119435,0.00011823586694480407,,168040.0,199681.0,0.8415422599045478,0.08355153534872649,False
full,shanxi,M_RW,198,0.0779014460761101,0.0001069553311632742,,168040.0,200293.0,0.8389709076203362,0.08664603665793859,False
full,shanxi,M_RW,199,0.07687155722946486,0.0001108129253993235,,168040.0,200067.0,0.839918627259868,0.08688407522018567,False
full,INGV,observed,-1,0.36710297223602206,0.006517382516186942,,,,,,
full,INGV,M_RW,0,0.011709229801410615,6.765032202791138e-05,40.0,116760.0,122384.0,0.9540462805595503,0.03562863994518671,True
full,INGV,M_RW,1,0.013512017111978303,6.096902030054093e-05,40.0,116760.0,122491.0,0.9532128891102204,0.03357314148681055,True
full,INGV,M_RW,2,0.016848564142188282,7.407659240562915e-05,40.0,116760.0,122285.0,0.9548186613239563,0.03117505995203837,True
full,INGV,M_RW,3,0.01727397129407623,7.059087111926227e-05,40.0,116760.0,122362.0,0.9542178127196351,0.041795135320315174,True
full,INGV,M_RW,4,0.01819816169159004,7.563117935216281e-05,40.0,116760.0,122300.0,0.9547015535568275,0.03562863994518671,True
full,INGV,M_RW,5,0.01692589339436271,0.00028584934787037364,40.0,116760.0,122418.0,0.9537813066705877,0.03973963686193902,True
full,INGV,M_RW,6,0.020497122951249152,4.391170049710439e-05,40.0,116760.0,122246.0,0.9551232760172111,0.03494347379239465,True
full,INGV,M_RW,7,0.015857790508302966,7.79563629909465e-05,40.0,116760.0,122368.0,0.9541710251046025,0.027064063035286058,True
full,INGV,M_RW,8,0.015812459475160714,4.9519149422039735e-05,40.0,116760.0,122475.0,0.9533374157991427,0.03905447070914697,True
full,INGV,M_RW,9,0.013511646534888889,6.070581895085078e-05,40.0,116760.0,122188.0,0.955576652371755,0.03528605686879068,True
full,INGV,M_RW,10,0.01459573865933806,3.547658794902791e-05,40.0,116760.0,122300.0,0.9547015535568275,0.03768413840356286,True
full,INGV,M_RW,11,0.015909972082028566,6.394431197131966e-05,40.0,116760.0,122243.0,0.9551467159673764,0.03631380609797876,True
full,INGV,M_RW,12,0.02145541244392784,5.117138612164699e-05,40.0,116760.0,122413.0,0.9538202641876271,0.03391572456320658,True
full,INGV,M_RW,13,0.01602922321998541,6.228349654159254e-05,40.0,116760.0,122232.0,0.9552326722953073,0.03460089071599863,True
full,INGV,M_RW,14,0.019097312692633085,0.00011046962791366487,40.0,116760.0,122469.0,0.9533841216961026,0.03631380609797876,True
full,INGV,M_RW,15,0.015486445353152497,5.4350517800040576e-05,40.0,116760.0,122544.0,0.9528006267136702,0.03699897225077081,True
full,INGV,M_RW,16,0.016138568002344342,4.214938655559642e-05,40.0,116760.0,122247.0,0.9551154629561461,0.03734155532716684,True
full,INGV,M_RW,17,0.01596822856207558,6.231105345385088e-05,40.0,116760.0,122261.0,0.9550060935212373,0.03768413840356286,True
full,INGV,M_RW,18,0.01399615436472502,4.3855649865055154e-05,40.0,116760.0,122333.0,0.954444017558631,0.0421377183967112,True
full,INGV,M_RW,19,0.0154072258724513,4.888065162110786e-05,40.0,116760.0,122310.0,0.9546234976698553,0.03939705378554299,True
full,INGV,M_RW,20,0.01722914128644538,7.187491672872121e-05,40.0,116760.0,122483.0,0.9532751483879396,0.03494347379239465,True
full,INGV,M_RW,21,0.012716334788870248,7.163725172522655e-05,40.0,116760.0,122288.0,0.9547952374721967,0.03631380609797876,True
full,INGV,M_RW,22,0.016462136708009646,6.738311721997463e-05,40.0,116760.0,122312.0,0.9546078880240696,0.03836930455635491,True
full,INGV,M_RW,23,0.014801957952656614,4.1389007757434783e-05,40.0,116760.0,122255.0,0.9550529630689951,0.03836930455635491,True
full,INGV,M_RW,24,0.013395224269830428,3.618848806464564e-05,40.0,116760.0,122352.0,0.9542958022754021,0.03802672147995889,True
full,INGV,M_RW,25,0.01300224536326644,2.7361262298589235e-05,40.0,116760.0,122261.0,0.9550060935212373,0.03802672147995889,True
full,INGV,M_RW,26,0.01968141507234054,8.194655164122225e-05,40.0,116760.0,122298.0,0.954717166266006,0.03699897225077081,True
full,INGV,M_RW,27,0.013445414787899714,4.159707153216406e-05,40.0,116760.0,122297.0,0.9547249728120886,0.03597122302158273,True
full,INGV,M_RW,28,0.022501978459830832,6.113935127763893e-05,40.0,116760.0,122268.0,0.9549514181960939,0.0342583076396026,True
full,INGV,M_RW,29,0.018389363567128964,4.809623809390564e-05,40.0,116760.0,122306.0,0.9546547184929602,0.03357314148681055,True
full,INGV,M_RW,30,0.020860671528612512,0.00017413965981440612,,116760.0,122432.0,0.953672242550967,0.03631380609797876,False
full,INGV,M_RW,31,0.0152166613083374,5.043271805800931e-05,,116760.0,122364.0,0.9542022163381386,0.0328879753340185,False
full,INGV,M_RW,32,0.016471063959439942,4.758477059953716e-05,,116760.0,122401.0,0.9539137752142548,0.03323055841041452,False
full,INGV,M_RW,33,0.017155418480622478,9.219715120805798e-05,,116760.0,122291.0,0.9547718147696886,0.030489893799246316,False
full,INGV,M_RW,34,0.013857774044005908,4.87795800832224e-05,,116760.0,122401.0,0.9539137752142548,0.03734155532716684,False
full,INGV,M_RW,35,0.016958336417614267,4.360064381214791e-05,,116760.0,122278.0,0.9548733214478483,0.0342583076396026,False
full,INGV,M_RW,36,0.015569175529631442,6.401727703772754e-05,,116760.0,122183.0,0.9556157566928296,0.0315176430284344,False
full,INGV,M_RW,37,0.01621937883625526,4.289556610913604e-05,,116760.0,122394.0,0.9539683317809696,0.03802672147995889,False
full,INGV,M_RW,38,0.014605093148723122,3.504657533381959e-05,,116760.0,122364.0,0.9542022163381386,0.03699897225077081,False
full,INGV,M_RW,39,0.019800310016499626,5.685333327907172e-05,,116760.0,122361.0,0.9542256111015764,0.0342583076396026,False
full,INGV,M_RW,40,0.015376901259345654,4.221782324651633e-05,,116760.0,122494.0,0.9531895439776642,0.03597122302158273,False
full,INGV,M_RW,41,0.019379722039968142,0.00018643960785821154,,116760.0,122285.0,0.9548186613239563,0.02946214457005824,False
full,INGV,M_RW,42,0.01583207834187686,3.332617876103678e-05,,116760.0,122404.0,0.9538903957387014,0.03734155532716684,False
full,INGV,M_RW,43,0.014228304189514922,3.54533986057365e-05,,116760.0,122249.0,0.9550998372174824,0.03117505995203837,False
full,INGV,M_RW,44,0.014884617122885272,4.1312873871721215e-05,,116760.0,122343.0,0.9543660037762683,0.03323055841041452,False
full,INGV,M_RW,45,0.01728844841182421,5.19695360213316e-05,,116760.0,122344.0,0.9543582030994573,0.03323055841041452,False
full,INGV,M_RW,46,0.018018276827769356,6.750561749546149e-05,,116760.0,122487.0,0.953244017732494,0.03597122302158273,False
full,INGV,M_RW,47,0.014160587058529609,4.202975282483937e-05,,116760.0,122380.0,0.9540774636378493,0.03391572456320658,False
full,INGV,M_RW,48,0.020631380308799286,7.172260712135012e-05,,116760.0,122339.0,0.9543972077587687,0.0315176430284344,False
full,INGV,M_RW,49,0.017464783967837696,8.607717388350412e-05,,116760.0,122340.0,0.9543894065718489,0.03562863994518671,False
full,INGV,M_RW,50,0.016219057985224255,5.45015594600306e-05,,116760.0,122315.0,0.9545844745125291,0.03939705378554299,False
full,INGV,M_RW,51,0.016819734674151772,3.3991789577541804e-05,,116760.0,122357.0,0.9542568059040349,0.03562863994518671,False
full,INGV,M_RW,52,0.016798869022129605,8.625886151126531e-05,,116760.0,122217.0,0.9553499104052627,0.03460089071599863,False
full,INGV,M_RW,53,0.01740235608302411,6.214470924378155e-05,,116760.0,122191.0,0.955553191315236,0.03905447070914697,False
full,INGV,M_RW,54,0.018402457033981797,0.00010475687537338532,,116760.0,122436.0,0.9536410859551112,0.03836930455635491,False
full,INGV,M_RW,55,0.015511823908966303,5.0433070663092236e-05,,116760.0,122372.0,0.9541398359101755,0.03117505995203837,False
full,INGV,M_RW,56,0.013439463299672853,5.084393924827072e-05,,116760.0,122393.0,0.9539761260856422,0.03836930455635491,False
full,INGV,M_RW,57,0.010502787454156278,2.3585352410241758e-05,,116760.0,122400.0,0.953921568627451,0.030489893799246316,False
full,INGV,M_RW,58,0.013651240723362507,3.8694378347867656e-05,,116760.0,122313.0,0.9546000833926075,0.03871188763275094,False
full,INGV,M_RW,59,0.014919269986390832,3.126853428363034e-05,,116760.0,122295.0,0.9547405862872562,0.02774922918807811,False
full,INGV,M_RW,60,0.01683431494829264,8.133477266753705e-05,,116760.0,122383.0,0.9540540761380257,0.03117505995203837,False
full,INGV,M_RW,61,0.015194538860535034,6.280040127150177e-05,,116760.0,122183.0,0.9556157566928296,0.03323055841041452,False
full,INGV,M_RW,62,0.014572350699802698,3.307371076728424e-05,,116760.0,122333.0,0.954444017558631,0.030832476875642344,False
full,INGV,M_RW,63,0.017282505193965878,4.839688529161608e-05,,116760.0,122332.0,0.9544518196383612,0.03391572456320658,False
full,INGV,M_RW,64,0.014028474463691279,3.8052531590410316e-05,,116760.0,122336.0,0.9544206120847502,0.03460089071599863,False
full,INGV,M_RW,65,0.017358581350444328,4.833974388504703e-05,,116760.0,122342.0,0.954373804580602,0.042822884549503254,False
full,INGV,M_RW,66,0.017361367336123288,4.502769450410743e-05,,116760.0,122210.0,0.9554046313722281,0.03836930455635491,False
full,INGV,M_RW,67,0.013292562266633097,3.393555939988381e-05,,116760.0,122244.0,0.9551389025228232,0.029804727646454265,False
full,INGV,M_RW,68,0.014525723612405155,5.6234391007583744e-05,,116760.0,122352.0,0.9542958022754021,0.03528605686879068,False
full,INGV,M_RW,69,0.013371368248915525,4.7256844945537666e-05,,116760.0,122321.0,0.9545376509348354,0.03973963686193902,False
full,INGV,M_RW,70,0.015243331089347067,4.8165001776488594e-05,,116760.0,122260.0,0.9550139047930639,0.0315176430284344,False
full,INGV,M_RW,71,0.01611106313326537,7.53033640750852e-05,,116760.0,122239.0,0.9551779710239776,0.03528605686879068,False
full,INGV,M_RW,72,0.01780607466805724,6.0254180475023024e-05,,116760.0,122391.0,0.953991715077089,0.03973963686193902,False
full,INGV,M_RW,73,0.017135396430044848,7.179343947987265e-05,,116760.0,122317.0,0.954568866142891,0.03871188763275094,False
full,INGV,M_RW,74,0.014077833835687966,4.0427255153566127e-05,,116760.0,122372.0,0.9541398359101755,0.03597122302158273,False
full,INGV,M_RW,75,0.01768534564966907,4.24922860684733e-05,,116760.0,122346.0,0.95434260212839,0.03357314148681055,False
full,INGV,M_RW,76,0.016591466634340517,7.53679641650717e-05,,116760.0,122239.0,0.9551779710239776,0.03186022610483042,False
full,INGV,M_RW,77,0.015075036495080052,4.465925665310992e-05,,116760.0,122397.0,0.9539449496311184,0.0407673860911271,False
full,INGV,M_RW,78,0.017775788310275244,0.00011958701484538948,,116760.0,122206.0,0.9554359033108031,0.03528605686879068,False
full,INGV,M_RW,79,0.012363456644120915,5.83977144543949e-05,,116760.0,122242.0,0.9551545295397654,0.03836930455635491,False
full,INGV,M_RW,80,0.012810773756560428,3.0211585127360063e-05,,116760.0,122303.0,0.9546781354504795,0.03973963686193902,False
full,INGV,M_RW,81,0.014424608000423599,3.733286818303156e-05,,116760.0,122336.0,0.9544206120847502,0.03357314148681055,False
full,INGV,M_RW,82,0.018074392327551255,5.695304752240463e-05,,116760.0,122228.0,0.9552639329777137,0.03528605686879068,False
full,INGV,M_RW,83,0.014630180674634834,5.2781779946546456e-05,,116760.0,122298.0,0.954717166266006,0.03665638917437478,False
full,INGV,M_RW,84,0.02138897062832815,7.683270698826781e-05,,116760.0,122145.0,0.9559130541569446,0.03631380609797876,False
full,INGV,M_RW,85,0.011212986171230656,4.7733843996184205e-05,,116760.0,122421.0,0.9537579336878477,0.045563549160671464,False
full,INGV,M_RW,86,0.0158154751946635,4.771836553232325e-05,,116760.0,122298.0,0.954717166266006,0.03186022610483042,False
full,INGV,M_RW,87,0.019021436319164604,8.438587608418165e-05,,116760.0,122340.0,0.9543894065718489,0.0315176430284344,False
full,INGV,M_RW,88,0.01431629078122026,3.6200203462814826e-05,,116760.0,122285.0,0.9548186613239563,0.03665638917437478,False
full,INGV,M_RW,89,0.02090589803929992,4.5248740815486305e-05,,116760.0,122312.0,0.9546078880240696,0.03871188763275094,False
full,INGV,M_RW,90,0.018564315385002386,5.592545233064773e-05,,116760.0,122438.0,0.9536255084205884,0.03391572456320658,False
full,INGV,M_RW,91,0.02154014519532867,6.16568133631399e-05,,116760.0,122310.0,0.9546234976698553,0.03357314148681055,False
full,INGV,M_RW,92,0.01706710905891182,4.068988532931695e-05,,116760.0,122368.0,0.9541710251046025,0.03768413840356286,False
full,INGV,M_RW,93,0.019492165928848105,0.00010153630252436001,,116760.0,122249.0,0.9550998372174824,0.03597122302158273,False
full,INGV,M_RW,94,0.01385592760619048,0.00010278338809038576,,116760.0,122352.0,0.9542958022754021,0.03357314148681055,False
full,INGV,M_RW,95,0.016147863849284246,6.178624446541881e-05,,116760.0,122297.0,0.9547249728120886,0.03254539225762247,False
full,INGV,M_RW,96,0.01655179987547045,5.8672808898261344e-05,,116760.0,122387.0,0.9540228945884776,0.0315176430284344,False
full,INGV,M_RW,97,0.022271700503416106,6.308816604279459e-05,,116760.0,122323.0,0.9545220440963678,0.03528605686879068,False
full,INGV,M_RW,98,0.015936391652482874,4.630985873755006e-05,,116760.0,122115.0,0.9561478933791917,0.0328879753340185,False
full,INGV,M_RW,99,0.013498523525066478,5.770538373479174e-05,,116760.0,122344.0,0.9543582030994573,0.03391572456320658,False
full,INGV,M_RW,100,0.017905847035156824,4.707559384887513e-05,,116760.0,122233.0,0.955224857444389,0.04042480301473107,False
full,INGV,M_RW,101,0.013604649900172787,7.769631586264119e-05,,116760.0,122224.0,0.9552951957062443,0.03391572456320658,False
full,INGV,M_RW,102,0.01850625647923228,8.85663938988053e-05,,116760.0,122365.0,0.9541944183385772,0.03014731072285029,False
full,INGV,M_RW,103,0.018359906637554782,5.3889825893020746e-05,,116760.0,122207.0,0.9554280851342395,0.03186022610483042,False
full,INGV,M_RW,104,0.014847718744988012,5.002545471484532e-05,,116760.0,122304.0,0.9546703296703297,0.03734155532716684,False
full,INGV,M_RW,105,0.012578116058082555,7.935814227802685e-05,,116760.0,122461.0,0.9534464033447383,0.0342583076396026,False
full,INGV,M_RW,106,0.015619223698745646,4.702867176857225e-05,,116760.0,122198.0,0.9554984533298417,0.03357314148681055,False
full,INGV,M_RW,107,0.012616411040390317,3.438076859816031e-05,,116760.0,122339.0,0.9543972077587687,0.03802672147995889,False
full,INGV,M_RW,108,0.014734658913430579,4.038235210448378e-05,,116760.0,122423.0,0.9537423523357539,0.03254539225762247,False
full,INGV,M_RW,109,0.017403801245836913,3.657338286285497e-05,,116760.0,122261.0,0.9550060935212373,0.03631380609797876,False
full,INGV,M_RW,110,0.019770856208700064,7.659574961923646e-05,,116760.0,122419.0,0.953773515549057,0.03836930455635491,False
full,INGV,M_RW,111,0.01830666694938042,7.342965708273233e-05,,116760.0,122427.0,0.953711191158813,0.03562863994518671,False
full,INGV,M_RW,112,0.01574444917108084,7.643549785396821e-05,,116760.0,122388.0,0.9540150995195608,0.03220280918122645,False
full,INGV,M_RW,113,0.01610148620860537,3.51409336925218e-05,,116760.0,122255.0,0.9550529630689951,0.03939705378554299,False
full,INGV,M_RW,114,0.018218985313410735,8.191739395045349e-05,,116760.0,122406.0,0.9538748100583305,0.03939705378554299,False
full,INGV,M_RW,115,0.015250702336739032,4.7037724515076626e-05,,116760.0,122392.0,0.9539839205176809,0.03254539225762247,False
full,INGV,M_RW,116,0.013345789680963253,4.419605500836362e-05,,116760.0,122253.0,0.955068587273932,0.03186022610483042,False
full,INGV,M_RW,117,0.018526084299766755,4.729997589107992e-05,,116760.0,122241.0,0.9551623432399932,0.028091812264474134,False
full,INGV,M_RW,118,0.013269190911783758,3.174724643995683e-05,,116760.0,122310.0,0.9546234976698553,0.03391572456320658,False
full,INGV,M_RW,119,0.015306875529005077,4.630507139714968e-05,,116760.0,122407.0,0.9538670174091352,0.03802672147995889,False
full,INGV,M_RW,120,0.014640341640489048,3.9331905043682176e-05,,116760.0,122265.0,0.9549748497116918,0.03939705378554299,False
full,INGV,M_RW,121,0.01387517145388426,4.1424474060175625e-05,,116760.0,122442.0,0.9535943548782281,0.03973963686193902,False
full,INGV,M_RW,122,0.017848488354180368,6.258464007712242e-05,,116760.0,122313.0,0.9546000833926075,0.03836930455635491,False
full,INGV,M_RW,123,0.01655617504255066,8.42514727049793e-05,,116760.0,122350.0,0.9543114017163874,0.03323055841041452,False
full,INGV,M_RW,124,0.014810946482458861,4.10586686568417e-05,,116760.0,122228.0,0.9552639329777137,0.03460089071599863,False
full,INGV,M_RW,125,0.01746536482784347,5.1495161102160604e-05,,116760.0,122210.0,0.9554046313722281,0.03460089071599863,False
full,INGV,M_RW,126,0.01286781823160642,3.0000425778051855e-05,,116760.0,122266.0,0.9549670390787299,0.0315176430284344,False
full,INGV,M_RW,127,0.014410236982402003,8.260435029690167e-05,,116760.0,122396.0,0.953952743553711,0.03699897225077081,False
full,INGV,M_RW,128,0.014036168605529132,4.0467991409240175e-05,,116760.0,122335.0,0.9544284137818286,0.03391572456320658,False
full,INGV,M_RW,129,0.017835046948285336,5.338013209001164e-05,,116760.0,122305.0,0.9546625240178243,0.0342583076396026,False
full,INGV,M_RW,130,0.015944673600325796,5.140654214813824e-05,,116760.0,122399.0,0.9539293621679916,0.0315176430284344,False
full,INGV,M_RW,131,0.0202924739029932,6.421246137082154e-05,,116760.0,122417.0,0.9537890979194066,0.03254539225762247,False
full,INGV,M_RW,132,0.019139412445642025,5.158861439123086e-05,,116760.0,122282.0,0.954842086325052,0.02877697841726619,False
full,INGV,M_RW,133,0.02052543901786554,6.065023316012132e-05,,116760.0,122227.0,0.9552717484680144,0.03494347379239465,False
full,INGV,M_RW,134,0.01786514749992441,9.35519895400173e-05,,116760.0,122466.0,0.9534074763607858,0.03391572456320658,False
full,INGV,M_RW,135,0.01596246343917561,4.5396518723127315e-05,,116760.0,122328.0,0.9544830292328821,0.0342583076396026,False
full,INGV,M_RW,136,0.013619654449761043,6.0809686851351416e-05,,116760.0,122265.0,0.9549748497116918,0.03939705378554299,False
full,INGV,M_RW,137,0.023583372029185323,7.90328289715732e-05,,116760.0,122262.0,0.95499828237719,0.03357314148681055,False
full,INGV,M_RW,138,0.014681677751827934,4.643108037647756e-05,,116760.0,122378.0,0.9540930559414273,0.03699897225077081,False
full,INGV,M_RW,139,0.013681110966104757,4.475419592805437e-05,,116760.0,122279.0,0.9548655124755682,0.03562863994518671,False
full,INGV,M_RW,140,0.017001985357500096,6.808548669290761e-05,,116760.0,122391.0,0.953991715077089,0.03768413840356286,False
full,INGV,M_RW,141,0.015374104804175929,5.038244407237623e-05,,116760.0,122351.0,0.954303601932146,0.03631380609797876,False
full,INGV,M_RW,142,0.019658932835027437,6.385664263463921e-05,,116760.0,122386.0,0.9540306897847793,0.04316546762589928,False
full,INGV,M_RW,143,0.016917244688502864,0.0001421956285806656,,116760.0,122467.0,0.9533996913454237,0.03357314148681055,False
full,INGV,M_RW,144,0.01516837638529056,3.8396533092037225e-05,,116760.0,122317.0,0.954568866142891,0.029119561493662214,False
full,INGV,M_RW,145,0.017013622711174823,7.961478114301566e-05,,116760.0,122255.0,0.9550529630689951,0.03734155532716684,False
full,INGV,M_RW,146,0.021996118375151818,8.766316878335745e-05,,116760.0,122254.0,0.9550607751075629,0.03871188763275094,False
full,INGV,M_RW,147,0.02080807756881612,5.9170303613362225e-05,,116760.0,122401.0,0.9539137752142548,0.043508050702295305,False
full,INGV,M_RW,148,0.018264788474731272,6.210864732773866e-05,,116760.0,122219.0,0.9553342769945753,0.03357314148681055,False
full,INGV,M_RW,149,0.013025618017295184,3.91039731817571e-05,,116760.0,122367.0,0.9541788227218122,0.0328879753340185,False
full,INGV,M_RW,150,0.016452309898485968,4.097293303096836e-05,,116760.0,122374.0,0.9541242420775655,0.040082219938335044,False
full,INGV,M_RW,151,0.01575899331205156,4.6011017665066835e-05,,116760.0,122362.0,0.9542178127196351,0.03734155532716684,False
full,INGV,M_RW,152,0.016250493402808774,4.872688483399235e-05,,116760.0,122135.0,0.9559913210791338,0.03391572456320658,False
full,INGV,M_RW,153,0.019298388121259082,5.8107942010446506e-05,,116760.0,122228.0,0.9552639329777137,0.03494347379239465,False
full,INGV,M_RW,154,0.015076740305358573,6.432421165585265e-05,,116760.0,122300.0,0.9547015535568275,0.03665638917437478,False
full,INGV,M_RW,155,0.01736648491610425,4.664707770009636e-05,,116760.0,122352.0,0.9542958022754021,0.03254539225762247,False
full,INGV,M_RW,156,0.01705918515613111,0.0001467690510456095,,116760.0,122388.0,0.9540150995195608,0.03768413840356286,False
full,INGV,M_RW,157,0.014477232806233295,5.7444646513755144e-05,,116760.0,122459.0,0.9534619750283768,0.03220280918122645,False
full,INGV,M_RW,158,0.015654647713903392,6.579619622323157e-05,,116760.0,122306.0,0.9546547184929602,0.03323055841041452,False
full,INGV,M_RW,159,0.01823225004417291,7.364206076983895e-05,,116760.0,122292.0,0.9547640074575606,0.03494347379239465,False
full,INGV,M_RW,160,0.015577376253491367,6.032218714914332e-05,,116760.0,122363.0,0.954210014465157,0.03631380609797876,False
full,INGV,M_RW,161,0.01692999466790812,8.791326245618981e-05,,116760.0,122320.0,0.9545454545454546,0.048304213771839674,False
full,INGV,M_RW,162,0.017050818290320895,4.7274023592722524e-05,,116760.0,122340.0,0.9543894065718489,0.03528605686879068,False
full,INGV,M_RW,163,0.014916774274631735,5.928386527268716e-05,,116760.0,122359.0,0.9542412082478609,0.03186022610483042,False
full,INGV,M_RW,164,0.017221466909222962,4.404969842373839e-05,,116760.0,122325.0,0.9545064377682403,0.030489893799246316,False
full,INGV,M_RW,165,0.01787670904119316,5.165432172040755e-05,,116760.0,122167.0,0.9557409120302537,0.03734155532716684,False
full,INGV,M_RW,166,0.015583812812019836,4.465789161481922e-05,,116760.0,122448.0,0.953547628381027,0.03802672147995889,False
full,INGV,M_RW,167,0.016209380324605435,8.242435008306129e-05,,116760.0,122435.0,0.9536488749132193,0.03562863994518671,False
full,INGV,M_RW,168,0.01555250267393405,6.569615008987503e-05,,116760.0,122286.0,0.9548108532456699,0.03597122302158273,False
full,INGV,M_RW,169,0.01589207485634179,5.031913083243724e-05,,116760.0,122304.0,0.9546703296703297,0.042480301473107225,False
full,INGV,M_RW,170,0.019271451813395513,9.679330118670282e-05,,116760.0,122379.0,0.9540852597259334,0.03665638917437478,False
full,INGV,M_RW,171,0.01854783690055476,6.249047176932047e-05,,116760.0,122329.0,0.9544752266429056,0.03802672147995889,False
full,INGV,M_RW,172,0.021282869060144326,6.680522886394373e-05,,116760.0,122447.0,0.9535554158125557,0.03357314148681055,False
full,INGV,M_RW,173,0.01666470531175564,6.049988189986148e-05,,116760.0,122286.0,0.9548108532456699,0.03768413840356286,False
full,INGV,M_RW,174,0.015449399159102435,7.718514556608755e-05,,116760.0,122363.0,0.954210014465157,0.02877697841726619,False
full,INGV,M_RW,175,0.015140711271730192,4.35698386908173e-05,,116760.0,122338.0,0.9544050090732233,0.030832476875642344,False
full,INGV,M_RW,176,0.016443190134250378,4.400652542405958e-05,,116760.0,122308.0,0.9546391078261438,0.03734155532716684,False
full,INGV,M_RW,177,0.015416981521847716,4.274186505303143e-05,,116760.0,122263.0,0.9549904713609186,0.029804727646454265,False
full,INGV,M_RW,178,0.014063150145053518,3.2402556915079366e-05,,116760.0,122173.0,0.9556939749371792,0.03871188763275094,False
full,INGV,M_RW,179,0.01474416537989727,5.729589108608779e-05,,116760.0,122295.0,0.9547405862872562,0.029804727646454265,False
full,INGV,M_RW,180,0.01459013518921816,4.7956486705531976e-05,,116760.0,122298.0,0.954717166266006,0.03323055841041452,False
full,INGV,M_RW,181,0.017563618170955798,4.9051483503577746e-05,,116760.0,122297.0,0.9547249728120886,0.03391572456320658,False
full,INGV,M_RW,182,0.017974509110268135,6.077816740546986e-05,,116760.0,122236.0,0.9552014136588239,0.02877697841726619,False
full,INGV,M_RW,183,0.016569033628334652,5.032112250273834e-05,,116760.0,122421.0,0.9537579336878477,0.03117505995203837,False
full,INGV,M_RW,184,0.01623065822040502,6.639896498534117e-05,,116760.0,122365.0,0.9541944183385772,0.0407673860911271,False
full,INGV,M_RW,185,0.017082781797657254,5.988918577908711e-05,,116760.0,122355.0,0.9542724040701238,0.03631380609797876,False
full,INGV,M_RW,186,0.01667477342291761,5.073550364039239e-05,,116760.0,122286.0,0.9548108532456699,0.03973963686193902,False
full,INGV,M_RW,187,0.017144467297504115,4.9907838487636706e-05,,116760.0,122266.0,0.9549670390787299,0.03768413840356286,False
full,INGV,M_RW,188,0.018386534824624285,7.569528240240958e-05,,116760.0,122418.0,0.9537813066705877,0.03562863994518671,False
full,INGV,M_RW,189,0.016996200430454113,6.406324059663495e-05,,116760.0,122296.0,0.9547327794858377,0.03802672147995889,False
full,INGV,M_RW,190,0.012216403644730306,3.9477767281264276e-05,,116760.0,122445.0,0.9535709910572093,0.03631380609797876,False
full,INGV,M_RW,191,0.014065841656039343,4.211165962799151e-05,,116760.0,122507.0,0.9530883949488601,0.03597122302158273,False
full,INGV,M_RW,192,0.016683521797414086,6.311203368282487e-05,,116760.0,122195.0,0.9555219116985146,0.03562863994518671,False
full,INGV,M_RW,193,0.011980739454694217,4.661215712583004e-05,,116760.0,122346.0,0.95434260212839,0.03562863994518671,False
full,INGV,M_RW,194,0.013501052014366577,6.927893613241919e-05,,116760.0,122355.0,0.9542724040701238,0.030832476875642344,False
full,INGV,M_RW,195,0.016561502084700103,4.4982255137053734e-05,,116760.0,122350.0,0.9543114017163874,0.04042480301473107,False
full,INGV,M_RW,196,0.012823035278784915,6.69846706051335e-05,,116760.0,122369.0,0.9541632276148371,0.03391572456320658,False
full,INGV,M_RW,197,0.011751410794139343,2.9268716311763606e-05,,116760.0,122328.0,0.9544830292328821,0.03254539225762247,False
full,INGV,M_RW,198,0.014084158562788097,9.378179763580201e-05,,116760.0,122373.0,0.9541320389301562,0.03802672147995889,False
full,INGV,M_RW,199,0.0187005840066053,5.562167735652387e-05,,116760.0,122376.0,0.9541086487546577,0.0328879753340185,False
full,chuandian,observed,-1,0.4104973871351195,0.0042418110284263,,,,,,
full,chuandian,M_RW,0,0.0127343698955049,4.025085438851701e-05,40.0,105320.0,108356.0,0.9719812470006276,0.01974933535890619,True
full,chuandian,M_RW,1,0.008540354836882034,2.9105607840882872e-05,40.0,105320.0,108326.0,0.9722504292598269,0.01405241169768325,True
full,chuandian,M_RW,2,0.005989933779912622,1.528897469540307e-05,40.0,105320.0,108225.0,0.9731577731577732,0.01974933535890619,True
full,chuandian,M_RW,3,0.010868397335049646,3.0297857310501142e-05,40.0,105320.0,108489.0,0.9707896653116906,0.0189897455374098,True
full,chuandian,M_RW,4,0.012075003021720957,3.528497421907772e-05,40.0,105320.0,108427.0,0.9713447757477381,0.0189897455374098,True
full,chuandian,M_RW,5,0.00841586787720711,2.422531238584571e-05,40.0,105320.0,108386.0,0.971712213754544,0.0189897455374098,True
full,chuandian,M_RW,6,0.008686482023618944,2.346241531153439e-05,40.0,105320.0,108323.0,0.9722773556862346,0.013292821876186859,True
full,chuandian,M_RW,7,0.009736490737477276,1.9652538331195767e-05,40.0,105320.0,108414.0,0.9714612503920158,0.017090770983668818,True
full,chuandian,M_RW,8,0.009106214052508787,6.121507247297051e-05,40.0,105320.0,108352.0,0.9720171293561725,0.019369540448157994,True
full,chuandian,M_RW,9,0.011127084165890287,7.550552725533433e-05,40.0,105320.0,108284.0,0.9726275350005541,0.014812001519179644,True
full,chuandian,M_RW,10,0.006992893758045406,2.1547372234882653e-05,40.0,105320.0,108467.0,0.9709865673430629,0.013672616786935056,True
full,chuandian,M_RW,11,0.009107835667762895,4.463504011363487e-05,40.0,105320.0,108384.0,0.9717301446708001,0.01633118116217243,True
full,chuandian,M_RW,12,0.00784450031502056,4.143858350952576e-05,40.0,105320.0,108345.0,0.9720799298537081,0.015191796429927839,True
full,chuandian,M_RW,13,0.007799075665967985,6.215169990166067e-05,40.0,105320.0,108345.0,0.9720799298537081,0.023167489555639954,True
full,chuandian,M_RW,14,0.009883014160224135,3.7436839410685294e-05,40.0,105320.0,108322.0,0.9722863314931408,0.012913026965438662,True
full,chuandian,M_RW,15,0.01016276819724575,2.4915951889640157e-05,40.0,105320.0,108368.0,0.9718736158275506,0.016710976072920623,True
full,chuandian,M_RW,16,0.008379103505433494,3.0380713965401052e-05,40.0,105320.0,108490.0,0.9707807171167849,0.016710976072920623,True
full,chuandian,M_RW,17,0.009298550379009443,4.148483173849895e-05,40.0,105320.0,108291.0,0.9725646637301345,0.022028104823395366,True
full,chuandian,M_RW,18,0.008200689921398193,5.193657434805578e-05,40.0,105320.0,108375.0,0.9718108419838524,0.020508925180402583,True
full,chuandian,M_RW,19,0.01264860179187878,2.688987885488523e-05,40.0,105320.0,108350.0,0.9720350715274573,0.020129130269654388,True
full,chuandian,M_RW,20,0.009841248598845533,1.956663295628508e-05,40.0,105320.0,108385.0,0.9717211791299534,0.017090770983668818,True
full,chuandian,M_RW,21,0.007280139078691806,2.4495224316296988e-05,40.0,105320.0,108416.0,0.9714433293978748,0.014812001519179644,True
full,chuandian,M_RW,22,0.01043491497606541,6.211012007083999e-05,40.0,105320.0,108326.0,0.9722504292598269,0.0186099506266616,True
full,chuandian,M_RW,23,0.009206142526419825,4.20265892036702e-05,40.0,105320.0,108238.0,0.9730408913690202,0.015191796429927839,True
full,chuandian,M_RW,24,0.012152694502598035,9.776716513846397e-05,40.0,105320.0,108351.0,0.9720261003590184,0.017470565894417017,True
full,chuandian,M_RW,25,0.009948690811587639,4.1727864060876616e-05,40.0,105320.0,108364.0,0.97190949023661,0.01785036080516521,True
full,chuandian,M_RW,26,0.007749269007080143,2.555590292277927e-05,40.0,105320.0,108432.0,0.9712999852442084,0.017470565894417017,True
full,chuandian,M_RW,27,0.01226236547576187,4.4550603323216715e-05,40.0,105320.0,108272.0,0.972735333234816,0.0189897455374098,True
full,chuandian,M_RW,28,0.0056768195651642666,1.0725902381650034e-05,40.0,105320.0,108315.0,0.9723491667820708,0.015571591340676035,True
full,chuandian,M_RW,29,0.007123348389272888,1.914049853291726e-05,40.0,105320.0,108414.0,0.9714612503920158,0.01785036080516521,True
full,chuandian,M_RW,30,0.009340304040362707,4.460850261712469e-05,,105320.0,108404.0,0.971550865281724,0.014812001519179644,False
full,chuandian,M_RW,31,0.010596355254254656,3.0580484871960753e-05,,105320.0,108454.0,0.9711029560919837,0.017090770983668818,False
full,chuandian,M_RW,32,0.006182581123867954,6.660028495147205e-05,,105320.0,108415.0,0.9714522898122954,0.013672616786935056,False
full,chuandian,M_RW,33,0.010324568914289024,3.520137863004211e-05,,105320.0,108406.0,0.9715329409811265,0.0189897455374098,False
full,chuandian,M_RW,34,0.00786494392995064,2.1474701528857552e-05,,105320.0,108420.0,0.971407489393101,0.011773642233194076,False
full,chuandian,M_RW,35,0.013712660358543807,9.067801801159574e-05,,105320.0,108303.0,0.9724569033175443,0.01633118116217243,False
full,chuandian,M_RW,36,0.009259652937867895,3.958233863903343e-05,,105320.0,108252.0,0.972915050068359,0.017470565894417017,False
full,chuandian,M_RW,37,0.010584485429942283,5.088787493870645e-05,,105320.0,108521.0,0.9705034048709467,0.015571591340676035,False
full,chuandian,M_RW,38,0.010053393829779083,4.6003548652648676e-05,,105320.0,108412.0,0.9714791720473749,0.015191796429927839,False
full,chuandian,M_RW,39,0.012011322698336751,7.967043633473774e-05,,105320.0,108493.0,0.970753873521794,0.019369540448157994,False
full,chuandian,M_RW,40,0.011514436822526609,3.086260017238342e-05,,105320.0,108417.0,0.9714343691487497,0.011773642233194076,False
full,chuandian,M_RW,41,0.009452125464841166,2.3028373660884468e-05,,105320.0,108332.0,0.9721965808809955,0.0189897455374098,False
full,chuandian,M_RW,42,0.008946702476135465,3.81664823712899e-05,,105320.0,108271.0,0.9727443174996074,0.019369540448157994,False
full,chuandian,M_RW,43,0.007744633583763908,4.6430332357057594e-05,,105320.0,108444.0,0.9711925048873151,0.014432206608431447,False
full,chuandian,M_RW,44,0.010538522817244546,3.1251088862630954e-05,,105320.0,108370.0,0.97185567961613,0.017470565894417017,False
full,chuandian,M_RW,45,0.012772422809729123,3.377708603662027e-05,,105320.0,108269.0,0.9727622865270761,0.014432206608431447,False
full,chuandian,M_RW,46,0.009463397373885454,4.1415443979446377e-05,,105320.0,108403.0,0.9715598276800458,0.015571591340676035,False
full,chuandian,M_RW,47,0.009505326210190845,3.14170220348292e-05,,105320.0,108495.0,0.970735978616526,0.02164830991264717,False
full,chuandian,M_RW,48,0.008139112502159917,1.8991617085735194e-05,,105320.0,108398.0,0.9716046421520692,0.01595138625142423,False
full,chuandian,M_RW,49,0.01006030393332662,2.3065632579903678e-05,,105320.0,108415.0,0.9714522898122954,0.016710976072920623,False
full,chuandian,M_RW,50,0.010407427956897572,2.1316545964600115e-05,,105320.0,108426.0,0.971353734344161,0.0189897455374098,False
full,chuandian,M_RW,51,0.010624572046162593,2.7954771385616977e-05,,105320.0,108430.0,0.9713179009499217,0.013672616786935056,False
full,chuandian,M_RW,52,0.010570320576003997,2.6963321896867196e-05,,105320.0,108346.0,0.9720709578572352,0.0186099506266616,False
full,chuandian,M_RW,53,0.01039447259538218,7.774770691667111e-05,,105320.0,108300.0,0.9724838411819021,0.0186099506266616,False
full,chuandian,M_RW,54,0.009279100733671853,2.9058092702908696e-05,,105320.0,108284.0,0.9726275350005541,0.019369540448157994,False
full,chuandian,M_RW,55,0.011120767285397567,2.76468183884827e-05,,105320.0,108392.0,0.971658424976013,0.014432206608431447,False
full,chuandian,M_RW,56,0.012567140711888407,0.00011338296047772786,,105320.0,108284.0,0.9726275350005541,0.012153437143942271,False
full,chuandian,M_RW,57,0.006790018341815383,2.7874887989372745e-05,,105320.0,108322.0,0.9722863314931408,0.012153437143942271,False
full,chuandian,M_RW,58,0.009225728595147009,2.9087331278784198e-05,,105320.0,108441.0,0.9712193727464704,0.019369540448157994,False
full,chuandian,M_RW,59,0.007428760930060112,4.4308917639924086e-05,,105320.0,108434.0,0.971282070199384,0.0186099506266616,False
full,chuandian,M_RW,60,0.011981858896007792,8.43073202815471e-05,,105320.0,108405.0,0.9715419030487523,0.01405241169768325,False
full,chuandian,M_RW,61,0.013138399077879977,3.629604558660991e-05,,105320.0,108350.0,0.9720350715274573,0.014812001519179644,False
full,chuandian,M_RW,62,0.012703622395586358,6.282532343963743e-05,,105320.0,108330.0,0.9722145296778363,0.01785036080516521,False
full,chuandian,M_RW,63,0.00939817740697693,2.4455372158115904e-05,,105320.0,108211.0,0.9732836772601676,0.01785036080516521,False
full,chuandian,M_RW,64,0.008227693954310293,3.0422173790639914e-05,,105320.0,108242.0,0.9730049333899965,0.012533232054690467,False
full,chuandian,M_RW,65,0.011594935189144732,7.444247214606637e-05,,105320.0,108400.0,0.9715867158671587,0.021268515001898976,False
full,chuandian,M_RW,66,0.009564088745467275,3.890919746617565e-05,,105320.0,108400.0,0.9715867158671587,0.014432206608431447,False
full,chuandian,M_RW,67,0.006068765270146732,1.6605511906072986e-05,,105320.0,108380.0,0.971766008488651,0.0186099506266616,False
full,chuandian,M_RW,68,0.010046231665361052,5.2245197131521446e-05,,105320.0,108444.0,0.9711925048873151,0.017470565894417017,False
full,chuandian,M_RW,69,0.008247456710984896,4.1308126839097614e-05,,105320.0,108302.0,0.9724658824398441,0.017090770983668818,False
full,chuandian,M_RW,70,0.008323641111848646,2.6419259161936224e-05,,105320.0,108261.0,0.9728341692761012,0.01595138625142423,False
full,chuandian,M_RW,71,0.009426763115190029,8.879128210876e-05,,105320.0,108418.0,0.9714254090649154,0.018230155715913406,False
full,chuandian,M_RW,72,0.008694400466714824,3.437502823455357e-05,,105320.0,108263.0,0.9728161975928987,0.017090770983668818,False
full,chuandian,M_RW,73,0.010261193010881343,3.107716725886067e-05,,105320.0,108305.0,0.9724389455703799,0.020129130269654388,False
full,chuandian,M_RW,74,0.010711421550761699,5.099709730354554e-05,,105320.0,108385.0,0.9717211791299534,0.012913026965438662,False
full,chuandian,M_RW,75,0.012769870263060507,6.367938180018939e-05,,105320.0,108323.0,0.9722773556862346,0.01974933535890619,False
full,chuandian,M_RW,76,0.008523449892256365,4.174039387942593e-05,,105320.0,108370.0,0.97185567961613,0.0186099506266616,False
full,chuandian,M_RW,77,0.007573189874838966,3.115553229291604e-05,,105320.0,108244.0,0.9729869553970659,0.017090770983668818,False
full,chuandian,M_RW,78,0.007466530408045339,2.2251761740955138e-05,,105320.0,108341.0,0.972115819495851,0.019369540448157994,False
full,chuandian,M_RW,79,0.011482119333100007,2.963911413075416e-05,,105320.0,108388.0,0.9716942835000184,0.01595138625142423,False
full,chuandian,M_RW,80,0.0055580534989510605,2.4145803726547166e-05,,105320.0,108338.0,0.9721427384666507,0.017470565894417017,False
full,chuandian,M_RW,81,0.00844798123967462,5.408557220546243e-05,,105320.0,108405.0,0.9715419030487523,0.014812001519179644,False
full,chuandian,M_RW,82,0.009685489673822845,1.513455279068177e-05,,105320.0,108309.0,0.972403032065664,0.01633118116217243,False
full,chuandian,M_RW,83,0.007329079290682311,9.9191178449783e-05,,105320.0,108396.0,0.9716225690984908,0.017470565894417017,False
full,chuandian,M_RW,84,0.006672781666955026,3.285720940452773e-05,,105320.0,108295.0,0.9725287409391016,0.015191796429927839,False
full,chuandian,M_RW,85,0.010910614933576247,4.110750178468989e-05,,105320.0,108481.0,0.9708612568099483,0.015571591340676035,False
full,chuandian,M_RW,86,0.007952548204648573,1.4868925010095555e-05,,105320.0,108282.0,0.9726454997137105,0.012533232054690467,False
full,chuandian,M_RW,87,0.012860253793691111,3.7723398771861274e-05,,105320.0,108425.0,0.9713626931058336,0.017470565894417017,False
full,chuandian,M_RW,88,0.008098615553941152,2.0541164965808217e-05,,105320.0,108408.0,0.9715150173418936,0.01633118116217243,False
full,chuandian,M_RW,89,0.01156548479016305,8.130738402724048e-05,,105320.0,108424.0,0.9713716520327603,0.0186099506266616,False
full,chuandian,M_RW,90,0.006418840717891279,2.5286053805476155e-05,,105320.0,108469.0,0.9709686638578764,0.016710976072920623,False
full,chuandian,M_RW,91,0.01208377740908016,4.4701884847035586e-05,,105320.0,108279.0,0.9726724480277801,0.018230155715913406,False
full,chuandian,M_RW,92,0.008968011662423194,4.251869583003988e-05,,105320.0,108407.0,0.9715239790788418,0.01785036080516521,False
full,chuandian,M_RW,93,0.00718086064254412,1.7975609555519283e-05,,105320.0,108371.0,0.9718467117586809,0.014432206608431447,False
full,chuandian,M_RW,94,0.007007964835674857,1.704199083962665e-05,,105320.0,108376.0,0.9718018749538643,0.0189897455374098,False
full,chuandian,M_RW,95,0.011681884038605414,8.257675072608784e-05,,105320.0,108225.0,0.9731577731577732,0.020888720091150777,False
full,chuandian,M_RW,96,0.009809953062476643,2.0273070662877253e-05,,105320.0,108346.0,0.9720709578572352,0.0189897455374098,False
full,chuandian,M_RW,97,0.011384654395480647,0.00010875134098916929,,105320.0,108361.0,0.9719363977814897,0.0186099506266616,False
full,chuandian,M_RW,98,0.00765367916426399,2.5398614486519563e-05,,105320.0,108371.0,0.9718467117586809,0.015191796429927839,False
full,chuandian,M_RW,99,0.009450753676639837,2.8900749665666683e-05,,105320.0,108266.0,0.9727892413130623,0.015191796429927839,False
full,chuandian,M_RW,100,0.00993265970961697,2.9603023772624746e-05,,105320.0,108318.0,0.972322236378072,0.020508925180402583,False
full,chuandian,M_RW,101,0.008793400208536674,3.2102179918703456e-05,,105320.0,108329.0,0.9722235043247883,0.017090770983668818,False
full,chuandian,M_RW,102,0.013041331814440527,5.616376434638661e-05,,105320.0,108316.0,0.9723401898149858,0.012533232054690467,False
full,chuandian,M_RW,103,0.009788577408455082,3.623814688225112e-05,,105320.0,108367.0,0.9718825841815313,0.015571591340676035,False
full,chuandian,M_RW,104,0.011216525262988426,2.3065705244383156e-05,,105320.0,108339.0,0.9721337653107376,0.0189897455374098,False
full,chuandian,M_RW,105,0.01025449025536341,4.4656534690835154e-05,,105320.0,108319.0,0.972313259908234,0.01595138625142423,False
full,chuandian,M_RW,106,0.009463106285045663,2.1872670310238596e-05,,105320.0,108338.0,0.9721427384666507,0.012153437143942271,False
full,chuandian,M_RW,107,0.009319723947053389,2.3781936480976897e-05,,105320.0,108294.0,0.9725377213880733,0.01139384732244588,False
full,chuandian,M_RW,108,0.009264536859863311,2.6801508124913632e-05,,105320.0,108364.0,0.97190949023661,0.01405241169768325,False
full,chuandian,M_RW,109,0.008260807829898275,1.4574493913247076e-05,,105320.0,108229.0,0.9731218065398368,0.01595138625142423,False
full,chuandian,M_RW,110,0.008284811476157224,2.6196728684849963e-05,,105320.0,108421.0,0.9713985298051115,0.019369540448157994,False
full,chuandian,M_RW,111,0.010427386146344768,4.2031865272850384e-05,,105320.0,108384.0,0.9717301446708001,0.012153437143942271,False
full,chuandian,M_RW,112,0.00886791493454829,2.4876461251972523e-05,,105320.0,108469.0,0.9709686638578764,0.01405241169768325,False
full,chuandian,M_RW,113,0.009694541798347606,3.275154054373594e-05,,105320.0,108395.0,0.9716315328197795,0.020129130269654388,False
full,chuandian,M_RW,114,0.009690593357006314,4.315969235347874e-05,,105320.0,108406.0,0.9715329409811265,0.01405241169768325,False
full,chuandian,M_RW,115,0.008473563663081777,3.151978269780095e-05,,105320.0,108255.0,0.9728880883100087,0.015571591340676035,False
full,chuandian,M_RW,116,0.011948897859407191,5.3193754378193814e-05,,105320.0,108348.0,0.9720530143611327,0.01785036080516521,False
full,chuandian,M_RW,117,0.006885099805350517,2.902191059400064e-05,,105320.0,108382.0,0.9717480762488236,0.019369540448157994,False
full,chuandian,M_RW,118,0.009274116532674709,2.9260246069141918e-05,,105320.0,108399.0,0.9715956789269273,0.014812001519179644,False
full,chuandian,M_RW,119,0.009621691860074355,5.4380316691952764e-05,,105320.0,108330.0,0.9722145296778363,0.0186099506266616,False
full,chuandian,M_RW,120,0.01253360847387181,4.086800435593078e-05,,105320.0,108446.0,0.9711745938070561,0.016710976072920623,False
full,chuandian,M_RW,121,0.007222337517069471,3.407344151249171e-05,,105320.0,108331.0,0.9722055551965735,0.017470565894417017,False
full,chuandian,M_RW,122,0.01070195247530704,3.668802485708416e-05,,105320.0,108351.0,0.9720261003590184,0.020129130269654388,False
full,chuandian,M_RW,123,0.008440368057404097,4.74599679068772e-05,,105320.0,108295.0,0.9725287409391016,0.015191796429927839,False
full,chuandian,M_RW,124,0.00836711873824114,1.4394756405990882e-05,,105320.0,108345.0,0.9720799298537081,0.017470565894417017,False
full,chuandian,M_RW,125,0.009623867391074448,3.6181802841294914e-05,,105320.0,108386.0,0.971712213754544,0.016710976072920623,False
full,chuandian,M_RW,126,0.007720963138893761,4.249730557743363e-05,,105320.0,108304.0,0.9724479243610578,0.015191796429927839,False
full,chuandian,M_RW,127,0.008961341250517138,3.2020166436882866e-05,,105320.0,108452.0,0.9711208645299303,0.013672616786935056,False
full,chuandian,M_RW,128,0.011907082576824978,6.030689019668879e-05,,105320.0,108369.0,0.971864647639085,0.020508925180402583,False
full,chuandian,M_RW,129,0.007407190945663489,2.673035566000324e-05,,105320.0,108322.0,0.9722863314931408,0.017470565894417017,False
full,chuandian,M_RW,130,0.007856589969733587,1.2674130391827724e-05,,105320.0,108370.0,0.97185567961613,0.018230155715913406,False
full,chuandian,M_RW,131,0.011094125022621373,3.756874608372317e-05,,105320.0,108267.0,0.972780256218423,0.013672616786935056,False
full,chuandian,M_RW,132,0.010160974359679931,2.6862712435925583e-05,,105320.0,108371.0,0.9718467117586809,0.014432206608431447,False
full,chuandian,M_RW,133,0.01123819517240428,6.961680747571198e-05,,105320.0,108438.0,0.9712462420922555,0.02164830991264717,False
full,chuandian,M_RW,134,0.010370474260196485,6.758093582437501e-05,,105320.0,108377.0,0.9717929080893547,0.020888720091150777,False
full,chuandian,M_RW,135,0.010159272230211826,3.365034743990328e-05,,105320.0,108387.0,0.9717032485445671,0.0189897455374098,False
full,chuandian,M_RW,136,0.010830056497751461,4.145741372025237e-05,,105320.0,108426.0,0.971353734344161,0.01405241169768325,False
full,chuandian,M_RW,137,0.010333181794031511,2.9542642224195234e-05,,105320.0,108327.0,0.9722414541157791,0.01785036080516521,False
full,chuandian,M_RW,138,0.007030568228252717,2.1151738634860484e-05,,105320.0,108384.0,0.9717301446708001,0.01405241169768325,False
full,chuandian,M_RW,139,0.009439633213312554,2.808432259313132e-05,,105320.0,108380.0,0.971766008488651,0.01633118116217243,False
full,chuandian,M_RW,140,0.009526663754556798,4.381587711282746e-05,,105320.0,108478.0,0.9708881063441435,0.01785036080516521,False
full,chuandian,M_RW,141,0.009040159498690081,3.018063183714484e-05,,105320.0,108315.0,0.9723491667820708,0.01785036080516521,False
full,chuandian,M_RW,142,0.007799113883808145,1.5981848939483837e-05,,105320.0,108358.0,0.9719633068162942,0.017470565894417017,False
full,chuandian,M_RW,143,0.008157280586676079,3.252031467430893e-05,,105320.0,108374.0,0.9718198091793234,0.01785036080516521,False
full,chuandian,M_RW,144,0.007750620136631911,2.6882655993958052e-05,,105320.0,108307.0,0.9724209884864321,0.01405241169768325,False
full,chuandian,M_RW,145,0.007705128759404497,2.718111691385949e-05,,105320.0,108381.0,0.9717570422860096,0.017470565894417017,False
full,chuandian,M_RW,146,0.008551060600221018,1.5577040578388153e-05,,105320.0,108319.0,0.972313259908234,0.02278769464489176,False
full,chuandian,M_RW,147,0.009876545064464918,4.8331951634879976e-05,,105320.0,108393.0,0.9716494607585361,0.014432206608431447,False
full,chuandian,M_RW,148,0.010524258503099074,3.54013409644421e-05,,105320.0,108312.0,0.9723760986778935,0.015191796429927839,False
full,chuandian,M_RW,149,0.011595085250163001,4.00713980311974e-05,,105320.0,108363.0,0.9719184592526969,0.017090770983668818,False
full,chuandian,M_RW,150,0.006475344571176456,1.8413196805443454e-05,,105320.0,108440.0,0.9712283290298783,0.018230155715913406,False
full,chuandian,M_RW,151,0.008771798156992375,3.428925196073668e-05,,105320.0,108429.0,0.971326859050623,0.01633118116217243,False
full,chuandian,M_RW,152,0.011646868940051326,5.2126779102889336e-05,,105320.0,108383.0,0.9717391103770887,0.014432206608431447,False
full,chuandian,M_RW,153,0.011132210667335316,4.9664245221470474e-05,,105320.0,108418.0,0.9714254090649154,0.019369540448157994,False
full,chuandian,M_RW,154,0.011471093915837475,3.3686474591545204e-05,,105320.0,108304.0,0.9724479243610578,0.018230155715913406,False
full,chuandian,M_RW,155,0.00951121299848409,4.503277761008778e-05,,105320.0,108435.0,0.9712731129247937,0.01405241169768325,False
full,chuandian,M_RW,156,0.0087720203312143,2.0641936378331543e-05,,105320.0,108353.0,0.972008158518915,0.017090770983668818,False
full,chuandian,M_RW,157,0.009093519010891138,2.910441092295486e-05,,105320.0,108305.0,0.9724389455703799,0.020129130269654388,False
full,chuandian,M_RW,158,0.006830528499209549,2.9939673251999007e-05,,105320.0,108368.0,0.9718736158275506,0.015571591340676035,False
full,chuandian,M_RW,159,0.009846686856878553,2.4595211506908996e-05,,105320.0,108380.0,0.971766008488651,0.022028104823395366,False
full,chuandian,M_RW,160,0.010244937602434986,2.6404045400884027e-05,,105320.0,108381.0,0.9717570422860096,0.021268515001898976,False
full,chuandian,M_RW,161,0.012633333305572767,5.783739121805964e-05,,105320.0,108327.0,0.9722414541157791,0.01595138625142423,False
full,chuandian,M_RW,162,0.007354567041432099,2.517213624151875e-05,,105320.0,108375.0,0.9718108419838524,0.01595138625142423,False
full,chuandian,M_RW,163,0.006911798857319646,3.64548199644452e-05,,105320.0,108407.0,0.9715239790788418,0.017090770983668818,False
full,chuandian,M_RW,164,0.010734082452023059,5.486354251764265e-05,,105320.0,108484.0,0.9708344087607389,0.019369540448157994,False
full,chuandian,M_RW,165,0.011894278227368646,2.808893383796447e-05,,105320.0,108406.0,0.9715329409811265,0.02164830991264717,False
full,chuandian,M_RW,166,0.007488211211835815,4.250008572819185e-05,,105320.0,108294.0,0.9725377213880733,0.02278769464489176,False
full,chuandian,M_RW,167,0.009088272126899074,2.5313141351154543e-05,,105320.0,108481.0,0.9708612568099483,0.01633118116217243,False
full,chuandian,M_RW,168,0.008496650094473696,3.491175731334949e-05,,105320.0,108368.0,0.9718736158275506,0.017470565894417017,False
full,chuandian,M_RW,169,0.007072796358771185,2.9829992144687602e-05,,105320.0,108342.0,0.9721068468368684,0.0186099506266616,False
full,chuandian,M_RW,170,0.012093686944850622,5.677677054612545e-05,,105320.0,108463.0,0.9710223762942202,0.013292821876186859,False
full,chuandian,M_RW,171,0.009402389166625285,3.9553882600009034e-05,,105320.0,108322.0,0.9722863314931408,0.02164830991264717,False
full,chuandian,M_RW,172,0.012207008447439957,7.518543938773473e-05,,105320.0,108332.0,0.9721965808809955,0.020508925180402583,False
full,chuandian,M_RW,173,0.00801472584574528,2.8500973969843997e-05,,105320.0,108399.0,0.9715956789269273,0.0186099506266616,False
full,chuandian,M_RW,174,0.010059287115693842,7.506825559291658e-05,,105320.0,108367.0,0.9718825841815313,0.020888720091150777,False
full,chuandian,M_RW,175,0.00783599895541354,4.711239697632227e-05,,105320.0,108413.0,0.9714702111370408,0.016710976072920623,False
full,chuandian,M_RW,176,0.010766362713449884,3.278841465847749e-05,,105320.0,108359.0,0.9719543369724711,0.01633118116217243,False
full,chuandian,M_RW,177,0.014591858281713277,4.3588604397794023e-05,,105320.0,108320.0,0.9723042836041359,0.013292821876186859,False
full,chuandian,M_RW,178,0.013071357411933974,5.9230770960946424e-05,,105320.0,108368.0,0.9718736158275506,0.014812001519179644,False
full,chuandian,M_RW,179,0.007211934240155695,2.4578206219342923e-05,,105320.0,108328.0,0.9722324791374345,0.015191796429927839,False
full,chuandian,M_RW,180,0.009898047379846987,5.9457353562866386e-05,,105320.0,108385.0,0.9717211791299534,0.01595138625142423,False
full,chuandian,M_RW,181,0.010842262983390956,2.7052913873611908e-05,,105320.0,108461.0,0.971040281760264,0.012913026965438662,False
full,chuandian,M_RW,182,0.009616174923952307,3.615469574823648e-05,,105320.0,108352.0,0.9720171293561725,0.017090770983668818,False
full,chuandian,M_RW,183,0.008961785806841446,4.82463610591636e-05,,105320.0,108370.0,0.97185567961613,0.01405241169768325,False
full,chuandian,M_RW,184,0.01069781948087621,1.835332651864789e-05,,105320.0,108388.0,0.9716942835000184,0.015191796429927839,False
full,chuandian,M_RW,185,0.007403539610438574,5.1140078535087384e-05,,105320.0,108388.0,0.9716942835000184,0.01785036080516521,False
full,chuandian,M_RW,186,0.010156942089242544,2.1183479040911675e-05,,105320.0,108435.0,0.9712731129247937,0.01595138625142423,False
full,chuandian,M_RW,187,0.006000307383128185,1.656526331772105e-05,,105320.0,108321.0,0.972295307465773,0.016710976072920623,False
full,chuandian,M_RW,188,0.008465441403995216,1.695120111253228e-05,,105320.0,108320.0,0.9723042836041359,0.013672616786935056,False
full,chuandian,M_RW,189,0.011427783144298237,4.8641905908340046e-05,,105320.0,108319.0,0.972313259908234,0.014812001519179644,False
full,chuandian,M_RW,190,0.010322859105645836,3.132270021936751e-05,,105320.0,108397.0,0.9716136055425888,0.018230155715913406,False
full,chuandian,M_RW,191,0.011021703218565989,0.00010771886634495187,,105320.0,108292.0,0.9725556827835852,0.01974933535890619,False
full,chuandian,M_RW,192,0.0096429384445757,2.9971240536628445e-05,,105320.0,108409.0,0.9715060557702774,0.01595138625142423,False
full,chuandian,M_RW,193,0.008086667852499169,3.937508889958041e-05,,105320.0,108326.0,0.9722504292598269,0.017090770983668818,False
full,chuandian,M_RW,194,0.007694552206475977,2.1764510074164554e-05,,105320.0,108429.0,0.971326859050623,0.01633118116217243,False
full,chuandian,M_RW,195,0.008255512973652648,2.141722455527298e-05,,105320.0,108207.0,0.973319655844816,0.01633118116217243,False
full,chuandian,M_RW,196,0.00856192425306199,3.68350337755687e-05,,105320.0,108350.0,0.9720350715274573,0.01595138625142423,False
full,chuandian,M_RW,197,0.00986447502061794,2.0400009878966387e-05,,105320.0,108332.0,0.9721965808809955,0.013672616786935056,False
full,chuandian,M_RW,198,0.007897497594849895,4.831204559630526e-05,,105320.0,108484.0,0.9708344087607389,0.016710976072920623,False
full,chuandian,M_RW,199,0.006111059341148391,1.4845395903753328e-05,,105320.0,108365.0,0.9719005213860564,0.015571591340676035,False
full,southern_california,observed,-1,0.47071575595580145,0.0015524607391120243,,,,,,
full,southern_california,M_RW,0,0.04433846237735587,2.782588598325555e-05,40.0,376880.0,415641.0,0.9067440411316496,0.05465930800254723,True
full,southern_california,M_RW,1,0.045261150273975835,3.2541146196618436e-05,40.0,376880.0,415790.0,0.9064191057986003,0.06070897898535343,True
full,southern_california,M_RW,2,0.04370626659350018,3.477567135595984e-05,40.0,376880.0,415924.0,0.9061270809090122,0.05794947994056464,True
full,southern_california,M_RW,3,0.047714198010390695,2.9835745963654994e-05,40.0,376880.0,416123.0,0.9056937492039613,0.0619825939291021,True
full,southern_california,M_RW,4,0.04450000639283958,7.875022951659321e-05,40.0,376880.0,415290.0,0.907510414409208,0.06028444067077054,True
full,southern_california,M_RW,5,0.046144273596775726,3.098918818319779e-05,40.0,376880.0,416005.0,0.905950649631615,0.060178306092124816,True
full,southern_california,M_RW,6,0.043247721008403496,3.180467151755075e-05,40.0,376880.0,415220.0,0.9076634073503204,0.0619825939291021,True
full,southern_california,M_RW,7,0.04804009820236323,3.821708599659011e-05,40.0,376880.0,415805.0,0.9063864070898618,0.05932922946295903,True
full,southern_california,M_RW,8,0.04501418397250427,3.126012866066596e-05,40.0,376880.0,415578.0,0.906881499983156,0.05890469114837614,True
full,southern_california,M_RW,9,0.04261170486233697,3.2482717711076556e-05,40.0,376880.0,415787.0,0.9064256458234625,0.05710040331139885,True
full,southern_california,M_RW,10,0.04406434895393492,4.7634718866184026e-05,40.0,376880.0,415737.0,0.9065346601336903,0.05656973041817024,True
full,southern_california,M_RW,11,0.04714039299858451,3.386868710202191e-05,40.0,376880.0,415681.0,0.9066567872960275,0.05922309488431331,True
full,southern_california,M_RW,12,0.045747115970738335,3.375963168268501e-05,40.0,376880.0,415694.0,0.9066284334149639,0.059647633198896204,True
full,southern_california,M_RW,13,0.04465821401804763,2.9972079937299822e-05,40.0,376880.0,415771.0,0.9064605275500215,0.05932922946295903,True
full,southern_california,M_RW,14,0.04342932885877033,3.3340613413890974e-05,40.0,376880.0,415853.0,0.9062817870737977,0.05434090426661006,True
full,southern_california,M_RW,15,0.04649052154776416,4.5478816280236825e-05,40.0,376880.0,416118.0,0.9057046318592322,0.057843345361918916,True
full,southern_california,M_RW,16,0.04668510946954473,3.2096830314495916e-05,40.0,376880.0,416076.0,0.9057960564896798,0.05699426873275313,True
full,southern_california,M_RW,17,0.04326391560697289,3.774125871671254e-05,40.0,376880.0,415682.0,0.9066546061652898,0.05837401825514753,True
full,southern_california,M_RW,18,0.04429672486974845,2.8041866770040428e-05,40.0,376880.0,415653.0,0.9067178632176358,0.05879855656973042,True
full,southern_california,M_RW,19,0.04549178533503265,3.446316508333144e-05,40.0,376880.0,416054.0,0.9058439529484154,0.05763107620462747,True
full,southern_california,M_RW,20,0.045772873936037115,3.070708747952548e-05,40.0,376880.0,415626.0,0.9067767656498872,0.0647420929738909,True
full,southern_california,M_RW,21,0.04574420952004407,3.7640779149339935e-05,40.0,376880.0,415925.0,0.9061249023261405,0.05603905752494163,True
full,southern_california,M_RW,22,0.04451456165248755,3.292940480673213e-05,40.0,376880.0,415850.0,0.9062883251172298,0.05603905752494163,True
full,southern_california,M_RW,23,0.044080019931374094,3.083051613417159e-05,40.0,376880.0,415455.0,0.9071499921772515,0.058692421991084695,True
full,southern_california,M_RW,24,0.04430121410660861,3.204555207139638e-05,40.0,376880.0,415784.0,0.906432185942701,0.05816174909785608,True
full,southern_california,M_RW,25,0.04663644214092302,3.202500858278351e-05,40.0,376880.0,415852.0,0.9062839664111271,0.05741880704733602,True
full,southern_california,M_RW,26,0.04647469178486457,3.1847664803185336e-05,40.0,376880.0,416007.0,0.9059462941729346,0.058267883676501805,True
full,southern_california,M_RW,27,0.046878044442912055,5.3912547361675124e-05,40.0,376880.0,415964.0,0.9060399457645373,0.05561451921035873,True
full,southern_california,M_RW,28,0.04459885663726402,3.1389592593118836e-05,40.0,376880.0,416058.0,0.9058352441246172,0.05858628741243897,True
full,southern_california,M_RW,29,0.043648098867232296,3.637792261274013e-05,40.0,376880.0,415934.0,0.906105295551698,0.056781999575461685,True
full,southern_california,M_RW,30,0.04563267280034756,3.561153882122474e-05,,376880.0,415244.0,0.9076109468168113,0.05752494162598174,False
full,southern_california,M_RW,31,0.04733088518536713,3.222631530881435e-05,,376880.0,416119.0,0.9057024553072559,0.05943536404160475,False
full,southern_california,M_RW,32,0.04675640620330101,4.158236256152938e-05,,376880.0,415781.0,0.9064387261563178,0.059753767777541926,False
full,southern_california,M_RW,33,0.04571601281565646,3.668487409658492e-05,,376880.0,415725.0,0.9065608274700824,0.05805561451921036,False
full,southern_california,M_RW,34,0.04325551868819587,3.149638273868634e-05,,376880.0,415866.0,0.9062534566422839,0.05359796221609,False
full,southern_california,M_RW,35,0.043700701764034726,3.1889696718576494e-05,,376880.0,415530.0,0.9069862585132241,0.06070897898535343,False
full,southern_california,M_RW,36,0.04577814644017075,3.343437888109324e-05,,376880.0,415619.0,0.906792037900096,0.06463595839524518,False
full,southern_california,M_RW,37,0.04488087848160938,3.210474616165037e-05,,376880.0,415766.0,0.9064714286401485,0.05317342390150711,False
full,southern_california,M_RW,38,0.04334637545338481,2.760426235729009e-05,,376880.0,416055.0,0.9058417757267669,0.06028444067077054,False
full,southern_california,M_RW,39,0.04444085386440431,3.299355921735043e-05,,376880.0,416197.0,0.905532716478014,0.06028444067077054,False
full,southern_california,M_RW,40,0.04575792263433466,3.223710035909304e-05,,376880.0,415904.0,0.9061706547664846,0.05805561451921036,False
full,southern_california,M_RW,41,0.045883753642092504,3.2593126613945034e-05,,376880.0,415769.0,0.9064648879546094,0.06007217151347909,False
full,southern_california,M_RW,42,0.045554888378589634,3.7027184286610586e-05,,376880.0,416047.0,0.9058591937930089,0.06134578645722776,False
full,southern_california,M_RW,43,0.046218408285448535,3.7057267245391996e-05,,376880.0,415923.0,0.9061292595023598,0.05848015283379325,False
full,southern_california,M_RW,44,0.04388551422271315,3.862589373773212e-05,,376880.0,415765.0,0.9064736088896371,0.05816174909785608,False
full,southern_california,M_RW,45,0.04620855701021548,3.868940278571046e-05,,376880.0,416148.0,0.9056393398502456,0.05837401825514753,False
full,southern_california,M_RW,46,0.04228070208833336,3.2071899724857326e-05,,376880.0,415743.0,0.9065215770319645,0.060178306092124816,False
full,southern_california,M_RW,47,0.05098714709054887,4.014317396827723e-05,,376880.0,416061.0,0.9058287126166595,0.06230099766503927,False
full,southern_california,M_RW,48,0.04829597685127799,3.5151816978941945e-05,,376880.0,415689.0,0.9066393385439595,0.057206537890044575,False
full,southern_california,M_RW,49,0.04551687337488213,3.0284509033009937e-05,,376880.0,416118.0,0.9057046318592322,0.05816174909785608,False
full,southern_california,M_RW,50,0.045097029023713944,3.052335397803323e-05,,376880.0,415794.0,0.9064103859122546,0.05932922946295903,False
full,southern_california,M_RW,51,0.047809057805741836,3.454770370435561e-05,,376880.0,415843.0,0.9063035809187602,0.058267883676501805,False
full,southern_california,M_RW,52,0.04330029717113467,3.251768742605079e-05,,376880.0,415863.0,0.9062599942769614,0.057843345361918916,False
full,southern_california,M_RW,53,0.04390942998947939,4.256502305599472e-05,,376880.0,415796.0,0.9064060260319965,0.06092124814264487,False
full,southern_california,M_RW,54,0.04546209357150037,3.668990981415932e-05,,376880.0,415742.0,0.9065237575226943,0.05805561451921036,False
full,southern_california,M_RW,55,0.045277461469745595,3.473662016427734e-05,,376880.0,416341.0,0.905219519576501,0.05763107620462747,False
full,southern_california,M_RW,56,0.044783795084193403,2.932457163006525e-05,,376880.0,416076.0,0.9057960564896798,0.05932922946295903,False
full,southern_california,M_RW,57,0.04593871237741394,3.4842807130055895e-05,,376880.0,415385.0,0.9073028636084596,0.058267883676501805,False
full,southern_california,M_RW,58,0.041446126253776604,3.2570245374254195e-05,,376880.0,415656.0,0.9067113189753065,0.05943536404160475,False
full,southern_california,M_RW,59,0.04512362081094361,3.454035346623562e-05,,376880.0,415802.0,0.9063929466428733,0.05858628741243897,False
full,southern_california,M_RW,60,0.044154283829357766,3.7488244220532975e-05,,376880.0,416075.0,0.905798233491558,0.05752494162598174,False
full,southern_california,M_RW,61,0.04726328900966532,2.8492610184159606e-05,,376880.0,415547.0,0.906949153766,0.05582678836765018,False
full,southern_california,M_RW,62,0.04498751901481828,4.112925488705459e-05,,376880.0,415850.0,0.9062883251172298,0.06049670982806198,False
full,southern_california,M_RW,63,0.04666486704900956,3.0328375051066685e-05,,376880.0,415994.0,0.9059746054029626,0.05816174909785608,False
full,southern_california,M_RW,64,0.049017393578879416,3.136646525264084e-05,,376880.0,416066.0,0.9058178269793735,0.05614519210358735,False
full,southern_california,M_RW,65,0.0454731348961009,3.305506603353326e-05,,376880.0,415345.0,0.9073902418471391,0.0573126724686903,False
full,southern_california,M_RW,66,0.04471871365769857,2.9257233074461635e-05,,376880.0,415613.0,0.9068051288097341,0.05848015283379325,False
full,southern_california,M_RW,67,0.045210517273260684,3.319462592787144e-05,,376880.0,415881.0,0.9062207698836927,0.05837401825514753,False
full,southern_california,M_RW,68,0.045453414775570425,3.3840362126019934e-05,,376880.0,415372.0,0.9073312596901091,0.06261940140097644,False
full,southern_california,M_RW,69,0.044707663571650944,3.099072397625983e-05,,376880.0,415836.0,0.9063188372339095,0.06081511356399915,False
full,southern_california,M_RW,70,0.044506544573409794,2.866675663029059e-05,,376880.0,415831.0,0.9063297349163483,0.05879855656973042,False
full,southern_california,M_RW,71,0.04722183446231855,3.4868763517399674e-05,,376880.0,415948.0,0.9060747978112649,0.06007217151347909,False
full,southern_california,M_RW,72,0.04719524628820802,3.1411761476165544e-05,,376880.0,415779.0,0.9064430863511626,0.059647633198896204,False
full,southern_california,M_RW,73,0.047345973154243326,3.3552656263040655e-05,,376880.0,415706.0,0.9066022621756722,0.06134578645722776,False
full,southern_california,M_RW,74,0.04257533965728704,3.210725059546869e-05,,376880.0,415797.0,0.9064038461075957,0.06134578645722776,False
full,southern_california,M_RW,75,0.04392950572039983,3.52398991516038e-05,,376880.0,415671.0,0.906678599180602,0.06251326682233072,False
full,southern_california,M_RW,76,0.04011694804796517,3.008725549959149e-05,,376880.0,415566.0,0.9069076873468955,0.05837401825514753,False
full,southern_california,M_RW,77,0.04447880976125877,3.1721346317317485e-05,,376880.0,416147.0,0.9056415160988786,0.05837401825514753,False
full,southern_california,M_RW,78,0.043628551989892024,3.61606418847544e-05,,376880.0,415751.0,0.9065041334837439,0.06039057524941626,False
full,southern_california,M_RW,79,0.045350554530520275,3.795498394311283e-05,,376880.0,416039.0,0.9058766125291139,0.06272553597962216,False
full,southern_california,M_RW,80,0.04479040157391803,3.4941460249530446e-05,,376880.0,415820.0,0.9063537107402241,0.05434090426661006,False
full,southern_california,M_RW,81,0.0455361664745938,3.996777431663354e-05,,376880.0,415866.0,0.9062534566422839,0.05646359583952452,False
full,southern_california,M_RW,82,0.04288187599285942,2.9073351888203845e-05,,376880.0,416010.0,0.905939761063436,0.05508384631713012,False
full,southern_california,M_RW,83,0.04479054533564175,3.141417913141621e-05,,376880.0,415756.0,0.9064932316070002,0.06092124814264487,False
full,southern_california,M_RW,84,0.044843537426470674,3.48531096332572e-05,,376880.0,415929.0,0.9061161880994112,0.05603905752494163,False
full,southern_california,M_RW,85,0.046653955056212205,3.45141094443498e-05,,376880.0,415613.0,0.9068051288097341,0.06039057524941626,False
full,southern_california,M_RW,86,0.04441050896197849,3.3308614855937696e-05,,376880.0,415563.0,0.9069142344241427,0.05932922946295903,False
full,southern_california,M_RW,87,0.046692596111424414,3.1232776933800236e-05,,376880.0,416346.0,0.9052086485759441,0.057843345361918916,False
full,southern_california,M_RW,88,0.04072352651062419,3.665726890297236e-05,,376880.0,415649.0,0.906726589021025,0.06113351729993632,False
full,southern_california,M_RW,89,0.04300816324052858,3.278890221599803e-05,,376880.0,416115.0,0.9057111615779292,0.05816174909785608,False
full,southern_california,M_RW,90,0.04598892538577519,3.048638785399848e-05,,376880.0,415961.0,0.9060464803190684,0.059541498620250474,False
full,southern_california,M_RW,91,0.0452731964858545,3.095321474165845e-05,,376880.0,415779.0,0.9064430863511626,0.05922309488431331,False
full,southern_california,M_RW,92,0.045525727782045174,3.1912018937684214e-05,,376880.0,416122.0,0.9056959257140934,0.059116960305667585,False
full,southern_california,M_RW,93,0.0454693021251322,5.1036208726755203e-05,,376880.0,415694.0,0.9066284334149639,0.06028444067077054,False
full,southern_california,M_RW,94,0.043734771912722514,3.047571567614421e-05,,376880.0,415421.0,0.9072242375806712,0.061664190193164936,False
full,southern_california,M_RW,95,0.04412380744505848,2.9081241458032942e-05,,376880.0,415246.0,0.9076065753794137,0.05741880704733602,False
full,southern_california,M_RW,96,0.044927088481039365,2.7797030138261324e-05,,376880.0,415950.0,0.9060704411587931,0.058692421991084695,False
full,southern_california,M_RW,97,0.042596547192863335,3.207733708900806e-05,,376880.0,415671.0,0.906678599180602,0.06028444067077054,False
full,southern_california,M_RW,98,0.04419753439314284,3.2878270940078396e-05,,376880.0,416123.0,0.9056937492039613,0.0619825939291021,False
full,southern_california,M_RW,99,0.0461834488733824,4.069226074448029e-05,,376880.0,415609.0,0.9068138562928136,0.05879855656973042,False
full,southern_california,M_RW,100,0.04467047159671016,3.7894218814811905e-05,,376880.0,415678.0,0.9066633307512064,0.05773721078327319,False
full,southern_california,M_RW,101,0.0437266748985958,3.1870073672331024e-05,,376880.0,415921.0,0.906133616720483,0.057206537890044575,False
full,southern_california,M_RW,102,0.042912554095761495,3.155648676158761e-05,,376880.0,416018.0,0.9059223398987544,0.05890469114837614,False
full,southern_california,M_RW,103,0.0451642054051839,3.660945811291424e-05,,376880.0,416061.0,0.9058287126166595,0.06070897898535343,False
full,southern_california,M_RW,104,0.0463442070303014,2.9217117187626317e-05,,376880.0,415504.0,0.9070430128229813,0.056781999575461685,False
full,southern_california,M_RW,105,0.047044579432094696,4.162192957865186e-05,,376880.0,415956.0,0.9060573714527498,0.05540225005306729,False
full,southern_california,M_RW,106,0.04576983434387379,3.2313076235345145e-05,,376880.0,416058.0,0.9058352441246172,0.05932922946295903,False
full,southern_california,M_RW,107,0.04392797735572921,6.795910689732746e-05,,376880.0,416046.0,0.9058613710983882,0.06123965187858204,False
full,southern_california,M_RW,108,0.04546355182815585,3.2144753628295195e-05,,376880.0,415808.0,0.9063798676312144,0.05890469114837614,False
full,southern_california,M_RW,109,0.04777081545887315,4.764296952293929e-05,,376880.0,415562.0,0.9069164168042314,0.05710040331139885,False
full,southern_california,M_RW,110,0.045439439874829124,3.437140143065011e-05,,376880.0,415606.0,0.9068204020153703,0.05763107620462747,False
full,southern_california,M_RW,111,0.04394239991052748,3.753008911935307e-05,,376880.0,415675.0,0.906669874300836,0.05572065378900446,False
full,southern_california,M_RW,112,0.046461271872703866,3.4441542448416844e-05,,376880.0,416089.0,0.9057677564174972,0.060178306092124816,False
full,southern_california,M_RW,113,0.047381948414696666,3.35174080362226e-05,,376880.0,415950.0,0.9060704411587931,0.05922309488431331,False
full,southern_california,M_RW,114,0.046428353929037235,4.230999464139155e-05,,376880.0,415927.0,0.9061205451918245,0.05816174909785608,False
full,southern_california,M_RW,115,0.04594372136110199,3.102772220276231e-05,,376880.0,416301.0,0.9053064969817511,0.05518998089577584,False
full,southern_california,M_RW,116,0.04780749831353998,3.144421505025343e-05,,376880.0,415665.0,0.9066916868151035,0.06081511356399915,False
full,southern_california,M_RW,117,0.045477635497068646,3.364516748941229e-05,,376880.0,416047.0,0.9058591937930089,0.05816174909785608,False
full,southern_california,M_RW,118,0.045478815676562985,3.472473344799879e-05,,376880.0,415596.0,0.9068422217730681,0.05922309488431331,False
full,southern_california,M_RW,119,0.04530895922943055,6.322348927582395e-05,,376880.0,415974.0,0.9060181645968257,0.0573126724686903,False
full,southern_california,M_RW,120,0.04463660537027282,2.9677265912565388e-05,,376880.0,416053.0,0.9058461301805298,0.05667586499681596,False
full,southern_california,M_RW,121,0.04623562482925886,4.822873817031796e-05,,376880.0,415338.0,0.9074055347692722,0.05901082572702186,False
full,southern_california,M_RW,122,0.044223934022119674,3.792854659252326e-05,,376880.0,415874.0,0.906236023410937,0.06007217151347909,False
full,southern_california,M_RW,123,0.04420065635879632,3.695245321518954e-05,,376880.0,415939.0,0.9060944032658635,0.05614519210358735,False
full,southern_california,M_RW,124,0.04748353544954986,3.263002529337337e-05,,376880.0,415721.0,0.9065695502512502,0.061451921035873484,False
full,southern_california,M_RW,125,0.042459513084677526,3.059345344906506e-05,,376880.0,415598.0,0.9068378577375252,0.06039057524941626,False
full,southern_california,M_RW,126,0.04470614517282853,3.1773001988258674e-05,,376880.0,415857.0,0.9062730698292922,0.06113351729993632,False
full,southern_california,M_RW,127,0.04737614456346686,3.452084392536552e-05,,376880.0,415900.0,0.9061793700408752,0.060602844406707705,False
full,southern_california,M_RW,128,0.0479827721703231,3.691880061250531e-05,,376880.0,415480.0,0.9070954077211899,0.05794947994056464,False
full,southern_california,M_RW,129,0.04773939273053554,4.2556353187291e-05,,376880.0,416115.0,0.9057111615779292,0.054871577159838675,False
full,southern_california,M_RW,130,0.049052324715917445,3.7404485360073824e-05,,376880.0,416103.0,0.9057372813942701,0.059541498620250474,False
full,southern_california,M_RW,131,0.04799457954754102,4.0679963326043245e-05,,376880.0,415924.0,0.9061270809090122,0.05932922946295903,False
full,southern_california,M_RW,132,0.04378480168904389,3.467083046966973e-05,,376880.0,415436.0,0.9071914807575655,0.05741880704733602,False
full,southern_california,M_RW,133,0.04436456381009635,2.82643251348673e-05,,376880.0,416000.0,0.9059615384615385,0.05996603693483337,False
full,southern_california,M_RW,134,0.04357217022729468,3.0990714480262205e-05,,376880.0,416344.0,0.905212996944834,0.0629378051369136,False
full,southern_california,M_RW,135,0.04476022993070494,3.26232806918363e-05,,376880.0,415991.0,0.9059811390150267,0.06123965187858204,False
full,southern_california,M_RW,136,0.043222924472595216,3.157124931303462e-05,,376880.0,415832.0,0.906327555358895,0.05985990235618765,False
full,southern_california,M_RW,137,0.047056519425774296,3.133964268279508e-05,,376880.0,416116.0,0.9057089849945689,0.06230099766503927,False
full,southern_california,M_RW,138,0.044530719409008664,4.1428097108517656e-05,,376880.0,415975.0,0.9060159865376525,0.05858628741243897,False
full,southern_california,M_RW,139,0.04554756085529089,2.7613184701504977e-05,,376880.0,415367.0,0.9073421817332624,0.0633623434514965,False
full,southern_california,M_RW,140,0.048304858556257275,3.755196839824329e-05,,376880.0,415793.0,0.9064125658681123,0.05837401825514753,False
full,southern_california,M_RW,141,0.04257001793732073,2.7684677731874024e-05,,376880.0,415439.0,0.9071849296767998,0.05773721078327319,False
full,southern_california,M_RW,142,0.041577687087209395,2.9110087584272047e-05,,376880.0,416079.0,0.9057895255468312,0.05943536404160475,False
full,southern_california,M_RW,143,0.04228379675959334,2.9942750808410455e-05,,376880.0,415455.0,0.9071499921772515,0.06007217151347909,False
full,southern_california,M_RW,144,0.04615032306653083,3.642675482331625e-05,,376880.0,415516.0,0.9070168176436045,0.05794947994056464,False
full,southern_california,M_RW,145,0.04351496062898286,4.0185494160181195e-05,,376880.0,415900.0,0.9061793700408752,0.05794947994056464,False
full,southern_california,M_RW,146,0.04206069804966767,2.943260861317287e-05,,376880.0,416057.0,0.9058374213148679,0.056781999575461685,False
full,southern_california,M_RW,147,0.04495784379932074,2.9377082153674827e-05,,376880.0,415868.0,0.906249098271567,0.06123965187858204,False
full,southern_california,M_RW,148,0.04473630554275602,3.65547045682401e-05,,376880.0,415827.0,0.9063384532509914,0.05879855656973042,False
full,southern_california,M_RW,149,0.0438422925897821,3.228148363503572e-05,,376880.0,415979.0,0.9060072744056792,0.061558055614519214,False
full,southern_california,M_RW,150,0.04437478629319841,3.0071187254028e-05,,376880.0,416160.0,0.9056132256824299,0.0619825939291021,False
full,southern_california,M_RW,151,0.045465498106095945,2.9174907748225504e-05,,376880.0,415816.0,0.906362429536141,0.05848015283379325,False
full,southern_california,M_RW,152,0.04942782778233874,3.6792008025878765e-05,,376880.0,415989.0,0.905985494808757,0.05625132668223307,False
full,southern_california,M_RW,153,0.04763127196407636,3.319280354567522e-05,,376880.0,416082.0,0.9057829946981605,0.05890469114837614,False
full,southern_california,M_RW,154,0.049637131566131976,4.061696772991402e-05,,376880.0,415993.0,0.9059767832631799,0.061664190193164936,False
full,southern_california,M_RW,155,0.04700191981322162,3.7105145437930706e-05,,376880.0,415923.0,0.9061292595023598,0.05614519210358735,False
full,southern_california,M_RW,156,0.04401529307359491,3.529653563827554e-05,,376880.0,416112.0,0.9057176913907794,0.060602844406707705,False
full,southern_california,M_RW,157,0.0469686983732171,7.313066796716311e-05,,376880.0,415842.0,0.9063057603609063,0.05848015283379325,False
full,southern_california,M_RW,158,0.04435135382859961,2.859026599534319e-05,,376880.0,415614.0,0.9068029469652129,0.059116960305667585,False
full,southern_california,M_RW,159,0.04618235447240377,3.522014284584161e-05,,376880.0,415876.0,0.9062316652078986,0.05837401825514753,False
full,southern_california,M_RW,160,0.04700263055665975,3.5502487946925784e-05,,376880.0,415593.0,0.9068487679051379,0.057206537890044575,False
full,southern_california,M_RW,161,0.045183222784564735,3.278833614106107e-05,,376880.0,415858.0,0.9062708905443685,0.057206537890044575,False
full,southern_california,M_RW,162,0.043067818868581055,3.0135027935866116e-05,,376880.0,415671.0,0.906678599180602,0.05625132668223307,False
full,southern_california,M_RW,163,0.04673173579036098,3.482119256373261e-05,,376880.0,415709.0,0.9065957196019331,0.05773721078327319,False
full,southern_california,M_RW,164,0.04325179710804289,3.231802618984582e-05,,376880.0,416186.0,0.9055566501516149,0.05901082572702186,False
full,southern_california,M_RW,165,0.04502136881429404,3.551950007277019e-05,,376880.0,416101.0,0.9057416348434635,0.05858628741243897,False
full,southern_california,M_RW,166,0.043846432770621044,3.693768658322423e-05,,376880.0,415836.0,0.9063188372339095,0.05667586499681596,False
full,southern_california,M_RW,167,0.04321273748522086,3.0815705551055536e-05,,376880.0,415788.0,0.9064234658046889,0.06028444067077054,False
full,southern_california,M_RW,168,0.04557068875611636,4.2708585494577996e-05,,376880.0,415881.0,0.9062207698836927,0.05763107620462747,False
full,southern_california,M_RW,169,0.04275212579146744,3.730613811592763e-05,,376880.0,415747.0,0.9065128551739399,0.06187645935045638,False
full,southern_california,M_RW,170,0.043902350269775965,2.786478661940632e-05,,376880.0,415857.0,0.9062730698292922,0.06283167055826788,False
full,southern_california,M_RW,171,0.04599460639932182,3.918361770045615e-05,,376880.0,415857.0,0.9062730698292922,0.06049670982806198,False
full,southern_california,M_RW,172,0.049025921472859904,3.3394602705244036e-05,,376880.0,415936.0,0.9061009386059393,0.05879855656973042,False
full,southern_california,M_RW,173,0.0482036619966654,3.3425802830005525e-05,,376880.0,415779.0,0.9064430863511626,0.06039057524941626,False
full,southern_california,M_RW,174,0.04439083961704668,3.1347822339088714e-05,,376880.0,416048.0,0.9058570164980964,0.05805561451921036,False
full,southern_california,M_RW,175,0.04382386378019975,3.4624630697876716e-05,,376880.0,415566.0,0.9069076873468955,0.058267883676501805,False
full,southern_california,M_RW,176,0.04658713819090099,3.2491998320899944e-05,,376880.0,415773.0,0.9064561671873835,0.05710040331139885,False
full,southern_california,M_RW,177,0.04675073205474481,3.8357289856352894e-05,,376880.0,415702.0,0.9066109857542182,0.06177032477181066,False
full,southern_california,M_RW,178,0.04689825976737563,3.0447778235344218e-05,,376880.0,415933.0,0.9061074740402901,0.05752494162598174,False
full,southern_california,M_RW,179,0.04440834240326698,3.761621175905956e-05,,376880.0,415933.0,0.9061074740402901,0.054871577159838675,False
full,southern_california,M_RW,180,0.045511098806865755,3.336815209791724e-05,,376880.0,415991.0,0.9059811390150267,0.06049670982806198,False
full,southern_california,M_RW,181,0.046502547182253585,3.715592689370281e-05,,376880.0,415937.0,0.9060987601487726,0.058267883676501805,False
full,southern_california,M_RW,182,0.04324160162311893,3.196591467774569e-05,,376880.0,415922.0,0.9061314381061834,0.060602844406707705,False
full,southern_california,M_RW,183,0.04479861481997927,3.37831291798775e-05,,376880.0,415823.0,0.9063471717533662,0.05837401825514753,False
full,southern_california,M_RW,184,0.041797916533031075,3.270788085956466e-05,,376880.0,415630.0,0.9067680388807353,0.06304393971555933,False
full,southern_california,M_RW,185,0.04644428284924045,3.307387547617903e-05,,376880.0,415748.0,0.9065106747356572,0.05890469114837614,False
full,southern_california,M_RW,186,0.044347835414758466,3.465656735540692e-05,,376880.0,415986.0,0.9059920285778849,0.05890469114837614,False
full,southern_california,M_RW,187,0.048590980620939514,3.4308848847450816e-05,,376880.0,415955.0,0.9060595497109062,0.06187645935045638,False
full,southern_california,M_RW,188,0.0435693854906827,3.203719145536041e-05,,376880.0,415674.0,0.9066720555050352,0.05518998089577584,False
full,southern_california,M_RW,189,0.04431386302090697,3.3663290611751304e-05,,376880.0,415718.0,0.906576092447284,0.060178306092124816,False
full,southern_california,M_RW,190,0.044783520344955,3.840085011664229e-05,,376880.0,415637.0,0.906752767438895,0.05837401825514753,False
full,southern_california,M_RW,191,0.04663906295751039,3.903595998177232e-05,,376880.0,415691.0,0.9066349764608808,0.05901082572702186,False
full,southern_california,M_RW,192,0.045712899181204775,3.296429396238202e-05,,376880.0,416073.0,0.9058025875267081,0.059541498620250474,False
full,southern_california,M_RW,193,0.04348640644065782,3.2886637819430657e-05,,376880.0,415764.0,0.9064757891496137,0.05667586499681596,False
full,southern_california,M_RW,194,0.04574430311462205,3.810330113797291e-05,,376880.0,415842.0,0.9063057603609063,0.05858628741243897,False
full,southern_california,M_RW,195,0.044440326492092,3.670851341657278e-05,,376880.0,415668.0,0.9066851429506241,0.05879855656973042,False
full,southern_california,M_RW,196,0.042781818943951944,2.9578660409189273e-05,,376880.0,415652.0,0.9067200446527384,0.059541498620250474,False
full,southern_california,M_RW,197,0.0450815019878194,2.96071377745712e-05,,376880.0,415865.0,0.9062556358433627,0.05699426873275313,False
full,southern_california,M_RW,198,0.04574915170576139,3.8152416615136876e-05,,376880.0,415842.0,0.9063057603609063,0.05985990235618765,False
full,southern_california,M_RW,199,0.046162244801774686,7.931926242747955e-05,,376880.0,415786.0,0.9064278258527223,0.057206537890044575,False
holdout,shanxi,observed,-1,0.4631192501269167,0.0022536853389636246,,,,,,
holdout,shanxi,M_RW,0,0.09541372201705713,0.00016648775687749408,40.0,152280.0,187358.0,0.8127755420104826,0.09587601786183346,True
holdout,shanxi,M_RW,1,0.09733612317464568,0.00016589595687205508,40.0,152280.0,187568.0,0.8118655634223322,0.10559495665878645,True
holdout,shanxi,M_RW,2,0.09423988756069629,0.0001551219371181501,40.0,152280.0,187375.0,0.8127018012008005,0.10375623850801156,True
holdout,shanxi,M_RW,3,0.09631646665105574,0.00016200608146774078,40.0,152280.0,187206.0,0.8134354668119611,0.10454426057262936,True
holdout,shanxi,M_RW,4,0.09858258191440067,0.00016742900832439141,40.0,152280.0,187497.0,0.8121729947679163,0.10139217231415813,True
holdout,shanxi,M_RW,5,0.09718927075921155,0.00015756936595678455,40.0,152280.0,187296.0,0.8130445925166582,0.08668242710795902,True
holdout,shanxi,M_RW,6,0.0997774612240232,0.00016148503024964218,40.0,152280.0,187372.0,0.8127148133125547,0.09219858156028368,True
holdout,shanxi,M_RW,7,0.09517816619456684,0.00015146607704626342,40.0,152280.0,187453.0,0.812363632483876,0.10612030470186498,True
holdout,shanxi,M_RW,8,0.09300962134571807,0.00015093129307530134,40.0,152280.0,187610.0,0.8116838121635307,0.09981612818492251,True
holdout,shanxi,M_RW,9,0.09476902583655923,0.0001538876087799797,40.0,152280.0,187270.0,0.813157473167085,0.10533228263724717,True
holdout,shanxi,M_RW,10,0.0998410346880095,0.00017106600272089216,40.0,152280.0,187628.0,0.811605943675784,0.10480693459416864,True
holdout,shanxi,M_RW,11,0.08786843592901437,0.00014639453664657307,40.0,152280.0,187462.0,0.8123246311252413,0.09587601786183346,True
holdout,shanxi,M_RW,12,0.09395512905647654,0.00016927654712307758,40.0,152280.0,187596.0,0.8117443868739206,0.1008668242710796,True
holdout,shanxi,M_RW,13,0.0948662103170706,0.00014809521142741347,40.0,152280.0,187597.0,0.8117400598090588,0.09718938796952982,True
holdout,shanxi,M_RW,14,0.09771747103466655,0.00017555681681998266,40.0,152280.0,187406.0,0.8125673671067095,0.10401891252955082,True
holdout,shanxi,M_RW,15,0.1035368102329271,0.00017728312382232073,40.0,152280.0,187455.0,0.812354965191646,0.1008668242710796,True
holdout,shanxi,M_RW,16,0.09676478888365288,0.00016309692408035146,40.0,152280.0,187079.0,0.8139876736565835,0.10664565274494353,True
holdout,shanxi,M_RW,17,0.09270127844321012,0.0001720558990299829,40.0,152280.0,187672.0,0.8114156613666397,0.10191752035723667,True
holdout,shanxi,M_RW,18,0.09794696952916267,0.00015834387487709343,40.0,152280.0,187474.0,0.8122726351387393,0.10139217231415813,True
holdout,shanxi,M_RW,19,0.08754271169349837,0.00016176784117901774,40.0,152280.0,187663.0,0.8114545754890415,0.09981612818492251,True
holdout,shanxi,M_RW,20,0.09204794170873622,0.0001598740112440653,40.0,152280.0,187072.0,0.8140181320561067,0.09929078014184398,True
holdout,shanxi,M_RW,21,0.09817154091131504,0.00014710659436247044,40.0,152280.0,187575.0,0.8118352658936425,0.10454426057262936,True
holdout,shanxi,M_RW,22,0.09570325626918916,0.00015897258656554856,40.0,152280.0,187543.0,0.8119737873447689,0.10034147622800105,True
holdout,shanxi,M_RW,23,0.09911351229519404,0.00022941779500874435,40.0,152280.0,187686.0,0.8113551357053803,0.10506960861570791,True
holdout,shanxi,M_RW,24,0.09823436425517527,0.0001490455702505921,40.0,152280.0,187483.0,0.8122336425169215,0.0990281061203047,True
holdout,shanxi,M_RW,25,0.09535597901644317,0.0001607779798903512,40.0,152280.0,187355.0,0.8127885564836808,0.09850275807722617,True
holdout,shanxi,M_RW,26,0.0968864292933791,0.00016748849385832086,40.0,152280.0,187475.0,0.8122683024403253,0.10323089046493301,True
holdout,shanxi,M_RW,27,0.09661149123999105,0.00017905413032441673,40.0,152280.0,187547.0,0.8119564695782924,0.09403729971105858,True
holdout,shanxi,M_RW,28,0.09467506830667395,0.00015553628615269693,40.0,152280.0,187132.0,0.8137571340016673,0.10323089046493301,True
holdout,shanxi,M_RW,29,0.09343011293580612,0.00016709672290347296,40.0,152280.0,187292.0,0.8130619567306665,0.10900971893879695,True
holdout,shanxi,M_RW,30,0.10156822958116163,0.00018092033268973315,,152280.0,187471.0,0.8122856335113164,0.1111111111111111,False
holdout,shanxi,M_RW,31,0.09917317539473054,0.0001920939810145388,,152280.0,187836.0,0.8107072126748867,0.10506960861570791,False
holdout,shanxi,M_RW,32,0.094313249680195,0.00015961097267717936,,152280.0,187199.0,0.8134658838989525,0.10112949829261886,False
holdout,shanxi,M_RW,33,0.09271615663564364,0.00016126182895739597,,152280.0,187500.0,0.81216,0.10191752035723667,False
holdout,shanxi,M_RW,34,0.09610952124351889,0.00015926510655096595,,152280.0,187677.0,0.8113940440224429,0.10270554242185448,False
holdout,shanxi,M_RW,35,0.09249036092471848,0.00015405624498065283,,152280.0,187604.0,0.81170977164666,0.10375623850801156,False
holdout,shanxi,M_RW,36,0.1044682776605317,0.00016397878378366368,,152280.0,187352.0,0.8128015713736709,0.09692671394799054,False
holdout,shanxi,M_RW,37,0.09340186381538804,0.00016250754530027005,,152280.0,187453.0,0.812363632483876,0.09929078014184398,False
holdout,shanxi,M_RW,38,0.09650779244526192,0.00014578793223112861,,152280.0,187458.0,0.8123419646000705,0.10218019437877594,False
holdout,shanxi,M_RW,39,0.09418121656185248,0.0001658056990941256,,152280.0,187544.0,0.811969457833895,0.10401891252955082,False
holdout,shanxi,M_RW,40,0.09586153061414737,0.00018418991302922982,,152280.0,187368.0,0.8127321634430639,0.1016548463356974,False
holdout,shanxi,M_RW,41,0.09000776417346412,0.00017174882145634898,,152280.0,187583.0,0.8118006429154028,0.10139217231415813,False
holdout,shanxi,M_RW,42,0.09623847875264746,0.00015576266890764563,,152280.0,187843.0,0.8106770015385188,0.10349356448647229,False
holdout,shanxi,M_RW,43,0.09781998537836403,0.00016988455641413108,,152280.0,187902.0,0.8104224542580707,0.10218019437877594,False
holdout,shanxi,M_RW,44,0.09239052847467401,0.0001667077808858393,,152280.0,187699.0,0.8112989413902045,0.10401891252955082,False
holdout,shanxi,M_RW,45,0.10036314549791389,0.00019091456210214294,,152280.0,187816.0,0.8107935426161775,0.10270554242185448,False
holdout,shanxi,M_RW,46,0.09097726668603714,0.0001577876903298821,,152280.0,187721.0,0.8112038610491101,0.10480693459416864,False
holdout,shanxi,M_RW,47,0.10265321084619007,0.000176042268653091,,152280.0,187412.0,0.8125413527415534,0.10795902285263988,False
holdout,shanxi,M_RW,48,0.09093941184152461,0.00017185859765528937,,152280.0,187741.0,0.8111174437123484,0.10585763068032572,False
holdout,shanxi,M_RW,49,0.09238587765719651,0.00015412368373964917,,152280.0,187715.0,0.8112297898409824,0.10060415024954032,False
holdout,shanxi,M_RW,50,0.09705760715433719,0.00016049201392392143,,152280.0,187619.0,0.811644876051999,0.09955345416338324,False
holdout,shanxi,M_RW,51,0.08950541577184443,0.00013821441461716767,,152280.0,187289.0,0.8130749803779186,0.10480693459416864,False
holdout,shanxi,M_RW,52,0.09553661896861518,0.00017675887373198835,,152280.0,187554.0,0.8119261652644039,0.11084843708957184,False
holdout,shanxi,M_RW,53,0.09818213728084398,0.00017710728507258533,,152280.0,187430.0,0.812463319639332,0.09351195166798004,False
holdout,shanxi,M_RW,54,0.09564515626370837,0.00016785749838049919,,152280.0,186930.0,0.8146364949446316,0.10060415024954032,False
holdout,shanxi,M_RW,55,0.09214762441561972,0.00014749671872204864,,152280.0,187563.0,0.811887205898818,0.09482532177567639,False
holdout,shanxi,M_RW,56,0.0970353429890349,0.00018652658483728747,,152280.0,187487.0,0.812216313664414,0.1076963488311006,False
holdout,shanxi,M_RW,57,0.09599636999739797,0.0001623437737447505,,152280.0,187834.0,0.810715844841722,0.10034147622800105,False
holdout,shanxi,M_RW,58,0.09663554716552276,0.00017430243113761648,,152280.0,187840.0,0.8106899488926746,0.10112949829261886,False
holdout,shanxi,M_RW,59,0.09433882320088745,0.00016507184664925077,,152280.0,187527.0,0.812043065798525,0.10559495665878645,False
holdout,shanxi,M_RW,60,0.09580703801263299,0.00015979634042033575,,152280.0,187421.0,0.8125023343168588,0.1016548463356974,False
holdout,shanxi,M_RW,61,0.09025500816126496,0.0001703258645661516,,152280.0,187760.0,0.8110353642948445,0.10664565274494353,False
holdout,shanxi,M_RW,62,0.09956845744134232,0.0001704415130812714,,152280.0,187496.0,0.8121773264496309,0.10585763068032572,False
holdout,shanxi,M_RW,63,0.09297178771551166,0.00016668958415362107,,152280.0,187223.0,0.8133616062129119,0.09981612818492251,False
holdout,shanxi,M_RW,64,0.09670349707636532,0.00016430382603586924,,152280.0,188018.0,0.8099224542331054,0.10296821644339375,False
holdout,shanxi,M_RW,65,0.09893822603045206,0.00017010967582267248,,152280.0,187387.0,0.8126497569201706,0.09771473601260836,False
holdout,shanxi,M_RW,66,0.09504740326512698,0.00016898938005219073,,152280.0,187465.0,0.8123116315045475,0.1024428684003152,False
holdout,shanxi,M_RW,67,0.09996459310531086,0.000163639345786499,,152280.0,187611.0,0.8116794857444393,0.10270554242185448,False
holdout,shanxi,M_RW,68,0.09223116761158964,0.00016998539930328997,,152280.0,187428.0,0.8124719892438697,0.10612030470186498,False
holdout,shanxi,M_RW,69,0.09669176998111148,0.00016219822668951534,,152280.0,187227.0,0.8133442291977119,0.10112949829261886,False
holdout,shanxi,M_RW,70,0.09660581171921452,0.00016514276781458647,,152280.0,187561.0,0.8118958632125015,0.10480693459416864,False
holdout,shanxi,M_RW,71,0.0995318237552763,0.00016723363212870694,,152280.0,187223.0,0.8133616062129119,0.09403729971105858,False
holdout,shanxi,M_RW,72,0.0962313624608379,0.00016399329206663113,,152280.0,187164.0,0.8136180034622043,0.09850275807722617,False
holdout,shanxi,M_RW,73,0.09239406397666042,0.00014359226870274943,,152280.0,187548.0,0.8119521402520955,0.1016548463356974,False
holdout,shanxi,M_RW,74,0.09692152371809705,0.00016280387609488543,,152280.0,187196.0,0.813478920489754,0.10270554242185448,False
holdout,shanxi,M_RW,75,0.09154244553712132,0.00015316024403936478,,152280.0,187432.0,0.812454650219813,0.10007880220646179,False
holdout,shanxi,M_RW,76,0.0982795545565403,0.00017470660967730618,,152280.0,187255.0,0.8132226108782142,0.09771473601260836,False
holdout,shanxi,M_RW,77,0.09810163836777172,0.00015284233726149674,,152280.0,187466.0,0.8123072983901081,0.10401891252955082,False
holdout,shanxi,M_RW,78,0.09355058852216451,0.00016992562271913315,,152280.0,187668.0,0.81143295607136,0.10112949829261886,False
holdout,shanxi,M_RW,79,0.094609884404402,0.00015526617369046933,,152280.0,187577.0,0.8118266098722124,0.10585763068032572,False
holdout,shanxi,M_RW,80,0.09284118900803287,0.00015559801134670156,,152280.0,187446.0,0.8123939694632054,0.10139217231415813,False
holdout,shanxi,M_RW,81,0.09219501511707516,0.00015440821739871123,,152280.0,187759.0,0.8110396838500418,0.11006041502495403,False
holdout,shanxi,M_RW,82,0.10061563865364227,0.0001689524500091678,,152280.0,187743.0,0.8111088029913233,0.10270554242185448,False
holdout,shanxi,M_RW,83,0.09300087470162556,0.00015351688095750294,,152280.0,187481.0,0.812242307220465,0.09403729971105858,False
holdout,shanxi,M_RW,84,0.09692329977958114,0.0001630890245645046,,152280.0,187108.0,0.813861513136798,0.10848437089571841,False
holdout,shanxi,M_RW,85,0.09063663702172756,0.00016568897096349604,,152280.0,187585.0,0.8117919876322733,0.10296821644339375,False
holdout,shanxi,M_RW,86,0.09413007026096602,0.00015741874513633042,,152280.0,187458.0,0.8123419646000705,0.09876543209876543,False
holdout,shanxi,M_RW,87,0.09537210231400106,0.00015563240573226279,,152280.0,187509.0,0.8121210181911268,0.10218019437877594,False
holdout,shanxi,M_RW,88,0.09470903237319417,0.0001737945149763804,,152280.0,187503.0,0.8121470056479096,0.10506960861570791,False
holdout,shanxi,M_RW,89,0.09730230341620183,0.0001661553646000938,,152280.0,186967.0,0.8144752817342098,0.09850275807722617,False
holdout,shanxi,M_RW,90,0.09857999901226094,0.0001628986237350947,,152280.0,187885.0,0.810495781994305,0.10638297872340426,False
holdout,shanxi,M_RW,91,0.09403959984877229,0.0001551663781334046,,152280.0,187186.0,0.8135223788103811,0.10323089046493301,False
holdout,shanxi,M_RW,92,0.08720005090989703,0.00014045271881511944,,152280.0,187538.0,0.81199543559172,0.10218019437877594,False
holdout,shanxi,M_RW,93,0.09737546621664661,0.00016715658239166537,,152280.0,187483.0,0.8122336425169215,0.10638297872340426,False
holdout,shanxi,M_RW,94,0.09455779812683597,0.00017050023350034202,,152280.0,187496.0,0.8121773264496309,0.10848437089571841,False
holdout,shanxi,M_RW,95,0.09697481916029295,0.00016308772069116912,,152280.0,187609.0,0.8116881386287438,0.10480693459416864,False
holdout,shanxi,M_RW,96,0.09050496778775845,0.00014344044175904275,,152280.0,187452.0,0.812367966199347,0.10218019437877594,False
holdout,shanxi,M_RW,97,0.1010264967391967,0.00019269495196291793,,152280.0,187764.0,0.8110180865341599,0.1024428684003152,False
holdout,shanxi,M_RW,98,0.09684463312826089,0.00018760542562808806,,152280.0,187540.0,0.8119867761544204,0.09692671394799054,False
holdout,shanxi,M_RW,99,0.09710434946384275,0.0001510296117503957,,152280.0,187689.0,0.8113421670955676,0.11084843708957184,False
holdout,shanxi,M_RW,100,0.09666244132598639,0.0001678568761615762,,152280.0,187385.0,0.8126584305040425,0.09640136590491201,False
holdout,shanxi,M_RW,101,0.10044251898412505,0.0002064847387316935,,152280.0,187318.0,0.8129491025955862,0.10454426057262936,False
holdout,shanxi,M_RW,102,0.09765550065800742,0.0001720450421036057,,152280.0,187536.0,0.812004095213719,0.09324927764644077,False
holdout,shanxi,M_RW,103,0.10004546269558419,0.00016203930638519868,,152280.0,187411.0,0.8125456883534051,0.10270554242185448,False
holdout,shanxi,M_RW,104,0.09954191115668899,0.00016697466738514852,,152280.0,187290.0,0.8130706391158097,0.10270554242185448,False
holdout,shanxi,M_RW,105,0.09377132036179732,0.00015603448617513858,,152280.0,187575.0,0.8118352658936425,0.10323089046493301,False
holdout,shanxi,M_RW,106,0.09402588589996257,0.00017755281026541784,,152280.0,187572.0,0.8118482502718956,0.10218019437877594,False
holdout,shanxi,M_RW,107,0.09466899536226696,0.00015236399478472134,,152280.0,187544.0,0.811969457833895,0.10664565274494353,False
holdout,shanxi,M_RW,108,0.09236073290600207,0.00015219951816704472,,152280.0,187993.0,0.8100301606974728,0.09876543209876543,False
holdout,shanxi,M_RW,109,0.09513011540947955,0.0001497957406795751,,152280.0,187414.0,0.8125326816566532,0.09456264775413711,False
holdout,shanxi,M_RW,110,0.10148395843871397,0.00016580718170513856,,152280.0,187794.0,0.8108885267899932,0.10112949829261886,False
holdout,shanxi,M_RW,111,0.09395607292483475,0.0001655725802285193,,152280.0,187455.0,0.812354965191646,0.10559495665878645,False
holdout,shanxi,M_RW,112,0.09640863447076263,0.00018435012086870324,,152280.0,187635.0,0.811575665520825,0.1024428684003152,False
holdout,shanxi,M_RW,113,0.09490156418589797,0.00016818390113694078,,152280.0,187457.0,0.8123462980843607,0.10349356448647229,False
holdout,shanxi,M_RW,114,0.09385653851325436,0.00015277716090680366,,152280.0,187289.0,0.8130749803779186,0.10900971893879695,False
holdout,shanxi,M_RW,115,0.08991396055081383,0.0001544994147869703,,152280.0,187595.0,0.8117487139849143,0.10717100078802207,False
holdout,shanxi,M_RW,116,0.09468243818015828,0.0001466486020114587,,152280.0,187445.0,0.8123983035023606,0.1042815865510901,False
holdout,shanxi,M_RW,117,0.09437671344994769,0.0001627978508142814,,152280.0,187462.0,0.8123246311252413,0.09666403992645127,False
holdout,shanxi,M_RW,118,0.09363495671279208,0.0001599999709409465,,152280.0,187383.0,0.8126671042730664,0.09850275807722617,False
holdout,shanxi,M_RW,119,0.1002892114613109,0.00016775538857991148,,152280.0,187775.0,0.8109705764878179,0.09640136590491201,False
holdout,shanxi,M_RW,120,0.09482860991633203,0.00017358535943860095,,152280.0,187326.0,0.8129143845488613,0.09929078014184398,False
holdout,shanxi,M_RW,121,0.09593000622685878,0.0001612110317305217,,152280.0,187724.0,0.8111908972747225,0.09797741003414762,False
holdout,shanxi,M_RW,122,0.09109604036328181,0.00015908379412386044,,152280.0,187542.0,0.811978116901814,0.1024428684003152,False
holdout,shanxi,M_RW,123,0.09835443598820577,0.00018030240119231108,,152280.0,187377.0,0.8126931266911094,0.09666403992645127,False
holdout,shanxi,M_RW,124,0.09448428858214948,0.00014450488731517934,,152280.0,187704.0,0.8112773302646721,0.10191752035723667,False
holdout,shanxi,M_RW,125,0.09027144074866662,0.00016452537881168853,,152280.0,188003.0,0.8099870746743403,0.09745206199106908,False
holdout,shanxi,M_RW,126,0.10000175738542243,0.0001734828057032479,,152280.0,187606.0,0.8117011183011205,0.10638297872340426,False
holdout,shanxi,M_RW,127,0.09428431579995177,0.00017563186233940018,,152280.0,187795.0,0.8108842088447509,0.09955345416338324,False
holdout,shanxi,M_RW,128,0.09344328978692303,0.0001543607462157925,,152280.0,187612.0,0.8116751593714687,0.09929078014184398,False
holdout,shanxi,M_RW,129,0.09163315776729158,0.0001610431216296567,,152280.0,187488.0,0.8122119815668203,0.10638297872340426,False
holdout,shanxi,M_RW,130,0.09633223328630304,0.0001555005610992344,,152280.0,187617.0,0.8116535281984042,0.10848437089571841,False
holdout,shanxi,M_RW,131,0.09446671560847313,0.00016143409572947547,,152280.0,187721.0,0.8112038610491101,0.10664565274494353,False
holdout,shanxi,M_RW,132,0.09233225873449388,0.0001543042987671151,,152280.0,187172.0,0.8135832282606372,0.10848437089571841,False
holdout,shanxi,M_RW,133,0.09585598587635463,0.00016360588329880467,,152280.0,187816.0,0.8107935426161775,0.10034147622800105,False
holdout,shanxi,M_RW,134,0.09459359924763218,0.00016828405883100793,,152280.0,187519.0,0.8120777094587749,0.1042815865510901,False
holdout,shanxi,M_RW,135,0.0917788406759961,0.00017092110648606276,,152280.0,187365.0,0.8127451765270995,0.10323089046493301,False
holdout,shanxi,M_RW,136,0.09359264924648765,0.00015066426010181786,,152280.0,187274.0,0.8131401048730736,0.0990281061203047,False
holdout,shanxi,M_RW,137,0.09201218356788152,0.00015994002301175284,,152280.0,187502.0,0.8121513370524047,0.10795902285263988,False
holdout,shanxi,M_RW,138,0.0915015985672974,0.0001546030496914194,,152280.0,187493.0,0.8121903217720128,0.09955345416338324,False
holdout,shanxi,M_RW,139,0.09712286142263146,0.00017739717589601952,,152280.0,187923.0,0.8103318912533325,0.10034147622800105,False
holdout,shanxi,M_RW,140,0.09862101021474318,0.00016791672160687673,,152280.0,187851.0,0.8106424772825271,0.09850275807722617,False
holdout,shanxi,M_RW,141,0.09755585911272201,0.00014707575444523308,,152280.0,187753.0,0.8110656021475023,0.1042815865510901,False
holdout,shanxi,M_RW,142,0.09650318138402592,0.00014421661544307656,,152280.0,187699.0,0.8112989413902045,0.09955345416338324,False
holdout,shanxi,M_RW,143,0.09306454949977029,0.00016204897469854668,,152280.0,187741.0,0.8111174437123484,0.10480693459416864,False
holdout,shanxi,M_RW,144,0.09082452344067302,0.00015963063580984722,,152280.0,187662.0,0.8114588995108226,0.09692671394799054,False
holdout,shanxi,M_RW,145,0.0873760975248279,0.0001482663313310778,,152280.0,187567.0,0.8118698918253211,0.09771473601260836,False
holdout,shanxi,M_RW,146,0.09522095890713118,0.00014458822959306653,,152280.0,187892.0,0.8104655866135865,0.10112949829261886,False
holdout,shanxi,M_RW,147,0.08959553758095698,0.00016299523009879723,,152280.0,187481.0,0.812242307220465,0.1008668242710796,False
holdout,shanxi,M_RW,148,0.09539415298829002,0.00016259183565303428,,152280.0,187199.0,0.8134658838989525,0.10296821644339375,False
holdout,shanxi,M_RW,149,0.0900173624221646,0.0001456905368741721,,152280.0,187689.0,0.8113421670955676,0.09981612818492251,False
holdout,shanxi,M_RW,150,0.09455982650717842,0.00018007371854483688,,152280.0,187558.0,0.8119088495292123,0.09850275807722617,False
holdout,shanxi,M_RW,151,0.09315576311741405,0.00015954469955906244,,152280.0,187495.0,0.8121816581775514,0.10743367480956133,False
holdout,shanxi,M_RW,152,0.09585575199416181,0.0001440215911778781,,152280.0,187424.0,0.8124893290080246,0.10139217231415813,False
holdout,shanxi,M_RW,153,0.09476788106516576,0.0001629250357750577,,152280.0,187449.0,0.8123809676231936,0.09929078014184398,False
holdout,shanxi,M_RW,154,0.09260213443953073,0.00015447219328447892,,152280.0,187810.0,0.8108194451839625,0.10034147622800105,False
holdout,shanxi,M_RW,155,0.09670602665727855,0.00016361687216054284,,152280.0,187421.0,0.8125023343168588,0.0990281061203047,False
holdout,shanxi,M_RW,156,0.10395398584027186,0.00016367368515334457,,152280.0,187544.0,0.811969457833895,0.10060415024954032,False
holdout,shanxi,M_RW,157,0.09636582898501136,0.00015769792585599695,,152280.0,187338.0,0.8128623130384652,0.10060415024954032,False
holdout,shanxi,M_RW,158,0.09927144925498366,0.00020945914402950173,,152280.0,187685.0,0.8113594586674481,0.10139217231415813,False
holdout,shanxi,M_RW,159,0.09541196884052741,0.0001629663685031539,,152280.0,187532.0,0.812021415011838,0.10007880220646179,False
holdout,shanxi,M_RW,160,0.09815632862077375,0.00021036897212066332,,152280.0,187648.0,0.8115194406548432,0.10506960861570791,False
holdout,shanxi,M_RW,161,0.09937020689349392,0.00017691900813001464,,152280.0,187309.0,0.8129881639430033,0.09535066981875492,False
holdout,shanxi,M_RW,162,0.0937358693269923,0.00016845782782949146,,152280.0,187606.0,0.8117011183011205,0.0990281061203047,False
holdout,shanxi,M_RW,163,0.09593111358209122,0.00015381602755841478,,152280.0,187166.0,0.8136093093831145,0.09981612818492251,False
holdout,shanxi,M_RW,164,0.09333386385639088,0.00016058601695863125,,152280.0,188135.0,0.8094187684375581,0.1016548463356974,False
holdout,shanxi,M_RW,165,0.09028510002817033,0.0001601647799886737,,152280.0,187206.0,0.8134354668119611,0.09587601786183346,False
holdout,shanxi,M_RW,166,0.08961705703313351,0.00016134592539750417,,152280.0,187729.0,0.8111692919048202,0.10480693459416864,False
holdout,shanxi,M_RW,167,0.09787960601143605,0.00016620294376164637,,152280.0,187668.0,0.81143295607136,0.09640136590491201,False
holdout,shanxi,M_RW,168,0.09692554920677765,0.00017382380830894878,,152280.0,187689.0,0.8113421670955676,0.10112949829261886,False
holdout,shanxi,M_RW,169,0.09650575563084789,0.0001587840163267798,,152280.0,187539.0,0.8119911058499832,0.09929078014184398,False
holdout,shanxi,M_RW,170,0.09299199458192163,0.00015902583267761786,,152280.0,187336.0,0.8128709911602682,0.10401891252955082,False
holdout,shanxi,M_RW,171,0.09646018522863889,0.00016199510399423416,,152280.0,187854.0,0.8106295314446326,0.09981612818492251,False
holdout,shanxi,M_RW,172,0.09586213766775795,0.00016854186001002811,,152280.0,187518.0,0.8120820401241481,0.09640136590491201,False
holdout,shanxi,M_RW,173,0.09699946655587524,0.0001620071288805936,,152280.0,187578.0,0.8118222819307168,0.10296821644339375,False
holdout,shanxi,M_RW,174,0.0955853341119819,0.0001507882396753353,,152280.0,187948.0,0.8102241045395535,0.10323089046493301,False
holdout,shanxi,M_RW,175,0.09913160965049186,0.00017753336620644463,,152280.0,187682.0,0.8113724278300529,0.10112949829261886,False
holdout,shanxi,M_RW,176,0.09581336812821734,0.00016352178827647426,,152280.0,187695.0,0.8113162311196356,0.10349356448647229,False
holdout,shanxi,M_RW,177,0.09739679373084441,0.00016581313276493629,,152280.0,187457.0,0.8123462980843607,0.1016548463356974,False
holdout,shanxi,M_RW,178,0.09397086584039775,0.00018397473032892163,,152280.0,187434.0,0.8124459809853068,0.10506960861570791,False
holdout,shanxi,M_RW,179,0.09542882491705691,0.00019110221089919664,,152280.0,187333.0,0.8128840086904069,0.09613869188337273,False
holdout,shanxi,M_RW,180,0.09465377897742289,0.00017850552805983132,,152280.0,187822.0,0.8107676417033148,0.10007880220646179,False
holdout,shanxi,M_RW,181,0.08898065168931674,0.0001584452919404272,,152280.0,187496.0,0.8121773264496309,0.09955345416338324,False
holdout,shanxi,M_RW,182,0.09574838393893105,0.0001587228482660242,,152280.0,187219.0,0.813378983970644,0.11137378513265038,False
holdout,shanxi,M_RW,183,0.0954768785993736,0.00016234319234412705,,152280.0,187907.0,0.8104008898018701,0.10349356448647229,False
holdout,shanxi,M_RW,184,0.09828872818536262,0.00016991395923781876,,152280.0,187850.0,0.8106467926537131,0.10112949829261886,False
holdout,shanxi,M_RW,185,0.09622278685429324,0.00015974404479678715,,152280.0,187442.0,0.8124113058972909,0.09640136590491201,False
holdout,shanxi,M_RW,186,0.09263337080479339,0.00015367765594229938,,152280.0,187326.0,0.8129143845488613,0.10638297872340426,False
holdout,shanxi,M_RW,187,0.09337873006008167,0.0001768231119337561,,152280.0,187433.0,0.8124503155794337,0.10034147622800105,False
holdout,shanxi,M_RW,188,0.10085814716142186,0.00016726088465244802,,152280.0,187030.0,0.8142009303320323,0.09824008405568689,False
holdout,shanxi,M_RW,189,0.09948223400938282,0.00016826717523711317,,152280.0,187655.0,0.811489168953665,0.11137378513265038,False
holdout,shanxi,M_RW,190,0.09161921466812385,0.0001589058317436416,,152280.0,187633.0,0.8115843161917147,0.10191752035723667,False
holdout,shanxi,M_RW,191,0.09670301330170933,0.00016289524142215636,,152280.0,187445.0,0.8123983035023606,0.09824008405568689,False
holdout,shanxi,M_RW,192,0.0870040684300058,0.00015093370434171908,,152280.0,187191.0,0.8135006490696668,0.09929078014184398,False
holdout,shanxi,M_RW,193,0.09752056855474216,0.00017853317885682093,,152280.0,187451.0,0.8123722999610565,0.10007880220646179,False
holdout,shanxi,M_RW,194,0.0954576563550399,0.00018407124615470174,,152280.0,187298.0,0.8130359106877809,0.1016548463356974,False
holdout,shanxi,M_RW,195,0.10194549383617797,0.00016734221543906243,,152280.0,187670.0,0.811424308626845,0.09745206199106908,False
holdout,shanxi,M_RW,196,0.09622859808931744,0.00017577541500315893,,152280.0,187728.0,0.8111736128867297,0.09955345416338324,False
holdout,shanxi,M_RW,197,0.0949458574024999,0.0002154182227828256,,152280.0,187493.0,0.8121903217720128,0.0990281061203047,False
holdout,shanxi,M_RW,198,0.10028411647261981,0.00018243735024651032,,152280.0,187672.0,0.8114156613666397,0.10454426057262936,False
holdout,shanxi,M_RW,199,0.09107356173560366,0.00016287965295934637,,152280.0,187316.0,0.8129577825706293,0.10007880220646179,False
holdout,INGV,observed,-1,0.3458447484630057,0.006022523483790627,,,,,,
holdout,INGV,M_RW,0,0.01806343350793823,0.00011214324151083298,40.0,67760.0,72110.0,0.9396754957703508,0.04132231404958678,True
holdout,INGV,M_RW,1,0.02320156047873357,0.00013774414332399325,40.0,67760.0,72043.0,0.9405493941118499,0.04132231404958678,True
holdout,INGV,M_RW,2,0.014642253307818934,5.021696252733906e-05,40.0,67760.0,72098.0,0.9398318954756026,0.051357733175914994,True
holdout,INGV,M_RW,3,0.022016961153914376,0.0001236370855855153,40.0,67760.0,72077.0,0.9401057202713764,0.050177095631641085,True
holdout,INGV,M_RW,4,0.02150423757165864,8.746157666810706e-05,40.0,67760.0,72120.0,0.9395452024403772,0.043683589138134596,True
holdout,INGV,M_RW,5,0.01951788222105607,0.0002552487658612298,40.0,67760.0,72164.0,0.938972340779336,0.049586776859504134,True
holdout,INGV,M_RW,6,0.014876557538116718,0.0001990566860269283,40.0,67760.0,72346.0,0.9366101788626876,0.05785123966942149,True
holdout,INGV,M_RW,7,0.022434068142897202,0.00019548197640996819,40.0,67760.0,72119.0,0.9395582301473953,0.050177095631641085,True
holdout,INGV,M_RW,8,0.01977678168376913,4.210248872831415e-05,40.0,67760.0,72259.0,0.9377378596437814,0.0448642266824085,True
holdout,INGV,M_RW,9,0.019424120800573198,7.67964446935616e-05,40.0,67760.0,72153.0,0.9391154906933876,0.04014167650531287,True
holdout,INGV,M_RW,10,0.020224789320399235,6.00191581243963e-05,40.0,67760.0,72138.0,0.9393107654772797,0.05194805194805195,True
holdout,INGV,M_RW,11,0.01765490760156555,6.857509457780414e-05,40.0,67760.0,72320.0,0.9369469026548672,0.043683589138134596,True
holdout,INGV,M_RW,12,0.02584777312148732,0.0002247140940805509,40.0,67760.0,72259.0,0.9377378596437814,0.043683589138134596,True
holdout,INGV,M_RW,13,0.01798467763892391,5.782379630571943e-05,40.0,67760.0,72149.0,0.9391675560298826,0.0448642266824085,True
holdout,INGV,M_RW,14,0.016007700734559257,5.937342897405416e-05,40.0,67760.0,72192.0,0.9386081560283688,0.04604486422668241,True
holdout,INGV,M_RW,15,0.02182069707020917,0.00011232933403574718,40.0,67760.0,72152.0,0.9391285064863066,0.05430932703659976,True
holdout,INGV,M_RW,16,0.020214470540452355,8.61830143740827e-05,40.0,67760.0,72267.0,0.9376340515034525,0.05194805194805195,True
holdout,INGV,M_RW,17,0.015288112570681125,6.551012929718638e-05,40.0,67760.0,72137.0,0.9393237866836713,0.0448642266824085,True
holdout,INGV,M_RW,18,0.01684301361440508,9.104785731711502e-05,40.0,67760.0,72076.0,0.9401187635273878,0.05489964580873672,True
holdout,INGV,M_RW,19,0.012393430337848585,6.662805812683698e-05,40.0,67760.0,72280.0,0.9374654122855561,0.03955135773317592,True
holdout,INGV,M_RW,20,0.02507347598856453,0.00015633391718830367,40.0,67760.0,72115.0,0.9396103445885045,0.0448642266824085,True
holdout,INGV,M_RW,21,0.01809939963320836,7.969341331338713e-05,40.0,67760.0,72018.0,0.9408758921380765,0.051357733175914994,True
holdout,INGV,M_RW,22,0.01997857189318586,7.251527908097273e-05,40.0,67760.0,72238.0,0.938010465406019,0.05194805194805195,True
holdout,INGV,M_RW,23,0.01842161416971788,6.60009517137135e-05,40.0,67760.0,72130.0,0.9394149452377651,0.04427390791027155,True
holdout,INGV,M_RW,24,0.016403170006696735,5.442024485025093e-05,40.0,67760.0,72210.0,0.9383741864007755,0.046635182998819365,True
holdout,INGV,M_RW,25,0.018258708080247037,5.492050717336133e-05,40.0,67760.0,72184.0,0.9387121799844841,0.0448642266824085,True
holdout,INGV,M_RW,26,0.016034731873251735,5.785689092099784e-05,40.0,67760.0,72258.0,0.9377508372775333,0.048996458087367176,True
holdout,INGV,M_RW,27,0.022979063620130035,5.6348180548506447e-05,40.0,67760.0,72186.0,0.9386861718338736,0.04250295159386069,True
holdout,INGV,M_RW,28,0.015444907792869984,4.9368743830668364e-05,40.0,67760.0,72125.0,0.9394800693240901,0.048996458087367176,True
holdout,INGV,M_RW,29,0.010319529400840405,3.5236960666611635e-05,40.0,67760.0,72260.0,0.9377248823692222,0.043683589138134596,True
holdout,INGV,M_RW,30,0.018747788813864165,7.213252955605453e-05,,67760.0,72067.0,0.9402361691204019,0.05076741440377804,False
holdout,INGV,M_RW,31,0.019700858634445286,6.758373924506748e-05,,67760.0,72231.0,0.9381013692182028,0.043683589138134596,False
holdout,INGV,M_RW,32,0.02098538795231572,5.791310261675519e-05,,67760.0,72167.0,0.938933307467402,0.04191263282172373,False
holdout,INGV,M_RW,33,0.01430828055367449,0.00012904233004383019,,67760.0,72193.0,0.9385951546548834,0.0525383707201889,False
holdout,INGV,M_RW,34,0.017728745289056297,6.253419028161534e-05,,67760.0,72109.0,0.9396885270909318,0.05548996458087367,False
holdout,INGV,M_RW,35,0.014568409618073914,3.183684744656495e-05,,67760.0,72160.0,0.9390243902439024,0.053128689492325853,False
holdout,INGV,M_RW,36,0.01882758314792328,7.64797485144522e-05,,67760.0,72228.0,0.9381403333887135,0.04604486422668241,False
holdout,INGV,M_RW,37,0.017733058394061772,3.8246188706566763e-05,,67760.0,72096.0,0.9398579671549046,0.04427390791027155,False
holdout,INGV,M_RW,38,0.01126688421570641,4.452154677908454e-05,,67760.0,72198.0,0.938530153189839,0.050177095631641085,False
holdout,INGV,M_RW,39,0.0171656573926451,0.00011050619035668403,,67760.0,72148.0,0.9391805732660642,0.046635182998819365,False
holdout,INGV,M_RW,40,0.01688854281838758,7.346872295173597e-05,,67760.0,72158.0,0.9390504171401647,0.047225501770956316,False
holdout,INGV,M_RW,41,0.018110018468843893,5.619788465000015e-05,,67760.0,72182.0,0.9387381895763487,0.05194805194805195,False
holdout,INGV,M_RW,42,0.0159164933412749,4.037645827016725e-05,,67760.0,72088.0,0.9399622683386971,0.043683589138134596,False
holdout,INGV,M_RW,43,0.01432139379866265,4.220941210298539e-05,,67760.0,72206.0,0.9384261695703958,0.04191263282172373,False
holdout,INGV,M_RW,44,0.013432434880987894,3.730906348643944e-05,,67760.0,72180.0,0.9387642006095871,0.045454545454545456,False
holdout,INGV,M_RW,45,0.025104223788224585,8.398991385577366e-05,,67760.0,72019.0,0.940862827864869,0.04604486422668241,False
holdout,INGV,M_RW,46,0.020152827937083655,5.378420922994404e-05,,67760.0,72129.0,0.9394279693327233,0.04604486422668241,False
holdout,INGV,M_RW,47,0.017729686386820657,6.785114499793693e-05,,67760.0,72064.0,0.9402753108348135,0.05194805194805195,False
holdout,INGV,M_RW,48,0.020004922182497324,0.00010307261837166917,,67760.0,72172.0,0.9388682591586764,0.053128689492325853,False
holdout,INGV,M_RW,49,0.013561679247513257,6.54183348010687e-05,,67760.0,72163.0,0.9389853526045203,0.04132231404958678,False
holdout,INGV,M_RW,50,0.019591503430928924,7.643340332592694e-05,,67760.0,72243.0,0.9379455448970835,0.043683589138134596,False
holdout,INGV,M_RW,51,0.01642842276915724,6.648391561809897e-05,,67760.0,72206.0,0.9384261695703958,0.05489964580873672,False
holdout,INGV,M_RW,52,0.01919809987172163,9.803888113748309e-05,,67760.0,72218.0,0.938270237336952,0.03955135773317592,False
holdout,INGV,M_RW,53,0.01886434644777243,0.00010895327601908298,,67760.0,71989.0,0.9412549139451861,0.04309327036599764,False
holdout,INGV,M_RW,54,0.014492172125621164,8.78561980426202e-05,,67760.0,72183.0,0.9387251846002521,0.04604486422668241,False
holdout,INGV,M_RW,55,0.01488295767859238,6.171834876984647e-05,,67760.0,72278.0,0.9374913528321204,0.05371900826446281,False
holdout,INGV,M_RW,56,0.017134243135060505,5.4200042767793595e-05,,67760.0,72205.0,0.9384391662627242,0.047225501770956316,False
holdout,INGV,M_RW,57,0.01784207376003605,6.731769899095506e-05,,67760.0,72046.0,0.940510229575549,0.053128689492325853,False
holdout,INGV,M_RW,58,0.021094341811157602,0.00021406648290862824,,67760.0,72198.0,0.938530153189839,0.047815820543093274,False
holdout,INGV,M_RW,59,0.015055980958683443,0.00015698251463960796,,67760.0,72203.0,0.9384651607273936,0.03896103896103896,False
holdout,INGV,M_RW,60,0.02211598030474317,7.402604906104532e-05,,67760.0,72097.0,0.9398449311344439,0.0448642266824085,False
holdout,INGV,M_RW,61,0.020533181909430123,9.120591418590346e-05,,67760.0,72149.0,0.9391675560298826,0.047815820543093274,False
holdout,INGV,M_RW,62,0.01805674408966826,4.006562638693367e-05,,67760.0,72200.0,0.9385041551246538,0.050177095631641085,False
holdout,INGV,M_RW,63,0.014352306296777827,3.772084836555969e-05,,67760.0,72131.0,0.9394019215039303,0.05489964580873672,False
holdout,INGV,M_RW,64,0.021982164069001518,7.279132643713886e-05,,67760.0,72203.0,0.9384651607273936,0.053128689492325853,False
holdout,INGV,M_RW,65,0.018032001612449926,6.525325738600172e-05,,67760.0,72249.0,0.9378676521474346,0.045454545454545456,False
holdout,INGV,M_RW,66,0.01569611275050159,5.938824779508161e-05,,67760.0,72181.0,0.9387511949127887,0.05371900826446281,False
holdout,INGV,M_RW,67,0.02379195544710742,7.010345758461385e-05,,67760.0,72236.0,0.9380364361260314,0.04309327036599764,False
holdout,INGV,M_RW,68,0.018096417204163388,6.221439126406154e-05,,67760.0,72307.0,0.9371153553597854,0.043683589138134596,False
holdout,INGV,M_RW,69,0.013129074568123993,3.727920980034119e-05,,67760.0,72216.0,0.9382962224437797,0.046635182998819365,False
holdout,INGV,M_RW,70,0.02072752917545294,0.00019547779891250578,,67760.0,72135.0,0.9393498301795244,0.04604486422668241,False
holdout,INGV,M_RW,71,0.01655758644976961,4.0990870889481555e-05,,67760.0,72163.0,0.9389853526045203,0.053128689492325853,False
holdout,INGV,M_RW,72,0.017540148472387763,5.2393103822849614e-05,,67760.0,72029.0,0.9407322050840634,0.046635182998819365,False
holdout,INGV,M_RW,73,0.02788597568696858,0.00013281218739106423,,67760.0,72140.0,0.939284724147491,0.04309327036599764,False
holdout,INGV,M_RW,74,0.017693006423623307,6.554571244393108e-05,,67760.0,72137.0,0.9393237866836713,0.047815820543093274,False
holdout,INGV,M_RW,75,0.016264052835901623,5.939700211127196e-05,,67760.0,72143.0,0.9392456648600696,0.05194805194805195,False
holdout,INGV,M_RW,76,0.01605810839936598,6.035082151266038e-05,,67760.0,72295.0,0.9372709039352652,0.046635182998819365,False
holdout,INGV,M_RW,77,0.0294663109092593,0.00012847860755532502,,67760.0,72141.0,0.939271704024064,0.045454545454545456,False
holdout,INGV,M_RW,78,0.01979528853270516,5.635871432019039e-05,,67760.0,72211.0,0.938361191508219,0.04073199527744982,False
holdout,INGV,M_RW,79,0.018391960280870742,6.146307512227491e-05,,67760.0,72158.0,0.9390504171401647,0.045454545454545456,False
holdout,INGV,M_RW,80,0.02619025600292398,0.00014035522684270257,,67760.0,72169.0,0.9389072870623121,0.05548996458087367,False
holdout,INGV,M_RW,81,0.020290305699374185,0.00010973611952064896,,67760.0,72222.0,0.9382182714408352,0.048996458087367176,False
holdout,INGV,M_RW,82,0.018467680342324252,8.09488722898831e-05,,67760.0,72197.0,0.9385431527625802,0.0448642266824085,False
holdout,INGV,M_RW,83,0.019237625332003676,9.61487007677757e-05,,67760.0,72138.0,0.9393107654772797,0.05608028335301062,False
holdout,INGV,M_RW,84,0.01871096065319168,6.580364206762854e-05,,67760.0,72240.0,0.937984496124031,0.05194805194805195,False
holdout,INGV,M_RW,85,0.015658943142187264,4.6209408886108116e-05,,67760.0,72236.0,0.9380364361260314,0.048996458087367176,False
holdout,INGV,M_RW,86,0.01789131825984756,5.3320317177313816e-05,,67760.0,72137.0,0.9393237866836713,0.049586776859504134,False
holdout,INGV,M_RW,87,0.015789099534031226,7.139663641086044e-05,,67760.0,72235.0,0.938049422025334,0.04073199527744982,False
holdout,INGV,M_RW,88,0.019912401177518323,0.00012939315467257602,,67760.0,72120.0,0.9395452024403772,0.05489964580873672,False
holdout,INGV,M_RW,89,0.015198043388749792,8.256141138772113e-05,,67760.0,72213.0,0.9383352028028195,0.045454545454545456,False
holdout,INGV,M_RW,90,0.020363561053509147,8.355543039530034e-05,,67760.0,72172.0,0.9388682591586764,0.046635182998819365,False
holdout,INGV,M_RW,91,0.019376883867418874,8.659842669312574e-05,,67760.0,72276.0,0.9375172948143229,0.04014167650531287,False
holdout,INGV,M_RW,92,0.01883020033301514,8.643712620658037e-05,,67760.0,72199.0,0.9385171539772019,0.047225501770956316,False
holdout,INGV,M_RW,93,0.014854394968191756,3.494520554635701e-05,,67760.0,72293.0,0.9372968337183406,0.045454545454545456,False
holdout,INGV,M_RW,94,0.023302992979861024,8.720818423534039e-05,,67760.0,72088.0,0.9399622683386971,0.050177095631641085,False
holdout,INGV,M_RW,95,0.02201459800034433,7.603732402632008e-05,,67760.0,72261.0,0.937711905453841,0.047815820543093274,False
holdout,INGV,M_RW,96,0.01895440766506397,6.1089002203212e-05,,67760.0,72038.0,0.9406146755878841,0.05489964580873672,False
holdout,INGV,M_RW,97,0.018386449716293184,6.664827376100162e-05,,67760.0,72182.0,0.9387381895763487,0.051357733175914994,False
holdout,INGV,M_RW,98,0.022299739887517052,9.005732807179446e-05,,67760.0,72116.0,0.9395973154362416,0.047225501770956316,False
holdout,INGV,M_RW,99,0.01926631390256121,9.10291485192773e-05,,67760.0,72197.0,0.9385431527625802,0.04604486422668241,False
holdout,INGV,M_RW,100,0.01609797948164157,9.597272930558268e-05,,67760.0,72355.0,0.9364936770091908,0.04309327036599764,False
holdout,INGV,M_RW,101,0.015327637717698484,0.00010065337610798731,,67760.0,72148.0,0.9391805732660642,0.05194805194805195,False
holdout,INGV,M_RW,102,0.016823905133872916,6.064725724977175e-05,,67760.0,72146.0,0.9392066088210018,0.053128689492325853,False
holdout,INGV,M_RW,103,0.013863501388136757,4.1507156919902935e-05,,67760.0,72251.0,0.9378416907724461,0.048996458087367176,False
holdout,INGV,M_RW,104,0.016299201745717824,6.72939343068108e-05,,67760.0,72088.0,0.9399622683386971,0.04191263282172373,False
holdout,INGV,M_RW,105,0.017950065324801836,6.859687417835033e-05,,67760.0,72133.0,0.9393758751195708,0.05194805194805195,False
holdout,INGV,M_RW,106,0.018732890894523548,6.867143409555335e-05,,67760.0,72094.0,0.9398840402807446,0.05667060212514758,False
holdout,INGV,M_RW,107,0.019806902634641303,4.2682262328284626e-05,,67760.0,72117.0,0.9395842866453125,0.04250295159386069,False
holdout,INGV,M_RW,108,0.027518893946334503,0.0001011666798002835,,67760.0,72101.0,0.9397927906686454,0.048406139315230225,False
holdout,INGV,M_RW,109,0.02489123191873539,7.291216162293801e-05,,67760.0,72101.0,0.9397927906686454,0.048406139315230225,False
holdout,INGV,M_RW,110,0.017843361659002778,7.183914850633478e-05,,67760.0,72244.0,0.9379325618736504,0.05076741440377804,False
holdout,INGV,M_RW,111,0.01299874887222673,4.7085704993035704e-05,,67760.0,72158.0,0.9390504171401647,0.049586776859504134,False
holdout,INGV,M_RW,112,0.017077038712621843,0.00012022852235208448,,67760.0,72182.0,0.9387381895763487,0.046635182998819365,False
holdout,INGV,M_RW,113,0.021572148393335235,7.023524174860908e-05,,67760.0,71979.0,0.9413856819350088,0.051357733175914994,False
holdout,INGV,M_RW,114,0.022461015950673235,0.00015441238077525235,,67760.0,72180.0,0.9387642006095871,0.04604486422668241,False
holdout,INGV,M_RW,115,0.017856300169269347,7.61319683021562e-05,,67760.0,72159.0,0.9390374035116895,0.05076741440377804,False
holdout,INGV,M_RW,116,0.021861384432630686,9.713023805065906e-05,,67760.0,72210.0,0.9383741864007755,0.04250295159386069,False
holdout,INGV,M_RW,117,0.024332059679785824,0.00010850560486332228,,67760.0,72053.0,0.9404188583403883,0.045454545454545456,False
holdout,INGV,M_RW,118,0.017407925509049925,5.54698390389944e-05,,67760.0,72165.0,0.9389593293147648,0.0448642266824085,False
holdout,INGV,M_RW,119,0.024170643313708898,0.00012434375427070233,,67760.0,72061.0,0.9403144558082736,0.05962219598583235,False
holdout,INGV,M_RW,120,0.013656495195681944,2.629317751376431e-05,,67760.0,72069.0,0.9402100764545088,0.048996458087367176,False
holdout,INGV,M_RW,121,0.016712215730895374,4.9042701570287754e-05,,67760.0,72178.0,0.9387902130843193,0.05194805194805195,False
holdout,INGV,M_RW,122,0.017998404725323065,7.589056660548597e-05,,67760.0,72226.0,0.9381663113006397,0.048996458087367176,False
holdout,INGV,M_RW,123,0.02199547255031797,4.19913596146414e-05,,67760.0,72199.0,0.9385171539772019,0.04604486422668241,False
holdout,INGV,M_RW,124,0.023733169190166853,9.21374781117581e-05,,67760.0,72160.0,0.9390243902439024,0.045454545454545456,False
holdout,INGV,M_RW,125,0.02373448908194419,8.652138282342267e-05,,67760.0,72246.0,0.937906596905019,0.0525383707201889,False
holdout,INGV,M_RW,126,0.015139784612360032,6.467738188680217e-05,,67760.0,72137.0,0.9393237866836713,0.05371900826446281,False
holdout,INGV,M_RW,127,0.020084544847497054,0.00014691896272296307,,67760.0,72125.0,0.9394800693240901,0.04191263282172373,False
holdout,INGV,M_RW,128,0.016349754654711935,5.6716514372459384e-05,,67760.0,72157.0,0.939063431129343,0.04014167650531287,False
holdout,INGV,M_RW,129,0.020331182075596626,9.190496534187994e-05,,67760.0,72195.0,0.9385691529884341,0.048996458087367176,False
holdout,INGV,M_RW,130,0.021819304957805034,0.0001007627786087356,,67760.0,72071.0,0.9401839852367804,0.03778040141676505,False
holdout,INGV,M_RW,131,0.016806608497065965,5.73996545235684e-05,,67760.0,72168.0,0.9389202970845805,0.05667060212514758,False
holdout,INGV,M_RW,132,0.01574623733379298,6.076737206760623e-05,,67760.0,72137.0,0.9393237866836713,0.0525383707201889,False
holdout,INGV,M_RW,133,0.020191259515897123,0.00010550722465887805,,67760.0,72064.0,0.9402753108348135,0.03955135773317592,False
holdout,INGV,M_RW,134,0.017505710106996697,0.0001162977572190131,,67760.0,72315.0,0.937011684989283,0.047815820543093274,False
holdout,INGV,M_RW,135,0.015799227323529,9.953828998992152e-05,,67760.0,72113.0,0.9396364039770915,0.05371900826446281,False
holdout,INGV,M_RW,136,0.020348786636279554,9.27171420017825e-05,,67760.0,72064.0,0.9402753108348135,0.04309327036599764,False
holdout,INGV,M_RW,137,0.014594182242359418,0.00013359119353160813,,67760.0,72046.0,0.940510229575549,0.048406139315230225,False
holdout,INGV,M_RW,138,0.019796024412770806,6.914524994948406e-05,,67760.0,72222.0,0.9382182714408352,0.047225501770956316,False
holdout,INGV,M_RW,139,0.01598183331058221,6.752173905012746e-05,,67760.0,72123.0,0.9395061214869043,0.047225501770956316,False
holdout,INGV,M_RW,140,0.01914462802812169,6.943602822876536e-05,,67760.0,72089.0,0.9399492294247389,0.048996458087367176,False
holdout,INGV,M_RW,141,0.015724058047724598,9.614093174156316e-05,,67760.0,72198.0,0.938530153189839,0.048996458087367176,False
holdout,INGV,M_RW,142,0.025954755436084366,0.00011420101319183182,,67760.0,72155.0,0.939089460189869,0.05076741440377804,False
holdout,INGV,M_RW,143,0.02074354081450538,7.948405759148784e-05,,67760.0,72230.0,0.9381143569154091,0.05430932703659976,False
holdout,INGV,M_RW,144,0.013390414826215311,4.579198423110879e-05,,67760.0,72041.0,0.9405755056148583,0.048406139315230225,False
holdout,INGV,M_RW,145,0.020183658869477417,0.00017513289034744124,,67760.0,72093.0,0.939897077386154,0.049586776859504134,False
holdout,INGV,M_RW,146,0.021640957165941967,6.79118949757901e-05,,67760.0,72175.0,0.9388292344994804,0.05194805194805195,False
holdout,INGV,M_RW,147,0.017415829765234984,4.094725377642819e-05,,67760.0,72147.0,0.939193590863099,0.03837072018890201,False
holdout,INGV,M_RW,148,0.012530765014055844,5.257925486517751e-05,,67760.0,72109.0,0.9396885270909318,0.05194805194805195,False
holdout,INGV,M_RW,149,0.013782719691233718,5.204246500715226e-05,,67760.0,72219.0,0.9382572453232528,0.05489964580873672,False
holdout,INGV,M_RW,150,0.0088908838708519,4.4111042257254694e-05,,67760.0,72257.0,0.9377638152704928,0.04309327036599764,False
holdout,INGV,M_RW,151,0.01995093603438503,4.6192002457764306e-05,,67760.0,72245.0,0.9379195792096339,0.046635182998819365,False
holdout,INGV,M_RW,152,0.015863162125582374,5.305410281273979e-05,,67760.0,72205.0,0.9384391662627242,0.047225501770956316,False
holdout,INGV,M_RW,153,0.026442447617240544,0.00012162794622038878,,67760.0,72306.0,0.9371283157690925,0.046635182998819365,False
holdout,INGV,M_RW,154,0.02438527757100212,5.835454862715666e-05,,67760.0,72172.0,0.9388682591586764,0.045454545454545456,False
holdout,INGV,M_RW,155,0.016784157283510633,9.998812454819914e-05,,67760.0,72116.0,0.9395973154362416,0.045454545454545456,False
holdout,INGV,M_RW,156,0.014815024797656852,6.15737850224818e-05,,67760.0,72210.0,0.9383741864007755,0.051357733175914994,False
holdout,INGV,M_RW,157,0.017650554319169738,5.568493426141345e-05,,67760.0,72126.0,0.9394670437844883,0.051357733175914994,False
holdout,INGV,M_RW,158,0.017682355445251246,3.923348787487534e-05,,67760.0,72217.0,0.938283229710456,0.05962219598583235,False
holdout,INGV,M_RW,159,0.023018424076367054,0.00017787191868664357,,67760.0,72179.0,0.938777206666759,0.049586776859504134,False
holdout,INGV,M_RW,160,0.019711984517435256,7.736287941827608e-05,,67760.0,72191.0,0.9386211577620479,0.047815820543093274,False
holdout,INGV,M_RW,161,0.020723343292461237,6.494772142452117e-05,,67760.0,72028.0,0.9407452657299938,0.05548996458087367,False
holdout,INGV,M_RW,162,0.022790806517434075,6.395692029581037e-05,,67760.0,72197.0,0.9385431527625802,0.050177095631641085,False
holdout,INGV,M_RW,163,0.017728258711198215,6.66982276842229e-05,,67760.0,72149.0,0.9391675560298826,0.049586776859504134,False
holdout,INGV,M_RW,164,0.017753055844531705,6.843568025954427e-05,,67760.0,72134.0,0.939362852469016,0.05194805194805195,False
holdout,INGV,M_RW,165,0.016751364052868725,4.084664827219686e-05,,67760.0,72253.0,0.9378157308347058,0.048406139315230225,False
holdout,INGV,M_RW,166,0.01746730925409775,5.9922812905808395e-05,,67760.0,72065.0,0.9402622632345798,0.05076741440377804,False
holdout,INGV,M_RW,167,0.016561786847202158,5.651517303699988e-05,,67760.0,72226.0,0.9381663113006397,0.046635182998819365,False
holdout,INGV,M_RW,168,0.021357139752734747,8.506401570796314e-05,,67760.0,72138.0,0.9393107654772797,0.047225501770956316,False
holdout,INGV,M_RW,169,0.01496080270997109,0.00010515270639126407,,67760.0,72228.0,0.9381403333887135,0.05194805194805195,False
holdout,INGV,M_RW,170,0.019621509793687753,0.00011456713261461166,,67760.0,72016.0,0.9409020217729394,0.0448642266824085,False
holdout,INGV,M_RW,171,0.015865121085852057,4.3851783923763154e-05,,67760.0,72111.0,0.9396624648111939,0.04191263282172373,False
holdout,INGV,M_RW,172,0.019261827473964575,5.080890702826993e-05,,67760.0,72108.0,0.9397015587729517,0.05076741440377804,False
holdout,INGV,M_RW,173,0.019515799688806037,7.40374440836191e-05,,67760.0,72150.0,0.9391545391545392,0.047225501770956316,False
holdout,INGV,M_RW,174,0.021705987977766093,0.0001239868885946483,,67760.0,72152.0,0.9391285064863066,0.0448642266824085,False
holdout,INGV,M_RW,175,0.016239657808231014,0.00010828156972823151,,67760.0,72255.0,0.9377897723340946,0.046635182998819365,False
holdout,INGV,M_RW,176,0.016604020053210346,0.000105381504062063,,67760.0,72161.0,0.9390113773367885,0.046635182998819365,False
holdout,INGV,M_RW,177,0.017488132409012598,4.01748010584621e-05,,67760.0,72095.0,0.9398710035369998,0.04309327036599764,False
holdout,INGV,M_RW,178,0.03094090014784549,0.00013731452355505573,,67760.0,72236.0,0.9380364361260314,0.03600944510035419,False
holdout,INGV,M_RW,179,0.0223848758933615,0.0003991964041022395,,67760.0,72266.0,0.9376470262640799,0.04427390791027155,False
holdout,INGV,M_RW,180,0.01852400364954066,0.00011060242177005567,,67760.0,72232.0,0.938088381880607,0.050177095631641085,False
holdout,INGV,M_RW,181,0.024802439493474073,9.245017082877961e-05,,67760.0,72131.0,0.9394019215039303,0.050177095631641085,False
holdout,INGV,M_RW,182,0.013534570204526739,6.45128181169942e-05,,67760.0,72111.0,0.9396624648111939,0.046635182998819365,False
holdout,INGV,M_RW,183,0.015036956661142053,8.659475060780999e-05,,67760.0,72163.0,0.9389853526045203,0.05076741440377804,False
holdout,INGV,M_RW,184,0.016616079084707,6.237345570757037e-05,,67760.0,72162.0,0.9389983647903328,0.05076741440377804,False
holdout,INGV,M_RW,185,0.020721942011032748,8.284973884270028e-05,,67760.0,72088.0,0.9399622683386971,0.051357733175914994,False
holdout,INGV,M_RW,186,0.026997473475772884,0.00013698061411621356,,67760.0,72237.0,0.9380234505862647,0.04604486422668241,False
holdout,INGV,M_RW,187,0.01946088270242754,6.477934513901593e-05,,67760.0,72108.0,0.9397015587729517,0.048996458087367176,False
holdout,INGV,M_RW,188,0.02231038438650524,0.00014915034976091605,,67760.0,72203.0,0.9384651607273936,0.050177095631641085,False
holdout,INGV,M_RW,189,0.01735388970506575,7.731439872008551e-05,,67760.0,72108.0,0.9397015587729517,0.045454545454545456,False
holdout,INGV,M_RW,190,0.024303625230222607,0.0001049854845938167,,67760.0,72181.0,0.9387511949127887,0.04250295159386069,False
holdout,INGV,M_RW,191,0.018851645095194096,6.487609248930728e-05,,67760.0,72142.0,0.9392586842615952,0.047815820543093274,False
holdout,INGV,M_RW,192,0.018201261504342738,8.74797072469189e-05,,67760.0,72188.0,0.9386601651243974,0.050177095631641085,False
holdout,INGV,M_RW,193,0.0239877527311606,0.00017693863933306825,,67760.0,72293.0,0.9372968337183406,0.045454545454545456,False
holdout,INGV,M_RW,194,0.023127412789355047,8.775434430074482e-05,,67760.0,72012.0,0.9409542853968783,0.04250295159386069,False
holdout,INGV,M_RW,195,0.020797754811600892,3.924382850483247e-05,,67760.0,72237.0,0.9380234505862647,0.04427390791027155,False
holdout,INGV,M_RW,196,0.021654295935528135,0.00010193603597350944,,67760.0,72245.0,0.9379195792096339,0.049586776859504134,False
holdout,INGV,M_RW,197,0.019041545092028298,6.197705563433597e-05,,67760.0,72142.0,0.9392586842615952,0.05194805194805195,False
holdout,INGV,M_RW,198,0.020274153320695876,0.0001395292216227998,,67760.0,72145.0,0.9392196271397879,0.046635182998819365,False
holdout,INGV,M_RW,199,0.022583436868276494,0.00010326818892266801,,67760.0,72171.0,0.9388812680993751,0.05430932703659976,False
holdout,chuandian,observed,-1,0.3999319031526084,0.0064868671004726765,,,,,,
holdout,chuandian,M_RW,0,0.01286712943555358,7.941120196337094e-05,40.0,74840.0,77236.0,0.9689781966958413,0.016034206306787813,True
holdout,chuandian,M_RW,1,0.009388322479676433,3.189411769628628e-05,40.0,74840.0,77269.0,0.9685643660458916,0.01977552111170497,True
holdout,chuandian,M_RW,2,0.010252170407158,7.131360703326193e-05,40.0,74840.0,77154.0,0.9700080358762994,0.016034206306787813,True
holdout,chuandian,M_RW,3,0.014054310568971115,8.791126582184908e-05,40.0,74840.0,77192.0,0.9695305212975438,0.018172100481026188,True
holdout,chuandian,M_RW,4,0.007023217234586832,3.254833297190222e-05,40.0,74840.0,77203.0,0.9693923811250859,0.021913415285943347,True
holdout,chuandian,M_RW,5,0.008497297463166343,7.299066078387632e-05,40.0,74840.0,77232.0,0.9690283820178165,0.017637626937466594,True
holdout,chuandian,M_RW,6,0.01131011784206305,5.339239496074565e-05,40.0,74840.0,77263.0,0.9686395816885185,0.024051309460181722,True
holdout,chuandian,M_RW,7,0.010084786799718139,5.579400959801947e-05,40.0,74840.0,77129.0,0.9703224468098899,0.022982362373062535,True
holdout,chuandian,M_RW,8,0.00920572733790177,3.231321520563881e-05,40.0,74840.0,77122.0,0.970410518399419,0.016568679850347406,True
holdout,chuandian,M_RW,9,0.011542069916910746,6.916092780238796e-05,40.0,74840.0,77168.0,0.9698320547377152,0.016568679850347406,True
holdout,chuandian,M_RW,10,0.006324514227165173,1.9579944964997656e-05,40.0,74840.0,77140.0,0.9701840808918849,0.02084446819882416,True
holdout,chuandian,M_RW,11,0.011234366792758988,7.225342083240513e-05,40.0,74840.0,77208.0,0.9693296031499327,0.022982362373062535,True
holdout,chuandian,M_RW,12,0.010679204142262536,7.297040305546142e-05,40.0,74840.0,77198.0,0.9694551672323117,0.017637626937466594,True
holdout,chuandian,M_RW,13,0.0067235448151435505,2.9596442789406723e-05,40.0,74840.0,77165.0,0.969869759606039,0.017637626937466594,True
holdout,chuandian,M_RW,14,0.008702597338474784,4.644327529645472e-05,40.0,74840.0,77172.0,0.9697817861400508,0.019241047568145375,True
holdout,chuandian,M_RW,15,0.006913301711440837,1.8427757947613613e-05,40.0,74840.0,77230.0,0.9690534766282533,0.018172100481026188,True
holdout,chuandian,M_RW,16,0.009055894654545371,4.071982363642817e-05,40.0,74840.0,77200.0,0.9694300518134715,0.02244788882950294,True
holdout,chuandian,M_RW,17,0.01082523182505546,3.765473424801795e-05,40.0,74840.0,77151.0,0.970045754429625,0.019241047568145375,True
holdout,chuandian,M_RW,18,0.007166252615841823,1.867001919533474e-05,40.0,74840.0,77121.0,0.9704231013602002,0.024585783003741316,True
holdout,chuandian,M_RW,19,0.011600681533136262,7.072717533791094e-05,40.0,74840.0,77252.0,0.9687775073784497,0.014430785676109033,True
holdout,chuandian,M_RW,20,0.006774444794981571,2.1528154598748426e-05,40.0,74840.0,77223.0,0.9691413180011137,0.021913415285943347,True
holdout,chuandian,M_RW,21,0.007029019887785758,2.6650558107371066e-05,40.0,74840.0,77119.0,0.9704482682607399,0.019241047568145375,True
holdout,chuandian,M_RW,22,0.007059769494634008,3.911459946885028e-05,40.0,74840.0,77184.0,0.9696310116086235,0.01549973276322822,True
holdout,chuandian,M_RW,23,0.011150261589075169,7.191105401328412e-05,40.0,74840.0,77147.0,0.9700960503972935,0.017103153393907,True
holdout,chuandian,M_RW,24,0.014228257800788279,8.335156564177603e-05,40.0,74840.0,77166.0,0.9698571909908509,0.021378941742383754,True
holdout,chuandian,M_RW,25,0.01083256090718221,8.829096417171805e-05,40.0,74840.0,77154.0,0.9700080358762994,0.01870657402458578,True
holdout,chuandian,M_RW,26,0.00845877272120126,3.8155614100539805e-05,40.0,74840.0,77168.0,0.9698320547377152,0.016568679850347406,True
holdout,chuandian,M_RW,27,0.008836842297276928,3.9498855869842575e-05,40.0,74840.0,77206.0,0.9693547133642463,0.02244788882950294,True
holdout,chuandian,M_RW,28,0.006504078679644934,4.450918961730369e-05,40.0,74840.0,77226.0,0.9691036697485302,0.01549973276322822,True
holdout,chuandian,M_RW,29,0.005706639346637447,3.134008685761288e-05,40.0,74840.0,77246.0,0.9688527561297673,0.016034206306787813,True
holdout,chuandian,M_RW,30,0.009453334152704895,6.843107056150694e-05,,74840.0,77256.0,0.9687273480376929,0.01977552111170497,False
holdout,chuandian,M_RW,31,0.00683334314323579,4.273118072749521e-05,,74840.0,77164.0,0.9698823285469909,0.014965259219668627,False
holdout,chuandian,M_RW,32,0.017688582525527116,0.0001836186568114147,,74840.0,77267.0,0.9685894366288325,0.019241047568145375,False
holdout,chuandian,M_RW,33,0.01060047925751856,4.5484393785237545e-05,,74840.0,77163.0,0.969894897813719,0.024585783003741316,False
holdout,chuandian,M_RW,34,0.007822383084722407,3.7095356138695286e-05,,74840.0,77205.0,0.9693672689592643,0.020309994655264563,False
holdout,chuandian,M_RW,35,0.007728131780546258,3.957028972204397e-05,,74840.0,77153.0,0.970020608401488,0.022982362373062535,False
holdout,chuandian,M_RW,36,0.011145528057617989,3.039215943588745e-05,,74840.0,77152.0,0.9700331812525923,0.018172100481026188,False
holdout,chuandian,M_RW,37,0.01082767020749593,7.049269571523411e-05,,74840.0,77193.0,0.9695179614731906,0.019241047568145375,False
holdout,chuandian,M_RW,38,0.010089727053003211,4.036565909170187e-05,,74840.0,77186.0,0.9696058870779675,0.01977552111170497,False
holdout,chuandian,M_RW,39,0.012468270428515213,4.3614994267825847e-05,,74840.0,77190.0,0.9695556419225289,0.021378941742383754,False
holdout,chuandian,M_RW,40,0.007770342290918526,6.423878654838928e-05,,74840.0,77140.0,0.9701840808918849,0.013361838588989846,False
holdout,chuandian,M_RW,41,0.005993449675767529,2.2235642972923672e-05,,74840.0,77143.0,0.9701463515808304,0.017103153393907,False
holdout,chuandian,M_RW,42,0.007265905217655428,2.885710745037578e-05,,74840.0,77188.0,0.969580763849303,0.01977552111170497,False
holdout,chuandian,M_RW,43,0.009324534721458264,4.5676739238680125e-05,,74840.0,77208.0,0.9693296031499327,0.01870657402458578,False
holdout,chuandian,M_RW,44,0.009579192465754446,0.00010896928873594613,,74840.0,77164.0,0.9698823285469909,0.021378941742383754,False
holdout,chuandian,M_RW,45,0.011280833992069498,4.830947452996712e-05,,74840.0,77223.0,0.9691413180011137,0.021913415285943347,False
holdout,chuandian,M_RW,46,0.01177223931109118,0.0001050196037614821,,74840.0,77195.0,0.9694928428006995,0.020309994655264563,False
holdout,chuandian,M_RW,47,0.011026884811791112,7.359788174992372e-05,,74840.0,77195.0,0.9694928428006995,0.019241047568145375,False
holdout,chuandian,M_RW,48,0.010712815251468506,0.00011328067235952773,,74840.0,77114.0,0.9705111912233836,0.02244788882950294,False
holdout,chuandian,M_RW,49,0.011768914039008222,4.265745620472705e-05,,74840.0,77172.0,0.9697817861400508,0.027258150721539285,False
holdout,chuandian,M_RW,50,0.014542051420326349,5.8165350261655234e-05,,74840.0,77198.0,0.9694551672323117,0.01549973276322822,False
holdout,chuandian,M_RW,51,0.012019982951001944,6.06966246738578e-05,,74840.0,77197.0,0.9694677254297447,0.019241047568145375,False
holdout,chuandian,M_RW,52,0.007846894989036046,2.855350136786212e-05,,74840.0,77147.0,0.9700960503972935,0.017637626937466594,False
holdout,chuandian,M_RW,53,0.007089857368036089,3.2223564853647884e-05,,74840.0,77128.0,0.9703350274867752,0.01977552111170497,False
holdout,chuandian,M_RW,54,0.008373187166524193,3.7596215449998104e-05,,74840.0,77234.0,0.9690032887070461,0.017103153393907,False
holdout,chuandian,M_RW,55,0.005486197184769281,2.322288795999304e-05,,74840.0,77149.0,0.9700709017615264,0.02351683591662213,False
holdout,chuandian,M_RW,56,0.00875181002406869,6.265233802557133e-05,,74840.0,77170.0,0.9698069197874822,0.021378941742383754,False
holdout,chuandian,M_RW,57,0.006688434860404868,2.9677315144975522e-05,,74840.0,77189.0,0.969568202723186,0.018172100481026188,False
holdout,chuandian,M_RW,58,0.006113024780436952,3.4035672977371355e-05,,74840.0,77193.0,0.9695179614731906,0.016034206306787813,False
holdout,chuandian,M_RW,59,0.010862690739536328,8.176180380201032e-05,,74840.0,77237.0,0.9689656511775444,0.010154997327632281,False
holdout,chuandian,M_RW,60,0.008032584986943534,3.7652002767582995e-05,,74840.0,77139.0,0.9701966579810472,0.020309994655264563,False
holdout,chuandian,M_RW,61,0.007674588793099098,4.008579891525414e-05,,74840.0,77230.0,0.9690534766282533,0.016568679850347406,False
holdout,chuandian,M_RW,62,0.009364323541786524,3.664183063833439e-05,,74840.0,77090.0,0.9708133350629135,0.026189203634420097,False
holdout,chuandian,M_RW,63,0.009527922005899272,5.2020315519480084e-05,,74840.0,77165.0,0.969869759606039,0.021378941742383754,False
holdout,chuandian,M_RW,64,0.010514323299596997,2.9954713583639597e-05,,74840.0,77141.0,0.9701715041288032,0.02084446819882416,False
holdout,chuandian,M_RW,65,0.009118421370988486,9.53950663559238e-05,,74840.0,77100.0,0.9706874189364462,0.014430785676109033,False
holdout,chuandian,M_RW,66,0.008309325484371218,4.2822683232648915e-05,,74840.0,77243.0,0.9688903848892456,0.021378941742383754,False
holdout,chuandian,M_RW,67,0.013652740593436491,0.00018694833584293936,,74840.0,77134.0,0.9702595483185107,0.022982362373062535,False
holdout,chuandian,M_RW,68,0.009900622195271738,7.950810108088535e-05,,74840.0,77157.0,0.9699703202561012,0.021913415285943347,False
holdout,chuandian,M_RW,69,0.01099176292787136,0.00018697859067081434,,74840.0,77206.0,0.9693547133642463,0.02512025654730091,False
holdout,chuandian,M_RW,70,0.012887386433210433,5.622564875163436e-05,,74840.0,77145.0,0.9701212003370276,0.022982362373062535,False
holdout,chuandian,M_RW,71,0.011655806282565916,5.473655389770301e-05,,74840.0,77235.0,0.9689907425390043,0.017103153393907,False
holdout,chuandian,M_RW,72,0.013433937002020974,0.00010695017808991442,,74840.0,77206.0,0.9693547133642463,0.018172100481026188,False
holdout,chuandian,M_RW,73,0.0114997683720887,3.682412593731677e-05,,74840.0,77171.0,0.9697943528009226,0.022982362373062535,False
holdout,chuandian,M_RW,74,0.005894605676636984,2.2439676447673978e-05,,74840.0,77186.0,0.9696058870779675,0.018172100481026188,False
holdout,chuandian,M_RW,75,0.008743551146179002,2.7436308599266756e-05,,74840.0,77205.0,0.9693672689592643,0.018172100481026188,False
holdout,chuandian,M_RW,76,0.008065944670763502,2.5950580628616283e-05,,74840.0,77205.0,0.9693672689592643,0.011758417958311064,False
holdout,chuandian,M_RW,77,0.006956326502843206,1.7571567161502037e-05,,74840.0,77228.0,0.9690785725384575,0.01870657402458578,False
holdout,chuandian,M_RW,78,0.01008533805570815,2.3373213486951104e-05,,74840.0,77180.0,0.9696812645763151,0.019241047568145375,False
holdout,chuandian,M_RW,79,0.008560080480259243,4.860907265821565e-05,,74840.0,77165.0,0.969869759606039,0.017637626937466594,False
holdout,chuandian,M_RW,80,0.009125431588841,5.3655598198917715e-05,,74840.0,77186.0,0.9696058870779675,0.020309994655264563,False
holdout,chuandian,M_RW,81,0.011340957622766622,2.931132298123505e-05,,74840.0,77236.0,0.9689781966958413,0.01977552111170497,False
holdout,chuandian,M_RW,82,0.013119351877581096,8.388265356614395e-05,,74840.0,77252.0,0.9687775073784497,0.02512025654730091,False
holdout,chuandian,M_RW,83,0.009844964417088065,5.3167528161854165e-05,,74840.0,77125.0,0.9703727714748784,0.019241047568145375,False
holdout,chuandian,M_RW,84,0.0058442770894411985,2.3167362881748915e-05,,74840.0,77126.0,0.9703601898192568,0.024051309460181722,False
holdout,chuandian,M_RW,85,0.010404400000816428,5.2383635584800905e-05,,74840.0,77219.0,0.9691915202217071,0.02084446819882416,False
holdout,chuandian,M_RW,86,0.008285068187087243,3.6739177952703505e-05,,74840.0,77212.0,0.9692793866238408,0.021378941742383754,False
holdout,chuandian,M_RW,87,0.010767360101633023,0.00011040188641629651,,74840.0,77225.0,0.9691162188410489,0.01977552111170497,False
holdout,chuandian,M_RW,88,0.007847776521173846,3.816896554518843e-05,,74840.0,77209.0,0.9693170485306117,0.01870657402458578,False
holdout,chuandian,M_RW,89,0.008662114358127094,5.074973091906576e-05,,74840.0,77171.0,0.9697943528009226,0.014430785676109033,False
holdout,chuandian,M_RW,90,0.010119642259908381,7.31450703203181e-05,,74840.0,77244.0,0.9688778416446585,0.02351683591662213,False
holdout,chuandian,M_RW,91,0.007077415222921837,2.615821449810695e-05,,74840.0,77181.0,0.9696687008460632,0.016568679850347406,False
holdout,chuandian,M_RW,92,0.008285265451284152,3.665020828926218e-05,,74840.0,77130.0,0.9703098664592247,0.012827365045430252,False
holdout,chuandian,M_RW,93,0.007083769524999195,5.600801170822487e-05,,74840.0,77269.0,0.9685643660458916,0.021913415285943347,False
holdout,chuandian,M_RW,94,0.008715588236557667,5.411180039107891e-05,,74840.0,77185.0,0.9696184491805403,0.018172100481026188,False
holdout,chuandian,M_RW,95,0.0063725431504923075,0.0001190692972538727,,74840.0,77240.0,0.9689280165717244,0.018172100481026188,False
holdout,chuandian,M_RW,96,0.010135376732750093,6.871458917401938e-05,,74840.0,77125.0,0.9703727714748784,0.017637626937466594,False
holdout,chuandian,M_RW,97,0.010989549281539997,5.633471167696416e-05,,74840.0,77230.0,0.9690534766282533,0.018172100481026188,False
holdout,chuandian,M_RW,98,0.011270947141933945,3.344513521775108e-05,,74840.0,77238.0,0.9689531059841011,0.016034206306787813,False
holdout,chuandian,M_RW,99,0.008171530940452174,7.969635567207695e-05,,74840.0,77122.0,0.970410518399419,0.020309994655264563,False
holdout,chuandian,M_RW,100,0.00863084000297055,4.670578809804469e-05,,74840.0,77169.0,0.9698194870997421,0.02084446819882416,False
holdout,chuandian,M_RW,101,0.011069898588536695,3.714238057089103e-05,,74840.0,77165.0,0.969869759606039,0.020309994655264563,False
holdout,chuandian,M_RW,102,0.00902922279348094,4.265923543226132e-05,,74840.0,77195.0,0.9694928428006995,0.020309994655264563,False
holdout,chuandian,M_RW,103,0.007746489534421043,2.1292820311409347e-05,,74840.0,77228.0,0.9690785725384575,0.013361838588989846,False
holdout,chuandian,M_RW,104,0.007331148067369277,1.623440311914146e-05,,74840.0,77155.0,0.9699954636770138,0.02084446819882416,False
holdout,chuandian,M_RW,105,0.011263863063773355,3.732485785335544e-05,,74840.0,77224.0,0.9691287682585724,0.01977552111170497,False
holdout,chuandian,M_RW,106,0.011006484423291238,7.697087880202471e-05,,74840.0,77185.0,0.9696184491805403,0.02084446819882416,False
holdout,chuandian,M_RW,107,0.012810690267323965,6.787167228104221e-05,,74840.0,77292.0,0.968276147596129,0.01870657402458578,False
holdout,chuandian,M_RW,108,0.005970191110380445,3.8937737163563986e-05,,74840.0,77258.0,0.9687022703150483,0.017637626937466594,False
holdout,chuandian,M_RW,109,0.012537281110827136,6.567889689241216e-05,,74840.0,77141.0,0.9701715041288032,0.01549973276322822,False
holdout,chuandian,M_RW,110,0.007373782957822688,4.447099809112615e-05,,74840.0,77164.0,0.9698823285469909,0.016568679850347406,False
holdout,chuandian,M_RW,111,0.008747427614025086,2.5395087477198343e-05,,74840.0,77187.0,0.9695933253008926,0.01977552111170497,False
holdout,chuandian,M_RW,112,0.00883240319544708,3.568226244455301e-05,,74840.0,77147.0,0.9700960503972935,0.02244788882950294,False
holdout,chuandian,M_RW,113,0.009475297418419217,6.066821475295032e-05,,74840.0,77225.0,0.9691162188410489,0.02351683591662213,False
holdout,chuandian,M_RW,114,0.011695678696730574,5.0378309875483486e-05,,74840.0,77191.0,0.9695430814473189,0.021913415285943347,False
holdout,chuandian,M_RW,115,0.010842853728316417,6.384677923026958e-05,,74840.0,77138.0,0.9702092353963028,0.021378941742383754,False
holdout,chuandian,M_RW,116,0.012835617832015417,5.63715988608233e-05,,74840.0,77137.0,0.9702218131376642,0.017103153393907,False
holdout,chuandian,M_RW,117,0.006788877164104631,1.7788816149012267e-05,,74840.0,77150.0,0.9700583279325988,0.02244788882950294,False
holdout,chuandian,M_RW,118,0.010047074024729123,4.895072968650605e-05,,74840.0,77174.0,0.9697566537953196,0.01977552111170497,False
holdout,chuandian,M_RW,119,0.00550942675368098,3.2747944403666106e-05,,74840.0,77116.0,0.9704860210591836,0.016034206306787813,False
holdout,chuandian,M_RW,120,0.007061339955855851,3.85317002851238e-05,,74840.0,77224.0,0.9691287682585724,0.02512025654730091,False
holdout,chuandian,M_RW,121,0.009581408799809007,4.8062795125288204e-05,,74840.0,77264.0,0.9686270449368399,0.017637626937466594,False
holdout,chuandian,M_RW,122,0.007950466209707784,3.08856003136002e-05,,74840.0,77185.0,0.9696184491805403,0.02084446819882416,False
holdout,chuandian,M_RW,123,0.009002406264710546,2.1905914396011933e-05,,74840.0,77128.0,0.9703350274867752,0.02244788882950294,False
holdout,chuandian,M_RW,124,0.009685253604039452,8.830389869281221e-05,,74840.0,77190.0,0.9695556419225289,0.01870657402458578,False
holdout,chuandian,M_RW,125,0.006586867099093063,4.916172263562662e-05,,74840.0,77125.0,0.9703727714748784,0.012827365045430252,False
holdout,chuandian,M_RW,126,0.00856893574063958,3.235922390474612e-05,,74840.0,77153.0,0.970020608401488,0.020309994655264563,False
holdout,chuandian,M_RW,127,0.010273155900146607,2.843347562752267e-05,,74840.0,77194.0,0.9695054019742467,0.01549973276322822,False
holdout,chuandian,M_RW,128,0.011232681308441917,4.3642455528610526e-05,,74840.0,77195.0,0.9694928428006995,0.021378941742383754,False
holdout,chuandian,M_RW,129,0.006844534024992478,4.604384585872753e-05,,74840.0,77039.0,0.9714560157842131,0.01870657402458578,False
holdout,chuandian,M_RW,130,0.013471594288134756,7.84460952357744e-05,,74840.0,77136.0,0.9702343912051442,0.017103153393907,False
holdout,chuandian,M_RW,131,0.016494223385250945,5.578197341795145e-05,,74840.0,77212.0,0.9692793866238408,0.017103153393907,False
holdout,chuandian,M_RW,132,0.010723852879254706,5.110633290129224e-05,,74840.0,77270.0,0.9685518312411027,0.02084446819882416,False
holdout,chuandian,M_RW,133,0.011848370574380533,3.471658792204696e-05,,74840.0,77152.0,0.9700331812525923,0.017637626937466594,False
holdout,chuandian,M_RW,134,0.0065018953825795225,2.1661608162711554e-05,,74840.0,77189.0,0.969568202723186,0.02351683591662213,False
holdout,chuandian,M_RW,135,0.008537286349187455,3.749806506730088e-05,,74840.0,77199.0,0.9694426093602249,0.018172100481026188,False
holdout,chuandian,M_RW,136,0.008776657704500323,8.51489805910654e-05,,74840.0,77235.0,0.9689907425390043,0.021378941742383754,False
holdout,chuandian,M_RW,137,0.006288136878610836,2.7914576135607996e-05,,74840.0,77145.0,0.9701212003370276,0.025654730090860504,False
holdout,chuandian,M_RW,138,0.011410369157748696,9.522878568317285e-05,,74840.0,77238.0,0.9689531059841011,0.022982362373062535,False
holdout,chuandian,M_RW,139,0.010613070390840862,4.422067326028403e-05,,74840.0,77124.0,0.9703853534567709,0.01870657402458578,False
holdout,chuandian,M_RW,140,0.00898653302568517,6.884987946102858e-05,,74840.0,77220.0,0.9691789691789692,0.02512025654730091,False
holdout,chuandian,M_RW,141,0.01232599650741637,7.929091809868443e-05,,74840.0,77223.0,0.9691413180011137,0.01977552111170497,False
holdout,chuandian,M_RW,142,0.009349459677453797,3.46544483215542e-05,,74840.0,77151.0,0.970045754429625,0.018172100481026188,False
holdout,chuandian,M_RW,143,0.009754377488258867,7.383961573815099e-05,,74840.0,77189.0,0.969568202723186,0.016034206306787813,False
holdout,chuandian,M_RW,144,0.006947816773325075,2.1898569172543907e-05,,74840.0,77140.0,0.9701840808918849,0.024051309460181722,False
holdout,chuandian,M_RW,145,0.007925169059291921,4.6829407611033896e-05,,74840.0,77103.0,0.9706496504675564,0.02244788882950294,False
holdout,chuandian,M_RW,146,0.011046212767627567,4.680458534685827e-05,,74840.0,77202.0,0.9694049376959146,0.020309994655264563,False
holdout,chuandian,M_RW,147,0.011199288945957269,7.739420540092267e-05,,74840.0,77127.0,0.9703476084898933,0.02084446819882416,False
holdout,chuandian,M_RW,148,0.02108826808093297,6.651506352996143e-05,,74840.0,77182.0,0.9696561374413724,0.019241047568145375,False
holdout,chuandian,M_RW,149,0.013369535457642294,8.998845490248931e-05,,74840.0,77233.0,0.9690158351999792,0.01549973276322822,False
holdout,chuandian,M_RW,150,0.010913171032270661,8.274874919769661e-05,,74840.0,77154.0,0.9700080358762994,0.02244788882950294,False
holdout,chuandian,M_RW,151,0.00783513580495262,3.349444804808358e-05,,74840.0,77225.0,0.9691162188410489,0.016034206306787813,False
holdout,chuandian,M_RW,152,0.008115145042574608,3.6022394265301764e-05,,74840.0,77173.0,0.969769219804854,0.019241047568145375,False
holdout,chuandian,M_RW,153,0.009700612505301465,3.7561258332932745e-05,,74840.0,77282.0,0.9684014388861572,0.01977552111170497,False
holdout,chuandian,M_RW,154,0.005953324828395718,4.196592066223619e-05,,74840.0,77217.0,0.9692166232824379,0.014965259219668627,False
holdout,chuandian,M_RW,155,0.008472874070810519,6.334797127380439e-05,,74840.0,77247.0,0.9688402138594379,0.021378941742383754,False
holdout,chuandian,M_RW,156,0.008530898915085764,3.7065172213904675e-05,,74840.0,77258.0,0.9687022703150483,0.02084446819882416,False
holdout,chuandian,M_RW,157,0.010784558183037205,2.5112005309591304e-05,,74840.0,77131.0,0.9702972864347669,0.02084446819882416,False
holdout,chuandian,M_RW,158,0.013311158577624655,7.609432325191397e-05,,74840.0,77146.0,0.9701086252041583,0.020309994655264563,False
holdout,chuandian,M_RW,159,0.011597238266050847,4.5367759380614605e-05,,74840.0,77222.0,0.9691538680686851,0.01870657402458578,False
holdout,chuandian,M_RW,160,0.01052434802898166,6.05418406121878e-05,,74840.0,77183.0,0.96964357436223,0.021913415285943347,False
holdout,chuandian,M_RW,161,0.012280869135661619,3.8362572284646195e-05,,74840.0,77122.0,0.970410518399419,0.018172100481026188,False
holdout,chuandian,M_RW,162,0.009379556556230243,0.00010241501874804064,,74840.0,77176.0,0.9697315227531875,0.014430785676109033,False
holdout,chuandian,M_RW,163,0.00598898014836713,3.500156062582308e-05,,74840.0,77180.0,0.9696812645763151,0.02512025654730091,False
holdout,chuandian,M_RW,164,0.007922577596322098,6.580363626831205e-05,,74840.0,77134.0,0.9702595483185107,0.021913415285943347,False
holdout,chuandian,M_RW,165,0.008420002231715514,2.9107128588671413e-05,,74840.0,77162.0,0.9699074674062362,0.017637626937466594,False
holdout,chuandian,M_RW,166,0.008577045846005639,8.128642858439206e-05,,74840.0,77219.0,0.9691915202217071,0.021378941742383754,False
holdout,chuandian,M_RW,167,0.007760780845555514,6.952995118820904e-05,,74840.0,77130.0,0.9703098664592247,0.018172100481026188,False
holdout,chuandian,M_RW,168,0.011568959327538009,7.49409342149004e-05,,74840.0,77107.0,0.97059929708068,0.01549973276322822,False
holdout,chuandian,M_RW,169,0.008660595478454212,3.7350709658088065e-05,,74840.0,77212.0,0.9692793866238408,0.01389631213254944,False
holdout,chuandian,M_RW,170,0.010625230788627609,0.00010266185487253809,,74840.0,77203.0,0.9693923811250859,0.021378941742383754,False
holdout,chuandian,M_RW,171,0.009335393401196213,3.4228617992555565e-05,,74840.0,77153.0,0.970020608401488,0.024585783003741316,False
holdout,chuandian,M_RW,172,0.011707390503201893,5.731493066357738e-05,,74840.0,77259.0,0.9686897319406154,0.013361838588989846,False
holdout,chuandian,M_RW,173,0.014248344192856675,0.00011443951418748382,,74840.0,77138.0,0.9702092353963028,0.02084446819882416,False
holdout,chuandian,M_RW,174,0.010027414582042836,0.00010310054243155432,,74840.0,77179.0,0.9696938286321408,0.025654730090860504,False
holdout,chuandian,M_RW,175,0.0073638217141892975,5.3761065673406054e-05,,74840.0,77261.0,0.9686646561654652,0.016034206306787813,False
holdout,chuandian,M_RW,176,0.009056851728003306,4.7830241090997136e-05,,74840.0,77246.0,0.9688527561297673,0.02084446819882416,False
holdout,chuandian,M_RW,177,0.00938318749533276,8.226509811871454e-05,,74840.0,77206.0,0.9693547133642463,0.02084446819882416,False
holdout,chuandian,M_RW,178,0.009198504084032878,4.627006474038668e-05,,74840.0,77171.0,0.9697943528009226,0.017637626937466594,False
holdout,chuandian,M_RW,179,0.010360481444426603,3.140969658425804e-05,,74840.0,77172.0,0.9697817861400508,0.020309994655264563,False
holdout,chuandian,M_RW,180,0.007663623892773366,7.234308971756763e-05,,74840.0,77174.0,0.9697566537953196,0.024051309460181722,False
holdout,chuandian,M_RW,181,0.008573954221229658,4.688029081055363e-05,,74840.0,77142.0,0.9701589276917891,0.020309994655264563,False
holdout,chuandian,M_RW,182,0.011199255360314986,3.5849823339337675e-05,,74840.0,77121.0,0.9704231013602002,0.02672367717797969,False
holdout,chuandian,M_RW,183,0.010598062557076559,0.0001518118129859648,,74840.0,77207.0,0.9693421580944733,0.02084446819882416,False
holdout,chuandian,M_RW,184,0.010992934953261414,6.920608241131707e-05,,74840.0,77040.0,0.9714434060228453,0.018172100481026188,False
holdout,chuandian,M_RW,185,0.009016341042263894,6.738608033845499e-05,,74840.0,77121.0,0.9704231013602002,0.02244788882950294,False
holdout,chuandian,M_RW,186,0.013186762854614228,8.993748424836683e-05,,74840.0,77176.0,0.9697315227531875,0.02244788882950294,False
holdout,chuandian,M_RW,187,0.007324725056340438,3.097829543491762e-05,,74840.0,77207.0,0.9693421580944733,0.017103153393907,False
holdout,chuandian,M_RW,188,0.011185845760449132,3.470250661089892e-05,,74840.0,77218.0,0.9692040715895257,0.01870657402458578,False
holdout,chuandian,M_RW,189,0.0075713686513672685,5.522615270532936e-05,,74840.0,77217.0,0.9692166232824379,0.017637626937466594,False
holdout,chuandian,M_RW,190,0.00858721795017137,0.00011240559462120146,,74840.0,77141.0,0.9701715041288032,0.022982362373062535,False
holdout,chuandian,M_RW,191,0.010401223294794853,4.8748979337158395e-05,,74840.0,77243.0,0.9688903848892456,0.01870657402458578,False
holdout,chuandian,M_RW,192,0.009846869194112774,1.9489381460254916e-05,,74840.0,77113.0,0.9705237767950929,0.016568679850347406,False
holdout,chuandian,M_RW,193,0.007082412562989901,3.9984057616399826e-05,,74840.0,77149.0,0.9700709017615264,0.014430785676109033,False
holdout,chuandian,M_RW,194,0.008397846992652397,7.19558526124329e-05,,74840.0,77136.0,0.9702343912051442,0.017103153393907,False
holdout,chuandian,M_RW,195,0.010207469565507967,3.504471518265674e-05,,74840.0,77091.0,0.9708007419802571,0.024051309460181722,False
holdout,chuandian,M_RW,196,0.010402718726195713,5.00638879741978e-05,,74840.0,77219.0,0.9691915202217071,0.01549973276322822,False
holdout,chuandian,M_RW,197,0.007149583533184621,3.5049308911949334e-05,,74840.0,77194.0,0.9695054019742467,0.019241047568145375,False
holdout,chuandian,M_RW,198,0.01039899868085307,8.603996919357957e-05,,74840.0,77159.0,0.9699451781386488,0.02244788882950294,False
holdout,chuandian,M_RW,199,0.010828458939091914,0.00010403298823056815,,74840.0,77226.0,0.9691036697485302,0.01870657402458578,False
holdout,southern_california,observed,-1,0.4580886944419383,0.0015976328316688407,,,,,,
holdout,southern_california,M_RW,0,0.05477438394498135,3.823840401695211e-05,40.0,365440.0,408625.0,0.8943163046803304,0.06950525394045534,True
holdout,southern_california,M_RW,1,0.051436034736018835,4.37504178680938e-05,40.0,365440.0,408730.0,0.8940865608103149,0.06687828371278459,True
holdout,southern_california,M_RW,2,0.050962352133351776,3.7051566249738045e-05,40.0,365440.0,409213.0,0.8930312575602437,0.06939579684763572,True
holdout,southern_california,M_RW,3,0.051137574546009146,3.465500328113178e-05,40.0,365440.0,409467.0,0.89247729365248,0.07005253940455342,True
holdout,southern_california,M_RW,4,0.05304985445689229,4.5438114362392346e-05,40.0,365440.0,408997.0,0.8935028863292396,0.06753502626970227,True
holdout,southern_california,M_RW,5,0.05131362850046368,3.600535413680718e-05,40.0,365440.0,408937.0,0.8936339827406178,0.06556479859894922,True
holdout,southern_california,M_RW,6,0.04960353271976464,3.927712487037008e-05,40.0,365440.0,408736.0,0.8940734361543882,0.06611208406304729,True
holdout,southern_california,M_RW,7,0.04856469211367101,3.9891021671167134e-05,40.0,365440.0,408860.0,0.8938022795088784,0.06709719789842382,True
holdout,southern_california,M_RW,8,0.05300967480113155,3.804928539311605e-05,40.0,365440.0,408699.0,0.8941543776715871,0.0654553415061296,True
holdout,southern_california,M_RW,9,0.052424040039137906,3.74052758808017e-05,40.0,365440.0,409061.0,0.8933630925460995,0.06687828371278459,True
holdout,southern_california,M_RW,10,0.051210918603356706,3.3345375950145906e-05,40.0,365440.0,408827.0,0.8938744261019942,0.06961471103327496,True
holdout,southern_california,M_RW,11,0.05227625009399784,4.6115800585915326e-05,40.0,365440.0,408824.0,0.8938809854607361,0.07147548161120841,True
holdout,southern_california,M_RW,12,0.053933879936252246,4.86148455912199e-05,40.0,365440.0,409150.0,0.8931687645117927,0.06600262697022767,True
holdout,southern_california,M_RW,13,0.053142458644201376,3.732280194894134e-05,40.0,365440.0,409063.0,0.893358724695218,0.06786339754816112,True
holdout,southern_california,M_RW,14,0.051883772419834044,4.443903925253362e-05,40.0,365440.0,409256.0,0.892937427917978,0.06895796847635727,True
holdout,southern_california,M_RW,15,0.05366689972874645,3.7120879286160454e-05,40.0,365440.0,408882.0,0.8937541882499107,0.06534588441330998,True
holdout,southern_california,M_RW,16,0.051026206684144496,4.225622508606044e-05,40.0,365440.0,409056.0,0.8933740123601659,0.06644045534150612,True
holdout,southern_california,M_RW,17,0.05039825314490036,4.408618551499319e-05,40.0,365440.0,409568.0,0.8922572075943433,0.06633099824868652,True
holdout,southern_california,M_RW,18,0.053361779420052755,4.4107911408757536e-05,40.0,365440.0,408971.0,0.8935596900513728,0.06862959719789842,True
holdout,southern_california,M_RW,19,0.05148220534620769,3.861375799785754e-05,40.0,365440.0,408948.0,0.8936099455187456,0.0646891418563923,True
holdout,southern_california,M_RW,20,0.05309462745161598,4.2147019826659135e-05,40.0,365440.0,409085.0,0.8933106811542834,0.06490805604203152,True
holdout,southern_california,M_RW,21,0.05137800680663201,3.984490923626093e-05,40.0,365440.0,408979.0,0.8935422112137787,0.06884851138353765,True
holdout,southern_california,M_RW,22,0.05274032990979157,4.1287519487513546e-05,40.0,365440.0,408633.0,0.8942987962303582,0.06600262697022767,True
holdout,southern_california,M_RW,23,0.04966054917925804,3.9761692004697266e-05,40.0,365440.0,409111.0,0.8932539090857983,0.06742556917688267,True
holdout,southern_california,M_RW,24,0.05073690851356218,3.38115359145166e-05,40.0,365440.0,408856.0,0.8938110239301857,0.07257005253940456,True
holdout,southern_california,M_RW,25,0.054027238100520354,4.141242770019431e-05,40.0,365440.0,409018.0,0.893457011671858,0.06217162872154115,True
holdout,southern_california,M_RW,26,0.05059561233266203,3.5649596811867264e-05,40.0,365440.0,409110.0,0.8932560924934614,0.06862959719789842,True
holdout,southern_california,M_RW,27,0.05065975844456697,3.8055280016946405e-05,40.0,365440.0,408443.0,0.8947148072068808,0.06939579684763572,True
holdout,southern_california,M_RW,28,0.04962998313868448,3.921365993262707e-05,40.0,365440.0,409092.0,0.8932953956567227,0.06753502626970227,True
holdout,southern_california,M_RW,29,0.052992604069767385,3.97961858986251e-05,40.0,365440.0,408783.0,0.8939706396792431,0.06731611208406305,True
holdout,southern_california,M_RW,30,0.055276176458308825,4.2291979503262285e-05,,365440.0,408749.0,0.8940450007217143,0.06676882661996497,False
holdout,southern_california,M_RW,31,0.04858272378546221,3.6472766607606516e-05,,365440.0,408643.0,0.8942769116319135,0.06895796847635727,False
holdout,southern_california,M_RW,32,0.053798057513887935,3.9682149190248064e-05,,365440.0,409261.0,0.892926518774083,0.07180385288966724,False
holdout,southern_california,M_RW,33,0.05136479415526055,3.378626416994477e-05,,365440.0,408569.0,0.8944388830283256,0.07114711033274956,False
holdout,southern_california,M_RW,34,0.05339764369384626,4.301917248060484e-05,,365440.0,408893.0,0.8937301445610465,0.06501751313485114,False
holdout,southern_california,M_RW,35,0.04719581849889051,3.957036667202981e-05,,365440.0,408468.0,0.8946600468090523,0.06654991243432574,False
holdout,southern_california,M_RW,36,0.05101180810158342,4.015393769034252e-05,,365440.0,409207.0,0.8930443516362134,0.06676882661996497,False
holdout,southern_california,M_RW,37,0.052526891062926476,3.770831790043756e-05,,365440.0,409154.0,0.893160032652742,0.06808231173380035,False
holdout,southern_california,M_RW,38,0.048568298003804425,3.472990196453004e-05,,365440.0,409202.0,0.8930552636595129,0.06359457092819615,False
holdout,southern_california,M_RW,39,0.05297432792428643,3.73782857295294e-05,,365440.0,409306.0,0.8928283484727808,0.06862959719789842,False
holdout,southern_california,M_RW,40,0.047238066297173004,3.259419553252983e-05,,365440.0,408865.0,0.8937913492228486,0.06873905429071804,False
holdout,southern_california,M_RW,41,0.05563402482166544,4.2244890382689355e-05,,365440.0,408676.0,0.8942047000557899,0.06633099824868652,False
holdout,southern_california,M_RW,42,0.05277271605015217,4.202192042554339e-05,,365440.0,408803.0,0.8939269036675367,0.06578371278458844,False
holdout,southern_california,M_RW,43,0.04883665342608204,3.8548271996788954e-05,,365440.0,408930.0,0.8936492798278434,0.06665936952714537,False
holdout,southern_california,M_RW,44,0.05483245840188338,4.021593795703438e-05,,365440.0,408883.0,0.8937520024065564,0.0632661996497373,False
holdout,southern_california,M_RW,45,0.04768353633312545,3.4569169812506485e-05,,365440.0,409360.0,0.8927105726011335,0.0677539404553415,False
holdout,southern_california,M_RW,46,0.0502671279160115,3.7783597113979424e-05,,365440.0,409183.0,0.893096731780157,0.06753502626970227,False
holdout,southern_california,M_RW,47,0.055468615394476804,4.814099112157408e-05,,365440.0,408894.0,0.8937279588352972,0.06512697022767075,False
holdout,southern_california,M_RW,48,0.05353722892192774,3.961192058115023e-05,,365440.0,408654.0,0.8942528398106956,0.06786339754816112,False
holdout,southern_california,M_RW,49,0.05128619802754225,3.8500843267624186e-05,,365440.0,408980.0,0.8935400264071592,0.06644045534150612,False
holdout,southern_california,M_RW,50,0.05306447947593952,4.675663132336783e-05,,365440.0,409414.0,0.8925928277977793,0.06534588441330998,False
holdout,southern_california,M_RW,51,0.050533981871594885,4.066904228528796e-05,,365440.0,409281.0,0.8928828848639443,0.0669877408056042,False
holdout,southern_california,M_RW,52,0.0543800348075358,4.210644053778628e-05,,365440.0,409253.0,0.8929439735322648,0.06665936952714537,False
holdout,southern_california,M_RW,53,0.052755226190986174,3.8364474161481834e-05,,365440.0,409096.0,0.893286661321548,0.06600262697022767,False
holdout,southern_california,M_RW,54,0.053511178402648796,3.969587506274135e-05,,365440.0,408648.0,0.8942659697343435,0.07027145359019264,False
holdout,southern_california,M_RW,55,0.050182793911072575,3.907782590177848e-05,,365440.0,408669.0,0.8942200166883223,0.06786339754816112,False
holdout,southern_california,M_RW,56,0.05432299370426672,4.4411167764274293e-05,,365440.0,409197.0,0.8930661759494816,0.06370402802101577,False
holdout,southern_california,M_RW,57,0.051572182044407076,3.631510308237822e-05,,365440.0,408734.0,0.8940778109968831,0.0684106830122592,False
holdout,southern_california,M_RW,58,0.05043639227321342,6.367260754292284e-05,,365440.0,409402.0,0.8926189906253511,0.07257005253940456,False
holdout,southern_california,M_RW,59,0.05290302956812223,5.853148244281735e-05,,365440.0,409226.0,0.8930028883795262,0.06862959719789842,False
holdout,southern_california,M_RW,60,0.04951105421687125,3.392612584626156e-05,,365440.0,409141.0,0.8931884118189084,0.06490805604203152,False
holdout,southern_california,M_RW,61,0.049828808458503945,4.120970079728524e-05,,365440.0,409113.0,0.8932495423024934,0.06862959719789842,False
holdout,southern_california,M_RW,62,0.051884358650977486,3.76167828117139e-05,,365440.0,409314.0,0.8928108982346071,0.07125656742556917,False
holdout,southern_california,M_RW,63,0.05372762573339821,3.725958059711291e-05,,365440.0,409244.0,0.8929636109509241,0.06370402802101577,False
holdout,southern_california,M_RW,64,0.05328987012085544,3.5759493706582155e-05,,365440.0,409007.0,0.8934810406667857,0.06523642732049037,False
holdout,southern_california,M_RW,65,0.05664539161463785,3.8618847438186826e-05,,365440.0,408963.0,0.8935771695727975,0.06819176882661997,False
holdout,southern_california,M_RW,66,0.05090694991526002,4.145976986823868e-05,,365440.0,408681.0,0.8941937599252229,0.0684106830122592,False
holdout,southern_california,M_RW,67,0.05480105441292757,3.6049131184184365e-05,,365440.0,409335.0,0.8927650946046637,0.06260945709281962,False
holdout,southern_california,M_RW,68,0.04993306110940072,3.760155491100326e-05,,365440.0,409180.0,0.8931032797301921,0.07070928196147111,False
holdout,southern_california,M_RW,69,0.05215057035994876,4.167150464374343e-05,,365440.0,408987.0,0.893524733059975,0.06523642732049037,False
holdout,southern_california,M_RW,70,0.051579397580575545,4.250604376992185e-05,,365440.0,409022.0,0.8934482741759612,0.06961471103327496,False
holdout,southern_california,M_RW,71,0.051507546075605176,4.02885400517417e-05,,365440.0,408944.0,0.8936186861770805,0.07081873905429072,False
holdout,southern_california,M_RW,72,0.051962504416638036,4.354820318061044e-05,,365440.0,408806.0,0.8939203436348782,0.06753502626970227,False
holdout,southern_california,M_RW,73,0.04947956247546411,3.234971060955319e-05,,365440.0,408956.0,0.8935924647150305,0.06950525394045534,False
holdout,southern_california,M_RW,74,0.04782198143312241,3.76544581729893e-05,,365440.0,408448.0,0.8947038545910373,0.06764448336252189,False
holdout,southern_california,M_RW,75,0.04977501032027473,3.5075466836820325e-05,,365440.0,408951.0,0.8936033901372047,0.06600262697022767,False
holdout,southern_california,M_RW,76,0.048780109874764804,3.631929359746114e-05,,365440.0,408858.0,0.8938066516981445,0.06731611208406305,False
holdout,southern_california,M_RW,77,0.050778455706239824,3.77681137036434e-05,,365440.0,408658.0,0.8942440867424595,0.07103765323992994,False
holdout,southern_california,M_RW,78,0.05167682265686758,3.826497965436028e-05,,365440.0,408864.0,0.8937935352586679,0.06578371278458844,False
holdout,southern_california,M_RW,79,0.05335821121723966,4.315394149497258e-05,,365440.0,408655.0,0.8942506515275721,0.06786339754816112,False
holdout,southern_california,M_RW,80,0.05230259292364168,3.965011213804092e-05,,365440.0,409165.0,0.8931360209206555,0.07049036777583187,False
holdout,southern_california,M_RW,81,0.05091528781072815,4.294562339204737e-05,,365440.0,408793.0,0.8939487711384491,0.06819176882661997,False
holdout,southern_california,M_RW,82,0.053655992002228876,4.1705051547074566e-05,,365440.0,408898.0,0.8937192160392078,0.06578371278458844,False
holdout,southern_california,M_RW,83,0.05503591511968859,4.262476583057738e-05,,365440.0,408931.0,0.8936470944976047,0.06797285464098074,False
holdout,southern_california,M_RW,84,0.05595210961642949,4.150693069209882e-05,,365440.0,408540.0,0.8945023743085132,0.06709719789842382,False
holdout,southern_california,M_RW,85,0.05214247046459571,3.7276446680186315e-05,,365440.0,408914.0,0.8936842465652924,0.0669877408056042,False
holdout,southern_california,M_RW,86,0.048915186638181715,3.6455875510389314e-05,,365440.0,408817.0,0.893896291005511,0.06753502626970227,False
holdout,southern_california,M_RW,87,0.049667837915141344,3.5672845061310235e-05,,365440.0,408745.0,0.894053749892965,0.06895796847635727,False
holdout,southern_california,M_RW,88,0.053836222758705185,3.513034413854532e-05,,365440.0,408695.0,0.8941631289837164,0.06873905429071804,False
holdout,southern_california,M_RW,89,0.052478797260820345,3.8912396545964755e-05,,365440.0,408922.0,0.8936667628545297,0.06676882661996497,False
holdout,southern_california,M_RW,90,0.05283916431975811,4.250500661943906e-05,,365440.0,408851.0,0.8938219546974325,0.06862959719789842,False
holdout,southern_california,M_RW,91,0.050471390588265885,3.776601790872604e-05,,365440.0,409290.0,0.8928632509956266,0.06906742556917689,False
holdout,southern_california,M_RW,92,0.049399656552419284,3.491438505394409e-05,,365440.0,408839.0,0.8938481896296586,0.061952714535901926,False
holdout,southern_california,M_RW,93,0.05468716270788774,3.142069880021075e-05,,365440.0,408648.0,0.8942659697343435,0.06852014010507881,False
holdout,southern_california,M_RW,94,0.053111043863403734,4.2658629839246036e-05,,365440.0,409025.0,0.8934417211661879,0.06589316987740805,False
holdout,southern_california,M_RW,95,0.05449277113765717,3.6790147087414966e-05,,365440.0,408675.0,0.894206888114027,0.06720665499124344,False
holdout,southern_california,M_RW,96,0.050057939894366826,3.377850976865411e-05,,365440.0,408918.0,0.893675504624399,0.07289842381786339,False
holdout,southern_california,M_RW,97,0.05264435876020533,4.327866857676753e-05,,365440.0,408601.0,0.8943688341438225,0.0691768826619965,False
holdout,southern_california,M_RW,98,0.05186905835972351,3.607471132412346e-05,,365440.0,409155.0,0.8931578497146558,0.06600262697022767,False
holdout,southern_california,M_RW,99,0.05303525599199328,5.071733663350109e-05,,365440.0,408718.0,0.8941128112781918,0.06983362521891419,False
holdout,southern_california,M_RW,100,0.054105053670017174,3.698415029913621e-05,,365440.0,408833.0,0.8938613076733043,0.06786339754816112,False
holdout,southern_california,M_RW,101,0.05051936382084118,3.979410335024244e-05,,365440.0,408946.0,0.8936143158265395,0.0684106830122592,False
holdout,southern_california,M_RW,102,0.0528591834250764,3.752050646099988e-05,,365440.0,408837.0,0.8938525622680922,0.06819176882661997,False
holdout,southern_california,M_RW,103,0.056585084760119767,4.1279134441457094e-05,,365440.0,408912.0,0.8936886175998748,0.06819176882661997,False
holdout,southern_california,M_RW,104,0.050518487187299406,4.103079839875629e-05,,365440.0,408948.0,0.8936099455187456,0.06906742556917689,False
holdout,southern_california,M_RW,105,0.04914644779447037,4.116345977372883e-05,,365440.0,409056.0,0.8933740123601659,0.06589316987740805,False
holdout,southern_california,M_RW,106,0.0528863480361964,4.661534567677412e-05,,365440.0,408936.0,0.8936361680067296,0.07092819614711034,False
holdout,southern_california,M_RW,107,0.050641982598204134,3.639050013487157e-05,,365440.0,409113.0,0.8932495423024934,0.06764448336252189,False
holdout,southern_california,M_RW,108,0.050480774585064336,3.628291538379788e-05,,365440.0,409113.0,0.8932495423024934,0.06786339754816112,False
holdout,southern_california,M_RW,109,0.05434815938903169,4.4833119315981705e-05,,365440.0,408761.0,0.89401875423536,0.07005253940455342,False
holdout,southern_california,M_RW,110,0.04954246206367225,3.7532573654030696e-05,,365440.0,408667.0,0.8942243929654218,0.06873905429071804,False
holdout,southern_california,M_RW,111,0.05089058850598101,3.479938770298687e-05,,365440.0,408823.0,0.8938831719350427,0.06862959719789842,False
holdout,southern_california,M_RW,112,0.05428491435897263,4.4843247296976704e-05,,365440.0,408987.0,0.893524733059975,0.0677539404553415,False
holdout,southern_california,M_RW,113,0.05244532736996431,3.5444762244297264e-05,,365440.0,409201.0,0.8930574460961728,0.06644045534150612,False
holdout,southern_california,M_RW,114,0.04913287788314527,3.7194212409690345e-05,,365440.0,408960.0,0.8935837245696401,0.06414185639229422,False
holdout,southern_california,M_RW,115,0.051791682527207235,3.790063780424617e-05,,365440.0,409022.0,0.8934482741759612,0.06764448336252189,False
holdout,southern_california,M_RW,116,0.05037010425585172,4.1231413491928426e-05,,365440.0,408740.0,0.8940646865978372,0.06611208406304729,False
holdout,southern_california,M_RW,117,0.05235744503544424,4.50331395862618e-05,,365440.0,408765.0,0.8940100057490245,0.0677539404553415,False
holdout,southern_california,M_RW,118,0.05112931014655406,4.059620689080554e-05,,365440.0,408999.0,0.8934985171112888,0.06676882661996497,False
holdout,southern_california,M_RW,119,0.04968673729681381,3.819881477226926e-05,,365440.0,408740.0,0.8940646865978372,0.06764448336252189,False
holdout,southern_california,M_RW,120,0.05220810896006357,3.440079349258544e-05,,365440.0,408831.0,0.8938656804400841,0.06665936952714537,False
holdout,southern_california,M_RW,121,0.052126128207509205,3.8397756927479386e-05,,365440.0,409488.0,0.8924315242449107,0.05976357267950963,False
holdout,southern_california,M_RW,122,0.05589356271741757,4.004604553827164e-05,,365440.0,408829.0,0.8938700532496472,0.0632661996497373,False
holdout,southern_california,M_RW,123,0.051861659162128385,3.793429227700104e-05,,365440.0,409316.0,0.8928065357816455,0.06709719789842382,False
holdout,southern_california,M_RW,124,0.053752643403259186,3.755214447524379e-05,,365440.0,409305.0,0.8928305298005155,0.06304728546409807,False
holdout,southern_california,M_RW,125,0.051723177813574606,3.681748268644134e-05,,365440.0,408801.0,0.8939312770761324,0.06983362521891419,False
holdout,southern_california,M_RW,126,0.052301347483382825,4.3635816240440856e-05,,365440.0,408698.0,0.89415656548356,0.0662215411558669,False
holdout,southern_california,M_RW,127,0.04993872514842852,3.9021047224546076e-05,,365440.0,408969.0,0.8935640598676183,0.06589316987740805,False
holdout,southern_california,M_RW,128,0.05389530332692929,3.929692468891541e-05,,365440.0,408598.0,0.8943754007606498,0.06687828371278459,False
holdout,southern_california,M_RW,129,0.051991909368213116,3.791623050076605e-05,,365440.0,408952.0,0.8936012050313973,0.06808231173380035,False
holdout,southern_california,M_RW,130,0.05186426720193547,3.7515798837819884e-05,,365440.0,408969.0,0.8935640598676183,0.06676882661996497,False
holdout,southern_california,M_RW,131,0.054305379712248004,3.7934271851740256e-05,,365440.0,409088.0,0.8933041301627034,0.06600262697022767,False
holdout,southern_california,M_RW,132,0.05334985259833379,4.26589153643456e-05,,365440.0,409103.0,0.8932713766459791,0.06611208406304729,False
holdout,southern_california,M_RW,133,0.05393889032738078,4.033336632431483e-05,,365440.0,409070.0,0.893343437553475,0.06578371278458844,False
holdout,southern_california,M_RW,134,0.054787776863077446,4.0747048939458065e-05,,365440.0,409003.0,0.8934897788035785,0.06676882661996497,False
holdout,southern_california,M_RW,135,0.050996834163270444,5.3634012738136224e-05,,365440.0,409035.0,0.8934198784945053,0.07059982486865149,False
holdout,southern_california,M_RW,136,0.05370075022879625,4.7711665599667136e-05,,365440.0,408621.0,0.8943250591624023,0.06830122591943957,False
holdout,southern_california,M_RW,137,0.05262705387082521,4.330177481162259e-05,,365440.0,409226.0,0.8930028883795262,0.0691768826619965,False
holdout,southern_california,M_RW,138,0.049027654568994994,3.484851858433483e-05,,365440.0,409327.0,0.8927825430523763,0.07202276707530648,False
holdout,southern_california,M_RW,139,0.05245727480702897,4.67071096135606e-05,,365440.0,408830.0,0.8938678668395177,0.06720665499124344,False
holdout,southern_california,M_RW,140,0.04857937885560559,3.8269720376206646e-05,,365440.0,409243.0,0.8929657929396471,0.06720665499124344,False
holdout,southern_california,M_RW,141,0.050894127742190765,3.815572431525491e-05,,365440.0,408777.0,0.8939837613172953,0.07213222416812609,False
holdout,southern_california,M_RW,142,0.051444798653484024,3.626089525618227e-05,,365440.0,408729.0,0.8940887482904321,0.06983362521891419,False
holdout,southern_california,M_RW,143,0.052558505497934206,4.635337815561859e-05,,365440.0,408883.0,0.8937520024065564,0.06665936952714537,False
holdout,southern_california,M_RW,144,0.05233433293826666,4.5754246733999405e-05,,365440.0,408916.0,0.8936798755734674,0.06852014010507881,False
holdout,southern_california,M_RW,145,0.050923429505697566,4.486166233800183e-05,,365440.0,408971.0,0.8935596900513728,0.06687828371278459,False
holdout,southern_california,M_RW,146,0.055981309886776846,6.626593291037676e-05,,365440.0,409013.0,0.8934679337820558,0.06534588441330998,False
holdout,southern_california,M_RW,147,0.05082991695482349,3.6146872137877456e-05,,365440.0,408888.0,0.8937410733501595,0.06950525394045534,False
holdout,southern_california,M_RW,148,0.05140272847413677,3.976546195290814e-05,,365440.0,409090.0,0.893299762888362,0.07005253940455342,False
holdout,southern_california,M_RW,149,0.051600187092491645,3.4546583204536535e-05,,365440.0,408937.0,0.8936339827406178,0.06972416812609457,False
holdout,southern_california,M_RW,150,0.05134324642714651,3.762166539952761e-05,,365440.0,409215.0,0.8930268929535818,0.06665936952714537,False
holdout,southern_california,M_RW,151,0.05551066812986878,3.8931105712223945e-05,,365440.0,409359.0,0.8927127533534135,0.0640323992994746,False
holdout,southern_california,M_RW,152,0.05153661361106363,3.796389178640748e-05,,365440.0,408712.0,0.894125937090176,0.06633099824868652,False
holdout,southern_california,M_RW,153,0.051587465850524,4.239995040648525e-05,,365440.0,408801.0,0.8939312770761324,0.06906742556917689,False
holdout,southern_california,M_RW,154,0.05052311362209946,3.5037000082313154e-05,,365440.0,408670.0,0.8942178285658355,0.06764448336252189,False
holdout,southern_california,M_RW,155,0.05481352987149296,3.881181036753345e-05,,365440.0,408921.0,0.8936689482809638,0.06873905429071804,False
holdout,southern_california,M_RW,156,0.050450789162631966,4.674234711435491e-05,,365440.0,409206.0,0.8930465340195403,0.07081873905429072,False
holdout,southern_california,M_RW,157,0.05393915174896079,3.912333892300126e-05,,365440.0,409093.0,0.8932932120569161,0.06950525394045534,False
holdout,southern_california,M_RW,158,0.05309978223113573,4.122091794938383e-05,,365440.0,409153.0,0.8931622156014987,0.06808231173380035,False
holdout,southern_california,M_RW,159,0.05161341570115194,3.6534163400736273e-05,,365440.0,408970.0,0.8935618749541531,0.06808231173380035,False
holdout,southern_california,M_RW,160,0.05296719238489294,3.9969284121109455e-05,,365440.0,409040.0,0.8934089575591629,0.06720665499124344,False
holdout,southern_california,M_RW,161,0.054052814102564774,3.866618680766351e-05,,365440.0,409159.0,0.8931491180690148,0.07103765323992994,False
holdout,southern_california,M_RW,162,0.052978592719323654,3.7128081881099687e-05,,365440.0,409041.0,0.8934067734041331,0.06797285464098074,False
holdout,southern_california,M_RW,163,0.05072684439488272,3.6336163224923336e-05,,365440.0,408551.0,0.8944782903480838,0.06654991243432574,False
holdout,southern_california,M_RW,164,0.04904470536085319,3.506524890788721e-05,,365440.0,408734.0,0.8940778109968831,0.06786339754816112,False
holdout,southern_california,M_RW,165,0.05011242141585803,3.6912234713258013e-05,,365440.0,408664.0,0.8942309574613864,0.06687828371278459,False
holdout,southern_california,M_RW,166,0.05295610738401759,4.564851049372038e-05,,365440.0,409304.0,0.8928327111389089,0.06578371278458844,False
holdout,southern_california,M_RW,167,0.05440672118359579,3.9607970530710244e-05,,365440.0,408873.0,0.8937738613212416,0.0684106830122592,False
holdout,southern_california,M_RW,168,0.05329223230204945,3.927499226134759e-05,,365440.0,408919.0,0.8936733191658984,0.06862959719789842,False
holdout,southern_california,M_RW,169,0.056429564706707534,4.381696904143382e-05,,365440.0,408886.0,0.8937454449406436,0.06972416812609457,False
holdout,southern_california,M_RW,170,0.05315763268903069,4.2041593723703244e-05,,365440.0,409094.0,0.893291028467785,0.06709719789842382,False
holdout,southern_california,M_RW,171,0.049719833565609994,3.652560627461132e-05,,365440.0,408873.0,0.8937738613212416,0.07224168126094571,False
holdout,southern_california,M_RW,172,0.05226712240587224,3.9769218230819576e-05,,365440.0,408943.0,0.8936208713683814,0.06961471103327496,False
holdout,southern_california,M_RW,173,0.051169345790158575,4.331829619261238e-05,,365440.0,408958.0,0.8935880946209636,0.06753502626970227,False
holdout,southern_california,M_RW,174,0.05456531883699086,4.156552016489509e-05,,365440.0,408920.0,0.8936711337180867,0.06753502626970227,False
holdout,southern_california,M_RW,175,0.05169324931624621,3.2102954772026094e-05,,365440.0,409187.0,0.8930880013294655,0.06534588441330998,False
holdout,southern_california,M_RW,176,0.05134407112496572,3.570353938051307e-05,,365440.0,408874.0,0.8937716753816579,0.06501751313485114,False
holdout,southern_california,M_RW,177,0.053433955093416495,4.4045795643716496e-05,,365440.0,408615.0,0.8943381912068817,0.06742556917688267,False
holdout,southern_california,M_RW,178,0.049470417633708984,4.1347253862746955e-05,,365440.0,409335.0,0.8927650946046637,0.06665936952714537,False
holdout,southern_california,M_RW,179,0.0497952618606188,3.712503969048597e-05,,365440.0,408799.0,0.8939356505275209,0.06512697022767075,False
holdout,southern_california,M_RW,180,0.048070881396157374,3.0435097559756493e-05,,365440.0,408978.0,0.8935443960310824,0.06983362521891419,False
holdout,southern_california,M_RW,181,0.05476024793068125,3.706266205878945e-05,,365440.0,409157.0,0.8931534838704946,0.06633099824868652,False
holdout,southern_california,M_RW,182,0.05055889713283674,3.376188893676522e-05,,365440.0,409014.0,0.8934657493386534,0.06928633975481611,False
holdout,southern_california,M_RW,183,0.051286622391125115,3.271018915839249e-05,,365440.0,408854.0,0.8938153962050023,0.06654991243432574,False
holdout,southern_california,M_RW,184,0.05123178886327033,4.006322003198209e-05,,365440.0,409223.0,0.8930094349535583,0.06852014010507881,False
holdout,southern_california,M_RW,185,0.053978056377498675,4.4856452137047114e-05,,365440.0,409222.0,0.8930116171662326,0.0647985989492119,False
holdout,southern_california,M_RW,186,0.05145609396412559,3.782349746838301e-05,,365440.0,408833.0,0.8938613076733043,0.06676882661996497,False
holdout,southern_california,M_RW,187,0.048802259462020464,3.452300193669312e-05,,365440.0,408875.0,0.8937694894527667,0.06819176882661997,False
holdout,southern_california,M_RW,188,0.05311208369620358,0.00010204756855624503,,365440.0,408901.0,0.8937126590543921,0.06676882661996497,False
holdout,southern_california,M_RW,189,0.059728144443573127,4.172249778730883e-05,,365440.0,408855.0,0.893813210062247,0.06731611208406305,False
holdout,southern_california,M_RW,190,0.048490615021423995,4.020855105581448e-05,,365440.0,409252.0,0.8929461554250193,0.07038091068301226,False
holdout,southern_california,M_RW,191,0.053382195478659855,4.073121120501156e-05,,365440.0,409183.0,0.893096731780157,0.06753502626970227,False
holdout,southern_california,M_RW,192,0.051534604330857714,3.95831269801021e-05,,365440.0,408969.0,0.8935640598676183,0.0647985989492119,False
holdout,southern_california,M_RW,193,0.05328700864513655,4.558434490988074e-05,,365440.0,408711.0,0.8941281247629743,0.0677539404553415,False
holdout,southern_california,M_RW,194,0.0520406144389023,4.050248600244658e-05,,365440.0,408896.0,0.893723587415871,0.0640323992994746,False
holdout,southern_california,M_RW,195,0.05329622247537322,3.9514356231033165e-05,,365440.0,408715.0,0.8941193741360116,0.0691768826619965,False
holdout,southern_california,M_RW,196,0.04936063239904311,4.335818680064642e-05,,365440.0,409364.0,0.8927018496985568,0.07235113835376532,False
holdout,southern_california,M_RW,197,0.0530100565432407,4.134771276395023e-05,,365440.0,408722.0,0.8941040609509642,0.06633099824868652,False
holdout,southern_california,M_RW,198,0.05522448895294854,4.466527827099554e-05,,365440.0,409155.0,0.8931578497146558,0.06687828371278459,False
holdout,southern_california,M_RW,199,0.05018610218787455,4.771300113878702e-05,,365440.0,408771.0,0.89399688334055,0.07016199649737304,False
